EmpID,Pay_Period,Work_Date,Hours_Worked,Hourly_Rate,Gross_Pay
1016,2025-01,2025-01-01,9.25,32,296.0
1016,2025-01,2025-01-02,8.9,32,284.8
1016,2025-01,2025-01-03,8.55,32,273.6
1016,2025-01,2025-01-06,8.72,32,279.04
1016,2025-01,2025-01-07,7.53,32,240.96
1016,2025-01,2025-01-08,7.75,32,248.0
1016,2025-01,2025-01-09,9.22,32,295.04
1016,2025-01,2025-01-10,9.58,32,306.56
1016,2025-01,2025-01-12,8.52,32,272.64
1016,2025-01,2025-01-13,9.0,32,288.0
1016,2025-01,2025-01-14,8.97,32,287.04
1016,2025-01,2025-01-15,7.95,32,254.4
1016,2025-01,2025-01-16,7.78,32,248.96
1016,2025-01,2025-01-17,9.65,32,308.8
1016,2025-01,2025-01-20,9.9,32,316.8
1016,2025-01,2025-01-21,8.9,32,284.8
1016,2025-01,2025-01-22,9.15,32,292.8
1016,2025-01,2025-01-23,9.1,32,291.2
1016,2025-01,2025-01-24,9.73,32,311.36
1016,2025-01,2025-01-25,8.83,32,282.56
1016,2025-01,2025-01-26,8.3,32,265.6
1016,2025-01,2025-01-27,8.35,32,267.2
1016,2025-01,2025-01-28,9.78,32,312.96
1016,2025-01,2025-01-29,9.68,32,309.76
1016,2025-01,2025-01-30,8.48,32,271.36
1016,2025-01,2025-01-31,9.37,32,299.84
1016,2025-01,2025-02-03,7.62,32,243.84
1016,2025-01,2025-02-04,9.23,32,295.36
1016,2025-01,2025-02-05,7.63,32,244.16
1016,2025-01,2025-02-06,8.33,32,266.56
1016,2025-01,2025-02-07,8.3,32,265.6
1016,2025-01,2025-02-10,9.88,32,316.16
1016,2025-01,2025-02-11,9.9,32,316.8
1016,2025-01,2025-02-12,8.93,32,285.76
1016,2025-01,2025-02-13,9.67,32,309.44
1016,2025-01,2025-02-14,8.65,32,276.8
1016,2025-01,2025-02-17,9.63,32,308.16
1016,2025-01,2025-02-18,8.78,32,280.96
1016,2025-01,2025-02-19,9.67,32,309.44
1016,2025-01,2025-02-20,8.8,32,281.6
1016,2025-01,2025-02-21,9.25,32,296.0
1016,2025-01,2025-02-24,8.28,32,264.96
1016,2025-01,2025-02-25,8.75,32,280.0
1016,2025-01,2025-02-26,9.45,32,302.4
1016,2025-01,2025-02-27,8.82,32,282.24
1016,2025-01,2025-02-28,9.43,32,301.76
1022,2025-01,2025-01-01,8.8,28,246.4
1022,2025-01,2025-01-02,7.83,28,219.24
1022,2025-01,2025-01-03,8.35,28,233.8
1022,2025-01,2025-01-05,8.65,28,242.2
1022,2025-01,2025-01-06,8.77,28,245.56
1022,2025-01,2025-01-07,9.27,28,259.56
1022,2025-01,2025-01-08,7.57,28,211.96
1022,2025-01,2025-01-09,9.6,28,268.8
1022,2025-01,2025-01-10,8.57,28,239.96
1022,2025-01,2025-01-12,9.95,28,278.6
1022,2025-01,2025-01-13,9.13,28,255.64
1022,2025-01,2025-01-14,8.67,28,242.76
1022,2025-01,2025-01-15,8.23,28,230.44
1022,2025-01,2025-01-16,8.65,28,242.2
1022,2025-01,2025-01-17,9.42,28,263.76
1022,2025-01,2025-01-20,8.17,28,228.76
1022,2025-01,2025-01-21,7.67,28,214.76
1022,2025-01,2025-01-22,9.6,28,268.8
1022,2025-01,2025-01-23,8.97,28,251.16
1022,2025-01,2025-01-24,9.35,28,261.8
1022,2025-01,2025-01-27,9.12,28,255.36
1022,2025-01,2025-01-28,9.65,28,270.2
1022,2025-01,2025-01-29,8.8,28,246.4
1022,2025-01,2025-01-30,9.72,28,272.16
1022,2025-01,2025-01-31,9.32,28,260.96
1022,2025-01,2025-02-03,8.97,28,251.16
1022,2025-01,2025-02-04,9.4,28,263.2
1022,2025-01,2025-02-05,9.9,28,277.2
1022,2025-01,2025-02-06,8.12,28,227.36
1022,2025-01,2025-02-07,8.42,28,235.76
1022,2025-01,2025-02-10,9.5,28,266.0
1022,2025-01,2025-02-11,9.03,28,252.84
1022,2025-01,2025-02-12,8.22,28,230.16
1022,2025-01,2025-02-13,7.73,28,216.44
1022,2025-01,2025-02-14,9.43,28,264.04
1022,2025-01,2025-02-17,8.47,28,237.16
1022,2025-01,2025-02-18,9.8,28,274.4
1022,2025-01,2025-02-19,9.4,28,263.2
1022,2025-01,2025-02-20,7.67,28,214.76
1022,2025-01,2025-02-21,9.18,28,257.04
1022,2025-01,2025-02-24,9.5,28,266.0
1022,2025-01,2025-02-25,9.18,28,257.04
1022,2025-01,2025-02-26,7.68,28,215.04
1022,2025-01,2025-02-27,9.52,28,266.56
1022,2025-01,2025-02-28,9.03,28,252.84
1038,2025-01,2025-01-01,8.58,32,274.56
1038,2025-01,2025-01-02,8.0,32,256.0
1038,2025-01,2025-01-03,7.83,32,250.56
1038,2025-01,2025-01-05,7.9,32,252.8
1038,2025-01,2025-01-06,8.93,32,285.76
1038,2025-01,2025-01-07,7.78,32,248.96
1038,2025-01,2025-01-08,9.03,32,288.96
1038,2025-01,2025-01-09,9.18,32,293.76
1038,2025-01,2025-01-10,9.97,32,319.04
1038,2025-01,2025-01-13,7.65,32,244.8
1038,2025-01,2025-01-14,9.45,32,302.4
1038,2025-01,2025-01-15,9.47,32,303.04
1038,2025-01,2025-01-16,7.7,32,246.4
1038,2025-01,2025-01-17,9.13,32,292.16
1038,2025-01,2025-01-20,9.47,32,303.04
1038,2025-01,2025-01-21,9.07,32,290.24
1038,2025-01,2025-01-22,8.97,32,287.04
1038,2025-01,2025-01-23,7.55,32,241.6
1038,2025-01,2025-01-24,7.55,32,241.6
1038,2025-01,2025-01-27,9.73,32,311.36
1038,2025-01,2025-01-28,9.98,32,319.36
1038,2025-01,2025-01-29,9.12,32,291.84
1038,2025-01,2025-01-30,8.23,32,263.36
1038,2025-01,2025-01-31,8.67,32,277.44
1038,2025-01,2025-02-03,9.87,32,315.84
1038,2025-01,2025-02-04,9.68,32,309.76
1038,2025-01,2025-02-05,9.15,32,292.8
1038,2025-01,2025-02-06,7.57,32,242.24
1038,2025-01,2025-02-07,7.93,32,253.76
1038,2025-01,2025-02-09,8.0,32,256.0
1038,2025-01,2025-02-10,9.25,32,296.0
1038,2025-01,2025-02-11,7.95,32,254.4
1038,2025-01,2025-02-12,7.78,32,248.96
1038,2025-01,2025-02-13,9.22,32,295.04
1038,2025-01,2025-02-14,8.8,32,281.6
1038,2025-01,2025-02-17,9.8,32,313.6
1038,2025-01,2025-02-18,7.85,32,251.2
1038,2025-01,2025-02-19,7.55,32,241.6
1038,2025-01,2025-02-20,9.37,32,299.84
1038,2025-01,2025-02-21,8.75,32,280.0
1038,2025-01,2025-02-24,9.22,32,295.04
1038,2025-01,2025-02-25,7.73,32,247.36
1038,2025-01,2025-02-26,9.28,32,296.96
1038,2025-01,2025-02-27,8.67,32,277.44
1038,2025-01,2025-02-28,8.77,32,280.64
1042,2025-01,2025-01-01,7.98,32,255.36
1042,2025-01,2025-01-02,9.98,32,319.36
1042,2025-01,2025-01-03,8.35,32,267.2
1042,2025-01,2025-01-04,8.7,32,278.4
1042,2025-01,2025-01-05,9.07,32,290.24
1042,2025-01,2025-01-06,8.05,32,257.6
1042,2025-01,2025-01-07,8.65,32,276.8
1042,2025-01,2025-01-08,9.17,32,293.44
1042,2025-01,2025-01-09,10.0,32,320.0
1042,2025-01,2025-01-10,8.33,32,266.56
1042,2025-01,2025-01-13,9.72,32,311.04
1042,2025-01,2025-01-14,9.63,32,308.16
1042,2025-01,2025-01-15,9.07,32,290.24
1042,2025-01,2025-01-16,8.43,32,269.76
1042,2025-01,2025-01-17,9.93,32,317.76
1042,2025-01,2025-01-18,9.43,32,301.76
1042,2025-01,2025-01-20,8.78,32,280.96
1042,2025-01,2025-01-22,7.68,32,245.76
1042,2025-01,2025-01-23,8.87,32,283.84
1042,2025-01,2025-01-24,9.48,32,303.36
1042,2025-01,2025-01-27,8.02,32,256.64
1042,2025-01,2025-01-28,7.87,32,251.84
1042,2025-01,2025-01-29,7.62,32,243.84
1042,2025-01,2025-01-30,9.8,32,313.6
1042,2025-01,2025-01-31,8.1,32,259.2
1042,2025-01,2025-02-02,9.13,32,292.16
1042,2025-01,2025-02-03,9.88,32,316.16
1042,2025-01,2025-02-04,8.13,32,260.16
1042,2025-01,2025-02-05,9.35,32,299.2
1042,2025-01,2025-02-06,9.95,32,318.4
1042,2025-01,2025-02-07,9.25,32,296.0
1042,2025-01,2025-02-10,8.15,32,260.8
1042,2025-01,2025-02-12,8.23,32,263.36
1042,2025-01,2025-02-13,8.7,32,278.4
1042,2025-01,2025-02-14,7.63,32,244.16
1042,2025-01,2025-02-17,8.8,32,281.6
1042,2025-01,2025-02-18,8.85,32,283.2
1042,2025-01,2025-02-19,9.55,32,305.6
1042,2025-01,2025-02-20,9.8,32,313.6
1042,2025-01,2025-02-21,7.72,32,247.04
1042,2025-01,2025-02-24,9.35,32,299.2
1042,2025-01,2025-02-25,8.98,32,287.36
1042,2025-01,2025-02-26,9.53,32,304.96
1042,2025-01,2025-02-27,8.67,32,277.44
1042,2025-01,2025-02-28,9.62,32,307.84
1050,2025-01,2025-01-01,8.98,32,287.36
1050,2025-01,2025-01-02,8.52,32,272.64
1050,2025-01,2025-01-03,7.72,32,247.04
1050,2025-01,2025-01-06,9.1,32,291.2
1050,2025-01,2025-01-07,7.6,32,243.2
1050,2025-01,2025-01-08,8.72,32,279.04
1050,2025-01,2025-01-09,9.83,32,314.56
1050,2025-01,2025-01-10,8.92,32,285.44
1050,2025-01,2025-01-13,8.67,32,277.44
1050,2025-01,2025-01-14,9.3,32,297.6
1050,2025-01,2025-01-15,8.85,32,283.2
1050,2025-01,2025-01-16,8.88,32,284.16
1050,2025-01,2025-01-17,8.7,32,278.4
1050,2025-01,2025-01-18,8.58,32,274.56
1050,2025-01,2025-01-19,9.38,32,300.16
1050,2025-01,2025-01-20,8.47,32,271.04
1050,2025-01,2025-01-21,8.53,32,272.96
1050,2025-01,2025-01-22,8.5,32,272.0
1050,2025-01,2025-01-23,8.35,32,267.2
1050,2025-01,2025-01-24,9.1,32,291.2
1050,2025-01,2025-01-25,9.0,32,288.0
1050,2025-01,2025-01-27,7.7,32,246.4
1050,2025-01,2025-01-28,9.92,32,317.44
1050,2025-01,2025-01-29,8.77,32,280.64
1050,2025-01,2025-01-30,9.18,32,293.76
1050,2025-01,2025-01-31,9.0,32,288.0
1050,2025-01,2025-02-01,9.73,32,311.36
1050,2025-01,2025-02-03,8.53,32,272.96
1050,2025-01,2025-02-04,9.65,32,308.8
1050,2025-01,2025-02-05,8.9,32,284.8
1050,2025-01,2025-02-06,8.73,32,279.36
1050,2025-01,2025-02-07,7.93,32,253.76
1050,2025-01,2025-02-10,8.17,32,261.44
1050,2025-01,2025-02-11,9.88,32,316.16
1050,2025-01,2025-02-12,9.88,32,316.16
1050,2025-01,2025-02-13,9.68,32,309.76
1050,2025-01,2025-02-14,8.58,32,274.56
1050,2025-01,2025-02-16,7.75,32,248.0
1050,2025-01,2025-02-17,9.45,32,302.4
1050,2025-01,2025-02-18,7.97,32,255.04
1050,2025-01,2025-02-19,9.1,32,291.2
1050,2025-01,2025-02-20,9.98,32,319.36
1050,2025-01,2025-02-21,8.7,32,278.4
1050,2025-01,2025-02-22,8.62,32,275.84
1050,2025-01,2025-02-24,8.5,32,272.0
1050,2025-01,2025-02-25,9.9,32,316.8
1050,2025-01,2025-02-26,9.6,32,307.2
1050,2025-01,2025-02-27,9.82,32,314.24
1050,2025-01,2025-02-28,8.72,32,279.04
1077,2025-01,2025-01-01,8.55,32,273.6
1077,2025-01,2025-01-02,8.02,32,256.64
1077,2025-01,2025-01-03,8.88,32,284.16
1077,2025-01,2025-01-06,9.97,32,319.04
1077,2025-01,2025-01-07,9.5,32,304.0
1077,2025-01,2025-01-08,8.33,32,266.56
1077,2025-01,2025-01-09,9.72,32,311.04
1077,2025-01,2025-01-10,9.65,32,308.8
1077,2025-01,2025-01-11,9.78,32,312.96
1077,2025-01,2025-01-13,9.48,32,303.36
1077,2025-01,2025-01-14,8.45,32,270.4
1077,2025-01,2025-01-15,9.32,32,298.24
1077,2025-01,2025-01-16,8.95,32,286.4
1077,2025-01,2025-01-17,9.08,32,290.56
1077,2025-01,2025-01-18,8.9,32,284.8
1077,2025-01,2025-01-20,9.28,32,296.96
1077,2025-01,2025-01-21,9.75,32,312.0
1077,2025-01,2025-01-22,9.92,32,317.44
1077,2025-01,2025-01-23,8.23,32,263.36
1077,2025-01,2025-01-24,7.55,32,241.6
1077,2025-01,2025-01-25,9.95,32,318.4
1077,2025-01,2025-01-27,7.52,32,240.64
1077,2025-01,2025-01-28,8.42,32,269.44
1077,2025-01,2025-01-29,9.7,32,310.4
1077,2025-01,2025-01-30,8.65,32,276.8
1077,2025-01,2025-01-31,9.95,32,318.4
1077,2025-01,2025-02-03,8.6,32,275.2
1077,2025-01,2025-02-04,9.88,32,316.16
1077,2025-01,2025-02-05,9.4,32,300.8
1077,2025-01,2025-02-06,9.9,32,316.8
1077,2025-01,2025-02-07,8.87,32,283.84
1077,2025-01,2025-02-08,7.68,32,245.76
1077,2025-01,2025-02-09,9.32,32,298.24
1077,2025-01,2025-02-10,9.83,32,314.56
1077,2025-01,2025-02-11,7.72,32,247.04
1077,2025-01,2025-02-12,7.82,32,250.24
1077,2025-01,2025-02-13,7.52,32,240.64
1077,2025-01,2025-02-14,8.22,32,263.04
1077,2025-01,2025-02-17,9.9,32,316.8
1077,2025-01,2025-02-18,8.95,32,286.4
1077,2025-01,2025-02-19,8.87,32,283.84
1077,2025-01,2025-02-20,7.52,32,240.64
1077,2025-01,2025-02-21,9.63,32,308.16
1077,2025-01,2025-02-24,9.13,32,292.16
1077,2025-01,2025-02-25,9.72,32,311.04
1077,2025-01,2025-02-26,8.07,32,258.24
1077,2025-01,2025-02-27,8.92,32,285.44
1077,2025-01,2025-02-28,8.55,32,273.6
1091,2025-01,2025-01-01,8.3,32,265.6
1091,2025-01,2025-01-02,8.75,32,280.0
1091,2025-01,2025-01-03,9.03,32,288.96
1091,2025-01,2025-01-05,8.83,32,282.56
1091,2025-01,2025-01-06,9.87,32,315.84
1091,2025-01,2025-01-07,8.17,32,261.44
1091,2025-01,2025-01-08,9.72,32,311.04
1091,2025-01,2025-01-09,9.48,32,303.36
1091,2025-01,2025-01-10,9.68,32,309.76
1091,2025-01,2025-01-13,8.4,32,268.8
1091,2025-01,2025-01-14,9.05,32,289.6
1091,2025-01,2025-01-15,9.45,32,302.4
1091,2025-01,2025-01-16,8.82,32,282.24
1091,2025-01,2025-01-17,7.62,32,243.84
1091,2025-01,2025-01-20,7.65,32,244.8
1091,2025-01,2025-01-21,8.63,32,276.16
1091,2025-01,2025-01-22,9.97,32,319.04
1091,2025-01,2025-01-23,9.52,32,304.64
1091,2025-01,2025-01-24,9.8,32,313.6
1091,2025-01,2025-01-25,7.78,32,248.96
1091,2025-01,2025-01-27,9.37,32,299.84
1091,2025-01,2025-01-28,8.62,32,275.84
1091,2025-01,2025-01-29,9.35,32,299.2
1091,2025-01,2025-01-30,7.92,32,253.44
1091,2025-01,2025-01-31,9.12,32,291.84
1091,2025-01,2025-02-02,9.02,32,288.64
1091,2025-01,2025-02-03,9.87,32,315.84
1091,2025-01,2025-02-04,9.63,32,308.16
1091,2025-01,2025-02-05,8.07,32,258.24
1091,2025-01,2025-02-06,7.55,32,241.6
1091,2025-01,2025-02-07,8.43,32,269.76
1091,2025-01,2025-02-08,7.83,32,250.56
1091,2025-01,2025-02-10,8.27,32,264.64
1091,2025-01,2025-02-11,8.88,32,284.16
1091,2025-01,2025-02-12,7.53,32,240.96
1091,2025-01,2025-02-13,9.73,32,311.36
1091,2025-01,2025-02-14,8.02,32,256.64
1091,2025-01,2025-02-17,8.98,32,287.36
1091,2025-01,2025-02-18,9.07,32,290.24
1091,2025-01,2025-02-19,8.93,32,285.76
1091,2025-01,2025-02-20,8.6,32,275.2
1091,2025-01,2025-02-21,7.63,32,244.16
1091,2025-01,2025-02-22,8.55,32,273.6
1091,2025-01,2025-02-24,8.27,32,264.64
1091,2025-01,2025-02-25,8.23,32,263.36
1091,2025-01,2025-02-26,9.63,32,308.16
1091,2025-01,2025-02-27,9.45,32,302.4
1091,2025-01,2025-02-28,8.17,32,261.44
1092,2025-01,2025-01-01,7.87,38,299.06
1092,2025-01,2025-01-02,8.8,38,334.4
1092,2025-01,2025-01-03,8.63,38,327.94
1092,2025-01,2025-01-06,9.05,38,343.9
1092,2025-01,2025-01-07,8.82,38,335.16
1092,2025-01,2025-01-08,8.97,38,340.86
1092,2025-01,2025-01-09,7.65,38,290.7
1092,2025-01,2025-01-10,8.63,38,327.94
1092,2025-01,2025-01-13,8.77,38,333.26
1092,2025-01,2025-01-14,9.93,38,377.34
1092,2025-01,2025-01-15,9.4,38,357.2
1092,2025-01,2025-01-16,9.07,38,344.66
1092,2025-01,2025-01-17,9.0,38,342.0
1092,2025-01,2025-01-20,9.1,38,345.8
1092,2025-01,2025-01-21,8.45,38,321.1
1092,2025-01,2025-01-22,8.2,38,311.6
1092,2025-01,2025-01-23,8.72,38,331.36
1092,2025-01,2025-01-24,7.68,38,291.84
1092,2025-01,2025-01-25,8.98,38,341.24
1092,2025-01,2025-01-27,8.22,38,312.36
1092,2025-01,2025-01-28,7.88,38,299.44
1092,2025-01,2025-01-29,8.7,38,330.6
1092,2025-01,2025-01-30,7.72,38,293.36
1092,2025-01,2025-01-31,7.65,38,290.7
1092,2025-01,2025-02-03,8.23,38,312.74
1092,2025-01,2025-02-04,8.9,38,338.2
1092,2025-01,2025-02-05,8.67,38,329.46
1092,2025-01,2025-02-06,9.4,38,357.2
1092,2025-01,2025-02-07,7.63,38,289.94
1092,2025-01,2025-02-10,8.07,38,306.66
1092,2025-01,2025-02-11,7.7,38,292.6
1092,2025-01,2025-02-12,9.92,38,376.96
1092,2025-01,2025-02-13,9.12,38,346.56
1092,2025-01,2025-02-14,8.58,38,326.04
1092,2025-01,2025-02-17,9.68,38,367.84
1092,2025-01,2025-02-18,7.93,38,301.34
1092,2025-01,2025-02-19,8.53,38,324.14
1092,2025-01,2025-02-20,9.3,38,353.4
1092,2025-01,2025-02-21,7.65,38,290.7
1092,2025-01,2025-02-23,8.62,38,327.56
1092,2025-01,2025-02-24,9.37,38,356.06
1092,2025-01,2025-02-25,9.08,38,345.04
1092,2025-01,2025-02-26,7.5,38,285.0
1092,2025-01,2025-02-27,9.57,38,363.66
1092,2025-01,2025-02-28,9.62,38,365.56
1092,2025-01,2025-03-01,9.98,38,379.24
1099,2025-01,2025-01-01,10.0,28,280.0
1099,2025-01,2025-01-02,9.22,28,258.16
1099,2025-01,2025-01-03,7.97,28,223.16
1099,2025-01,2025-01-06,9.65,28,270.2
1099,2025-01,2025-01-07,9.57,28,267.96
1099,2025-01,2025-01-08,8.1,28,226.8
1099,2025-01,2025-01-09,8.72,28,244.16
1099,2025-01,2025-01-10,8.98,28,251.44
1099,2025-01,2025-01-13,8.65,28,242.2
1099,2025-01,2025-01-14,8.98,28,251.44
1099,2025-01,2025-01-15,8.1,28,226.8
1099,2025-01,2025-01-16,8.93,28,250.04
1099,2025-01,2025-01-17,9.6,28,268.8
1099,2025-01,2025-01-19,9.65,28,270.2
1099,2025-01,2025-01-20,8.18,28,229.04
1099,2025-01,2025-01-21,9.63,28,269.64
1099,2025-01,2025-01-22,9.08,28,254.24
1099,2025-01,2025-01-23,8.38,28,234.64
1099,2025-01,2025-01-24,8.52,28,238.56
1099,2025-01,2025-01-25,8.07,28,225.96
1099,2025-01,2025-01-27,7.8,28,218.4
1099,2025-01,2025-01-28,7.87,28,220.36
1099,2025-01,2025-01-29,8.68,28,243.04
1099,2025-01,2025-01-30,9.65,28,270.2
1099,2025-01,2025-01-31,9.63,28,269.64
1099,2025-01,2025-02-03,7.73,28,216.44
1099,2025-01,2025-02-04,9.83,28,275.24
1099,2025-01,2025-02-05,9.8,28,274.4
1099,2025-01,2025-02-06,8.72,28,244.16
1099,2025-01,2025-02-07,9.95,28,278.6
1099,2025-01,2025-02-09,7.83,28,219.24
1099,2025-01,2025-02-10,9.9,28,277.2
1099,2025-01,2025-02-11,9.08,28,254.24
1099,2025-01,2025-02-12,9.08,28,254.24
1099,2025-01,2025-02-13,8.52,28,238.56
1099,2025-01,2025-02-14,9.37,28,262.36
1099,2025-01,2025-02-17,7.6,28,212.8
1099,2025-01,2025-02-18,9.35,28,261.8
1099,2025-01,2025-02-19,7.92,28,221.76
1099,2025-01,2025-02-20,9.88,28,276.64
1099,2025-01,2025-02-21,9.27,28,259.56
1099,2025-01,2025-02-24,8.65,28,242.2
1099,2025-01,2025-02-25,8.72,28,244.16
1099,2025-01,2025-02-26,8.53,28,238.84
1099,2025-01,2025-02-27,9.52,28,266.56
1099,2025-01,2025-02-28,7.8,28,218.4
1104,2025-01,2025-01-01,9.2,38,349.6
1104,2025-01,2025-01-02,8.13,38,308.94
1104,2025-01,2025-01-03,9.42,38,357.96
1104,2025-01,2025-01-06,9.08,38,345.04
1104,2025-01,2025-01-07,9.73,38,369.74
1104,2025-01,2025-01-08,8.23,38,312.74
1104,2025-01,2025-01-09,9.23,38,350.74
1104,2025-01,2025-01-10,9.52,38,361.76
1104,2025-01,2025-01-13,8.12,38,308.56
1104,2025-01,2025-01-14,9.02,38,342.76
1104,2025-01,2025-01-15,8.87,38,337.06
1104,2025-01,2025-01-16,9.68,38,367.84
1104,2025-01,2025-01-17,7.65,38,290.7
1104,2025-01,2025-01-19,8.95,38,340.1
1104,2025-01,2025-01-20,7.85,38,298.3
1104,2025-01,2025-01-21,8.35,38,317.3
1104,2025-01,2025-01-22,9.67,38,367.46
1104,2025-01,2025-01-23,8.45,38,321.1
1104,2025-01,2025-01-24,9.43,38,358.34
1104,2025-01,2025-01-27,9.72,38,369.36
1104,2025-01,2025-01-28,7.65,38,290.7
1104,2025-01,2025-01-29,9.08,38,345.04
1104,2025-01,2025-01-30,7.87,38,299.06
1104,2025-01,2025-01-31,8.38,38,318.44
1104,2025-01,2025-02-03,9.83,38,373.54
1104,2025-01,2025-02-04,8.93,38,339.34
1104,2025-01,2025-02-05,9.53,38,362.14
1104,2025-01,2025-02-06,8.03,38,305.14
1104,2025-01,2025-02-07,7.7,38,292.6
1104,2025-01,2025-02-08,8.58,38,326.04
1104,2025-01,2025-02-10,8.7,38,330.6
1104,2025-01,2025-02-11,9.18,38,348.84
1104,2025-01,2025-02-12,7.5,38,285.0
1104,2025-01,2025-02-13,9.38,38,356.44
1104,2025-01,2025-02-14,7.52,38,285.76
1104,2025-01,2025-02-16,7.63,38,289.94
1104,2025-01,2025-02-17,8.58,38,326.04
1104,2025-01,2025-02-18,7.75,38,294.5
1104,2025-01,2025-02-19,8.47,38,321.86
1104,2025-01,2025-02-20,7.6,38,288.8
1104,2025-01,2025-02-21,10.0,38,380.0
1104,2025-01,2025-02-24,9.18,38,348.84
1104,2025-01,2025-02-25,8.65,38,328.7
1104,2025-01,2025-02-26,9.37,38,356.06
1104,2025-01,2025-02-27,9.88,38,375.44
1104,2025-01,2025-02-28,9.68,38,367.84
1104,2025-01,2025-03-01,8.55,38,324.9
1198,2025-01,2025-01-01,9.27,32,296.64
1198,2025-01,2025-01-02,9.23,32,295.36
1198,2025-01,2025-01-03,7.68,32,245.76
1198,2025-01,2025-01-06,9.97,32,319.04
1198,2025-01,2025-01-07,9.55,32,305.6
1198,2025-01,2025-01-08,7.68,32,245.76
1198,2025-01,2025-01-09,8.13,32,260.16
1198,2025-01,2025-01-10,8.25,32,264.0
1198,2025-01,2025-01-11,9.72,32,311.04
1198,2025-01,2025-01-13,9.98,32,319.36
1198,2025-01,2025-01-14,8.53,32,272.96
1198,2025-01,2025-01-15,9.4,32,300.8
1198,2025-01,2025-01-16,8.33,32,266.56
1198,2025-01,2025-01-17,9.43,32,301.76
1198,2025-01,2025-01-20,9.73,32,311.36
1198,2025-01,2025-01-21,9.05,32,289.6
1198,2025-01,2025-01-22,9.28,32,296.96
1198,2025-01,2025-01-23,9.88,32,316.16
1198,2025-01,2025-01-24,9.37,32,299.84
1198,2025-01,2025-01-26,9.95,32,318.4
1198,2025-01,2025-01-27,9.7,32,310.4
1198,2025-01,2025-01-28,7.62,32,243.84
1198,2025-01,2025-01-29,8.98,32,287.36
1198,2025-01,2025-01-30,8.92,32,285.44
1198,2025-01,2025-01-31,8.38,32,268.16
1198,2025-01,2025-02-03,7.5,32,240.0
1198,2025-01,2025-02-04,8.67,32,277.44
1198,2025-01,2025-02-05,9.0,32,288.0
1198,2025-01,2025-02-06,9.75,32,312.0
1198,2025-01,2025-02-07,9.13,32,292.16
1198,2025-01,2025-02-08,7.78,32,248.96
1198,2025-01,2025-02-10,7.75,32,248.0
1198,2025-01,2025-02-11,9.2,32,294.4
1198,2025-01,2025-02-12,8.67,32,277.44
1198,2025-01,2025-02-13,8.1,32,259.2
1198,2025-01,2025-02-14,9.33,32,298.56
1198,2025-01,2025-02-17,9.8,32,313.6
1198,2025-01,2025-02-18,9.37,32,299.84
1198,2025-01,2025-02-19,7.68,32,245.76
1198,2025-01,2025-02-20,9.65,32,308.8
1198,2025-01,2025-02-21,9.58,32,306.56
1198,2025-01,2025-02-24,7.78,32,248.96
1198,2025-01,2025-02-25,8.05,32,257.6
1198,2025-01,2025-02-26,9.78,32,312.96
1198,2025-01,2025-02-27,9.83,32,314.56
1198,2025-01,2025-02-28,9.82,32,314.24
1213,2025-01,2025-01-01,7.72,28,216.16
1213,2025-01,2025-01-02,8.63,28,241.64
1213,2025-01,2025-01-03,8.8,28,246.4
1213,2025-01,2025-01-06,9.02,28,252.56
1213,2025-01,2025-01-07,9.43,28,264.04
1213,2025-01,2025-01-08,7.82,28,218.96
1213,2025-01,2025-01-09,7.77,28,217.56
1213,2025-01,2025-01-10,8.75,28,245.0
1213,2025-01,2025-01-13,8.45,28,236.6
1213,2025-01,2025-01-14,8.05,28,225.4
1213,2025-01,2025-01-15,9.18,28,257.04
1213,2025-01,2025-01-16,7.67,28,214.76
1213,2025-01,2025-01-17,8.32,28,232.96
1213,2025-01,2025-01-19,8.35,28,233.8
1213,2025-01,2025-01-20,9.57,28,267.96
1213,2025-01,2025-01-21,9.32,28,260.96
1213,2025-01,2025-01-22,9.13,28,255.64
1213,2025-01,2025-01-23,9.5,28,266.0
1213,2025-01,2025-01-24,9.55,28,267.4
1213,2025-01,2025-01-25,8.12,28,227.36
1213,2025-01,2025-01-27,9.73,28,272.44
1213,2025-01,2025-01-28,7.88,28,220.64
1213,2025-01,2025-01-29,9.1,28,254.8
1213,2025-01,2025-01-30,8.48,28,237.44
1213,2025-01,2025-01-31,9.93,28,278.04
1213,2025-01,2025-02-03,8.75,28,245.0
1213,2025-01,2025-02-04,9.08,28,254.24
1213,2025-01,2025-02-05,9.98,28,279.44
1213,2025-01,2025-02-06,8.85,28,247.8
1213,2025-01,2025-02-07,8.62,28,241.36
1213,2025-01,2025-02-10,9.88,28,276.64
1213,2025-01,2025-02-11,9.57,28,267.96
1213,2025-01,2025-02-12,8.47,28,237.16
1213,2025-01,2025-02-13,8.93,28,250.04
1213,2025-01,2025-02-14,8.07,28,225.96
1213,2025-01,2025-02-17,9.58,28,268.24
1213,2025-01,2025-02-18,9.0,28,252.0
1213,2025-01,2025-02-19,8.78,28,245.84
1213,2025-01,2025-02-20,8.57,28,239.96
1213,2025-01,2025-02-21,9.75,28,273.0
1213,2025-01,2025-02-24,9.17,28,256.76
1213,2025-01,2025-02-25,9.13,28,255.64
1213,2025-01,2025-02-26,8.85,28,247.8
1213,2025-01,2025-02-27,8.95,28,250.6
1213,2025-01,2025-02-28,8.22,28,230.16
1227,2025-01,2025-01-01,7.57,38,287.66
1227,2025-01,2025-01-02,9.33,38,354.54
1227,2025-01,2025-01-03,8.47,38,321.86
1227,2025-01,2025-01-06,7.88,38,299.44
1227,2025-01,2025-01-07,7.95,38,302.1
1227,2025-01,2025-01-08,8.18,38,310.84
1227,2025-01,2025-01-09,7.8,38,296.4
1227,2025-01,2025-01-10,7.92,38,300.96
1227,2025-01,2025-01-11,9.12,38,346.56
1227,2025-01,2025-01-13,9.97,38,378.86
1227,2025-01,2025-01-14,8.23,38,312.74
1227,2025-01,2025-01-15,8.1,38,307.8
1227,2025-01,2025-01-16,9.68,38,367.84
1227,2025-01,2025-01-17,7.57,38,287.66
1227,2025-01,2025-01-20,9.17,38,348.46
1227,2025-01,2025-01-21,9.07,38,344.66
1227,2025-01,2025-01-22,9.18,38,348.84
1227,2025-01,2025-01-23,8.73,38,331.74
1227,2025-01,2025-01-24,8.52,38,323.76
1227,2025-01,2025-01-27,9.93,38,377.34
1227,2025-01,2025-01-28,7.85,38,298.3
1227,2025-01,2025-01-29,7.95,38,302.1
1227,2025-01,2025-01-30,9.12,38,346.56
1227,2025-01,2025-01-31,8.12,38,308.56
1227,2025-01,2025-02-03,8.57,38,325.66
1227,2025-01,2025-02-04,9.23,38,350.74
1227,2025-01,2025-02-05,7.63,38,289.94
1227,2025-01,2025-02-06,9.02,38,342.76
1227,2025-01,2025-02-07,8.57,38,325.66
1227,2025-01,2025-02-10,8.35,38,317.3
1227,2025-01,2025-02-11,8.58,38,326.04
1227,2025-01,2025-02-12,7.55,38,286.9
1227,2025-01,2025-02-13,9.35,38,355.3
1227,2025-01,2025-02-14,9.33,38,354.54
1227,2025-01,2025-02-17,8.55,38,324.9
1227,2025-01,2025-02-18,9.7,38,368.6
1227,2025-01,2025-02-19,7.73,38,293.74
1227,2025-01,2025-02-20,9.6,38,364.8
1227,2025-01,2025-02-21,8.35,38,317.3
1227,2025-01,2025-02-24,7.62,38,289.56
1227,2025-01,2025-02-25,9.67,38,367.46
1227,2025-01,2025-02-26,8.78,38,333.64
1227,2025-01,2025-02-27,8.18,38,310.84
1227,2025-01,2025-02-28,9.27,38,352.26
1254,2025-01,2025-01-01,7.67,32,245.44
1254,2025-01,2025-01-02,9.83,32,314.56
1254,2025-01,2025-01-03,9.32,32,298.24
1254,2025-01,2025-01-06,8.5,32,272.0
1254,2025-01,2025-01-07,9.18,32,293.76
1254,2025-01,2025-01-08,8.82,32,282.24
1254,2025-01,2025-01-09,8.57,32,274.24
1254,2025-01,2025-01-10,7.6,32,243.2
1254,2025-01,2025-01-12,7.82,32,250.24
1254,2025-01,2025-01-14,8.85,32,283.2
1254,2025-01,2025-01-15,7.92,32,253.44
1254,2025-01,2025-01-16,8.95,32,286.4
1254,2025-01,2025-01-17,8.92,32,285.44
1254,2025-01,2025-01-20,9.25,32,296.0
1254,2025-01,2025-01-21,9.38,32,300.16
1254,2025-01,2025-01-22,8.62,32,275.84
1254,2025-01,2025-01-23,7.78,32,248.96
1254,2025-01,2025-01-24,8.47,32,271.04
1254,2025-01,2025-01-27,7.68,32,245.76
1254,2025-01,2025-01-28,7.93,32,253.76
1254,2025-01,2025-01-29,8.3,32,265.6
1254,2025-01,2025-01-30,8.37,32,267.84
1254,2025-01,2025-01-31,8.28,32,264.96
1254,2025-01,2025-02-03,8.28,32,264.96
1254,2025-01,2025-02-04,7.82,32,250.24
1254,2025-01,2025-02-05,8.32,32,266.24
1254,2025-01,2025-02-06,9.5,32,304.0
1254,2025-01,2025-02-07,9.3,32,297.6
1254,2025-01,2025-02-09,8.1,32,259.2
1254,2025-01,2025-02-10,8.48,32,271.36
1254,2025-01,2025-02-11,9.93,32,317.76
1254,2025-01,2025-02-12,8.23,32,263.36
1254,2025-01,2025-02-13,8.62,32,275.84
1254,2025-01,2025-02-14,7.62,32,243.84
1254,2025-01,2025-02-16,9.8,32,313.6
1254,2025-01,2025-02-17,7.55,32,241.6
1254,2025-01,2025-02-18,8.67,32,277.44
1254,2025-01,2025-02-19,8.6,32,275.2
1254,2025-01,2025-02-20,8.98,32,287.36
1254,2025-01,2025-02-21,8.2,32,262.4
1254,2025-01,2025-02-22,8.32,32,266.24
1254,2025-01,2025-02-24,8.37,32,267.84
1254,2025-01,2025-02-25,9.22,32,295.04
1254,2025-01,2025-02-26,9.45,32,302.4
1254,2025-01,2025-02-27,8.48,32,271.36
1254,2025-01,2025-02-28,8.93,32,285.76
1271,2025-01,2025-01-01,8.27,28,231.56
1271,2025-01,2025-01-02,8.17,28,228.76
1271,2025-01,2025-01-03,8.25,28,231.0
1271,2025-01,2025-01-06,8.8,28,246.4
1271,2025-01,2025-01-07,9.12,28,255.36
1271,2025-01,2025-01-08,8.0,28,224.0
1271,2025-01,2025-01-09,9.8,28,274.4
1271,2025-01,2025-01-10,9.57,28,267.96
1271,2025-01,2025-01-13,8.05,28,225.4
1271,2025-01,2025-01-14,8.08,28,226.24
1271,2025-01,2025-01-15,8.05,28,225.4
1271,2025-01,2025-01-16,8.72,28,244.16
1271,2025-01,2025-01-17,9.3,28,260.4
1271,2025-01,2025-01-20,9.85,28,275.8
1271,2025-01,2025-01-21,7.75,28,217.0
1271,2025-01,2025-01-22,8.65,28,242.2
1271,2025-01,2025-01-23,9.2,28,257.6
1271,2025-01,2025-01-24,9.88,28,276.64
1271,2025-01,2025-01-27,8.35,28,233.8
1271,2025-01,2025-01-28,8.17,28,228.76
1271,2025-01,2025-01-29,9.13,28,255.64
1271,2025-01,2025-01-30,7.65,28,214.2
1271,2025-01,2025-01-31,8.4,28,235.2
1271,2025-01,2025-02-03,8.45,28,236.6
1271,2025-01,2025-02-04,8.68,28,243.04
1271,2025-01,2025-02-05,9.73,28,272.44
1271,2025-01,2025-02-06,8.38,28,234.64
1271,2025-01,2025-02-07,7.67,28,214.76
1271,2025-01,2025-02-10,8.47,28,237.16
1271,2025-01,2025-02-11,9.22,28,258.16
1271,2025-01,2025-02-12,7.63,28,213.64
1271,2025-01,2025-02-13,7.98,28,223.44
1271,2025-01,2025-02-14,9.8,28,274.4
1271,2025-01,2025-02-16,9.68,28,271.04
1271,2025-01,2025-02-17,9.28,28,259.84
1271,2025-01,2025-02-18,8.18,28,229.04
1271,2025-01,2025-02-19,8.32,28,232.96
1271,2025-01,2025-02-20,9.27,28,259.56
1271,2025-01,2025-02-21,7.97,28,223.16
1271,2025-01,2025-02-24,8.65,28,242.2
1271,2025-01,2025-02-25,9.1,28,254.8
1271,2025-01,2025-02-26,8.92,28,249.76
1271,2025-01,2025-02-27,8.68,28,243.04
1271,2025-01,2025-02-28,9.82,28,274.96
1338,2025-01,2025-01-01,8.25,38,313.5
1338,2025-01,2025-01-02,9.83,38,373.54
1338,2025-01,2025-01-03,9.0,38,342.0
1338,2025-01,2025-01-06,9.0,38,342.0
1338,2025-01,2025-01-07,8.97,38,340.86
1338,2025-01,2025-01-08,9.53,38,362.14
1338,2025-01,2025-01-09,8.85,38,336.3
1338,2025-01,2025-01-10,7.62,38,289.56
1338,2025-01,2025-01-13,9.88,38,375.44
1338,2025-01,2025-01-14,7.85,38,298.3
1338,2025-01,2025-01-15,8.42,38,319.96
1338,2025-01,2025-01-16,9.43,38,358.34
1338,2025-01,2025-01-17,8.3,38,315.4
1338,2025-01,2025-01-20,9.18,38,348.84
1338,2025-01,2025-01-21,8.88,38,337.44
1338,2025-01,2025-01-22,8.93,38,339.34
1338,2025-01,2025-01-23,9.58,38,364.04
1338,2025-01,2025-01-24,8.67,38,329.46
1338,2025-01,2025-01-27,8.3,38,315.4
1338,2025-01,2025-01-28,8.82,38,335.16
1338,2025-01,2025-01-29,8.42,38,319.96
1338,2025-01,2025-01-30,9.6,38,364.8
1338,2025-01,2025-01-31,9.15,38,347.7
1338,2025-01,2025-02-03,8.75,38,332.5
1338,2025-01,2025-02-04,7.7,38,292.6
1338,2025-01,2025-02-05,7.7,38,292.6
1338,2025-01,2025-02-06,7.65,38,290.7
1338,2025-01,2025-02-07,8.0,38,304.0
1338,2025-01,2025-02-10,9.88,38,375.44
1338,2025-01,2025-02-11,8.65,38,328.7
1338,2025-01,2025-02-12,9.98,38,379.24
1338,2025-01,2025-02-13,9.18,38,348.84
1338,2025-01,2025-02-14,9.83,38,373.54
1338,2025-01,2025-02-17,8.82,38,335.16
1338,2025-01,2025-02-18,9.5,38,361.0
1338,2025-01,2025-02-19,7.53,38,286.14
1338,2025-01,2025-02-20,8.85,38,336.3
1338,2025-01,2025-02-21,9.28,38,352.64
1338,2025-01,2025-02-22,8.45,38,321.1
1338,2025-01,2025-02-24,8.67,38,329.46
1338,2025-01,2025-02-25,9.6,38,364.8
1338,2025-01,2025-02-26,8.65,38,328.7
1338,2025-01,2025-02-27,9.75,38,370.5
1338,2025-01,2025-02-28,8.93,38,339.34
1353,2025-01,2025-01-01,8.62,28,241.36
1353,2025-01,2025-01-02,9.97,28,279.16
1353,2025-01,2025-01-03,7.62,28,213.36
1353,2025-01,2025-01-04,8.35,28,233.8
1353,2025-01,2025-01-06,9.83,28,275.24
1353,2025-01,2025-01-07,9.15,28,256.2
1353,2025-01,2025-01-08,8.32,28,232.96
1353,2025-01,2025-01-09,8.1,28,226.8
1353,2025-01,2025-01-10,8.17,28,228.76
1353,2025-01,2025-01-13,8.9,28,249.2
1353,2025-01,2025-01-14,7.92,28,221.76
1353,2025-01,2025-01-15,7.62,28,213.36
1353,2025-01,2025-01-16,9.47,28,265.16
1353,2025-01,2025-01-17,7.52,28,210.56
1353,2025-01,2025-01-19,9.67,28,270.76
1353,2025-01,2025-01-20,9.92,28,277.76
1353,2025-01,2025-01-21,8.18,28,229.04
1353,2025-01,2025-01-22,9.72,28,272.16
1353,2025-01,2025-01-23,9.08,28,254.24
1353,2025-01,2025-01-24,9.05,28,253.4
1353,2025-01,2025-01-27,9.75,28,273.0
1353,2025-01,2025-01-28,9.62,28,269.36
1353,2025-01,2025-01-29,9.13,28,255.64
1353,2025-01,2025-01-30,9.18,28,257.04
1353,2025-01,2025-01-31,9.33,28,261.24
1353,2025-01,2025-02-03,9.52,28,266.56
1353,2025-01,2025-02-04,9.55,28,267.4
1353,2025-01,2025-02-05,9.1,28,254.8
1353,2025-01,2025-02-06,9.68,28,271.04
1353,2025-01,2025-02-07,8.98,28,251.44
1353,2025-01,2025-02-10,8.13,28,227.64
1353,2025-01,2025-02-11,8.6,28,240.8
1353,2025-01,2025-02-12,9.35,28,261.8
1353,2025-01,2025-02-13,9.57,28,267.96
1353,2025-01,2025-02-14,9.07,28,253.96
1353,2025-01,2025-02-18,8.2,28,229.6
1353,2025-01,2025-02-19,7.57,28,211.96
1353,2025-01,2025-02-20,8.85,28,247.8
1353,2025-01,2025-02-21,9.78,28,273.84
1353,2025-01,2025-02-24,7.55,28,211.4
1353,2025-01,2025-02-25,9.08,28,254.24
1353,2025-01,2025-02-26,9.22,28,258.16
1353,2025-01,2025-02-27,8.17,28,228.76
1353,2025-01,2025-02-28,8.37,28,234.36
1377,2025-01,2025-01-01,9.55,28,267.4
1377,2025-01,2025-01-02,9.97,28,279.16
1377,2025-01,2025-01-03,7.68,28,215.04
1377,2025-01,2025-01-06,9.67,28,270.76
1377,2025-01,2025-01-07,8.6,28,240.8
1377,2025-01,2025-01-08,9.77,28,273.56
1377,2025-01,2025-01-09,9.08,28,254.24
1377,2025-01,2025-01-10,8.08,28,226.24
1377,2025-01,2025-01-13,9.28,28,259.84
1377,2025-01,2025-01-14,8.35,28,233.8
1377,2025-01,2025-01-15,8.67,28,242.76
1377,2025-01,2025-01-16,7.85,28,219.8
1377,2025-01,2025-01-17,9.72,28,272.16
1377,2025-01,2025-01-20,10.0,28,280.0
1377,2025-01,2025-01-21,8.07,28,225.96
1377,2025-01,2025-01-22,8.08,28,226.24
1377,2025-01,2025-01-23,7.68,28,215.04
1377,2025-01,2025-01-24,8.92,28,249.76
1377,2025-01,2025-01-27,7.55,28,211.4
1377,2025-01,2025-01-28,8.15,28,228.2
1377,2025-01,2025-01-29,9.77,28,273.56
1377,2025-01,2025-01-30,9.23,28,258.44
1377,2025-01,2025-01-31,9.12,28,255.36
1377,2025-01,2025-02-03,9.45,28,264.6
1377,2025-01,2025-02-04,8.65,28,242.2
1377,2025-01,2025-02-05,7.73,28,216.44
1377,2025-01,2025-02-06,9.73,28,272.44
1377,2025-01,2025-02-07,7.65,28,214.2
1377,2025-01,2025-02-08,7.98,28,223.44
1377,2025-01,2025-02-10,9.4,28,263.2
1377,2025-01,2025-02-11,8.92,28,249.76
1377,2025-01,2025-02-12,8.33,28,233.24
1377,2025-01,2025-02-13,7.65,28,214.2
1377,2025-01,2025-02-14,9.0,28,252.0
1377,2025-01,2025-02-17,8.95,28,250.6
1377,2025-01,2025-02-18,8.7,28,243.6
1377,2025-01,2025-02-19,9.0,28,252.0
1377,2025-01,2025-02-20,8.57,28,239.96
1377,2025-01,2025-02-21,8.75,28,245.0
1377,2025-01,2025-02-24,8.1,28,226.8
1377,2025-01,2025-02-25,8.97,28,251.16
1377,2025-01,2025-02-26,8.78,28,245.84
1377,2025-01,2025-02-27,8.17,28,228.76
1377,2025-01,2025-02-28,8.42,28,235.76
1377,2025-01,2025-03-01,8.15,28,228.2
1378,2025-01,2025-01-01,9.65,38,366.7
1378,2025-01,2025-01-02,9.05,38,343.9
1378,2025-01,2025-01-03,8.28,38,314.64
1378,2025-01,2025-01-05,7.72,38,293.36
1378,2025-01,2025-01-06,9.07,38,344.66
1378,2025-01,2025-01-07,8.78,38,333.64
1378,2025-01,2025-01-08,8.72,38,331.36
1378,2025-01,2025-01-09,9.98,38,379.24
1378,2025-01,2025-01-10,9.02,38,342.76
1378,2025-01,2025-01-13,7.58,38,288.04
1378,2025-01,2025-01-14,9.93,38,377.34
1378,2025-01,2025-01-15,9.22,38,350.36
1378,2025-01,2025-01-16,7.7,38,292.6
1378,2025-01,2025-01-17,9.77,38,371.26
1378,2025-01,2025-01-18,9.5,38,361.0
1378,2025-01,2025-01-20,8.3,38,315.4
1378,2025-01,2025-01-21,9.45,38,359.1
1378,2025-01,2025-01-22,9.17,38,348.46
1378,2025-01,2025-01-23,9.68,38,367.84
1378,2025-01,2025-01-24,9.23,38,350.74
1378,2025-01,2025-01-25,9.35,38,355.3
1378,2025-01,2025-01-27,8.02,38,304.76
1378,2025-01,2025-01-28,8.38,38,318.44
1378,2025-01,2025-01-29,8.62,38,327.56
1378,2025-01,2025-01-30,8.52,38,323.76
1378,2025-01,2025-01-31,8.47,38,321.86
1378,2025-01,2025-02-01,9.5,38,361.0
1378,2025-01,2025-02-03,9.83,38,373.54
1378,2025-01,2025-02-04,8.93,38,339.34
1378,2025-01,2025-02-05,8.47,38,321.86
1378,2025-01,2025-02-06,9.85,38,374.3
1378,2025-01,2025-02-07,9.45,38,359.1
1378,2025-01,2025-02-09,8.57,38,325.66
1378,2025-01,2025-02-10,9.63,38,365.94
1378,2025-01,2025-02-12,8.0,38,304.0
1378,2025-01,2025-02-13,9.5,38,361.0
1378,2025-01,2025-02-14,8.97,38,340.86
1378,2025-01,2025-02-16,8.57,38,325.66
1378,2025-01,2025-02-17,7.8,38,296.4
1378,2025-01,2025-02-18,8.78,38,333.64
1378,2025-01,2025-02-19,7.5,38,285.0
1378,2025-01,2025-02-20,8.92,38,338.96
1378,2025-01,2025-02-21,7.77,38,295.26
1378,2025-01,2025-02-22,9.7,38,368.6
1378,2025-01,2025-02-24,8.53,38,324.14
1378,2025-01,2025-02-25,8.18,38,310.84
1378,2025-01,2025-02-26,8.75,38,332.5
1378,2025-01,2025-02-27,9.3,38,353.4
1378,2025-01,2025-02-28,9.03,38,343.14
1391,2025-01,2025-01-01,7.93,28,222.04
1391,2025-01,2025-01-02,8.17,28,228.76
1391,2025-01,2025-01-03,9.35,28,261.8
1391,2025-01,2025-01-05,9.37,28,262.36
1391,2025-01,2025-01-06,7.92,28,221.76
1391,2025-01,2025-01-07,9.4,28,263.2
1391,2025-01,2025-01-08,9.92,28,277.76
1391,2025-01,2025-01-09,8.88,28,248.64
1391,2025-01,2025-01-10,9.92,28,277.76
1391,2025-01,2025-01-12,8.48,28,237.44
1391,2025-01,2025-01-13,9.78,28,273.84
1391,2025-01,2025-01-14,8.1,28,226.8
1391,2025-01,2025-01-15,7.68,28,215.04
1391,2025-01,2025-01-16,8.98,28,251.44
1391,2025-01,2025-01-17,8.75,28,245.0
1391,2025-01,2025-01-19,7.52,28,210.56
1391,2025-01,2025-01-20,9.65,28,270.2
1391,2025-01,2025-01-21,7.63,28,213.64
1391,2025-01,2025-01-22,10.0,28,280.0
1391,2025-01,2025-01-23,7.55,28,211.4
1391,2025-01,2025-01-24,9.2,28,257.6
1391,2025-01,2025-01-27,7.6,28,212.8
1391,2025-01,2025-01-28,9.12,28,255.36
1391,2025-01,2025-01-29,8.4,28,235.2
1391,2025-01,2025-01-30,7.72,28,216.16
1391,2025-01,2025-01-31,7.85,28,219.8
1391,2025-01,2025-02-03,7.52,28,210.56
1391,2025-01,2025-02-04,9.68,28,271.04
1391,2025-01,2025-02-05,8.35,28,233.8
1391,2025-01,2025-02-06,8.28,28,231.84
1391,2025-01,2025-02-07,8.18,28,229.04
1391,2025-01,2025-02-10,7.92,28,221.76
1391,2025-01,2025-02-11,8.63,28,241.64
1391,2025-01,2025-02-12,7.92,28,221.76
1391,2025-01,2025-02-13,8.98,28,251.44
1391,2025-01,2025-02-14,8.5,28,238.0
1391,2025-01,2025-02-16,7.73,28,216.44
1391,2025-01,2025-02-17,8.67,28,242.76
1391,2025-01,2025-02-18,9.92,28,277.76
1391,2025-01,2025-02-19,8.02,28,224.56
1391,2025-01,2025-02-20,8.72,28,244.16
1391,2025-01,2025-02-21,8.18,28,229.04
1391,2025-01,2025-02-22,8.58,28,240.24
1391,2025-01,2025-02-24,9.57,28,267.96
1391,2025-01,2025-02-25,8.47,28,237.16
1391,2025-01,2025-02-26,7.6,28,212.8
1391,2025-01,2025-02-27,9.55,28,267.4
1391,2025-01,2025-02-28,10.0,28,280.0
1392,2025-01,2025-01-01,8.93,28,250.04
1392,2025-01,2025-01-02,9.02,28,252.56
1392,2025-01,2025-01-03,8.0,28,224.0
1392,2025-01,2025-01-06,8.15,28,228.2
1392,2025-01,2025-01-07,8.25,28,231.0
1392,2025-01,2025-01-08,8.77,28,245.56
1392,2025-01,2025-01-09,8.08,28,226.24
1392,2025-01,2025-01-10,9.8,28,274.4
1392,2025-01,2025-01-13,7.55,28,211.4
1392,2025-01,2025-01-14,9.12,28,255.36
1392,2025-01,2025-01-15,8.85,28,247.8
1392,2025-01,2025-01-16,9.85,28,275.8
1392,2025-01,2025-01-17,9.77,28,273.56
1392,2025-01,2025-01-18,9.45,28,264.6
1392,2025-01,2025-01-19,9.62,28,269.36
1392,2025-01,2025-01-20,8.18,28,229.04
1392,2025-01,2025-01-21,9.2,28,257.6
1392,2025-01,2025-01-22,9.75,28,273.0
1392,2025-01,2025-01-23,9.22,28,258.16
1392,2025-01,2025-01-24,8.73,28,244.44
1392,2025-01,2025-01-27,8.0,28,224.0
1392,2025-01,2025-01-28,8.68,28,243.04
1392,2025-01,2025-01-29,9.5,28,266.0
1392,2025-01,2025-01-30,9.32,28,260.96
1392,2025-01,2025-01-31,7.6,28,212.8
1392,2025-01,2025-02-01,8.67,28,242.76
1392,2025-01,2025-02-02,9.4,28,263.2
1392,2025-01,2025-02-03,8.45,28,236.6
1392,2025-01,2025-02-04,8.52,28,238.56
1392,2025-01,2025-02-05,9.62,28,269.36
1392,2025-01,2025-02-06,9.0,28,252.0
1392,2025-01,2025-02-07,7.87,28,220.36
1392,2025-01,2025-02-10,10.0,28,280.0
1392,2025-01,2025-02-11,8.15,28,228.2
1392,2025-01,2025-02-12,9.07,28,253.96
1392,2025-01,2025-02-13,9.2,28,257.6
1392,2025-01,2025-02-14,8.5,28,238.0
1392,2025-01,2025-02-17,8.33,28,233.24
1392,2025-01,2025-02-18,8.47,28,237.16
1392,2025-01,2025-02-19,9.88,28,276.64
1392,2025-01,2025-02-20,9.15,28,256.2
1392,2025-01,2025-02-21,8.58,28,240.24
1392,2025-01,2025-02-23,8.57,28,239.96
1392,2025-01,2025-02-24,8.33,28,233.24
1392,2025-01,2025-02-25,9.53,28,266.84
1392,2025-01,2025-02-26,9.05,28,253.4
1392,2025-01,2025-02-27,7.78,28,217.84
1392,2025-01,2025-02-28,8.77,28,245.56
1392,2025-01,2025-03-01,9.38,28,262.64
1396,2025-01,2025-01-01,8.87,28,248.36
1396,2025-01,2025-01-02,9.6,28,268.8
1396,2025-01,2025-01-03,8.62,28,241.36
1396,2025-01,2025-01-06,9.63,28,269.64
1396,2025-01,2025-01-07,7.72,28,216.16
1396,2025-01,2025-01-08,7.53,28,210.84
1396,2025-01,2025-01-09,9.43,28,264.04
1396,2025-01,2025-01-10,9.95,28,278.6
1396,2025-01,2025-01-13,9.07,28,253.96
1396,2025-01,2025-01-14,8.0,28,224.0
1396,2025-01,2025-01-15,7.62,28,213.36
1396,2025-01,2025-01-16,8.57,28,239.96
1396,2025-01,2025-01-17,9.65,28,270.2
1396,2025-01,2025-01-18,10.0,28,280.0
1396,2025-01,2025-01-20,7.83,28,219.24
1396,2025-01,2025-01-21,7.78,28,217.84
1396,2025-01,2025-01-22,7.95,28,222.6
1396,2025-01,2025-01-23,9.15,28,256.2
1396,2025-01,2025-01-24,9.1,28,254.8
1396,2025-01,2025-01-27,9.45,28,264.6
1396,2025-01,2025-01-28,9.23,28,258.44
1396,2025-01,2025-01-29,9.9,28,277.2
1396,2025-01,2025-01-30,8.87,28,248.36
1396,2025-01,2025-01-31,7.78,28,217.84
1396,2025-01,2025-02-03,8.22,28,230.16
1396,2025-01,2025-02-04,8.32,28,232.96
1396,2025-01,2025-02-05,7.63,28,213.64
1396,2025-01,2025-02-06,9.75,28,273.0
1396,2025-01,2025-02-07,9.72,28,272.16
1396,2025-01,2025-02-08,9.38,28,262.64
1396,2025-01,2025-02-09,9.58,28,268.24
1396,2025-01,2025-02-10,9.35,28,261.8
1396,2025-01,2025-02-11,9.0,28,252.0
1396,2025-01,2025-02-12,8.5,28,238.0
1396,2025-01,2025-02-13,8.97,28,251.16
1396,2025-01,2025-02-14,7.72,28,216.16
1396,2025-01,2025-02-17,9.38,28,262.64
1396,2025-01,2025-02-18,9.4,28,263.2
1396,2025-01,2025-02-19,9.88,28,276.64
1396,2025-01,2025-02-20,7.67,28,214.76
1396,2025-01,2025-02-21,8.17,28,228.76
1396,2025-01,2025-02-24,8.87,28,248.36
1396,2025-01,2025-02-25,7.68,28,215.04
1396,2025-01,2025-02-26,9.13,28,255.64
1396,2025-01,2025-02-27,8.02,28,224.56
1396,2025-01,2025-02-28,8.37,28,234.36
1402,2025-01,2025-01-01,8.22,32,263.04
1402,2025-01,2025-01-02,9.9,32,316.8
1402,2025-01,2025-01-03,8.73,32,279.36
1402,2025-01,2025-01-06,9.28,32,296.96
1402,2025-01,2025-01-07,8.95,32,286.4
1402,2025-01,2025-01-08,8.27,32,264.64
1402,2025-01,2025-01-09,9.0,32,288.0
1402,2025-01,2025-01-10,9.27,32,296.64
1402,2025-01,2025-01-11,9.27,32,296.64
1402,2025-01,2025-01-13,9.72,32,311.04
1402,2025-01,2025-01-14,7.55,32,241.6
1402,2025-01,2025-01-15,8.37,32,267.84
1402,2025-01,2025-01-16,8.1,32,259.2
1402,2025-01,2025-01-17,9.75,32,312.0
1402,2025-01,2025-01-18,9.0,32,288.0
1402,2025-01,2025-01-19,9.9,32,316.8
1402,2025-01,2025-01-20,8.33,32,266.56
1402,2025-01,2025-01-21,9.12,32,291.84
1402,2025-01,2025-01-22,8.67,32,277.44
1402,2025-01,2025-01-23,9.13,32,292.16
1402,2025-01,2025-01-24,8.63,32,276.16
1402,2025-01,2025-01-27,8.13,32,260.16
1402,2025-01,2025-01-28,9.88,32,316.16
1402,2025-01,2025-01-29,7.55,32,241.6
1402,2025-01,2025-01-30,7.75,32,248.0
1402,2025-01,2025-01-31,7.67,32,245.44
1402,2025-01,2025-02-03,9.22,32,295.04
1402,2025-01,2025-02-04,7.88,32,252.16
1402,2025-01,2025-02-05,8.42,32,269.44
1402,2025-01,2025-02-06,9.25,32,296.0
1402,2025-01,2025-02-07,8.07,32,258.24
1402,2025-01,2025-02-10,7.75,32,248.0
1402,2025-01,2025-02-11,7.77,32,248.64
1402,2025-01,2025-02-12,8.98,32,287.36
1402,2025-01,2025-02-13,7.93,32,253.76
1402,2025-01,2025-02-14,9.1,32,291.2
1402,2025-01,2025-02-16,8.32,32,266.24
1402,2025-01,2025-02-17,9.95,32,318.4
1402,2025-01,2025-02-18,7.63,32,244.16
1402,2025-01,2025-02-19,9.02,32,288.64
1402,2025-01,2025-02-20,8.83,32,282.56
1402,2025-01,2025-02-21,9.12,32,291.84
1402,2025-01,2025-02-24,9.7,32,310.4
1402,2025-01,2025-02-25,8.95,32,286.4
1402,2025-01,2025-02-26,9.88,32,316.16
1402,2025-01,2025-02-27,7.58,32,242.56
1402,2025-01,2025-02-28,8.73,32,279.36
1405,2025-01,2025-01-01,9.38,28,262.64
1405,2025-01,2025-01-02,8.22,28,230.16
1405,2025-01,2025-01-03,8.9,28,249.2
1405,2025-01,2025-01-06,9.53,28,266.84
1405,2025-01,2025-01-07,9.0,28,252.0
1405,2025-01,2025-01-08,8.67,28,242.76
1405,2025-01,2025-01-09,7.6,28,212.8
1405,2025-01,2025-01-10,9.87,28,276.36
1405,2025-01,2025-01-11,8.42,28,235.76
1405,2025-01,2025-01-13,9.73,28,272.44
1405,2025-01,2025-01-14,9.67,28,270.76
1405,2025-01,2025-01-15,8.43,28,236.04
1405,2025-01,2025-01-16,8.47,28,237.16
1405,2025-01,2025-01-17,9.73,28,272.44
1405,2025-01,2025-01-20,7.8,28,218.4
1405,2025-01,2025-01-21,8.62,28,241.36
1405,2025-01,2025-01-22,9.18,28,257.04
1405,2025-01,2025-01-23,9.13,28,255.64
1405,2025-01,2025-01-24,8.53,28,238.84
1405,2025-01,2025-01-26,8.08,28,226.24
1405,2025-01,2025-01-27,8.8,28,246.4
1405,2025-01,2025-01-28,8.27,28,231.56
1405,2025-01,2025-01-29,8.43,28,236.04
1405,2025-01,2025-01-30,7.83,28,219.24
1405,2025-01,2025-01-31,8.72,28,244.16
1405,2025-01,2025-02-01,7.58,28,212.24
1405,2025-01,2025-02-02,9.43,28,264.04
1405,2025-01,2025-02-03,8.98,28,251.44
1405,2025-01,2025-02-04,8.4,28,235.2
1405,2025-01,2025-02-05,8.48,28,237.44
1405,2025-01,2025-02-06,9.18,28,257.04
1405,2025-01,2025-02-07,9.13,28,255.64
1405,2025-01,2025-02-10,8.08,28,226.24
1405,2025-01,2025-02-11,8.2,28,229.6
1405,2025-01,2025-02-12,7.72,28,216.16
1405,2025-01,2025-02-13,9.95,28,278.6
1405,2025-01,2025-02-14,8.43,28,236.04
1405,2025-01,2025-02-17,8.85,28,247.8
1405,2025-01,2025-02-18,9.47,28,265.16
1405,2025-01,2025-02-19,8.25,28,231.0
1405,2025-01,2025-02-20,9.02,28,252.56
1405,2025-01,2025-02-21,9.32,28,260.96
1405,2025-01,2025-02-23,9.2,28,257.6
1405,2025-01,2025-02-24,8.2,28,229.6
1405,2025-01,2025-02-25,9.77,28,273.56
1405,2025-01,2025-02-26,7.97,28,223.16
1405,2025-01,2025-02-27,9.3,28,260.4
1405,2025-01,2025-02-28,7.6,28,212.8
1427,2025-01,2025-01-01,9.02,28,252.56
1427,2025-01,2025-01-02,7.88,28,220.64
1427,2025-01,2025-01-03,9.43,28,264.04
1427,2025-01,2025-01-06,7.68,28,215.04
1427,2025-01,2025-01-07,9.77,28,273.56
1427,2025-01,2025-01-08,8.57,28,239.96
1427,2025-01,2025-01-09,8.13,28,227.64
1427,2025-01,2025-01-10,8.73,28,244.44
1427,2025-01,2025-01-13,9.03,28,252.84
1427,2025-01,2025-01-14,9.28,28,259.84
1427,2025-01,2025-01-15,9.52,28,266.56
1427,2025-01,2025-01-16,8.82,28,246.96
1427,2025-01,2025-01-17,9.95,28,278.6
1427,2025-01,2025-01-19,8.17,28,228.76
1427,2025-01,2025-01-20,9.55,28,267.4
1427,2025-01,2025-01-21,9.3,28,260.4
1427,2025-01,2025-01-22,7.5,28,210.0
1427,2025-01,2025-01-23,9.4,28,263.2
1427,2025-01,2025-01-24,9.17,28,256.76
1427,2025-01,2025-01-27,9.33,28,261.24
1427,2025-01,2025-01-28,8.13,28,227.64
1427,2025-01,2025-01-29,8.88,28,248.64
1427,2025-01,2025-01-30,7.55,28,211.4
1427,2025-01,2025-01-31,9.08,28,254.24
1427,2025-01,2025-02-01,9.03,28,252.84
1427,2025-01,2025-02-03,8.62,28,241.36
1427,2025-01,2025-02-04,8.22,28,230.16
1427,2025-01,2025-02-05,9.25,28,259.0
1427,2025-01,2025-02-06,9.48,28,265.44
1427,2025-01,2025-02-07,8.38,28,234.64
1427,2025-01,2025-02-10,7.6,28,212.8
1427,2025-01,2025-02-11,9.92,28,277.76
1427,2025-01,2025-02-12,9.07,28,253.96
1427,2025-01,2025-02-13,8.4,28,235.2
1427,2025-01,2025-02-14,8.12,28,227.36
1427,2025-01,2025-02-17,8.8,28,246.4
1427,2025-01,2025-02-18,7.8,28,218.4
1427,2025-01,2025-02-19,8.6,28,240.8
1427,2025-01,2025-02-20,9.53,28,266.84
1427,2025-01,2025-02-21,8.67,28,242.76
1427,2025-01,2025-02-23,9.77,28,273.56
1427,2025-01,2025-02-24,8.0,28,224.0
1427,2025-01,2025-02-25,9.25,28,259.0
1427,2025-01,2025-02-26,9.65,28,270.2
1427,2025-01,2025-02-28,9.4,28,263.2
1427,2025-01,2025-03-01,9.18,28,257.04
1431,2025-01,2025-01-01,9.15,32,292.8
1431,2025-01,2025-01-02,7.7,32,246.4
1431,2025-01,2025-01-03,9.85,32,315.2
1431,2025-01,2025-01-06,8.85,32,283.2
1431,2025-01,2025-01-07,9.62,32,307.84
1431,2025-01,2025-01-08,9.45,32,302.4
1431,2025-01,2025-01-09,8.58,32,274.56
1431,2025-01,2025-01-10,9.67,32,309.44
1431,2025-01,2025-01-13,9.37,32,299.84
1431,2025-01,2025-01-14,8.33,32,266.56
1431,2025-01,2025-01-15,9.7,32,310.4
1431,2025-01,2025-01-16,9.62,32,307.84
1431,2025-01,2025-01-17,9.48,32,303.36
1431,2025-01,2025-01-20,8.28,32,264.96
1431,2025-01,2025-01-21,9.38,32,300.16
1431,2025-01,2025-01-22,9.85,32,315.2
1431,2025-01,2025-01-23,9.05,32,289.6
1431,2025-01,2025-01-24,8.12,32,259.84
1431,2025-01,2025-01-26,8.95,32,286.4
1431,2025-01,2025-01-27,9.03,32,288.96
1431,2025-01,2025-01-28,9.6,32,307.2
1431,2025-01,2025-01-29,8.3,32,265.6
1431,2025-01,2025-01-30,8.33,32,266.56
1431,2025-01,2025-01-31,9.83,32,314.56
1431,2025-01,2025-02-01,8.32,32,266.24
1431,2025-01,2025-02-02,8.25,32,264.0
1431,2025-01,2025-02-03,7.92,32,253.44
1431,2025-01,2025-02-04,7.87,32,251.84
1431,2025-01,2025-02-05,8.2,32,262.4
1431,2025-01,2025-02-06,9.2,32,294.4
1431,2025-01,2025-02-07,8.0,32,256.0
1431,2025-01,2025-02-08,9.13,32,292.16
1431,2025-01,2025-02-10,9.75,32,312.0
1431,2025-01,2025-02-11,7.53,32,240.96
1431,2025-01,2025-02-12,9.87,32,315.84
1431,2025-01,2025-02-13,9.2,32,294.4
1431,2025-01,2025-02-14,9.82,32,314.24
1431,2025-01,2025-02-17,9.88,32,316.16
1431,2025-01,2025-02-18,9.92,32,317.44
1431,2025-01,2025-02-19,7.93,32,253.76
1431,2025-01,2025-02-20,9.77,32,312.64
1431,2025-01,2025-02-21,9.08,32,290.56
1431,2025-01,2025-02-24,9.33,32,298.56
1431,2025-01,2025-02-25,8.77,32,280.64
1431,2025-01,2025-02-26,8.45,32,270.4
1431,2025-01,2025-02-27,9.32,32,298.24
1431,2025-01,2025-02-28,7.83,32,250.56
1449,2025-01,2025-01-01,8.12,32,259.84
1449,2025-01,2025-01-02,8.48,32,271.36
1449,2025-01,2025-01-03,8.18,32,261.76
1449,2025-01,2025-01-04,7.52,32,240.64
1449,2025-01,2025-01-05,7.6,32,243.2
1449,2025-01,2025-01-06,8.22,32,263.04
1449,2025-01,2025-01-07,9.7,32,310.4
1449,2025-01,2025-01-08,8.8,32,281.6
1449,2025-01,2025-01-09,9.92,32,317.44
1449,2025-01,2025-01-10,8.75,32,280.0
1449,2025-01,2025-01-13,8.78,32,280.96
1449,2025-01,2025-01-14,9.62,32,307.84
1449,2025-01,2025-01-15,9.78,32,312.96
1449,2025-01,2025-01-16,8.12,32,259.84
1449,2025-01,2025-01-17,9.12,32,291.84
1449,2025-01,2025-01-20,9.13,32,292.16
1449,2025-01,2025-01-21,8.02,32,256.64
1449,2025-01,2025-01-22,9.53,32,304.96
1449,2025-01,2025-01-23,7.82,32,250.24
1449,2025-01,2025-01-24,7.97,32,255.04
1449,2025-01,2025-01-26,8.37,32,267.84
1449,2025-01,2025-01-27,9.83,32,314.56
1449,2025-01,2025-01-28,9.9,32,316.8
1449,2025-01,2025-01-29,8.33,32,266.56
1449,2025-01,2025-01-30,9.0,32,288.0
1449,2025-01,2025-01-31,8.03,32,256.96
1449,2025-01,2025-02-01,9.17,32,293.44
1449,2025-01,2025-02-02,9.25,32,296.0
1449,2025-01,2025-02-03,9.78,32,312.96
1449,2025-01,2025-02-04,7.72,32,247.04
1449,2025-01,2025-02-05,7.65,32,244.8
1449,2025-01,2025-02-06,8.88,32,284.16
1449,2025-01,2025-02-07,8.75,32,280.0
1449,2025-01,2025-02-10,9.25,32,296.0
1449,2025-01,2025-02-11,9.27,32,296.64
1449,2025-01,2025-02-12,9.3,32,297.6
1449,2025-01,2025-02-13,7.78,32,248.96
1449,2025-01,2025-02-14,8.58,32,274.56
1449,2025-01,2025-02-17,8.3,32,265.6
1449,2025-01,2025-02-18,8.67,32,277.44
1449,2025-01,2025-02-19,8.68,32,277.76
1449,2025-01,2025-02-20,8.02,32,256.64
1449,2025-01,2025-02-21,7.83,32,250.56
1449,2025-01,2025-02-22,7.82,32,250.24
1449,2025-01,2025-02-24,7.68,32,245.76
1449,2025-01,2025-02-25,8.53,32,272.96
1449,2025-01,2025-02-26,8.52,32,272.64
1449,2025-01,2025-02-27,9.98,32,319.36
1449,2025-01,2025-02-28,9.73,32,311.36
1468,2025-01,2025-01-01,9.42,28,263.76
1468,2025-01,2025-01-02,9.57,28,267.96
1468,2025-01,2025-01-03,7.62,28,213.36
1468,2025-01,2025-01-05,9.35,28,261.8
1468,2025-01,2025-01-06,8.43,28,236.04
1468,2025-01,2025-01-07,9.98,28,279.44
1468,2025-01,2025-01-08,9.48,28,265.44
1468,2025-01,2025-01-09,7.93,28,222.04
1468,2025-01,2025-01-10,7.95,28,222.6
1468,2025-01,2025-01-11,9.57,28,267.96
1468,2025-01,2025-01-13,8.78,28,245.84
1468,2025-01,2025-01-14,9.4,28,263.2
1468,2025-01,2025-01-15,9.5,28,266.0
1468,2025-01,2025-01-16,7.72,28,216.16
1468,2025-01,2025-01-17,9.78,28,273.84
1468,2025-01,2025-01-20,7.58,28,212.24
1468,2025-01,2025-01-21,7.53,28,210.84
1468,2025-01,2025-01-22,9.0,28,252.0
1468,2025-01,2025-01-23,8.55,28,239.4
1468,2025-01,2025-01-24,8.87,28,248.36
1468,2025-01,2025-01-25,8.0,28,224.0
1468,2025-01,2025-01-26,8.33,28,233.24
1468,2025-01,2025-01-27,9.07,28,253.96
1468,2025-01,2025-01-28,8.17,28,228.76
1468,2025-01,2025-01-29,8.13,28,227.64
1468,2025-01,2025-01-30,8.53,28,238.84
1468,2025-01,2025-01-31,9.73,28,272.44
1468,2025-01,2025-02-03,8.65,28,242.2
1468,2025-01,2025-02-04,8.32,28,232.96
1468,2025-01,2025-02-05,8.17,28,228.76
1468,2025-01,2025-02-06,9.75,28,273.0
1468,2025-01,2025-02-07,7.65,28,214.2
1468,2025-01,2025-02-10,8.33,28,233.24
1468,2025-01,2025-02-11,8.98,28,251.44
1468,2025-01,2025-02-12,9.55,28,267.4
1468,2025-01,2025-02-13,8.53,28,238.84
1468,2025-01,2025-02-14,7.58,28,212.24
1468,2025-01,2025-02-15,7.5,28,210.0
1468,2025-01,2025-02-16,7.97,28,223.16
1468,2025-01,2025-02-17,7.92,28,221.76
1468,2025-01,2025-02-18,9.62,28,269.36
1468,2025-01,2025-02-19,8.93,28,250.04
1468,2025-01,2025-02-20,9.0,28,252.0
1468,2025-01,2025-02-21,9.23,28,258.44
1468,2025-01,2025-02-24,7.53,28,210.84
1468,2025-01,2025-02-25,9.2,28,257.6
1468,2025-01,2025-02-26,9.98,28,279.44
1468,2025-01,2025-02-27,9.15,28,256.2
1468,2025-01,2025-02-28,9.8,28,274.4
1486,2025-01,2025-01-01,9.9,28,277.2
1486,2025-01,2025-01-02,8.82,28,246.96
1486,2025-01,2025-01-03,8.62,28,241.36
1486,2025-01,2025-01-05,8.63,28,241.64
1486,2025-01,2025-01-06,8.25,28,231.0
1486,2025-01,2025-01-07,9.83,28,275.24
1486,2025-01,2025-01-08,9.73,28,272.44
1486,2025-01,2025-01-09,8.53,28,238.84
1486,2025-01,2025-01-10,8.58,28,240.24
1486,2025-01,2025-01-12,7.63,28,213.64
1486,2025-01,2025-01-13,9.4,28,263.2
1486,2025-01,2025-01-14,9.78,28,273.84
1486,2025-01,2025-01-15,8.25,28,231.0
1486,2025-01,2025-01-16,9.2,28,257.6
1486,2025-01,2025-01-17,9.13,28,255.64
1486,2025-01,2025-01-18,8.88,28,248.64
1486,2025-01,2025-01-20,9.52,28,266.56
1486,2025-01,2025-01-21,9.72,28,272.16
1486,2025-01,2025-01-22,8.27,28,231.56
1486,2025-01,2025-01-23,8.33,28,233.24
1486,2025-01,2025-01-24,8.73,28,244.44
1486,2025-01,2025-01-27,8.25,28,231.0
1486,2025-01,2025-01-28,9.88,28,276.64
1486,2025-01,2025-01-29,9.27,28,259.56
1486,2025-01,2025-01-30,9.43,28,264.04
1486,2025-01,2025-01-31,8.42,28,235.76
1486,2025-01,2025-02-03,8.58,28,240.24
1486,2025-01,2025-02-04,8.42,28,235.76
1486,2025-01,2025-02-05,8.33,28,233.24
1486,2025-01,2025-02-06,8.55,28,239.4
1486,2025-01,2025-02-07,9.32,28,260.96
1486,2025-01,2025-02-10,9.65,28,270.2
1486,2025-01,2025-02-11,8.97,28,251.16
1486,2025-01,2025-02-12,8.32,28,232.96
1486,2025-01,2025-02-13,9.42,28,263.76
1486,2025-01,2025-02-14,10.0,28,280.0
1486,2025-01,2025-02-17,8.52,28,238.56
1486,2025-01,2025-02-18,7.8,28,218.4
1486,2025-01,2025-02-19,8.52,28,238.56
1486,2025-01,2025-02-20,8.82,28,246.96
1486,2025-01,2025-02-21,9.37,28,262.36
1486,2025-01,2025-02-24,9.0,28,252.0
1486,2025-01,2025-02-25,9.82,28,274.96
1486,2025-01,2025-02-26,9.9,28,277.2
1486,2025-01,2025-02-27,9.37,28,262.36
1486,2025-01,2025-02-28,8.65,28,242.2
1486,2025-01,2025-03-01,9.08,28,254.24
1493,2025-01,2025-01-01,9.58,32,306.56
1493,2025-01,2025-01-02,8.23,32,263.36
1493,2025-01,2025-01-03,8.1,32,259.2
1493,2025-01,2025-01-05,8.38,32,268.16
1493,2025-01,2025-01-06,7.85,32,251.2
1493,2025-01,2025-01-07,9.37,32,299.84
1493,2025-01,2025-01-08,7.98,32,255.36
1493,2025-01,2025-01-09,7.63,32,244.16
1493,2025-01,2025-01-10,8.0,32,256.0
1493,2025-01,2025-01-13,9.07,32,290.24
1493,2025-01,2025-01-14,9.62,32,307.84
1493,2025-01,2025-01-15,8.83,32,282.56
1493,2025-01,2025-01-16,9.15,32,292.8
1493,2025-01,2025-01-17,8.73,32,279.36
1493,2025-01,2025-01-18,8.48,32,271.36
1493,2025-01,2025-01-20,8.28,32,264.96
1493,2025-01,2025-01-21,9.15,32,292.8
1493,2025-01,2025-01-22,8.2,32,262.4
1493,2025-01,2025-01-23,9.3,32,297.6
1493,2025-01,2025-01-24,8.2,32,262.4
1493,2025-01,2025-01-27,9.35,32,299.2
1493,2025-01,2025-01-28,8.4,32,268.8
1493,2025-01,2025-01-29,9.25,32,296.0
1493,2025-01,2025-01-30,9.32,32,298.24
1493,2025-01,2025-01-31,9.0,32,288.0
1493,2025-01,2025-02-03,9.4,32,300.8
1493,2025-01,2025-02-04,8.85,32,283.2
1493,2025-01,2025-02-05,7.83,32,250.56
1493,2025-01,2025-02-06,9.95,32,318.4
1493,2025-01,2025-02-07,8.87,32,283.84
1493,2025-01,2025-02-08,7.62,32,243.84
1493,2025-01,2025-02-10,9.7,32,310.4
1493,2025-01,2025-02-11,8.67,32,277.44
1493,2025-01,2025-02-12,9.73,32,311.36
1493,2025-01,2025-02-13,8.93,32,285.76
1493,2025-01,2025-02-14,8.97,32,287.04
1493,2025-01,2025-02-16,9.83,32,314.56
1493,2025-01,2025-02-17,8.7,32,278.4
1493,2025-01,2025-02-18,8.25,32,264.0
1493,2025-01,2025-02-19,8.47,32,271.04
1493,2025-01,2025-02-20,7.57,32,242.24
1493,2025-01,2025-02-21,9.7,32,310.4
1493,2025-01,2025-02-22,8.68,32,277.76
1493,2025-01,2025-02-24,7.68,32,245.76
1493,2025-01,2025-02-25,9.87,32,315.84
1493,2025-01,2025-02-26,7.72,32,247.04
1493,2025-01,2025-02-27,9.92,32,317.44
1493,2025-01,2025-02-28,7.68,32,245.76
1526,2025-01,2025-01-01,7.7,32,246.4
1526,2025-01,2025-01-02,7.63,32,244.16
1526,2025-01,2025-01-03,9.02,32,288.64
1526,2025-01,2025-01-05,8.9,32,284.8
1526,2025-01,2025-01-06,9.7,32,310.4
1526,2025-01,2025-01-07,8.32,32,266.24
1526,2025-01,2025-01-08,8.57,32,274.24
1526,2025-01,2025-01-09,8.45,32,270.4
1526,2025-01,2025-01-10,8.53,32,272.96
1526,2025-01,2025-01-13,9.4,32,300.8
1526,2025-01,2025-01-14,7.73,32,247.36
1526,2025-01,2025-01-15,9.45,32,302.4
1526,2025-01,2025-01-16,9.33,32,298.56
1526,2025-01,2025-01-17,9.78,32,312.96
1526,2025-01,2025-01-19,8.32,32,266.24
1526,2025-01,2025-01-20,8.33,32,266.56
1526,2025-01,2025-01-21,9.57,32,306.24
1526,2025-01,2025-01-22,9.12,32,291.84
1526,2025-01,2025-01-23,7.82,32,250.24
1526,2025-01,2025-01-24,7.62,32,243.84
1526,2025-01,2025-01-26,8.83,32,282.56
1526,2025-01,2025-01-27,7.95,32,254.4
1526,2025-01,2025-01-28,8.1,32,259.2
1526,2025-01,2025-01-29,9.13,32,292.16
1526,2025-01,2025-01-30,8.6,32,275.2
1526,2025-01,2025-01-31,9.75,32,312.0
1526,2025-01,2025-02-03,8.32,32,266.24
1526,2025-01,2025-02-04,8.65,32,276.8
1526,2025-01,2025-02-05,8.92,32,285.44
1526,2025-01,2025-02-06,7.87,32,251.84
1526,2025-01,2025-02-07,9.62,32,307.84
1526,2025-01,2025-02-10,8.07,32,258.24
1526,2025-01,2025-02-11,7.97,32,255.04
1526,2025-01,2025-02-12,8.25,32,264.0
1526,2025-01,2025-02-13,9.85,32,315.2
1526,2025-01,2025-02-14,8.72,32,279.04
1526,2025-01,2025-02-17,8.8,32,281.6
1526,2025-01,2025-02-18,8.98,32,287.36
1526,2025-01,2025-02-19,9.25,32,296.0
1526,2025-01,2025-02-20,8.42,32,269.44
1526,2025-01,2025-02-21,8.25,32,264.0
1526,2025-01,2025-02-23,8.3,32,265.6
1526,2025-01,2025-02-24,8.42,32,269.44
1526,2025-01,2025-02-25,8.27,32,264.64
1526,2025-01,2025-02-26,9.7,32,310.4
1526,2025-01,2025-02-27,9.0,32,288.0
1526,2025-01,2025-02-28,8.07,32,258.24
1555,2025-01,2025-01-01,8.53,28,238.84
1555,2025-01,2025-01-02,7.75,28,217.0
1555,2025-01,2025-01-03,8.55,28,239.4
1555,2025-01,2025-01-04,8.68,28,243.04
1555,2025-01,2025-01-05,8.17,28,228.76
1555,2025-01,2025-01-06,7.82,28,218.96
1555,2025-01,2025-01-07,9.4,28,263.2
1555,2025-01,2025-01-08,9.98,28,279.44
1555,2025-01,2025-01-09,9.4,28,263.2
1555,2025-01,2025-01-10,9.78,28,273.84
1555,2025-01,2025-01-13,9.97,28,279.16
1555,2025-01,2025-01-14,8.23,28,230.44
1555,2025-01,2025-01-15,9.38,28,262.64
1555,2025-01,2025-01-16,9.72,28,272.16
1555,2025-01,2025-01-17,7.53,28,210.84
1555,2025-01,2025-01-20,8.1,28,226.8
1555,2025-01,2025-01-21,8.62,28,241.36
1555,2025-01,2025-01-22,8.92,28,249.76
1555,2025-01,2025-01-23,7.93,28,222.04
1555,2025-01,2025-01-24,9.92,28,277.76
1555,2025-01,2025-01-25,9.88,28,276.64
1555,2025-01,2025-01-27,9.02,28,252.56
1555,2025-01,2025-01-28,9.15,28,256.2
1555,2025-01,2025-01-29,9.83,28,275.24
1555,2025-01,2025-01-30,9.38,28,262.64
1555,2025-01,2025-01-31,7.6,28,212.8
1555,2025-01,2025-02-03,8.95,28,250.6
1555,2025-01,2025-02-04,8.6,28,240.8
1555,2025-01,2025-02-05,7.88,28,220.64
1555,2025-01,2025-02-06,8.62,28,241.36
1555,2025-01,2025-02-07,9.13,28,255.64
1555,2025-01,2025-02-10,8.45,28,236.6
1555,2025-01,2025-02-11,7.85,28,219.8
1555,2025-01,2025-02-12,7.53,28,210.84
1555,2025-01,2025-02-13,9.58,28,268.24
1555,2025-01,2025-02-14,9.05,28,253.4
1555,2025-01,2025-02-17,8.03,28,224.84
1555,2025-01,2025-02-18,8.1,28,226.8
1555,2025-01,2025-02-19,9.92,28,277.76
1555,2025-01,2025-02-20,8.47,28,237.16
1555,2025-01,2025-02-21,9.9,28,277.2
1555,2025-01,2025-02-24,7.53,28,210.84
1555,2025-01,2025-02-25,7.7,28,215.6
1555,2025-01,2025-02-26,8.63,28,241.64
1555,2025-01,2025-02-27,9.75,28,273.0
1555,2025-01,2025-02-28,9.7,28,271.6
1573,2025-01,2025-01-01,8.7,28,243.6
1573,2025-01,2025-01-02,8.08,28,226.24
1573,2025-01,2025-01-03,7.53,28,210.84
1573,2025-01,2025-01-05,9.32,28,260.96
1573,2025-01,2025-01-06,8.25,28,231.0
1573,2025-01,2025-01-07,9.43,28,264.04
1573,2025-01,2025-01-08,8.6,28,240.8
1573,2025-01,2025-01-09,8.32,28,232.96
1573,2025-01,2025-01-10,8.03,28,224.84
1573,2025-01,2025-01-11,9.62,28,269.36
1573,2025-01,2025-01-13,7.9,28,221.2
1573,2025-01,2025-01-14,9.57,28,267.96
1573,2025-01,2025-01-15,9.42,28,263.76
1573,2025-01,2025-01-16,8.42,28,235.76
1573,2025-01,2025-01-17,9.43,28,264.04
1573,2025-01,2025-01-20,8.72,28,244.16
1573,2025-01,2025-01-21,9.17,28,256.76
1573,2025-01,2025-01-22,8.97,28,251.16
1573,2025-01,2025-01-23,9.78,28,273.84
1573,2025-01,2025-01-24,7.53,28,210.84
1573,2025-01,2025-01-27,9.03,28,252.84
1573,2025-01,2025-01-28,8.98,28,251.44
1573,2025-01,2025-01-29,9.08,28,254.24
1573,2025-01,2025-01-30,9.68,28,271.04
1573,2025-01,2025-01-31,8.52,28,238.56
1573,2025-01,2025-02-02,9.58,28,268.24
1573,2025-01,2025-02-03,8.27,28,231.56
1573,2025-01,2025-02-04,7.82,28,218.96
1573,2025-01,2025-02-05,7.83,28,219.24
1573,2025-01,2025-02-06,9.45,28,264.6
1573,2025-01,2025-02-07,9.72,28,272.16
1573,2025-01,2025-02-10,8.32,28,232.96
1573,2025-01,2025-02-11,8.43,28,236.04
1573,2025-01,2025-02-12,8.93,28,250.04
1573,2025-01,2025-02-13,8.12,28,227.36
1573,2025-01,2025-02-14,8.93,28,250.04
1573,2025-01,2025-02-17,8.92,28,249.76
1573,2025-01,2025-02-18,9.38,28,262.64
1573,2025-01,2025-02-19,8.58,28,240.24
1573,2025-01,2025-02-20,8.23,28,230.44
1573,2025-01,2025-02-21,9.62,28,269.36
1573,2025-01,2025-02-22,9.97,28,279.16
1573,2025-01,2025-02-24,9.9,28,277.2
1573,2025-01,2025-02-25,9.03,28,252.84
1573,2025-01,2025-02-26,9.32,28,260.96
1573,2025-01,2025-02-27,8.57,28,239.96
1573,2025-01,2025-02-28,7.75,28,217.0
1610,2025-01,2025-01-01,8.32,32,266.24
1610,2025-01,2025-01-02,8.97,32,287.04
1610,2025-01,2025-01-03,8.12,32,259.84
1610,2025-01,2025-01-06,8.15,32,260.8
1610,2025-01,2025-01-07,9.3,32,297.6
1610,2025-01,2025-01-08,9.95,32,318.4
1610,2025-01,2025-01-09,7.77,32,248.64
1610,2025-01,2025-01-10,7.65,32,244.8
1610,2025-01,2025-01-13,9.0,32,288.0
1610,2025-01,2025-01-14,8.53,32,272.96
1610,2025-01,2025-01-15,8.72,32,279.04
1610,2025-01,2025-01-16,9.02,32,288.64
1610,2025-01,2025-01-17,9.97,32,319.04
1610,2025-01,2025-01-20,9.2,32,294.4
1610,2025-01,2025-01-21,8.65,32,276.8
1610,2025-01,2025-01-22,8.68,32,277.76
1610,2025-01,2025-01-23,8.87,32,283.84
1610,2025-01,2025-01-24,8.08,32,258.56
1610,2025-01,2025-01-27,9.12,32,291.84
1610,2025-01,2025-01-28,8.08,32,258.56
1610,2025-01,2025-01-29,9.47,32,303.04
1610,2025-01,2025-01-30,9.6,32,307.2
1610,2025-01,2025-01-31,8.67,32,277.44
1610,2025-01,2025-02-01,8.33,32,266.56
1610,2025-01,2025-02-03,8.92,32,285.44
1610,2025-01,2025-02-04,9.2,32,294.4
1610,2025-01,2025-02-05,8.37,32,267.84
1610,2025-01,2025-02-06,9.25,32,296.0
1610,2025-01,2025-02-07,8.8,32,281.6
1610,2025-01,2025-02-09,7.88,32,252.16
1610,2025-01,2025-02-10,7.95,32,254.4
1610,2025-01,2025-02-11,7.78,32,248.96
1610,2025-01,2025-02-12,8.07,32,258.24
1610,2025-01,2025-02-13,8.52,32,272.64
1610,2025-01,2025-02-14,9.88,32,316.16
1610,2025-01,2025-02-17,8.68,32,277.76
1610,2025-01,2025-02-18,9.23,32,295.36
1610,2025-01,2025-02-19,8.2,32,262.4
1610,2025-01,2025-02-20,9.87,32,315.84
1610,2025-01,2025-02-21,7.57,32,242.24
1610,2025-01,2025-02-23,8.33,32,266.56
1610,2025-01,2025-02-24,9.97,32,319.04
1610,2025-01,2025-02-25,9.65,32,308.8
1610,2025-01,2025-02-26,7.67,32,245.44
1610,2025-01,2025-02-27,8.25,32,264.0
1610,2025-01,2025-02-28,8.0,32,256.0
1610,2025-01,2025-03-01,9.43,32,301.76
1624,2025-01,2025-01-01,9.0,28,252.0
1624,2025-01,2025-01-02,9.17,28,256.76
1624,2025-01,2025-01-03,9.7,28,271.6
1624,2025-01,2025-01-05,9.18,28,257.04
1624,2025-01,2025-01-06,8.87,28,248.36
1624,2025-01,2025-01-07,9.15,28,256.2
1624,2025-01,2025-01-08,8.33,28,233.24
1624,2025-01,2025-01-09,9.65,28,270.2
1624,2025-01,2025-01-10,9.55,28,267.4
1624,2025-01,2025-01-13,8.57,28,239.96
1624,2025-01,2025-01-14,7.53,28,210.84
1624,2025-01,2025-01-15,8.32,28,232.96
1624,2025-01,2025-01-16,7.78,28,217.84
1624,2025-01,2025-01-17,7.5,28,210.0
1624,2025-01,2025-01-20,8.17,28,228.76
1624,2025-01,2025-01-21,9.72,28,272.16
1624,2025-01,2025-01-22,9.63,28,269.64
1624,2025-01,2025-01-23,9.47,28,265.16
1624,2025-01,2025-01-24,9.32,28,260.96
1624,2025-01,2025-01-27,9.43,28,264.04
1624,2025-01,2025-01-28,9.8,28,274.4
1624,2025-01,2025-01-29,9.38,28,262.64
1624,2025-01,2025-01-30,9.68,28,271.04
1624,2025-01,2025-01-31,8.27,28,231.56
1624,2025-01,2025-02-03,9.93,28,278.04
1624,2025-01,2025-02-04,7.7,28,215.6
1624,2025-01,2025-02-05,9.65,28,270.2
1624,2025-01,2025-02-06,8.68,28,243.04
1624,2025-01,2025-02-07,9.13,28,255.64
1624,2025-01,2025-02-09,9.68,28,271.04
1624,2025-01,2025-02-10,9.07,28,253.96
1624,2025-01,2025-02-11,9.25,28,259.0
1624,2025-01,2025-02-12,7.73,28,216.44
1624,2025-01,2025-02-13,9.27,28,259.56
1624,2025-01,2025-02-14,8.7,28,243.6
1624,2025-01,2025-02-15,7.8,28,218.4
1624,2025-01,2025-02-17,7.5,28,210.0
1624,2025-01,2025-02-18,8.32,28,232.96
1624,2025-01,2025-02-19,8.03,28,224.84
1624,2025-01,2025-02-20,9.4,28,263.2
1624,2025-01,2025-02-21,9.82,28,274.96
1624,2025-01,2025-02-23,9.23,28,258.44
1624,2025-01,2025-02-24,9.28,28,259.84
1624,2025-01,2025-02-25,7.72,28,216.16
1624,2025-01,2025-02-26,7.62,28,213.36
1624,2025-01,2025-02-27,8.3,28,232.4
1624,2025-01,2025-02-28,8.53,28,238.84
1655,2025-01,2025-01-01,7.72,28,216.16
1655,2025-01,2025-01-02,9.02,28,252.56
1655,2025-01,2025-01-03,9.85,28,275.8
1655,2025-01,2025-01-05,9.02,28,252.56
1655,2025-01,2025-01-06,9.62,28,269.36
1655,2025-01,2025-01-07,7.93,28,222.04
1655,2025-01,2025-01-08,9.78,28,273.84
1655,2025-01,2025-01-09,9.48,28,265.44
1655,2025-01,2025-01-10,7.85,28,219.8
1655,2025-01,2025-01-11,8.32,28,232.96
1655,2025-01,2025-01-13,9.92,28,277.76
1655,2025-01,2025-01-14,8.57,28,239.96
1655,2025-01,2025-01-15,8.32,28,232.96
1655,2025-01,2025-01-16,8.4,28,235.2
1655,2025-01,2025-01-17,7.97,28,223.16
1655,2025-01,2025-01-18,8.1,28,226.8
1655,2025-01,2025-01-20,8.5,28,238.0
1655,2025-01,2025-01-21,9.78,28,273.84
1655,2025-01,2025-01-22,8.83,28,247.24
1655,2025-01,2025-01-23,9.77,28,273.56
1655,2025-01,2025-01-24,9.82,28,274.96
1655,2025-01,2025-01-25,9.03,28,252.84
1655,2025-01,2025-01-26,9.5,28,266.0
1655,2025-01,2025-01-27,9.6,28,268.8
1655,2025-01,2025-01-28,7.63,28,213.64
1655,2025-01,2025-01-29,9.95,28,278.6
1655,2025-01,2025-01-30,9.13,28,255.64
1655,2025-01,2025-01-31,7.63,28,213.64
1655,2025-01,2025-02-03,8.18,28,229.04
1655,2025-01,2025-02-04,9.63,28,269.64
1655,2025-01,2025-02-05,7.95,28,222.6
1655,2025-01,2025-02-06,8.27,28,231.56
1655,2025-01,2025-02-07,7.53,28,210.84
1655,2025-01,2025-02-10,9.17,28,256.76
1655,2025-01,2025-02-11,9.15,28,256.2
1655,2025-01,2025-02-12,8.83,28,247.24
1655,2025-01,2025-02-13,8.52,28,238.56
1655,2025-01,2025-02-14,7.8,28,218.4
1655,2025-01,2025-02-15,8.67,28,242.76
1655,2025-01,2025-02-17,8.8,28,246.4
1655,2025-01,2025-02-18,7.78,28,217.84
1655,2025-01,2025-02-19,9.52,28,266.56
1655,2025-01,2025-02-20,7.92,28,221.76
1655,2025-01,2025-02-21,9.47,28,265.16
1655,2025-01,2025-02-23,8.6,28,240.8
1655,2025-01,2025-02-24,9.2,28,257.6
1655,2025-01,2025-02-25,8.43,28,236.04
1655,2025-01,2025-02-26,8.08,28,226.24
1655,2025-01,2025-02-27,9.62,28,269.36
1655,2025-01,2025-02-28,8.45,28,236.6
1679,2025-01,2025-01-01,8.45,38,321.1
1679,2025-01,2025-01-02,8.48,38,322.24
1679,2025-01,2025-01-03,7.6,38,288.8
1679,2025-01,2025-01-06,8.37,38,318.06
1679,2025-01,2025-01-07,9.68,38,367.84
1679,2025-01,2025-01-08,9.12,38,346.56
1679,2025-01,2025-01-09,9.7,38,368.6
1679,2025-01,2025-01-10,9.07,38,344.66
1679,2025-01,2025-01-13,7.65,38,290.7
1679,2025-01,2025-01-14,7.87,38,299.06
1679,2025-01,2025-01-15,8.97,38,340.86
1679,2025-01,2025-01-16,9.33,38,354.54
1679,2025-01,2025-01-17,9.55,38,362.9
1679,2025-01,2025-01-20,9.55,38,362.9
1679,2025-01,2025-01-21,8.3,38,315.4
1679,2025-01,2025-01-22,9.68,38,367.84
1679,2025-01,2025-01-23,9.53,38,362.14
1679,2025-01,2025-01-24,8.23,38,312.74
1679,2025-01,2025-01-27,9.75,38,370.5
1679,2025-01,2025-01-28,8.17,38,310.46
1679,2025-01,2025-01-29,8.2,38,311.6
1679,2025-01,2025-01-31,7.95,38,302.1
1679,2025-01,2025-02-03,7.52,38,285.76
1679,2025-01,2025-02-04,9.0,38,342.0
1679,2025-01,2025-02-05,9.48,38,360.24
1679,2025-01,2025-02-06,7.8,38,296.4
1679,2025-01,2025-02-07,7.55,38,286.9
1679,2025-01,2025-02-09,9.88,38,375.44
1679,2025-01,2025-02-10,8.5,38,323.0
1679,2025-01,2025-02-11,9.3,38,353.4
1679,2025-01,2025-02-12,8.18,38,310.84
1679,2025-01,2025-02-13,9.42,38,357.96
1679,2025-01,2025-02-14,9.32,38,354.16
1679,2025-01,2025-02-15,9.15,38,347.7
1679,2025-01,2025-02-17,8.3,38,315.4
1679,2025-01,2025-02-18,9.18,38,348.84
1679,2025-01,2025-02-19,8.93,38,339.34
1679,2025-01,2025-02-20,8.4,38,319.2
1679,2025-01,2025-02-21,8.5,38,323.0
1679,2025-01,2025-02-24,8.22,38,312.36
1679,2025-01,2025-02-25,8.13,38,308.94
1679,2025-01,2025-02-26,9.48,38,360.24
1679,2025-01,2025-02-27,8.82,38,335.16
1679,2025-01,2025-02-28,9.5,38,361.0
1712,2025-01,2025-01-01,8.47,28,237.16
1712,2025-01,2025-01-02,8.9,28,249.2
1712,2025-01,2025-01-03,8.8,28,246.4
1712,2025-01,2025-01-05,9.23,28,258.44
1712,2025-01,2025-01-06,10.0,28,280.0
1712,2025-01,2025-01-07,9.02,28,252.56
1712,2025-01,2025-01-08,9.1,28,254.8
1712,2025-01,2025-01-09,8.72,28,244.16
1712,2025-01,2025-01-10,8.2,28,229.6
1712,2025-01,2025-01-12,9.67,28,270.76
1712,2025-01,2025-01-13,8.33,28,233.24
1712,2025-01,2025-01-14,8.52,28,238.56
1712,2025-01,2025-01-15,8.45,28,236.6
1712,2025-01,2025-01-16,9.95,28,278.6
1712,2025-01,2025-01-17,8.48,28,237.44
1712,2025-01,2025-01-20,8.85,28,247.8
1712,2025-01,2025-01-21,7.63,28,213.64
1712,2025-01,2025-01-22,8.33,28,233.24
1712,2025-01,2025-01-23,7.92,28,221.76
1712,2025-01,2025-01-24,9.67,28,270.76
1712,2025-01,2025-01-27,7.52,28,210.56
1712,2025-01,2025-01-28,7.9,28,221.2
1712,2025-01,2025-01-29,8.93,28,250.04
1712,2025-01,2025-01-30,8.53,28,238.84
1712,2025-01,2025-01-31,7.75,28,217.0
1712,2025-01,2025-02-01,7.73,28,216.44
1712,2025-01,2025-02-03,9.38,28,262.64
1712,2025-01,2025-02-04,9.03,28,252.84
1712,2025-01,2025-02-05,8.57,28,239.96
1712,2025-01,2025-02-06,8.08,28,226.24
1712,2025-01,2025-02-07,8.5,28,238.0
1712,2025-01,2025-02-09,8.22,28,230.16
1712,2025-01,2025-02-10,8.12,28,227.36
1712,2025-01,2025-02-11,8.42,28,235.76
1712,2025-01,2025-02-12,9.05,28,253.4
1712,2025-01,2025-02-13,9.02,28,252.56
1712,2025-01,2025-02-14,7.75,28,217.0
1712,2025-01,2025-02-15,9.93,28,278.04
1712,2025-01,2025-02-17,7.98,28,223.44
1712,2025-01,2025-02-18,9.82,28,274.96
1712,2025-01,2025-02-19,8.73,28,244.44
1712,2025-01,2025-02-20,9.08,28,254.24
1712,2025-01,2025-02-21,8.8,28,246.4
1712,2025-01,2025-02-23,9.22,28,258.16
1712,2025-01,2025-02-24,7.58,28,212.24
1712,2025-01,2025-02-25,7.52,28,210.56
1712,2025-01,2025-02-26,9.22,28,258.16
1712,2025-01,2025-02-27,9.18,28,257.04
1712,2025-01,2025-02-28,9.03,28,252.84
1716,2025-01,2025-01-01,8.02,38,304.76
1716,2025-01,2025-01-02,9.05,38,343.9
1716,2025-01,2025-01-03,9.52,38,361.76
1716,2025-01,2025-01-06,8.38,38,318.44
1716,2025-01,2025-01-07,9.98,38,379.24
1716,2025-01,2025-01-08,7.77,38,295.26
1716,2025-01,2025-01-09,9.97,38,378.86
1716,2025-01,2025-01-10,8.4,38,319.2
1716,2025-01,2025-01-13,9.52,38,361.76
1716,2025-01,2025-01-14,9.85,38,374.3
1716,2025-01,2025-01-15,8.5,38,323.0
1716,2025-01,2025-01-16,8.17,38,310.46
1716,2025-01,2025-01-17,8.25,38,313.5
1716,2025-01,2025-01-18,8.92,38,338.96
1716,2025-01,2025-01-20,8.87,38,337.06
1716,2025-01,2025-01-21,7.67,38,291.46
1716,2025-01,2025-01-22,9.12,38,346.56
1716,2025-01,2025-01-23,9.33,38,354.54
1716,2025-01,2025-01-24,9.62,38,365.56
1716,2025-01,2025-01-25,8.52,38,323.76
1716,2025-01,2025-01-27,7.58,38,288.04
1716,2025-01,2025-01-28,9.52,38,361.76
1716,2025-01,2025-01-29,9.02,38,342.76
1716,2025-01,2025-01-30,9.92,38,376.96
1716,2025-01,2025-01-31,9.4,38,357.2
1716,2025-01,2025-02-03,8.4,38,319.2
1716,2025-01,2025-02-04,7.63,38,289.94
1716,2025-01,2025-02-05,8.75,38,332.5
1716,2025-01,2025-02-06,8.68,38,329.84
1716,2025-01,2025-02-07,7.6,38,288.8
1716,2025-01,2025-02-10,9.13,38,346.94
1716,2025-01,2025-02-11,8.0,38,304.0
1716,2025-01,2025-02-12,7.98,38,303.24
1716,2025-01,2025-02-13,9.55,38,362.9
1716,2025-01,2025-02-14,8.57,38,325.66
1716,2025-01,2025-02-17,7.72,38,293.36
1716,2025-01,2025-02-18,9.77,38,371.26
1716,2025-01,2025-02-19,7.73,38,293.74
1716,2025-01,2025-02-20,9.72,38,369.36
1716,2025-01,2025-02-21,9.62,38,365.56
1716,2025-01,2025-02-22,9.0,38,342.0
1716,2025-01,2025-02-24,9.1,38,345.8
1716,2025-01,2025-02-25,7.52,38,285.76
1716,2025-01,2025-02-26,7.97,38,302.86
1716,2025-01,2025-02-27,7.87,38,299.06
1716,2025-01,2025-02-28,9.13,38,346.94
1716,2025-01,2025-03-01,8.73,38,331.74
1739,2025-01,2025-01-01,9.32,32,298.24
1739,2025-01,2025-01-02,8.83,32,282.56
1739,2025-01,2025-01-03,8.42,32,269.44
1739,2025-01,2025-01-04,9.03,32,288.96
1739,2025-01,2025-01-06,7.68,32,245.76
1739,2025-01,2025-01-07,9.88,32,316.16
1739,2025-01,2025-01-08,9.8,32,313.6
1739,2025-01,2025-01-09,7.87,32,251.84
1739,2025-01,2025-01-10,8.3,32,265.6
1739,2025-01,2025-01-12,9.88,32,316.16
1739,2025-01,2025-01-13,8.52,32,272.64
1739,2025-01,2025-01-14,8.38,32,268.16
1739,2025-01,2025-01-15,7.8,32,249.6
1739,2025-01,2025-01-16,7.98,32,255.36
1739,2025-01,2025-01-17,8.67,32,277.44
1739,2025-01,2025-01-20,9.25,32,296.0
1739,2025-01,2025-01-21,8.18,32,261.76
1739,2025-01,2025-01-22,8.25,32,264.0
1739,2025-01,2025-01-23,8.65,32,276.8
1739,2025-01,2025-01-24,9.5,32,304.0
1739,2025-01,2025-01-27,9.3,32,297.6
1739,2025-01,2025-01-28,8.95,32,286.4
1739,2025-01,2025-01-29,7.88,32,252.16
1739,2025-01,2025-01-30,8.27,32,264.64
1739,2025-01,2025-01-31,7.72,32,247.04
1739,2025-01,2025-02-02,9.35,32,299.2
1739,2025-01,2025-02-03,7.8,32,249.6
1739,2025-01,2025-02-04,9.62,32,307.84
1739,2025-01,2025-02-05,7.55,32,241.6
1739,2025-01,2025-02-06,8.23,32,263.36
1739,2025-01,2025-02-07,9.02,32,288.64
1739,2025-01,2025-02-10,9.4,32,300.8
1739,2025-01,2025-02-11,9.03,32,288.96
1739,2025-01,2025-02-12,7.9,32,252.8
1739,2025-01,2025-02-13,8.45,32,270.4
1739,2025-01,2025-02-14,8.27,32,264.64
1739,2025-01,2025-02-17,8.12,32,259.84
1739,2025-01,2025-02-18,8.28,32,264.96
1739,2025-01,2025-02-19,9.48,32,303.36
1739,2025-01,2025-02-20,8.35,32,267.2
1739,2025-01,2025-02-21,8.65,32,276.8
1739,2025-01,2025-02-24,8.97,32,287.04
1739,2025-01,2025-02-25,7.75,32,248.0
1739,2025-01,2025-02-26,8.08,32,258.56
1739,2025-01,2025-02-27,8.75,32,280.0
1739,2025-01,2025-02-28,9.57,32,306.24
1745,2025-01,2025-01-01,7.53,38,286.14
1745,2025-01,2025-01-02,9.97,38,378.86
1745,2025-01,2025-01-03,8.5,38,323.0
1745,2025-01,2025-01-06,9.77,38,371.26
1745,2025-01,2025-01-07,9.27,38,352.26
1745,2025-01,2025-01-08,9.08,38,345.04
1745,2025-01,2025-01-09,9.68,38,367.84
1745,2025-01,2025-01-10,7.6,38,288.8
1745,2025-01,2025-01-13,8.68,38,329.84
1745,2025-01,2025-01-14,7.83,38,297.54
1745,2025-01,2025-01-15,7.58,38,288.04
1745,2025-01,2025-01-16,7.73,38,293.74
1745,2025-01,2025-01-17,9.8,38,372.4
1745,2025-01,2025-01-20,8.9,38,338.2
1745,2025-01,2025-01-21,10.0,38,380.0
1745,2025-01,2025-01-22,8.77,38,333.26
1745,2025-01,2025-01-23,8.2,38,311.6
1745,2025-01,2025-01-24,7.67,38,291.46
1745,2025-01,2025-01-25,8.47,38,321.86
1745,2025-01,2025-01-27,9.63,38,365.94
1745,2025-01,2025-01-28,7.87,38,299.06
1745,2025-01,2025-01-29,8.08,38,307.04
1745,2025-01,2025-01-30,8.63,38,327.94
1745,2025-01,2025-01-31,8.15,38,309.7
1745,2025-01,2025-02-03,7.73,38,293.74
1745,2025-01,2025-02-04,9.42,38,357.96
1745,2025-01,2025-02-05,8.95,38,340.1
1745,2025-01,2025-02-06,8.02,38,304.76
1745,2025-01,2025-02-07,7.88,38,299.44
1745,2025-01,2025-02-09,7.5,38,285.0
1745,2025-01,2025-02-10,9.48,38,360.24
1745,2025-01,2025-02-11,9.13,38,346.94
1745,2025-01,2025-02-12,7.93,38,301.34
1745,2025-01,2025-02-13,9.97,38,378.86
1745,2025-01,2025-02-14,8.77,38,333.26
1745,2025-01,2025-02-17,8.83,38,335.54
1745,2025-01,2025-02-18,8.7,38,330.6
1745,2025-01,2025-02-19,9.25,38,351.5
1745,2025-01,2025-02-20,9.32,38,354.16
1745,2025-01,2025-02-21,9.27,38,352.26
1745,2025-01,2025-02-24,8.0,38,304.0
1745,2025-01,2025-02-25,8.0,38,304.0
1745,2025-01,2025-02-26,9.57,38,363.66
1745,2025-01,2025-02-27,8.32,38,316.16
1745,2025-01,2025-02-28,8.0,38,304.0
1745,2025-01,2025-03-01,8.02,38,304.76
1746,2025-01,2025-01-01,8.82,28,246.96
1746,2025-01,2025-01-02,8.08,28,226.24
1746,2025-01,2025-01-03,8.1,28,226.8
1746,2025-01,2025-01-06,7.52,28,210.56
1746,2025-01,2025-01-07,9.22,28,258.16
1746,2025-01,2025-01-08,8.77,28,245.56
1746,2025-01,2025-01-09,8.47,28,237.16
1746,2025-01,2025-01-10,7.77,28,217.56
1746,2025-01,2025-01-13,8.28,28,231.84
1746,2025-01,2025-01-14,8.33,28,233.24
1746,2025-01,2025-01-15,8.23,28,230.44
1746,2025-01,2025-01-16,9.15,28,256.2
1746,2025-01,2025-01-17,8.62,28,241.36
1746,2025-01,2025-01-18,7.98,28,223.44
1746,2025-01,2025-01-19,7.95,28,222.6
1746,2025-01,2025-01-20,9.15,28,256.2
1746,2025-01,2025-01-21,9.33,28,261.24
1746,2025-01,2025-01-22,9.17,28,256.76
1746,2025-01,2025-01-23,9.08,28,254.24
1746,2025-01,2025-01-24,9.88,28,276.64
1746,2025-01,2025-01-27,8.87,28,248.36
1746,2025-01,2025-01-28,7.92,28,221.76
1746,2025-01,2025-01-29,9.82,28,274.96
1746,2025-01,2025-01-30,9.92,28,277.76
1746,2025-01,2025-01-31,9.53,28,266.84
1746,2025-01,2025-02-01,8.88,28,248.64
1746,2025-01,2025-02-03,9.05,28,253.4
1746,2025-01,2025-02-04,8.75,28,245.0
1746,2025-01,2025-02-05,8.73,28,244.44
1746,2025-01,2025-02-06,7.53,28,210.84
1746,2025-01,2025-02-07,8.8,28,246.4
1746,2025-01,2025-02-08,7.75,28,217.0
1746,2025-01,2025-02-09,8.95,28,250.6
1746,2025-01,2025-02-10,9.35,28,261.8
1746,2025-01,2025-02-11,8.17,28,228.76
1746,2025-01,2025-02-12,9.87,28,276.36
1746,2025-01,2025-02-13,9.2,28,257.6
1746,2025-01,2025-02-14,8.75,28,245.0
1746,2025-01,2025-02-17,8.53,28,238.84
1746,2025-01,2025-02-18,7.97,28,223.16
1746,2025-01,2025-02-19,8.98,28,251.44
1746,2025-01,2025-02-20,8.05,28,225.4
1746,2025-01,2025-02-21,7.58,28,212.24
1746,2025-01,2025-02-22,9.02,28,252.56
1746,2025-01,2025-02-24,9.55,28,267.4
1746,2025-01,2025-02-25,8.87,28,248.36
1746,2025-01,2025-02-26,9.82,28,274.96
1746,2025-01,2025-02-27,7.87,28,220.36
1746,2025-01,2025-02-28,7.53,28,210.84
1746,2025-01,2025-03-01,9.67,28,270.76
1775,2025-01,2025-01-01,9.42,28,263.76
1775,2025-01,2025-01-02,8.12,28,227.36
1775,2025-01,2025-01-03,8.77,28,245.56
1775,2025-01,2025-01-06,9.4,28,263.2
1775,2025-01,2025-01-07,7.67,28,214.76
1775,2025-01,2025-01-08,9.32,28,260.96
1775,2025-01,2025-01-09,9.48,28,265.44
1775,2025-01,2025-01-10,9.98,28,279.44
1775,2025-01,2025-01-13,9.95,28,278.6
1775,2025-01,2025-01-14,8.05,28,225.4
1775,2025-01,2025-01-15,8.37,28,234.36
1775,2025-01,2025-01-16,9.13,28,255.64
1775,2025-01,2025-01-17,8.67,28,242.76
1775,2025-01,2025-01-18,7.63,28,213.64
1775,2025-01,2025-01-20,9.2,28,257.6
1775,2025-01,2025-01-21,8.57,28,239.96
1775,2025-01,2025-01-22,9.63,28,269.64
1775,2025-01,2025-01-23,9.82,28,274.96
1775,2025-01,2025-01-24,7.98,28,223.44
1775,2025-01,2025-01-26,7.98,28,223.44
1775,2025-01,2025-01-27,7.77,28,217.56
1775,2025-01,2025-01-28,8.53,28,238.84
1775,2025-01,2025-01-29,9.45,28,264.6
1775,2025-01,2025-01-30,8.85,28,247.8
1775,2025-01,2025-01-31,8.87,28,248.36
1775,2025-01,2025-02-02,8.13,28,227.64
1775,2025-01,2025-02-03,8.78,28,245.84
1775,2025-01,2025-02-04,9.87,28,276.36
1775,2025-01,2025-02-05,9.17,28,256.76
1775,2025-01,2025-02-06,9.62,28,269.36
1775,2025-01,2025-02-07,7.72,28,216.16
1775,2025-01,2025-02-10,9.52,28,266.56
1775,2025-01,2025-02-11,7.77,28,217.56
1775,2025-01,2025-02-12,7.77,28,217.56
1775,2025-01,2025-02-13,7.82,28,218.96
1775,2025-01,2025-02-14,8.22,28,230.16
1775,2025-01,2025-02-15,8.0,28,224.0
1775,2025-01,2025-02-17,7.82,28,218.96
1775,2025-01,2025-02-18,9.2,28,257.6
1775,2025-01,2025-02-19,9.82,28,274.96
1775,2025-01,2025-02-20,7.98,28,223.44
1775,2025-01,2025-02-21,9.18,28,257.04
1775,2025-01,2025-02-22,8.27,28,231.56
1775,2025-01,2025-02-24,7.95,28,222.6
1775,2025-01,2025-02-25,9.32,28,260.96
1775,2025-01,2025-02-26,7.77,28,217.56
1775,2025-01,2025-02-27,9.35,28,261.8
1775,2025-01,2025-02-28,9.87,28,276.36
1778,2025-01,2025-01-01,9.83,32,314.56
1778,2025-01,2025-01-02,7.53,32,240.96
1778,2025-01,2025-01-03,7.97,32,255.04
1778,2025-01,2025-01-05,8.7,32,278.4
1778,2025-01,2025-01-06,8.27,32,264.64
1778,2025-01,2025-01-07,7.7,32,246.4
1778,2025-01,2025-01-08,9.87,32,315.84
1778,2025-01,2025-01-09,8.77,32,280.64
1778,2025-01,2025-01-10,9.5,32,304.0
1778,2025-01,2025-01-12,8.98,32,287.36
1778,2025-01,2025-01-13,8.32,32,266.24
1778,2025-01,2025-01-14,7.6,32,243.2
1778,2025-01,2025-01-15,8.6,32,275.2
1778,2025-01,2025-01-16,9.47,32,303.04
1778,2025-01,2025-01-17,9.43,32,301.76
1778,2025-01,2025-01-20,9.97,32,319.04
1778,2025-01,2025-01-21,9.18,32,293.76
1778,2025-01,2025-01-22,8.43,32,269.76
1778,2025-01,2025-01-23,9.35,32,299.2
1778,2025-01,2025-01-24,9.25,32,296.0
1778,2025-01,2025-01-25,7.77,32,248.64
1778,2025-01,2025-01-27,8.12,32,259.84
1778,2025-01,2025-01-28,8.03,32,256.96
1778,2025-01,2025-01-29,8.52,32,272.64
1778,2025-01,2025-01-30,8.83,32,282.56
1778,2025-01,2025-01-31,8.93,32,285.76
1778,2025-01,2025-02-02,9.92,32,317.44
1778,2025-01,2025-02-03,7.93,32,253.76
1778,2025-01,2025-02-04,7.57,32,242.24
1778,2025-01,2025-02-05,9.83,32,314.56
1778,2025-01,2025-02-06,9.03,32,288.96
1778,2025-01,2025-02-07,8.03,32,256.96
1778,2025-01,2025-02-10,9.05,32,289.6
1778,2025-01,2025-02-11,7.92,32,253.44
1778,2025-01,2025-02-12,7.55,32,241.6
1778,2025-01,2025-02-13,9.3,32,297.6
1778,2025-01,2025-02-14,8.7,32,278.4
1778,2025-01,2025-02-17,8.93,32,285.76
1778,2025-01,2025-02-18,9.65,32,308.8
1778,2025-01,2025-02-19,9.73,32,311.36
1778,2025-01,2025-02-20,8.9,32,284.8
1778,2025-01,2025-02-21,7.53,32,240.96
1778,2025-01,2025-02-24,7.83,32,250.56
1778,2025-01,2025-02-25,9.23,32,295.36
1778,2025-01,2025-02-26,7.5,32,240.0
1778,2025-01,2025-02-27,8.28,32,264.96
1778,2025-01,2025-02-28,9.72,32,311.04
1778,2025-01,2025-03-01,7.57,32,242.24
1780,2025-01,2025-01-01,9.35,38,355.3
1780,2025-01,2025-01-02,8.93,38,339.34
1780,2025-01,2025-01-03,9.07,38,344.66
1780,2025-01,2025-01-05,8.67,38,329.46
1780,2025-01,2025-01-06,8.75,38,332.5
1780,2025-01,2025-01-07,9.5,38,361.0
1780,2025-01,2025-01-08,8.18,38,310.84
1780,2025-01,2025-01-09,8.65,38,328.7
1780,2025-01,2025-01-10,9.88,38,375.44
1780,2025-01,2025-01-11,8.72,38,331.36
1780,2025-01,2025-01-13,7.85,38,298.3
1780,2025-01,2025-01-14,8.1,38,307.8
1780,2025-01,2025-01-15,9.93,38,377.34
1780,2025-01,2025-01-16,8.33,38,316.54
1780,2025-01,2025-01-17,9.87,38,375.06
1780,2025-01,2025-01-19,8.77,38,333.26
1780,2025-01,2025-01-20,9.0,38,342.0
1780,2025-01,2025-01-21,8.3,38,315.4
1780,2025-01,2025-01-22,8.12,38,308.56
1780,2025-01,2025-01-23,9.95,38,378.1
1780,2025-01,2025-01-24,9.13,38,346.94
1780,2025-01,2025-01-27,8.55,38,324.9
1780,2025-01,2025-01-28,9.38,38,356.44
1780,2025-01,2025-01-29,7.5,38,285.0
1780,2025-01,2025-01-30,8.03,38,305.14
1780,2025-01,2025-01-31,8.75,38,332.5
1780,2025-01,2025-02-03,9.98,38,379.24
1780,2025-01,2025-02-04,8.43,38,320.34
1780,2025-01,2025-02-05,8.3,38,315.4
1780,2025-01,2025-02-06,7.58,38,288.04
1780,2025-01,2025-02-07,8.98,38,341.24
1780,2025-01,2025-02-11,8.4,38,319.2
1780,2025-01,2025-02-12,8.52,38,323.76
1780,2025-01,2025-02-13,8.73,38,331.74
1780,2025-01,2025-02-14,9.45,38,359.1
1780,2025-01,2025-02-16,7.5,38,285.0
1780,2025-01,2025-02-17,9.9,38,376.2
1780,2025-01,2025-02-18,9.83,38,373.54
1780,2025-01,2025-02-19,9.42,38,357.96
1780,2025-01,2025-02-20,9.07,38,344.66
1780,2025-01,2025-02-21,9.5,38,361.0
1780,2025-01,2025-02-23,7.9,38,300.2
1780,2025-01,2025-02-24,9.57,38,363.66
1780,2025-01,2025-02-25,7.88,38,299.44
1780,2025-01,2025-02-26,9.4,38,357.2
1780,2025-01,2025-02-27,9.88,38,375.44
1780,2025-01,2025-02-28,9.62,38,365.56
1784,2025-01,2025-01-01,8.58,28,240.24
1784,2025-01,2025-01-02,8.07,28,225.96
1784,2025-01,2025-01-03,9.18,28,257.04
1784,2025-01,2025-01-06,7.67,28,214.76
1784,2025-01,2025-01-07,8.58,28,240.24
1784,2025-01,2025-01-08,7.75,28,217.0
1784,2025-01,2025-01-09,9.27,28,259.56
1784,2025-01,2025-01-10,8.08,28,226.24
1784,2025-01,2025-01-13,8.92,28,249.76
1784,2025-01,2025-01-14,9.87,28,276.36
1784,2025-01,2025-01-15,9.58,28,268.24
1784,2025-01,2025-01-16,7.63,28,213.64
1784,2025-01,2025-01-17,7.5,28,210.0
1784,2025-01,2025-01-18,9.28,28,259.84
1784,2025-01,2025-01-20,7.6,28,212.8
1784,2025-01,2025-01-21,8.3,28,232.4
1784,2025-01,2025-01-22,8.67,28,242.76
1784,2025-01,2025-01-23,7.65,28,214.2
1784,2025-01,2025-01-24,9.38,28,262.64
1784,2025-01,2025-01-26,7.57,28,211.96
1784,2025-01,2025-01-27,9.57,28,267.96
1784,2025-01,2025-01-28,8.32,28,232.96
1784,2025-01,2025-01-29,7.53,28,210.84
1784,2025-01,2025-01-30,9.27,28,259.56
1784,2025-01,2025-01-31,8.47,28,237.16
1784,2025-01,2025-02-03,8.5,28,238.0
1784,2025-01,2025-02-04,7.5,28,210.0
1784,2025-01,2025-02-05,9.18,28,257.04
1784,2025-01,2025-02-06,9.53,28,266.84
1784,2025-01,2025-02-07,9.6,28,268.8
1784,2025-01,2025-02-10,9.08,28,254.24
1784,2025-01,2025-02-11,9.02,28,252.56
1784,2025-01,2025-02-12,9.9,28,277.2
1784,2025-01,2025-02-13,8.77,28,245.56
1784,2025-01,2025-02-14,8.03,28,224.84
1784,2025-01,2025-02-16,7.88,28,220.64
1784,2025-01,2025-02-17,8.38,28,234.64
1784,2025-01,2025-02-18,9.42,28,263.76
1784,2025-01,2025-02-19,9.9,28,277.2
1784,2025-01,2025-02-20,8.97,28,251.16
1784,2025-01,2025-02-21,7.65,28,214.2
1784,2025-01,2025-02-24,7.63,28,213.64
1784,2025-01,2025-02-25,9.97,28,279.16
1784,2025-01,2025-02-26,7.73,28,216.44
1784,2025-01,2025-02-27,8.93,28,250.04
1784,2025-01,2025-02-28,9.25,28,259.0
1797,2025-01,2025-01-01,9.7,28,271.6
1797,2025-01,2025-01-02,9.12,28,255.36
1797,2025-01,2025-01-03,9.53,28,266.84
1797,2025-01,2025-01-06,9.92,28,277.76
1797,2025-01,2025-01-07,9.38,28,262.64
1797,2025-01,2025-01-08,9.27,28,259.56
1797,2025-01,2025-01-09,9.17,28,256.76
1797,2025-01,2025-01-10,8.55,28,239.4
1797,2025-01,2025-01-11,9.88,28,276.64
1797,2025-01,2025-01-13,8.53,28,238.84
1797,2025-01,2025-01-14,7.82,28,218.96
1797,2025-01,2025-01-15,8.97,28,251.16
1797,2025-01,2025-01-16,8.78,28,245.84
1797,2025-01,2025-01-17,9.87,28,276.36
1797,2025-01,2025-01-18,9.58,28,268.24
1797,2025-01,2025-01-20,8.02,28,224.56
1797,2025-01,2025-01-21,8.92,28,249.76
1797,2025-01,2025-01-22,8.32,28,232.96
1797,2025-01,2025-01-23,8.35,28,233.8
1797,2025-01,2025-01-24,7.62,28,213.36
1797,2025-01,2025-01-27,7.72,28,216.16
1797,2025-01,2025-01-28,7.93,28,222.04
1797,2025-01,2025-01-29,9.47,28,265.16
1797,2025-01,2025-01-30,9.67,28,270.76
1797,2025-01,2025-01-31,8.27,28,231.56
1797,2025-01,2025-02-03,9.5,28,266.0
1797,2025-01,2025-02-04,7.65,28,214.2
1797,2025-01,2025-02-05,8.28,28,231.84
1797,2025-01,2025-02-06,9.02,28,252.56
1797,2025-01,2025-02-07,8.38,28,234.64
1797,2025-01,2025-02-10,8.75,28,245.0
1797,2025-01,2025-02-11,8.53,28,238.84
1797,2025-01,2025-02-12,8.37,28,234.36
1797,2025-01,2025-02-13,7.77,28,217.56
1797,2025-01,2025-02-14,9.57,28,267.96
1797,2025-01,2025-02-17,9.85,28,275.8
1797,2025-01,2025-02-18,7.92,28,221.76
1797,2025-01,2025-02-19,8.62,28,241.36
1797,2025-01,2025-02-20,9.77,28,273.56
1797,2025-01,2025-02-21,8.7,28,243.6
1797,2025-01,2025-02-22,8.63,28,241.64
1797,2025-01,2025-02-24,9.5,28,266.0
1797,2025-01,2025-02-25,8.0,28,224.0
1797,2025-01,2025-02-26,7.95,28,222.6
1797,2025-01,2025-02-27,8.7,28,243.6
1797,2025-01,2025-02-28,9.47,28,265.16
1797,2025-01,2025-03-01,7.62,28,213.36
1800,2025-01,2025-01-01,8.37,38,318.06
1800,2025-01,2025-01-02,8.12,38,308.56
1800,2025-01,2025-01-03,7.75,38,294.5
1800,2025-01,2025-01-06,8.22,38,312.36
1800,2025-01,2025-01-07,7.88,38,299.44
1800,2025-01,2025-01-08,7.82,38,297.16
1800,2025-01,2025-01-09,8.0,38,304.0
1800,2025-01,2025-01-10,8.08,38,307.04
1800,2025-01,2025-01-13,8.92,38,338.96
1800,2025-01,2025-01-14,8.22,38,312.36
1800,2025-01,2025-01-15,8.53,38,324.14
1800,2025-01,2025-01-16,9.32,38,354.16
1800,2025-01,2025-01-17,9.28,38,352.64
1800,2025-01,2025-01-20,9.03,38,343.14
1800,2025-01,2025-01-21,9.5,38,361.0
1800,2025-01,2025-01-22,8.88,38,337.44
1800,2025-01,2025-01-23,7.93,38,301.34
1800,2025-01,2025-01-24,8.77,38,333.26
1800,2025-01,2025-01-25,9.37,38,356.06
1800,2025-01,2025-01-27,7.97,38,302.86
1800,2025-01,2025-01-28,8.47,38,321.86
1800,2025-01,2025-01-29,7.62,38,289.56
1800,2025-01,2025-01-30,9.65,38,366.7
1800,2025-01,2025-01-31,9.12,38,346.56
1800,2025-01,2025-02-03,9.28,38,352.64
1800,2025-01,2025-02-04,9.88,38,375.44
1800,2025-01,2025-02-05,8.17,38,310.46
1800,2025-01,2025-02-06,9.15,38,347.7
1800,2025-01,2025-02-07,9.4,38,357.2
1800,2025-01,2025-02-08,7.57,38,287.66
1800,2025-01,2025-02-10,8.15,38,309.7
1800,2025-01,2025-02-11,9.97,38,378.86
1800,2025-01,2025-02-12,8.1,38,307.8
1800,2025-01,2025-02-13,8.3,38,315.4
1800,2025-01,2025-02-14,8.8,38,334.4
1800,2025-01,2025-02-17,9.1,38,345.8
1800,2025-01,2025-02-18,8.97,38,340.86
1800,2025-01,2025-02-19,7.58,38,288.04
1800,2025-01,2025-02-20,9.12,38,346.56
1800,2025-01,2025-02-21,9.33,38,354.54
1800,2025-01,2025-02-23,9.85,38,374.3
1800,2025-01,2025-02-24,8.28,38,314.64
1800,2025-01,2025-02-25,7.72,38,293.36
1800,2025-01,2025-02-26,7.52,38,285.76
1800,2025-01,2025-02-27,9.6,38,364.8
1800,2025-01,2025-02-28,8.33,38,316.54
1800,2025-01,2025-03-01,8.47,38,321.86
1813,2025-01,2025-01-01,8.85,38,336.3
1813,2025-01,2025-01-02,9.13,38,346.94
1813,2025-01,2025-01-03,8.25,38,313.5
1813,2025-01,2025-01-04,9.23,38,350.74
1813,2025-01,2025-01-06,8.52,38,323.76
1813,2025-01,2025-01-07,7.6,38,288.8
1813,2025-01,2025-01-08,9.88,38,375.44
1813,2025-01,2025-01-09,8.28,38,314.64
1813,2025-01,2025-01-10,8.38,38,318.44
1813,2025-01,2025-01-13,8.62,38,327.56
1813,2025-01,2025-01-14,8.8,38,334.4
1813,2025-01,2025-01-15,8.23,38,312.74
1813,2025-01,2025-01-16,9.38,38,356.44
1813,2025-01,2025-01-17,9.57,38,363.66
1813,2025-01,2025-01-20,8.25,38,313.5
1813,2025-01,2025-01-21,9.02,38,342.76
1813,2025-01,2025-01-22,9.92,38,376.96
1813,2025-01,2025-01-23,9.7,38,368.6
1813,2025-01,2025-01-24,9.75,38,370.5
1813,2025-01,2025-01-25,9.58,38,364.04
1813,2025-01,2025-01-27,9.7,38,368.6
1813,2025-01,2025-01-28,9.83,38,373.54
1813,2025-01,2025-01-29,8.33,38,316.54
1813,2025-01,2025-01-30,9.22,38,350.36
1813,2025-01,2025-01-31,8.15,38,309.7
1813,2025-01,2025-02-03,9.37,38,356.06
1813,2025-01,2025-02-04,8.95,38,340.1
1813,2025-01,2025-02-05,8.78,38,333.64
1813,2025-01,2025-02-06,9.12,38,346.56
1813,2025-01,2025-02-07,8.65,38,328.7
1813,2025-01,2025-02-08,9.97,38,378.86
1813,2025-01,2025-02-10,8.02,38,304.76
1813,2025-01,2025-02-11,9.18,38,348.84
1813,2025-01,2025-02-12,8.05,38,305.9
1813,2025-01,2025-02-13,8.63,38,327.94
1813,2025-01,2025-02-14,9.83,38,373.54
1813,2025-01,2025-02-15,9.78,38,371.64
1813,2025-01,2025-02-16,9.08,38,345.04
1813,2025-01,2025-02-17,8.68,38,329.84
1813,2025-01,2025-02-18,9.57,38,363.66
1813,2025-01,2025-02-19,9.58,38,364.04
1813,2025-01,2025-02-20,9.65,38,366.7
1813,2025-01,2025-02-21,7.75,38,294.5
1813,2025-01,2025-02-23,9.38,38,356.44
1813,2025-01,2025-02-24,9.73,38,369.74
1813,2025-01,2025-02-25,9.65,38,366.7
1813,2025-01,2025-02-26,7.82,38,297.16
1813,2025-01,2025-02-27,9.92,38,376.96
1813,2025-01,2025-02-28,8.0,38,304.0
1832,2025-01,2025-01-01,9.12,28,255.36
1832,2025-01,2025-01-02,8.98,28,251.44
1832,2025-01,2025-01-03,7.95,28,222.6
1832,2025-01,2025-01-05,8.95,28,250.6
1832,2025-01,2025-01-06,7.92,28,221.76
1832,2025-01,2025-01-07,8.73,28,244.44
1832,2025-01,2025-01-08,8.32,28,232.96
1832,2025-01,2025-01-09,9.53,28,266.84
1832,2025-01,2025-01-10,8.33,28,233.24
1832,2025-01,2025-01-13,9.22,28,258.16
1832,2025-01,2025-01-14,9.25,28,259.0
1832,2025-01,2025-01-15,8.22,28,230.16
1832,2025-01,2025-01-16,8.15,28,228.2
1832,2025-01,2025-01-17,9.37,28,262.36
1832,2025-01,2025-01-20,7.97,28,223.16
1832,2025-01,2025-01-21,9.52,28,266.56
1832,2025-01,2025-01-22,9.88,28,276.64
1832,2025-01,2025-01-23,9.55,28,267.4
1832,2025-01,2025-01-24,8.93,28,250.04
1832,2025-01,2025-01-26,7.9,28,221.2
1832,2025-01,2025-01-27,8.67,28,242.76
1832,2025-01,2025-01-28,7.8,28,218.4
1832,2025-01,2025-01-29,7.87,28,220.36
1832,2025-01,2025-01-30,7.85,28,219.8
1832,2025-01,2025-01-31,9.5,28,266.0
1832,2025-01,2025-02-01,7.52,28,210.56
1832,2025-01,2025-02-03,9.58,28,268.24
1832,2025-01,2025-02-04,8.93,28,250.04
1832,2025-01,2025-02-05,9.68,28,271.04
1832,2025-01,2025-02-06,8.2,28,229.6
1832,2025-01,2025-02-07,9.02,28,252.56
1832,2025-01,2025-02-10,9.25,28,259.0
1832,2025-01,2025-02-11,9.8,28,274.4
1832,2025-01,2025-02-12,8.05,28,225.4
1832,2025-01,2025-02-13,8.22,28,230.16
1832,2025-01,2025-02-14,8.48,28,237.44
1832,2025-01,2025-02-16,9.53,28,266.84
1832,2025-01,2025-02-17,9.83,28,275.24
1832,2025-01,2025-02-18,8.15,28,228.2
1832,2025-01,2025-02-19,8.67,28,242.76
1832,2025-01,2025-02-20,9.55,28,267.4
1832,2025-01,2025-02-21,9.13,28,255.64
1832,2025-01,2025-02-24,8.73,28,244.44
1832,2025-01,2025-02-25,8.03,28,224.84
1832,2025-01,2025-02-26,7.87,28,220.36
1832,2025-01,2025-02-27,9.83,28,275.24
1832,2025-01,2025-02-28,8.83,28,247.24
1891,2025-01,2025-01-01,9.58,38,364.04
1891,2025-01,2025-01-02,8.72,38,331.36
1891,2025-01,2025-01-03,9.07,38,344.66
1891,2025-01,2025-01-04,9.67,38,367.46
1891,2025-01,2025-01-06,8.82,38,335.16
1891,2025-01,2025-01-07,7.97,38,302.86
1891,2025-01,2025-01-08,7.55,38,286.9
1891,2025-01,2025-01-09,7.67,38,291.46
1891,2025-01,2025-01-10,8.83,38,335.54
1891,2025-01,2025-01-11,9.07,38,344.66
1891,2025-01,2025-01-12,8.98,38,341.24
1891,2025-01,2025-01-13,8.28,38,314.64
1891,2025-01,2025-01-14,9.47,38,359.86
1891,2025-01,2025-01-15,8.73,38,331.74
1891,2025-01,2025-01-16,7.8,38,296.4
1891,2025-01,2025-01-17,8.78,38,333.64
1891,2025-01,2025-01-20,9.87,38,375.06
1891,2025-01,2025-01-21,9.62,38,365.56
1891,2025-01,2025-01-22,8.65,38,328.7
1891,2025-01,2025-01-23,9.77,38,371.26
1891,2025-01,2025-01-24,8.57,38,325.66
1891,2025-01,2025-01-27,9.55,38,362.9
1891,2025-01,2025-01-28,8.18,38,310.84
1891,2025-01,2025-01-29,8.17,38,310.46
1891,2025-01,2025-01-30,8.5,38,323.0
1891,2025-01,2025-01-31,8.65,38,328.7
1891,2025-01,2025-02-02,9.67,38,367.46
1891,2025-01,2025-02-03,8.15,38,309.7
1891,2025-01,2025-02-04,7.78,38,295.64
1891,2025-01,2025-02-05,9.88,38,375.44
1891,2025-01,2025-02-06,9.63,38,365.94
1891,2025-01,2025-02-07,9.4,38,357.2
1891,2025-01,2025-02-10,8.32,38,316.16
1891,2025-01,2025-02-11,8.4,38,319.2
1891,2025-01,2025-02-12,8.22,38,312.36
1891,2025-01,2025-02-13,8.92,38,338.96
1891,2025-01,2025-02-14,7.87,38,299.06
1891,2025-01,2025-02-16,8.73,38,331.74
1891,2025-01,2025-02-17,9.95,38,378.1
1891,2025-01,2025-02-18,9.52,38,361.76
1891,2025-01,2025-02-19,8.08,38,307.04
1891,2025-01,2025-02-20,9.18,38,348.84
1891,2025-01,2025-02-21,7.63,38,289.94
1891,2025-01,2025-02-24,8.15,38,309.7
1891,2025-01,2025-02-25,7.68,38,291.84
1891,2025-01,2025-02-26,9.15,38,347.7
1891,2025-01,2025-02-27,7.65,38,290.7
1891,2025-01,2025-02-28,8.42,38,319.96
1897,2025-01,2025-01-01,7.67,38,291.46
1897,2025-01,2025-01-02,8.3,38,315.4
1897,2025-01,2025-01-03,8.12,38,308.56
1897,2025-01,2025-01-06,9.93,38,377.34
1897,2025-01,2025-01-07,8.73,38,331.74
1897,2025-01,2025-01-08,9.4,38,357.2
1897,2025-01,2025-01-09,9.97,38,378.86
1897,2025-01,2025-01-10,8.13,38,308.94
1897,2025-01,2025-01-13,9.07,38,344.66
1897,2025-01,2025-01-14,9.6,38,364.8
1897,2025-01,2025-01-15,7.75,38,294.5
1897,2025-01,2025-01-16,8.0,38,304.0
1897,2025-01,2025-01-17,8.68,38,329.84
1897,2025-01,2025-01-20,7.5,38,285.0
1897,2025-01,2025-01-21,9.62,38,365.56
1897,2025-01,2025-01-22,9.92,38,376.96
1897,2025-01,2025-01-23,9.15,38,347.7
1897,2025-01,2025-01-24,8.7,38,330.6
1897,2025-01,2025-01-26,8.13,38,308.94
1897,2025-01,2025-01-27,9.15,38,347.7
1897,2025-01,2025-01-28,9.33,38,354.54
1897,2025-01,2025-01-29,7.87,38,299.06
1897,2025-01,2025-01-30,9.02,38,342.76
1897,2025-01,2025-01-31,9.67,38,367.46
1897,2025-01,2025-02-03,7.63,38,289.94
1897,2025-01,2025-02-04,9.68,38,367.84
1897,2025-01,2025-02-05,9.63,38,365.94
1897,2025-01,2025-02-06,8.75,38,332.5
1897,2025-01,2025-02-07,9.63,38,365.94
1897,2025-01,2025-02-10,8.77,38,333.26
1897,2025-01,2025-02-11,8.38,38,318.44
1897,2025-01,2025-02-12,8.82,38,335.16
1897,2025-01,2025-02-13,9.58,38,364.04
1897,2025-01,2025-02-14,7.85,38,298.3
1897,2025-01,2025-02-17,7.92,38,300.96
1897,2025-01,2025-02-18,8.55,38,324.9
1897,2025-01,2025-02-19,8.1,38,307.8
1897,2025-01,2025-02-20,9.33,38,354.54
1897,2025-01,2025-02-21,9.67,38,367.46
1897,2025-01,2025-02-23,9.62,38,365.56
1897,2025-01,2025-02-24,10.0,38,380.0
1897,2025-01,2025-02-25,8.13,38,308.94
1897,2025-01,2025-02-26,8.95,38,340.1
1897,2025-01,2025-02-27,8.93,38,339.34
1897,2025-01,2025-02-28,8.18,38,310.84
1897,2025-01,2025-03-01,8.55,38,324.9
1967,2025-01,2025-01-01,9.08,28,254.24
1967,2025-01,2025-01-02,8.65,28,242.2
1967,2025-01,2025-01-03,9.97,28,279.16
1967,2025-01,2025-01-06,7.83,28,219.24
1967,2025-01,2025-01-07,9.53,28,266.84
1967,2025-01,2025-01-08,8.28,28,231.84
1967,2025-01,2025-01-09,7.88,28,220.64
1967,2025-01,2025-01-10,9.92,28,277.76
1967,2025-01,2025-01-11,9.37,28,262.36
1967,2025-01,2025-01-13,8.98,28,251.44
1967,2025-01,2025-01-14,8.62,28,241.36
1967,2025-01,2025-01-15,9.77,28,273.56
1967,2025-01,2025-01-16,8.52,28,238.56
1967,2025-01,2025-01-17,9.28,28,259.84
1967,2025-01,2025-01-20,8.58,28,240.24
1967,2025-01,2025-01-21,7.62,28,213.36
1967,2025-01,2025-01-22,9.88,28,276.64
1967,2025-01,2025-01-23,7.8,28,218.4
1967,2025-01,2025-01-24,8.27,28,231.56
1967,2025-01,2025-01-27,7.72,28,216.16
1967,2025-01,2025-01-28,7.88,28,220.64
1967,2025-01,2025-01-29,7.87,28,220.36
1967,2025-01,2025-01-30,9.48,28,265.44
1967,2025-01,2025-01-31,8.52,28,238.56
1967,2025-01,2025-02-03,9.62,28,269.36
1967,2025-01,2025-02-04,8.82,28,246.96
1967,2025-01,2025-02-05,9.1,28,254.8
1967,2025-01,2025-02-06,9.73,28,272.44
1967,2025-01,2025-02-07,8.87,28,248.36
1967,2025-01,2025-02-09,8.77,28,245.56
1967,2025-01,2025-02-10,8.0,28,224.0
1967,2025-01,2025-02-11,9.07,28,253.96
1967,2025-01,2025-02-12,7.87,28,220.36
1967,2025-01,2025-02-13,9.4,28,263.2
1967,2025-01,2025-02-14,8.93,28,250.04
1967,2025-01,2025-02-15,9.6,28,268.8
1967,2025-01,2025-02-16,9.83,28,275.24
1967,2025-01,2025-02-17,8.23,28,230.44
1967,2025-01,2025-02-18,9.87,28,276.36
1967,2025-01,2025-02-19,9.12,28,255.36
1967,2025-01,2025-02-20,8.7,28,243.6
1967,2025-01,2025-02-21,9.87,28,276.36
1967,2025-01,2025-02-24,7.98,28,223.44
1967,2025-01,2025-02-25,8.65,28,242.2
1967,2025-01,2025-02-26,9.3,28,260.4
1967,2025-01,2025-02-27,8.73,28,244.44
1967,2025-01,2025-02-28,9.9,28,277.2
1970,2025-01,2025-01-01,9.27,38,352.26
1970,2025-01,2025-01-02,8.48,38,322.24
1970,2025-01,2025-01-03,8.07,38,306.66
1970,2025-01,2025-01-04,9.78,38,371.64
1970,2025-01,2025-01-06,7.78,38,295.64
1970,2025-01,2025-01-07,8.72,38,331.36
1970,2025-01,2025-01-08,7.62,38,289.56
1970,2025-01,2025-01-09,7.8,38,296.4
1970,2025-01,2025-01-10,9.78,38,371.64
1970,2025-01,2025-01-11,9.53,38,362.14
1970,2025-01,2025-01-12,8.27,38,314.26
1970,2025-01,2025-01-13,9.55,38,362.9
1970,2025-01,2025-01-14,9.43,38,358.34
1970,2025-01,2025-01-15,8.95,38,340.1
1970,2025-01,2025-01-16,7.7,38,292.6
1970,2025-01,2025-01-17,8.2,38,311.6
1970,2025-01,2025-01-20,9.25,38,351.5
1970,2025-01,2025-01-21,8.48,38,322.24
1970,2025-01,2025-01-22,8.88,38,337.44
1970,2025-01,2025-01-23,8.85,38,336.3
1970,2025-01,2025-01-24,9.12,38,346.56
1970,2025-01,2025-01-25,9.25,38,351.5
1970,2025-01,2025-01-26,8.13,38,308.94
1970,2025-01,2025-01-27,8.4,38,319.2
1970,2025-01,2025-01-28,8.12,38,308.56
1970,2025-01,2025-01-29,7.6,38,288.8
1970,2025-01,2025-01-30,9.85,38,374.3
1970,2025-01,2025-01-31,9.98,38,379.24
1970,2025-01,2025-02-03,7.63,38,289.94
1970,2025-01,2025-02-04,8.23,38,312.74
1970,2025-01,2025-02-05,8.3,38,315.4
1970,2025-01,2025-02-06,7.83,38,297.54
1970,2025-01,2025-02-07,7.78,38,295.64
1970,2025-01,2025-02-09,8.53,38,324.14
1970,2025-01,2025-02-10,8.25,38,313.5
1970,2025-01,2025-02-11,7.97,38,302.86
1970,2025-01,2025-02-12,9.78,38,371.64
1970,2025-01,2025-02-13,7.87,38,299.06
1970,2025-01,2025-02-14,8.5,38,323.0
1970,2025-01,2025-02-17,7.95,38,302.1
1970,2025-01,2025-02-18,8.62,38,327.56
1970,2025-01,2025-02-19,8.65,38,328.7
1970,2025-01,2025-02-20,8.8,38,334.4
1970,2025-01,2025-02-21,7.52,38,285.76
1970,2025-01,2025-02-22,8.98,38,341.24
1970,2025-01,2025-02-23,8.42,38,319.96
1970,2025-01,2025-02-24,9.78,38,371.64
1970,2025-01,2025-02-25,8.48,38,322.24
1970,2025-01,2025-02-26,8.53,38,324.14
1970,2025-01,2025-02-27,8.32,38,316.16
1970,2025-01,2025-02-28,9.88,38,375.44
1970,2025-01,2025-03-01,9.45,38,359.1
1974,2025-01,2025-01-01,7.67,28,214.76
1974,2025-01,2025-01-02,9.23,28,258.44
1974,2025-01,2025-01-03,8.1,28,226.8
1974,2025-01,2025-01-06,8.98,28,251.44
1974,2025-01,2025-01-07,8.57,28,239.96
1974,2025-01,2025-01-08,7.93,28,222.04
1974,2025-01,2025-01-09,9.47,28,265.16
1974,2025-01,2025-01-10,7.73,28,216.44
1974,2025-01,2025-01-13,9.82,28,274.96
1974,2025-01,2025-01-14,8.15,28,228.2
1974,2025-01,2025-01-15,9.0,28,252.0
1974,2025-01,2025-01-16,8.18,28,229.04
1974,2025-01,2025-01-17,9.55,28,267.4
1974,2025-01,2025-01-18,8.83,28,247.24
1974,2025-01,2025-01-20,7.97,28,223.16
1974,2025-01,2025-01-21,8.05,28,225.4
1974,2025-01,2025-01-22,7.5,28,210.0
1974,2025-01,2025-01-23,8.6,28,240.8
1974,2025-01,2025-01-24,8.23,28,230.44
1974,2025-01,2025-01-27,9.33,28,261.24
1974,2025-01,2025-01-28,8.6,28,240.8
1974,2025-01,2025-01-29,8.77,28,245.56
1974,2025-01,2025-01-30,9.72,28,272.16
1974,2025-01,2025-01-31,9.92,28,277.76
1974,2025-01,2025-02-02,7.82,28,218.96
1974,2025-01,2025-02-03,9.82,28,274.96
1974,2025-01,2025-02-04,7.88,28,220.64
1974,2025-01,2025-02-05,7.92,28,221.76
1974,2025-01,2025-02-06,9.18,28,257.04
1974,2025-01,2025-02-07,7.78,28,217.84
1974,2025-01,2025-02-08,9.37,28,262.36
1974,2025-01,2025-02-10,9.8,28,274.4
1974,2025-01,2025-02-11,9.02,28,252.56
1974,2025-01,2025-02-12,7.57,28,211.96
1974,2025-01,2025-02-13,9.87,28,276.36
1974,2025-01,2025-02-14,8.62,28,241.36
1974,2025-01,2025-02-17,9.67,28,270.76
1974,2025-01,2025-02-18,10.0,28,280.0
1974,2025-01,2025-02-19,7.87,28,220.36
1974,2025-01,2025-02-20,9.75,28,273.0
1974,2025-01,2025-02-21,8.77,28,245.56
1974,2025-01,2025-02-23,7.62,28,213.36
1974,2025-01,2025-02-24,9.13,28,255.64
1974,2025-01,2025-02-25,9.17,28,256.76
1974,2025-01,2025-02-26,9.47,28,265.16
1974,2025-01,2025-02-27,8.52,28,238.56
1974,2025-01,2025-02-28,8.25,28,231.0
1987,2025-01,2025-01-01,9.03,38,343.14
1987,2025-01,2025-01-02,9.63,38,365.94
1987,2025-01,2025-01-03,9.52,38,361.76
1987,2025-01,2025-01-06,8.38,38,318.44
1987,2025-01,2025-01-07,8.62,38,327.56
1987,2025-01,2025-01-08,7.8,38,296.4
1987,2025-01,2025-01-09,9.0,38,342.0
1987,2025-01,2025-01-10,9.83,38,373.54
1987,2025-01,2025-01-13,8.57,38,325.66
1987,2025-01,2025-01-14,8.97,38,340.86
1987,2025-01,2025-01-15,9.65,38,366.7
1987,2025-01,2025-01-16,8.3,38,315.4
1987,2025-01,2025-01-17,8.15,38,309.7
1987,2025-01,2025-01-18,8.08,38,307.04
1987,2025-01,2025-01-19,8.18,38,310.84
1987,2025-01,2025-01-20,9.92,38,376.96
1987,2025-01,2025-01-21,9.32,38,354.16
1987,2025-01,2025-01-22,7.65,38,290.7
1987,2025-01,2025-01-23,8.92,38,338.96
1987,2025-01,2025-01-24,8.28,38,314.64
1987,2025-01,2025-01-25,7.63,38,289.94
1987,2025-01,2025-01-27,9.57,38,363.66
1987,2025-01,2025-01-28,7.65,38,290.7
1987,2025-01,2025-01-29,7.63,38,289.94
1987,2025-01,2025-01-30,9.37,38,356.06
1987,2025-01,2025-01-31,8.0,38,304.0
1987,2025-01,2025-02-01,8.97,38,340.86
1987,2025-01,2025-02-02,8.42,38,319.96
1987,2025-01,2025-02-03,7.83,38,297.54
1987,2025-01,2025-02-04,8.35,38,317.3
1987,2025-01,2025-02-05,8.78,38,333.64
1987,2025-01,2025-02-06,9.68,38,367.84
1987,2025-01,2025-02-07,8.8,38,334.4
1987,2025-01,2025-02-09,7.97,38,302.86
1987,2025-01,2025-02-10,7.55,38,286.9
1987,2025-01,2025-02-11,9.33,38,354.54
1987,2025-01,2025-02-12,9.82,38,373.16
1987,2025-01,2025-02-13,9.23,38,350.74
1987,2025-01,2025-02-14,9.4,38,357.2
1987,2025-01,2025-02-17,9.35,38,355.3
1987,2025-01,2025-02-18,8.37,38,318.06
1987,2025-01,2025-02-19,9.6,38,364.8
1987,2025-01,2025-02-20,8.32,38,316.16
1987,2025-01,2025-02-21,9.72,38,369.36
1987,2025-01,2025-02-24,9.33,38,354.54
1987,2025-01,2025-02-25,9.58,38,364.04
1987,2025-01,2025-02-26,8.82,38,335.16
1987,2025-01,2025-02-27,9.17,38,348.46
1987,2025-01,2025-02-28,7.73,38,293.74
1989,2025-01,2025-01-01,7.7,28,215.6
1989,2025-01,2025-01-02,8.73,28,244.44
1989,2025-01,2025-01-03,9.35,28,261.8
1989,2025-01,2025-01-06,7.75,28,217.0
1989,2025-01,2025-01-07,7.92,28,221.76
1989,2025-01,2025-01-08,8.65,28,242.2
1989,2025-01,2025-01-09,9.35,28,261.8
1989,2025-01,2025-01-10,9.17,28,256.76
1989,2025-01,2025-01-11,9.65,28,270.2
1989,2025-01,2025-01-13,9.73,28,272.44
1989,2025-01,2025-01-14,8.55,28,239.4
1989,2025-01,2025-01-15,9.88,28,276.64
1989,2025-01,2025-01-16,7.52,28,210.56
1989,2025-01,2025-01-17,8.5,28,238.0
1989,2025-01,2025-01-18,7.67,28,214.76
1989,2025-01,2025-01-20,8.03,28,224.84
1989,2025-01,2025-01-21,9.55,28,267.4
1989,2025-01,2025-01-22,8.52,28,238.56
1989,2025-01,2025-01-23,9.4,28,263.2
1989,2025-01,2025-01-24,9.67,28,270.76
1989,2025-01,2025-01-27,9.18,28,257.04
1989,2025-01,2025-01-28,9.52,28,266.56
1989,2025-01,2025-01-29,8.58,28,240.24
1989,2025-01,2025-01-30,7.75,28,217.0
1989,2025-01,2025-01-31,8.53,28,238.84
1989,2025-01,2025-02-03,8.03,28,224.84
1989,2025-01,2025-02-04,8.13,28,227.64
1989,2025-01,2025-02-05,8.92,28,249.76
1989,2025-01,2025-02-06,8.08,28,226.24
1989,2025-01,2025-02-07,9.97,28,279.16
1989,2025-01,2025-02-08,9.5,28,266.0
1989,2025-01,2025-02-10,7.58,28,212.24
1989,2025-01,2025-02-11,9.5,28,266.0
1989,2025-01,2025-02-12,8.23,28,230.44
1989,2025-01,2025-02-13,7.77,28,217.56
1989,2025-01,2025-02-14,8.15,28,228.2
1989,2025-01,2025-02-17,9.48,28,265.44
1989,2025-01,2025-02-18,7.67,28,214.76
1989,2025-01,2025-02-19,8.18,28,229.04
1989,2025-01,2025-02-20,8.42,28,235.76
1989,2025-01,2025-02-21,8.88,28,248.64
1989,2025-01,2025-02-22,8.57,28,239.96
1989,2025-01,2025-02-24,8.38,28,234.64
1989,2025-01,2025-02-25,7.73,28,216.44
1989,2025-01,2025-02-26,9.7,28,271.6
1989,2025-01,2025-02-27,8.65,28,242.2
1989,2025-01,2025-02-28,8.78,28,245.84
1989,2025-01,2025-03-01,9.42,28,263.76
2008,2025-01,2025-01-01,7.5,28,210.0
2008,2025-01,2025-01-02,8.9,28,249.2
2008,2025-01,2025-01-03,9.83,28,275.24
2008,2025-01,2025-01-06,8.92,28,249.76
2008,2025-01,2025-01-07,8.33,28,233.24
2008,2025-01,2025-01-08,8.5,28,238.0
2008,2025-01,2025-01-09,8.47,28,237.16
2008,2025-01,2025-01-10,9.55,28,267.4
2008,2025-01,2025-01-13,9.55,28,267.4
2008,2025-01,2025-01-14,9.03,28,252.84
2008,2025-01,2025-01-15,7.5,28,210.0
2008,2025-01,2025-01-16,7.65,28,214.2
2008,2025-01,2025-01-17,8.27,28,231.56
2008,2025-01,2025-01-18,9.63,28,269.64
2008,2025-01,2025-01-20,8.4,28,235.2
2008,2025-01,2025-01-21,9.78,28,273.84
2008,2025-01,2025-01-22,8.78,28,245.84
2008,2025-01,2025-01-23,9.32,28,260.96
2008,2025-01,2025-01-24,7.77,28,217.56
2008,2025-01,2025-01-27,8.1,28,226.8
2008,2025-01,2025-01-28,9.42,28,263.76
2008,2025-01,2025-01-29,8.58,28,240.24
2008,2025-01,2025-01-30,9.0,28,252.0
2008,2025-01,2025-01-31,9.87,28,276.36
2008,2025-01,2025-02-01,9.73,28,272.44
2008,2025-01,2025-02-02,8.52,28,238.56
2008,2025-01,2025-02-03,8.35,28,233.8
2008,2025-01,2025-02-04,7.5,28,210.0
2008,2025-01,2025-02-05,9.65,28,270.2
2008,2025-01,2025-02-06,7.67,28,214.76
2008,2025-01,2025-02-07,9.22,28,258.16
2008,2025-01,2025-02-10,8.68,28,243.04
2008,2025-01,2025-02-11,8.77,28,245.56
2008,2025-01,2025-02-12,8.67,28,242.76
2008,2025-01,2025-02-13,8.63,28,241.64
2008,2025-01,2025-02-14,8.02,28,224.56
2008,2025-01,2025-02-16,9.37,28,262.36
2008,2025-01,2025-02-17,7.62,28,213.36
2008,2025-01,2025-02-18,8.05,28,225.4
2008,2025-01,2025-02-19,8.58,28,240.24
2008,2025-01,2025-02-20,9.07,28,253.96
2008,2025-01,2025-02-21,8.1,28,226.8
2008,2025-01,2025-02-24,8.93,28,250.04
2008,2025-01,2025-02-25,7.8,28,218.4
2008,2025-01,2025-02-26,7.68,28,215.04
2008,2025-01,2025-02-27,8.3,28,232.4
2008,2025-01,2025-02-28,9.0,28,252.0
2019,2025-01,2025-01-01,9.73,38,369.74
2019,2025-01,2025-01-02,8.2,38,311.6
2019,2025-01,2025-01-03,8.93,38,339.34
2019,2025-01,2025-01-06,8.08,38,307.04
2019,2025-01,2025-01-07,8.53,38,324.14
2019,2025-01,2025-01-08,8.6,38,326.8
2019,2025-01,2025-01-09,9.78,38,371.64
2019,2025-01,2025-01-10,9.03,38,343.14
2019,2025-01,2025-01-13,8.9,38,338.2
2019,2025-01,2025-01-14,9.3,38,353.4
2019,2025-01,2025-01-15,8.67,38,329.46
2019,2025-01,2025-01-16,7.6,38,288.8
2019,2025-01,2025-01-17,9.78,38,371.64
2019,2025-01,2025-01-20,9.63,38,365.94
2019,2025-01,2025-01-21,8.78,38,333.64
2019,2025-01,2025-01-22,9.43,38,358.34
2019,2025-01,2025-01-23,9.23,38,350.74
2019,2025-01,2025-01-24,9.85,38,374.3
2019,2025-01,2025-01-27,8.58,38,326.04
2019,2025-01,2025-01-28,9.65,38,366.7
2019,2025-01,2025-01-29,8.15,38,309.7
2019,2025-01,2025-01-30,9.17,38,348.46
2019,2025-01,2025-01-31,9.63,38,365.94
2019,2025-01,2025-02-03,9.28,38,352.64
2019,2025-01,2025-02-04,8.12,38,308.56
2019,2025-01,2025-02-05,8.37,38,318.06
2019,2025-01,2025-02-06,8.2,38,311.6
2019,2025-01,2025-02-07,9.62,38,365.56
2019,2025-01,2025-02-08,9.35,38,355.3
2019,2025-01,2025-02-10,8.55,38,324.9
2019,2025-01,2025-02-11,9.65,38,366.7
2019,2025-01,2025-02-12,9.75,38,370.5
2019,2025-01,2025-02-13,9.33,38,354.54
2019,2025-01,2025-02-14,9.5,38,361.0
2019,2025-01,2025-02-17,9.07,38,344.66
2019,2025-01,2025-02-18,8.42,38,319.96
2019,2025-01,2025-02-19,8.97,38,340.86
2019,2025-01,2025-02-20,7.77,38,295.26
2019,2025-01,2025-02-21,8.4,38,319.2
2019,2025-01,2025-02-24,9.45,38,359.1
2019,2025-01,2025-02-25,8.82,38,335.16
2019,2025-01,2025-02-26,9.15,38,347.7
2019,2025-01,2025-02-27,8.57,38,325.66
2019,2025-01,2025-02-28,8.4,38,319.2
2020,2025-01,2025-01-01,9.68,28,271.04
2020,2025-01,2025-01-02,7.65,28,214.2
2020,2025-01,2025-01-03,9.55,28,267.4
2020,2025-01,2025-01-06,8.88,28,248.64
2020,2025-01,2025-01-07,9.42,28,263.76
2020,2025-01,2025-01-08,9.92,28,277.76
2020,2025-01,2025-01-09,8.62,28,241.36
2020,2025-01,2025-01-10,8.68,28,243.04
2020,2025-01,2025-01-13,9.42,28,263.76
2020,2025-01,2025-01-14,7.85,28,219.8
2020,2025-01,2025-01-15,7.78,28,217.84
2020,2025-01,2025-01-16,7.92,28,221.76
2020,2025-01,2025-01-17,9.3,28,260.4
2020,2025-01,2025-01-20,8.67,28,242.76
2020,2025-01,2025-01-21,7.65,28,214.2
2020,2025-01,2025-01-22,8.48,28,237.44
2020,2025-01,2025-01-23,7.68,28,215.04
2020,2025-01,2025-01-24,9.57,28,267.96
2020,2025-01,2025-01-26,9.45,28,264.6
2020,2025-01,2025-01-27,7.62,28,213.36
2020,2025-01,2025-01-28,9.58,28,268.24
2020,2025-01,2025-01-29,9.82,28,274.96
2020,2025-01,2025-01-30,7.95,28,222.6
2020,2025-01,2025-01-31,8.23,28,230.44
2020,2025-01,2025-02-01,8.1,28,226.8
2020,2025-01,2025-02-03,9.9,28,277.2
2020,2025-01,2025-02-04,9.52,28,266.56
2020,2025-01,2025-02-05,9.22,28,258.16
2020,2025-01,2025-02-06,9.62,28,269.36
2020,2025-01,2025-02-08,8.4,28,235.2
2020,2025-01,2025-02-09,9.02,28,252.56
2020,2025-01,2025-02-10,7.87,28,220.36
2020,2025-01,2025-02-11,8.82,28,246.96
2020,2025-01,2025-02-12,8.33,28,233.24
2020,2025-01,2025-02-13,8.77,28,245.56
2020,2025-01,2025-02-14,9.07,28,253.96
2020,2025-01,2025-02-16,8.77,28,245.56
2020,2025-01,2025-02-17,8.33,28,233.24
2020,2025-01,2025-02-18,7.63,28,213.64
2020,2025-01,2025-02-19,7.67,28,214.76
2020,2025-01,2025-02-20,8.52,28,238.56
2020,2025-01,2025-02-21,7.83,28,219.24
2020,2025-01,2025-02-24,7.73,28,216.44
2020,2025-01,2025-02-25,7.85,28,219.8
2020,2025-01,2025-02-26,9.8,28,274.4
2020,2025-01,2025-02-27,8.67,28,242.76
2020,2025-01,2025-02-28,9.47,28,265.16
2027,2025-01,2025-01-01,8.33,28,233.24
2027,2025-01,2025-01-02,8.82,28,246.96
2027,2025-01,2025-01-03,7.92,28,221.76
2027,2025-01,2025-01-05,9.25,28,259.0
2027,2025-01,2025-01-06,9.23,28,258.44
2027,2025-01,2025-01-07,8.02,28,224.56
2027,2025-01,2025-01-08,9.23,28,258.44
2027,2025-01,2025-01-09,8.7,28,243.6
2027,2025-01,2025-01-10,8.45,28,236.6
2027,2025-01,2025-01-13,8.47,28,237.16
2027,2025-01,2025-01-14,9.08,28,254.24
2027,2025-01,2025-01-15,8.52,28,238.56
2027,2025-01,2025-01-16,9.73,28,272.44
2027,2025-01,2025-01-17,9.65,28,270.2
2027,2025-01,2025-01-20,9.08,28,254.24
2027,2025-01,2025-01-21,9.78,28,273.84
2027,2025-01,2025-01-22,9.77,28,273.56
2027,2025-01,2025-01-23,8.85,28,247.8
2027,2025-01,2025-01-24,10.0,28,280.0
2027,2025-01,2025-01-25,9.52,28,266.56
2027,2025-01,2025-01-27,9.4,28,263.2
2027,2025-01,2025-01-28,8.7,28,243.6
2027,2025-01,2025-01-29,9.22,28,258.16
2027,2025-01,2025-01-30,8.52,28,238.56
2027,2025-01,2025-01-31,7.75,28,217.0
2027,2025-01,2025-02-03,9.28,28,259.84
2027,2025-01,2025-02-04,9.8,28,274.4
2027,2025-01,2025-02-05,8.27,28,231.56
2027,2025-01,2025-02-06,8.42,28,235.76
2027,2025-01,2025-02-07,8.2,28,229.6
2027,2025-01,2025-02-10,8.7,28,243.6
2027,2025-01,2025-02-11,9.13,28,255.64
2027,2025-01,2025-02-12,8.98,28,251.44
2027,2025-01,2025-02-13,9.83,28,275.24
2027,2025-01,2025-02-14,7.82,28,218.96
2027,2025-01,2025-02-17,9.95,28,278.6
2027,2025-01,2025-02-18,7.7,28,215.6
2027,2025-01,2025-02-19,8.65,28,242.2
2027,2025-01,2025-02-20,9.13,28,255.64
2027,2025-01,2025-02-21,8.27,28,231.56
2027,2025-01,2025-02-24,7.68,28,215.04
2027,2025-01,2025-02-25,8.9,28,249.2
2027,2025-01,2025-02-26,9.03,28,252.84
2027,2025-01,2025-02-27,9.52,28,266.56
2027,2025-01,2025-02-28,8.07,28,225.96
2035,2025-01,2025-01-01,9.68,38,367.84
2035,2025-01,2025-01-02,8.5,38,323.0
2035,2025-01,2025-01-03,9.65,38,366.7
2035,2025-01,2025-01-05,7.67,38,291.46
2035,2025-01,2025-01-06,9.67,38,367.46
2035,2025-01,2025-01-07,9.67,38,367.46
2035,2025-01,2025-01-08,7.73,38,293.74
2035,2025-01,2025-01-09,7.65,38,290.7
2035,2025-01,2025-01-10,8.32,38,316.16
2035,2025-01,2025-01-11,8.88,38,337.44
2035,2025-01,2025-01-13,8.5,38,323.0
2035,2025-01,2025-01-14,9.95,38,378.1
2035,2025-01,2025-01-15,8.68,38,329.84
2035,2025-01,2025-01-16,8.63,38,327.94
2035,2025-01,2025-01-17,8.2,38,311.6
2035,2025-01,2025-01-18,9.27,38,352.26
2035,2025-01,2025-01-20,8.38,38,318.44
2035,2025-01,2025-01-21,8.8,38,334.4
2035,2025-01,2025-01-22,7.85,38,298.3
2035,2025-01,2025-01-23,9.5,38,361.0
2035,2025-01,2025-01-24,9.42,38,357.96
2035,2025-01,2025-01-27,9.18,38,348.84
2035,2025-01,2025-01-28,9.67,38,367.46
2035,2025-01,2025-01-29,9.38,38,356.44
2035,2025-01,2025-01-30,9.77,38,371.26
2035,2025-01,2025-01-31,7.73,38,293.74
2035,2025-01,2025-02-03,9.32,38,354.16
2035,2025-01,2025-02-04,7.53,38,286.14
2035,2025-01,2025-02-05,9.17,38,348.46
2035,2025-01,2025-02-06,7.82,38,297.16
2035,2025-01,2025-02-07,9.4,38,357.2
2035,2025-01,2025-02-10,9.45,38,359.1
2035,2025-01,2025-02-11,8.88,38,337.44
2035,2025-01,2025-02-12,9.57,38,363.66
2035,2025-01,2025-02-13,9.18,38,348.84
2035,2025-01,2025-02-14,8.22,38,312.36
2035,2025-01,2025-02-17,7.73,38,293.74
2035,2025-01,2025-02-18,8.0,38,304.0
2035,2025-01,2025-02-19,9.48,38,360.24
2035,2025-01,2025-02-20,8.1,38,307.8
2035,2025-01,2025-02-21,7.53,38,286.14
2035,2025-01,2025-02-24,7.75,38,294.5
2035,2025-01,2025-02-25,8.12,38,308.56
2035,2025-01,2025-02-26,7.98,38,303.24
2035,2025-01,2025-02-27,8.32,38,316.16
2035,2025-01,2025-02-28,8.5,38,323.0
2037,2025-01,2025-01-01,7.6,38,288.8
2037,2025-01,2025-01-02,9.57,38,363.66
2037,2025-01,2025-01-03,8.98,38,341.24
2037,2025-01,2025-01-06,9.15,38,347.7
2037,2025-01,2025-01-07,9.2,38,349.6
2037,2025-01,2025-01-08,9.87,38,375.06
2037,2025-01,2025-01-09,8.87,38,337.06
2037,2025-01,2025-01-10,9.77,38,371.26
2037,2025-01,2025-01-13,8.6,38,326.8
2037,2025-01,2025-01-14,7.77,38,295.26
2037,2025-01,2025-01-15,9.88,38,375.44
2037,2025-01,2025-01-16,7.72,38,293.36
2037,2025-01,2025-01-17,7.83,38,297.54
2037,2025-01,2025-01-20,8.93,38,339.34
2037,2025-01,2025-01-21,9.88,38,375.44
2037,2025-01,2025-01-22,9.55,38,362.9
2037,2025-01,2025-01-23,8.93,38,339.34
2037,2025-01,2025-01-24,8.08,38,307.04
2037,2025-01,2025-01-26,7.98,38,303.24
2037,2025-01,2025-01-27,8.0,38,304.0
2037,2025-01,2025-01-28,9.82,38,373.16
2037,2025-01,2025-01-29,7.57,38,287.66
2037,2025-01,2025-01-30,9.82,38,373.16
2037,2025-01,2025-01-31,9.35,38,355.3
2037,2025-01,2025-02-03,8.33,38,316.54
2037,2025-01,2025-02-04,9.68,38,367.84
2037,2025-01,2025-02-05,7.8,38,296.4
2037,2025-01,2025-02-06,8.7,38,330.6
2037,2025-01,2025-02-07,7.53,38,286.14
2037,2025-01,2025-02-10,8.18,38,310.84
2037,2025-01,2025-02-11,8.38,38,318.44
2037,2025-01,2025-02-12,8.3,38,315.4
2037,2025-01,2025-02-13,9.58,38,364.04
2037,2025-01,2025-02-14,8.47,38,321.86
2037,2025-01,2025-02-17,7.6,38,288.8
2037,2025-01,2025-02-18,9.03,38,343.14
2037,2025-01,2025-02-19,8.73,38,331.74
2037,2025-01,2025-02-20,9.47,38,359.86
2037,2025-01,2025-02-21,7.95,38,302.1
2037,2025-01,2025-02-24,7.62,38,289.56
2037,2025-01,2025-02-25,9.53,38,362.14
2037,2025-01,2025-02-26,8.78,38,333.64
2037,2025-01,2025-02-27,7.88,38,299.44
2037,2025-01,2025-02-28,8.37,38,318.06
2039,2025-01,2025-01-01,7.87,32,251.84
2039,2025-01,2025-01-02,9.17,32,293.44
2039,2025-01,2025-01-03,8.22,32,263.04
2039,2025-01,2025-01-04,8.63,32,276.16
2039,2025-01,2025-01-06,9.3,32,297.6
2039,2025-01,2025-01-07,8.75,32,280.0
2039,2025-01,2025-01-08,9.45,32,302.4
2039,2025-01,2025-01-09,9.12,32,291.84
2039,2025-01,2025-01-10,9.77,32,312.64
2039,2025-01,2025-01-13,9.05,32,289.6
2039,2025-01,2025-01-14,8.47,32,271.04
2039,2025-01,2025-01-15,9.8,32,313.6
2039,2025-01,2025-01-16,8.53,32,272.96
2039,2025-01,2025-01-17,8.85,32,283.2
2039,2025-01,2025-01-20,7.53,32,240.96
2039,2025-01,2025-01-21,7.57,32,242.24
2039,2025-01,2025-01-22,7.87,32,251.84
2039,2025-01,2025-01-23,7.55,32,241.6
2039,2025-01,2025-01-24,7.9,32,252.8
2039,2025-01,2025-01-27,8.03,32,256.96
2039,2025-01,2025-01-28,9.98,32,319.36
2039,2025-01,2025-01-29,9.9,32,316.8
2039,2025-01,2025-01-30,8.53,32,272.96
2039,2025-01,2025-01-31,8.98,32,287.36
2039,2025-01,2025-02-01,7.87,32,251.84
2039,2025-01,2025-02-03,7.52,32,240.64
2039,2025-01,2025-02-04,9.12,32,291.84
2039,2025-01,2025-02-05,7.92,32,253.44
2039,2025-01,2025-02-06,7.87,32,251.84
2039,2025-01,2025-02-07,9.93,32,317.76
2039,2025-01,2025-02-10,9.82,32,314.24
2039,2025-01,2025-02-11,9.62,32,307.84
2039,2025-01,2025-02-12,9.57,32,306.24
2039,2025-01,2025-02-13,7.67,32,245.44
2039,2025-01,2025-02-14,8.48,32,271.36
2039,2025-01,2025-02-16,9.7,32,310.4
2039,2025-01,2025-02-17,9.78,32,312.96
2039,2025-01,2025-02-18,8.93,32,285.76
2039,2025-01,2025-02-19,9.92,32,317.44
2039,2025-01,2025-02-20,8.57,32,274.24
2039,2025-01,2025-02-21,7.67,32,245.44
2039,2025-01,2025-02-23,9.38,32,300.16
2039,2025-01,2025-02-24,9.83,32,314.56
2039,2025-01,2025-02-25,9.55,32,305.6
2039,2025-01,2025-02-26,7.83,32,250.56
2039,2025-01,2025-02-27,9.15,32,292.8
2039,2025-01,2025-02-28,9.93,32,317.76
2048,2025-01,2025-01-01,7.75,32,248.0
2048,2025-01,2025-01-02,7.67,32,245.44
2048,2025-01,2025-01-03,8.47,32,271.04
2048,2025-01,2025-01-05,8.92,32,285.44
2048,2025-01,2025-01-06,8.65,32,276.8
2048,2025-01,2025-01-07,9.73,32,311.36
2048,2025-01,2025-01-08,7.68,32,245.76
2048,2025-01,2025-01-09,9.23,32,295.36
2048,2025-01,2025-01-10,9.95,32,318.4
2048,2025-01,2025-01-13,7.87,32,251.84
2048,2025-01,2025-01-14,7.55,32,241.6
2048,2025-01,2025-01-15,8.27,32,264.64
2048,2025-01,2025-01-16,8.12,32,259.84
2048,2025-01,2025-01-17,8.02,32,256.64
2048,2025-01,2025-01-19,7.75,32,248.0
2048,2025-01,2025-01-20,7.73,32,247.36
2048,2025-01,2025-01-21,9.42,32,301.44
2048,2025-01,2025-01-22,8.88,32,284.16
2048,2025-01,2025-01-23,9.02,32,288.64
2048,2025-01,2025-01-24,7.63,32,244.16
2048,2025-01,2025-01-27,9.77,32,312.64
2048,2025-01,2025-01-28,9.73,32,311.36
2048,2025-01,2025-01-29,8.5,32,272.0
2048,2025-01,2025-01-30,9.52,32,304.64
2048,2025-01,2025-01-31,9.97,32,319.04
2048,2025-01,2025-02-02,9.75,32,312.0
2048,2025-01,2025-02-03,9.5,32,304.0
2048,2025-01,2025-02-04,9.83,32,314.56
2048,2025-01,2025-02-05,8.82,32,282.24
2048,2025-01,2025-02-06,9.83,32,314.56
2048,2025-01,2025-02-07,9.17,32,293.44
2048,2025-01,2025-02-10,10.0,32,320.0
2048,2025-01,2025-02-11,8.1,32,259.2
2048,2025-01,2025-02-12,9.68,32,309.76
2048,2025-01,2025-02-13,8.43,32,269.76
2048,2025-01,2025-02-14,8.73,32,279.36
2048,2025-01,2025-02-17,7.67,32,245.44
2048,2025-01,2025-02-18,9.08,32,290.56
2048,2025-01,2025-02-19,9.07,32,290.24
2048,2025-01,2025-02-20,7.65,32,244.8
2048,2025-01,2025-02-21,9.55,32,305.6
2048,2025-01,2025-02-24,9.07,32,290.24
2048,2025-01,2025-02-25,8.38,32,268.16
2048,2025-01,2025-02-26,9.27,32,296.64
2048,2025-01,2025-02-27,8.83,32,282.56
2048,2025-01,2025-02-28,7.68,32,245.76
2052,2025-01,2025-01-01,7.55,32,241.6
2052,2025-01,2025-01-02,9.35,32,299.2
2052,2025-01,2025-01-03,8.28,32,264.96
2052,2025-01,2025-01-06,8.65,32,276.8
2052,2025-01,2025-01-07,8.53,32,272.96
2052,2025-01,2025-01-08,9.43,32,301.76
2052,2025-01,2025-01-09,9.58,32,306.56
2052,2025-01,2025-01-10,8.83,32,282.56
2052,2025-01,2025-01-12,8.97,32,287.04
2052,2025-01,2025-01-13,7.77,32,248.64
2052,2025-01,2025-01-14,9.65,32,308.8
2052,2025-01,2025-01-15,9.3,32,297.6
2052,2025-01,2025-01-16,9.05,32,289.6
2052,2025-01,2025-01-17,7.55,32,241.6
2052,2025-01,2025-01-19,9.1,32,291.2
2052,2025-01,2025-01-20,8.37,32,267.84
2052,2025-01,2025-01-21,8.93,32,285.76
2052,2025-01,2025-01-22,7.88,32,252.16
2052,2025-01,2025-01-23,9.18,32,293.76
2052,2025-01,2025-01-24,7.7,32,246.4
2052,2025-01,2025-01-27,8.98,32,287.36
2052,2025-01,2025-01-28,8.83,32,282.56
2052,2025-01,2025-01-29,7.78,32,248.96
2052,2025-01,2025-01-30,8.05,32,257.6
2052,2025-01,2025-01-31,8.78,32,280.96
2052,2025-01,2025-02-03,9.0,32,288.0
2052,2025-01,2025-02-04,9.43,32,301.76
2052,2025-01,2025-02-05,8.23,32,263.36
2052,2025-01,2025-02-06,8.77,32,280.64
2052,2025-01,2025-02-07,8.13,32,260.16
2052,2025-01,2025-02-08,9.93,32,317.76
2052,2025-01,2025-02-10,9.15,32,292.8
2052,2025-01,2025-02-11,9.22,32,295.04
2052,2025-01,2025-02-12,9.15,32,292.8
2052,2025-01,2025-02-13,8.8,32,281.6
2052,2025-01,2025-02-14,9.9,32,316.8
2052,2025-01,2025-02-16,10.0,32,320.0
2052,2025-01,2025-02-17,7.72,32,247.04
2052,2025-01,2025-02-18,8.88,32,284.16
2052,2025-01,2025-02-19,8.32,32,266.24
2052,2025-01,2025-02-20,9.85,32,315.2
2052,2025-01,2025-02-21,9.67,32,309.44
2052,2025-01,2025-02-24,7.62,32,243.84
2052,2025-01,2025-02-25,8.6,32,275.2
2052,2025-01,2025-02-26,9.88,32,316.16
2052,2025-01,2025-02-27,9.1,32,291.2
2052,2025-01,2025-02-28,8.2,32,262.4
2053,2025-01,2025-01-01,8.8,32,281.6
2053,2025-01,2025-01-02,9.22,32,295.04
2053,2025-01,2025-01-03,9.82,32,314.24
2053,2025-01,2025-01-04,9.72,32,311.04
2053,2025-01,2025-01-06,8.97,32,287.04
2053,2025-01,2025-01-07,8.95,32,286.4
2053,2025-01,2025-01-08,7.62,32,243.84
2053,2025-01,2025-01-09,8.48,32,271.36
2053,2025-01,2025-01-10,8.95,32,286.4
2053,2025-01,2025-01-13,9.58,32,306.56
2053,2025-01,2025-01-14,9.55,32,305.6
2053,2025-01,2025-01-15,7.77,32,248.64
2053,2025-01,2025-01-16,7.52,32,240.64
2053,2025-01,2025-01-17,8.93,32,285.76
2053,2025-01,2025-01-20,7.75,32,248.0
2053,2025-01,2025-01-21,7.57,32,242.24
2053,2025-01,2025-01-22,9.97,32,319.04
2053,2025-01,2025-01-23,8.62,32,275.84
2053,2025-01,2025-01-24,9.1,32,291.2
2053,2025-01,2025-01-27,9.58,32,306.56
2053,2025-01,2025-01-28,9.52,32,304.64
2053,2025-01,2025-01-29,9.22,32,295.04
2053,2025-01,2025-01-30,9.8,32,313.6
2053,2025-01,2025-01-31,8.03,32,256.96
2053,2025-01,2025-02-03,8.53,32,272.96
2053,2025-01,2025-02-04,8.0,32,256.0
2053,2025-01,2025-02-05,8.17,32,261.44
2053,2025-01,2025-02-06,9.87,32,315.84
2053,2025-01,2025-02-07,8.52,32,272.64
2053,2025-01,2025-02-08,9.43,32,301.76
2053,2025-01,2025-02-10,9.35,32,299.2
2053,2025-01,2025-02-11,8.55,32,273.6
2053,2025-01,2025-02-12,9.8,32,313.6
2053,2025-01,2025-02-13,8.3,32,265.6
2053,2025-01,2025-02-14,8.5,32,272.0
2053,2025-01,2025-02-15,9.53,32,304.96
2053,2025-01,2025-02-16,8.05,32,257.6
2053,2025-01,2025-02-17,9.67,32,309.44
2053,2025-01,2025-02-18,9.72,32,311.04
2053,2025-01,2025-02-19,8.52,32,272.64
2053,2025-01,2025-02-20,8.57,32,274.24
2053,2025-01,2025-02-21,8.85,32,283.2
2053,2025-01,2025-02-24,8.57,32,274.24
2053,2025-01,2025-02-25,8.73,32,279.36
2053,2025-01,2025-02-26,9.1,32,291.2
2053,2025-01,2025-02-27,8.0,32,256.0
2053,2025-01,2025-02-28,9.93,32,317.76
2073,2025-01,2025-01-01,9.25,32,296.0
2073,2025-01,2025-01-02,7.87,32,251.84
2073,2025-01,2025-01-03,8.92,32,285.44
2073,2025-01,2025-01-06,9.43,32,301.76
2073,2025-01,2025-01-07,9.12,32,291.84
2073,2025-01,2025-01-08,8.13,32,260.16
2073,2025-01,2025-01-09,7.52,32,240.64
2073,2025-01,2025-01-10,8.67,32,277.44
2073,2025-01,2025-01-13,9.18,32,293.76
2073,2025-01,2025-01-14,7.65,32,244.8
2073,2025-01,2025-01-15,8.08,32,258.56
2073,2025-01,2025-01-16,8.32,32,266.24
2073,2025-01,2025-01-17,9.62,32,307.84
2073,2025-01,2025-01-20,7.62,32,243.84
2073,2025-01,2025-01-21,7.68,32,245.76
2073,2025-01,2025-01-22,9.95,32,318.4
2073,2025-01,2025-01-23,7.6,32,243.2
2073,2025-01,2025-01-24,9.77,32,312.64
2073,2025-01,2025-01-26,8.4,32,268.8
2073,2025-01,2025-01-27,7.88,32,252.16
2073,2025-01,2025-01-28,8.33,32,266.56
2073,2025-01,2025-01-29,8.62,32,275.84
2073,2025-01,2025-01-30,7.97,32,255.04
2073,2025-01,2025-01-31,9.33,32,298.56
2073,2025-01,2025-02-03,7.87,32,251.84
2073,2025-01,2025-02-04,8.05,32,257.6
2073,2025-01,2025-02-05,9.98,32,319.36
2073,2025-01,2025-02-06,9.27,32,296.64
2073,2025-01,2025-02-07,9.95,32,318.4
2073,2025-01,2025-02-09,8.07,32,258.24
2073,2025-01,2025-02-10,8.5,32,272.0
2073,2025-01,2025-02-11,7.82,32,250.24
2073,2025-01,2025-02-12,8.87,32,283.84
2073,2025-01,2025-02-13,9.4,32,300.8
2073,2025-01,2025-02-14,7.5,32,240.0
2073,2025-01,2025-02-15,7.78,32,248.96
2073,2025-01,2025-02-17,8.82,32,282.24
2073,2025-01,2025-02-18,7.6,32,243.2
2073,2025-01,2025-02-19,9.93,32,317.76
2073,2025-01,2025-02-20,8.53,32,272.96
2073,2025-01,2025-02-21,9.45,32,302.4
2073,2025-01,2025-02-23,8.3,32,265.6
2073,2025-01,2025-02-24,7.93,32,253.76
2073,2025-01,2025-02-25,8.52,32,272.64
2073,2025-01,2025-02-26,7.95,32,254.4
2073,2025-01,2025-02-27,7.92,32,253.44
2073,2025-01,2025-02-28,7.97,32,255.04
2086,2025-01,2025-01-01,8.15,28,228.2
2086,2025-01,2025-01-02,8.48,28,237.44
2086,2025-01,2025-01-03,9.4,28,263.2
2086,2025-01,2025-01-06,9.17,28,256.76
2086,2025-01,2025-01-07,9.9,28,277.2
2086,2025-01,2025-01-08,9.07,28,253.96
2086,2025-01,2025-01-09,8.33,28,233.24
2086,2025-01,2025-01-10,8.4,28,235.2
2086,2025-01,2025-01-11,7.58,28,212.24
2086,2025-01,2025-01-13,7.5,28,210.0
2086,2025-01,2025-01-14,8.25,28,231.0
2086,2025-01,2025-01-15,7.8,28,218.4
2086,2025-01,2025-01-16,7.93,28,222.04
2086,2025-01,2025-01-17,8.97,28,251.16
2086,2025-01,2025-01-18,8.17,28,228.76
2086,2025-01,2025-01-20,8.22,28,230.16
2086,2025-01,2025-01-22,8.72,28,244.16
2086,2025-01,2025-01-23,7.58,28,212.24
2086,2025-01,2025-01-24,9.6,28,268.8
2086,2025-01,2025-01-27,9.78,28,273.84
2086,2025-01,2025-01-28,9.48,28,265.44
2086,2025-01,2025-01-29,9.63,28,269.64
2086,2025-01,2025-01-30,9.13,28,255.64
2086,2025-01,2025-01-31,9.9,28,277.2
2086,2025-01,2025-02-03,7.88,28,220.64
2086,2025-01,2025-02-04,8.98,28,251.44
2086,2025-01,2025-02-05,9.93,28,278.04
2086,2025-01,2025-02-06,8.05,28,225.4
2086,2025-01,2025-02-07,7.73,28,216.44
2086,2025-01,2025-02-10,8.43,28,236.04
2086,2025-01,2025-02-11,9.93,28,278.04
2086,2025-01,2025-02-12,7.7,28,215.6
2086,2025-01,2025-02-13,9.63,28,269.64
2086,2025-01,2025-02-14,9.02,28,252.56
2086,2025-01,2025-02-16,9.28,28,259.84
2086,2025-01,2025-02-17,8.48,28,237.44
2086,2025-01,2025-02-18,8.17,28,228.76
2086,2025-01,2025-02-19,9.3,28,260.4
2086,2025-01,2025-02-20,9.82,28,274.96
2086,2025-01,2025-02-21,8.68,28,243.04
2086,2025-01,2025-02-24,7.92,28,221.76
2086,2025-01,2025-02-25,8.33,28,233.24
2086,2025-01,2025-02-26,8.4,28,235.2
2086,2025-01,2025-02-27,7.5,28,210.0
2086,2025-01,2025-02-28,9.82,28,274.96
2104,2025-01,2025-01-01,8.02,28,224.56
2104,2025-01,2025-01-02,8.0,28,224.0
2104,2025-01,2025-01-03,8.1,28,226.8
2104,2025-01,2025-01-06,8.88,28,248.64
2104,2025-01,2025-01-07,8.37,28,234.36
2104,2025-01,2025-01-08,8.1,28,226.8
2104,2025-01,2025-01-09,8.0,28,224.0
2104,2025-01,2025-01-10,8.7,28,243.6
2104,2025-01,2025-01-13,8.13,28,227.64
2104,2025-01,2025-01-14,8.68,28,243.04
2104,2025-01,2025-01-15,8.82,28,246.96
2104,2025-01,2025-01-16,7.97,28,223.16
2104,2025-01,2025-01-17,9.03,28,252.84
2104,2025-01,2025-01-20,8.33,28,233.24
2104,2025-01,2025-01-21,8.88,28,248.64
2104,2025-01,2025-01-22,9.85,28,275.8
2104,2025-01,2025-01-24,9.33,28,261.24
2104,2025-01,2025-01-27,9.2,28,257.6
2104,2025-01,2025-01-28,9.75,28,273.0
2104,2025-01,2025-01-29,8.03,28,224.84
2104,2025-01,2025-01-30,8.12,28,227.36
2104,2025-01,2025-01-31,9.98,28,279.44
2104,2025-01,2025-02-02,8.42,28,235.76
2104,2025-01,2025-02-03,8.95,28,250.6
2104,2025-01,2025-02-04,8.72,28,244.16
2104,2025-01,2025-02-05,9.65,28,270.2
2104,2025-01,2025-02-06,8.6,28,240.8
2104,2025-01,2025-02-07,9.75,28,273.0
2104,2025-01,2025-02-09,8.48,28,237.44
2104,2025-01,2025-02-10,7.77,28,217.56
2104,2025-01,2025-02-11,8.17,28,228.76
2104,2025-01,2025-02-12,7.98,28,223.44
2104,2025-01,2025-02-13,8.03,28,224.84
2104,2025-01,2025-02-14,7.68,28,215.04
2104,2025-01,2025-02-17,7.62,28,213.36
2104,2025-01,2025-02-18,7.98,28,223.44
2104,2025-01,2025-02-19,7.52,28,210.56
2104,2025-01,2025-02-20,8.97,28,251.16
2104,2025-01,2025-02-21,7.82,28,218.96
2104,2025-01,2025-02-23,9.88,28,276.64
2104,2025-01,2025-02-24,9.17,28,256.76
2104,2025-01,2025-02-25,8.82,28,246.96
2104,2025-01,2025-02-26,8.9,28,249.2
2104,2025-01,2025-02-27,9.52,28,266.56
2104,2025-01,2025-02-28,7.72,28,216.16
2139,2025-01,2025-01-01,7.78,32,248.96
2139,2025-01,2025-01-02,9.27,32,296.64
2139,2025-01,2025-01-03,9.17,32,293.44
2139,2025-01,2025-01-04,8.58,32,274.56
2139,2025-01,2025-01-06,9.57,32,306.24
2139,2025-01,2025-01-07,8.5,32,272.0
2139,2025-01,2025-01-08,8.23,32,263.36
2139,2025-01,2025-01-09,9.43,32,301.76
2139,2025-01,2025-01-10,9.88,32,316.16
2139,2025-01,2025-01-12,8.47,32,271.04
2139,2025-01,2025-01-13,9.0,32,288.0
2139,2025-01,2025-01-14,8.82,32,282.24
2139,2025-01,2025-01-15,8.3,32,265.6
2139,2025-01,2025-01-16,9.55,32,305.6
2139,2025-01,2025-01-17,8.72,32,279.04
2139,2025-01,2025-01-20,8.4,32,268.8
2139,2025-01,2025-01-21,8.9,32,284.8
2139,2025-01,2025-01-22,9.63,32,308.16
2139,2025-01,2025-01-23,9.52,32,304.64
2139,2025-01,2025-01-24,9.17,32,293.44
2139,2025-01,2025-01-27,7.53,32,240.96
2139,2025-01,2025-01-28,7.8,32,249.6
2139,2025-01,2025-01-29,7.5,32,240.0
2139,2025-01,2025-01-30,9.93,32,317.76
2139,2025-01,2025-01-31,9.05,32,289.6
2139,2025-01,2025-02-03,7.83,32,250.56
2139,2025-01,2025-02-04,7.93,32,253.76
2139,2025-01,2025-02-05,7.7,32,246.4
2139,2025-01,2025-02-06,8.68,32,277.76
2139,2025-01,2025-02-07,8.12,32,259.84
2139,2025-01,2025-02-08,9.32,32,298.24
2139,2025-01,2025-02-09,8.37,32,267.84
2139,2025-01,2025-02-10,9.55,32,305.6
2139,2025-01,2025-02-11,8.93,32,285.76
2139,2025-01,2025-02-12,7.67,32,245.44
2139,2025-01,2025-02-13,9.25,32,296.0
2139,2025-01,2025-02-14,9.4,32,300.8
2139,2025-01,2025-02-16,8.57,32,274.24
2139,2025-01,2025-02-17,7.68,32,245.76
2139,2025-01,2025-02-18,8.65,32,276.8
2139,2025-01,2025-02-19,8.18,32,261.76
2139,2025-01,2025-02-20,8.68,32,277.76
2139,2025-01,2025-02-21,8.0,32,256.0
2139,2025-01,2025-02-24,8.55,32,273.6
2139,2025-01,2025-02-25,9.73,32,311.36
2139,2025-01,2025-02-26,8.0,32,256.0
2139,2025-01,2025-02-27,9.35,32,299.2
2139,2025-01,2025-02-28,9.75,32,312.0
2139,2025-01,2025-03-01,8.82,32,282.24
2178,2025-01,2025-01-01,9.68,32,309.76
2178,2025-01,2025-01-02,7.93,32,253.76
2178,2025-01,2025-01-03,8.63,32,276.16
2178,2025-01,2025-01-06,7.68,32,245.76
2178,2025-01,2025-01-07,8.72,32,279.04
2178,2025-01,2025-01-08,9.92,32,317.44
2178,2025-01,2025-01-09,9.67,32,309.44
2178,2025-01,2025-01-10,7.67,32,245.44
2178,2025-01,2025-01-12,7.62,32,243.84
2178,2025-01,2025-01-13,8.47,32,271.04
2178,2025-01,2025-01-14,9.17,32,293.44
2178,2025-01,2025-01-15,9.33,32,298.56
2178,2025-01,2025-01-16,9.47,32,303.04
2178,2025-01,2025-01-17,9.8,32,313.6
2178,2025-01,2025-01-18,8.3,32,265.6
2178,2025-01,2025-01-19,8.77,32,280.64
2178,2025-01,2025-01-20,9.3,32,297.6
2178,2025-01,2025-01-21,8.53,32,272.96
2178,2025-01,2025-01-22,9.83,32,314.56
2178,2025-01,2025-01-23,8.15,32,260.8
2178,2025-01,2025-01-24,8.2,32,262.4
2178,2025-01,2025-01-27,9.73,32,311.36
2178,2025-01,2025-01-28,8.12,32,259.84
2178,2025-01,2025-01-29,7.63,32,244.16
2178,2025-01,2025-01-30,8.97,32,287.04
2178,2025-01,2025-01-31,7.7,32,246.4
2178,2025-01,2025-02-03,8.57,32,274.24
2178,2025-01,2025-02-04,8.53,32,272.96
2178,2025-01,2025-02-05,7.52,32,240.64
2178,2025-01,2025-02-06,9.23,32,295.36
2178,2025-01,2025-02-07,9.15,32,292.8
2178,2025-01,2025-02-10,9.95,32,318.4
2178,2025-01,2025-02-11,9.38,32,300.16
2178,2025-01,2025-02-12,8.82,32,282.24
2178,2025-01,2025-02-13,9.13,32,292.16
2178,2025-01,2025-02-14,9.67,32,309.44
2178,2025-01,2025-02-17,8.35,32,267.2
2178,2025-01,2025-02-18,8.57,32,274.24
2178,2025-01,2025-02-19,8.67,32,277.44
2178,2025-01,2025-02-20,9.5,32,304.0
2178,2025-01,2025-02-21,9.62,32,307.84
2178,2025-01,2025-02-24,9.3,32,297.6
2178,2025-01,2025-02-25,9.73,32,311.36
2178,2025-01,2025-02-26,9.1,32,291.2
2178,2025-01,2025-02-27,9.85,32,315.2
2178,2025-01,2025-02-28,9.78,32,312.96
2178,2025-01,2025-03-01,9.13,32,292.16
2205,2025-01,2025-01-01,7.7,32,246.4
2205,2025-01,2025-01-02,8.9,32,284.8
2205,2025-01,2025-01-03,8.77,32,280.64
2205,2025-01,2025-01-06,9.57,32,306.24
2205,2025-01,2025-01-07,7.85,32,251.2
2205,2025-01,2025-01-08,8.42,32,269.44
2205,2025-01,2025-01-09,8.0,32,256.0
2205,2025-01,2025-01-10,8.77,32,280.64
2205,2025-01,2025-01-13,7.73,32,247.36
2205,2025-01,2025-01-14,8.67,32,277.44
2205,2025-01,2025-01-15,8.05,32,257.6
2205,2025-01,2025-01-16,8.03,32,256.96
2205,2025-01,2025-01-17,8.6,32,275.2
2205,2025-01,2025-01-19,8.45,32,270.4
2205,2025-01,2025-01-20,7.78,32,248.96
2205,2025-01,2025-01-21,8.3,32,265.6
2205,2025-01,2025-01-22,8.63,32,276.16
2205,2025-01,2025-01-23,8.25,32,264.0
2205,2025-01,2025-01-24,8.33,32,266.56
2205,2025-01,2025-01-27,9.9,32,316.8
2205,2025-01,2025-01-28,8.68,32,277.76
2205,2025-01,2025-01-29,9.2,32,294.4
2205,2025-01,2025-01-30,8.3,32,265.6
2205,2025-01,2025-01-31,9.28,32,296.96
2205,2025-01,2025-02-03,7.73,32,247.36
2205,2025-01,2025-02-04,8.72,32,279.04
2205,2025-01,2025-02-05,7.72,32,247.04
2205,2025-01,2025-02-06,9.97,32,319.04
2205,2025-01,2025-02-07,8.92,32,285.44
2205,2025-01,2025-02-10,7.62,32,243.84
2205,2025-01,2025-02-11,8.27,32,264.64
2205,2025-01,2025-02-12,7.73,32,247.36
2205,2025-01,2025-02-13,8.12,32,259.84
2205,2025-01,2025-02-14,9.37,32,299.84
2205,2025-01,2025-02-16,8.73,32,279.36
2205,2025-01,2025-02-17,9.47,32,303.04
2205,2025-01,2025-02-18,9.23,32,295.36
2205,2025-01,2025-02-19,9.32,32,298.24
2205,2025-01,2025-02-20,7.6,32,243.2
2205,2025-01,2025-02-21,9.53,32,304.96
2205,2025-01,2025-02-24,9.12,32,291.84
2205,2025-01,2025-02-25,8.53,32,272.96
2205,2025-01,2025-02-26,10.0,32,320.0
2205,2025-01,2025-02-27,8.43,32,269.76
2205,2025-01,2025-02-28,8.25,32,264.0
2220,2025-01,2025-01-01,9.32,32,298.24
2220,2025-01,2025-01-02,9.5,32,304.0
2220,2025-01,2025-01-03,8.35,32,267.2
2220,2025-01,2025-01-06,8.68,32,277.76
2220,2025-01,2025-01-07,9.77,32,312.64
2220,2025-01,2025-01-08,7.68,32,245.76
2220,2025-01,2025-01-09,9.73,32,311.36
2220,2025-01,2025-01-10,9.08,32,290.56
2220,2025-01,2025-01-12,9.48,32,303.36
2220,2025-01,2025-01-13,9.3,32,297.6
2220,2025-01,2025-01-14,9.8,32,313.6
2220,2025-01,2025-01-15,9.57,32,306.24
2220,2025-01,2025-01-16,9.47,32,303.04
2220,2025-01,2025-01-17,9.6,32,307.2
2220,2025-01,2025-01-18,8.68,32,277.76
2220,2025-01,2025-01-19,8.02,32,256.64
2220,2025-01,2025-01-20,8.87,32,283.84
2220,2025-01,2025-01-21,8.13,32,260.16
2220,2025-01,2025-01-22,8.17,32,261.44
2220,2025-01,2025-01-23,9.73,32,311.36
2220,2025-01,2025-01-24,9.3,32,297.6
2220,2025-01,2025-01-25,8.53,32,272.96
2220,2025-01,2025-01-27,7.8,32,249.6
2220,2025-01,2025-01-28,9.6,32,307.2
2220,2025-01,2025-01-29,8.58,32,274.56
2220,2025-01,2025-01-30,7.77,32,248.64
2220,2025-01,2025-02-03,7.58,32,242.56
2220,2025-01,2025-02-04,8.18,32,261.76
2220,2025-01,2025-02-05,8.15,32,260.8
2220,2025-01,2025-02-06,9.98,32,319.36
2220,2025-01,2025-02-08,8.07,32,258.24
2220,2025-01,2025-02-10,9.43,32,301.76
2220,2025-01,2025-02-11,8.42,32,269.44
2220,2025-01,2025-02-12,9.87,32,315.84
2220,2025-01,2025-02-13,7.93,32,253.76
2220,2025-01,2025-02-14,8.28,32,264.96
2220,2025-01,2025-02-17,8.22,32,263.04
2220,2025-01,2025-02-18,9.57,32,306.24
2220,2025-01,2025-02-19,8.03,32,256.96
2220,2025-01,2025-02-20,9.55,32,305.6
2220,2025-01,2025-02-21,8.55,32,273.6
2220,2025-01,2025-02-24,9.88,32,316.16
2220,2025-01,2025-02-25,8.53,32,272.96
2220,2025-01,2025-02-26,7.88,32,252.16
2220,2025-01,2025-02-27,9.62,32,307.84
2220,2025-01,2025-02-28,9.87,32,315.84
2221,2025-01,2025-01-01,9.73,38,369.74
2221,2025-01,2025-01-02,9.58,38,364.04
2221,2025-01,2025-01-03,7.65,38,290.7
2221,2025-01,2025-01-06,8.03,38,305.14
2221,2025-01,2025-01-07,7.9,38,300.2
2221,2025-01,2025-01-08,8.55,38,324.9
2221,2025-01,2025-01-10,9.3,38,353.4
2221,2025-01,2025-01-13,9.73,38,369.74
2221,2025-01,2025-01-14,9.6,38,364.8
2221,2025-01,2025-01-15,9.9,38,376.2
2221,2025-01,2025-01-16,9.78,38,371.64
2221,2025-01,2025-01-17,8.17,38,310.46
2221,2025-01,2025-01-20,7.6,38,288.8
2221,2025-01,2025-01-21,9.48,38,360.24
2221,2025-01,2025-01-22,9.9,38,376.2
2221,2025-01,2025-01-23,7.92,38,300.96
2221,2025-01,2025-01-24,8.87,38,337.06
2221,2025-01,2025-01-25,8.82,38,335.16
2221,2025-01,2025-01-26,9.67,38,367.46
2221,2025-01,2025-01-27,8.2,38,311.6
2221,2025-01,2025-01-28,8.82,38,335.16
2221,2025-01,2025-01-29,8.78,38,333.64
2221,2025-01,2025-01-30,9.55,38,362.9
2221,2025-01,2025-01-31,8.27,38,314.26
2221,2025-01,2025-02-03,8.7,38,330.6
2221,2025-01,2025-02-04,8.98,38,341.24
2221,2025-01,2025-02-05,9.25,38,351.5
2221,2025-01,2025-02-06,8.15,38,309.7
2221,2025-01,2025-02-07,8.3,38,315.4
2221,2025-01,2025-02-10,7.67,38,291.46
2221,2025-01,2025-02-11,8.82,38,335.16
2221,2025-01,2025-02-12,8.97,38,340.86
2221,2025-01,2025-02-13,9.9,38,376.2
2221,2025-01,2025-02-14,9.57,38,363.66
2221,2025-01,2025-02-15,8.47,38,321.86
2221,2025-01,2025-02-16,9.95,38,378.1
2221,2025-01,2025-02-17,9.13,38,346.94
2221,2025-01,2025-02-18,8.5,38,323.0
2221,2025-01,2025-02-19,8.35,38,317.3
2221,2025-01,2025-02-20,9.42,38,357.96
2221,2025-01,2025-02-21,9.12,38,346.56
2221,2025-01,2025-02-24,8.87,38,337.06
2221,2025-01,2025-02-25,7.88,38,299.44
2221,2025-01,2025-02-26,8.68,38,329.84
2221,2025-01,2025-02-27,7.55,38,286.9
2221,2025-01,2025-02-28,7.5,38,285.0
2246,2025-01,2025-01-01,7.83,32,250.56
2246,2025-01,2025-01-02,9.95,32,318.4
2246,2025-01,2025-01-03,8.12,32,259.84
2246,2025-01,2025-01-06,7.83,32,250.56
2246,2025-01,2025-01-07,7.5,32,240.0
2246,2025-01,2025-01-08,8.68,32,277.76
2246,2025-01,2025-01-09,9.53,32,304.96
2246,2025-01,2025-01-10,8.57,32,274.24
2246,2025-01,2025-01-13,7.87,32,251.84
2246,2025-01,2025-01-14,8.62,32,275.84
2246,2025-01,2025-01-15,7.77,32,248.64
2246,2025-01,2025-01-16,8.92,32,285.44
2246,2025-01,2025-01-17,8.15,32,260.8
2246,2025-01,2025-01-18,8.27,32,264.64
2246,2025-01,2025-01-20,8.63,32,276.16
2246,2025-01,2025-01-21,8.47,32,271.04
2246,2025-01,2025-01-22,8.52,32,272.64
2246,2025-01,2025-01-23,8.08,32,258.56
2246,2025-01,2025-01-24,9.38,32,300.16
2246,2025-01,2025-01-26,9.48,32,303.36
2246,2025-01,2025-01-27,10.0,32,320.0
2246,2025-01,2025-01-28,9.35,32,299.2
2246,2025-01,2025-01-29,9.12,32,291.84
2246,2025-01,2025-01-30,7.75,32,248.0
2246,2025-01,2025-01-31,7.98,32,255.36
2246,2025-01,2025-02-03,9.08,32,290.56
2246,2025-01,2025-02-04,9.83,32,314.56
2246,2025-01,2025-02-05,7.88,32,252.16
2246,2025-01,2025-02-06,9.5,32,304.0
2246,2025-01,2025-02-07,8.72,32,279.04
2246,2025-01,2025-02-09,7.98,32,255.36
2246,2025-01,2025-02-10,9.03,32,288.96
2246,2025-01,2025-02-11,7.63,32,244.16
2246,2025-01,2025-02-12,8.78,32,280.96
2246,2025-01,2025-02-13,7.88,32,252.16
2246,2025-01,2025-02-14,8.05,32,257.6
2246,2025-01,2025-02-17,9.63,32,308.16
2246,2025-01,2025-02-18,9.55,32,305.6
2246,2025-01,2025-02-19,7.55,32,241.6
2246,2025-01,2025-02-20,9.45,32,302.4
2246,2025-01,2025-02-21,7.53,32,240.96
2246,2025-01,2025-02-24,7.97,32,255.04
2246,2025-01,2025-02-25,9.75,32,312.0
2246,2025-01,2025-02-26,8.42,32,269.44
2246,2025-01,2025-02-27,8.55,32,273.6
2246,2025-01,2025-02-28,9.32,32,298.24
2246,2025-01,2025-03-01,9.77,32,312.64
2387,2025-01,2025-01-01,7.75,38,294.5
2387,2025-01,2025-01-02,8.17,38,310.46
2387,2025-01,2025-01-03,8.27,38,314.26
2387,2025-01,2025-01-04,8.93,38,339.34
2387,2025-01,2025-01-06,10.0,38,380.0
2387,2025-01,2025-01-07,9.47,38,359.86
2387,2025-01,2025-01-08,8.75,38,332.5
2387,2025-01,2025-01-09,8.62,38,327.56
2387,2025-01,2025-01-10,8.9,38,338.2
2387,2025-01,2025-01-13,7.55,38,286.9
2387,2025-01,2025-01-14,7.95,38,302.1
2387,2025-01,2025-01-15,8.63,38,327.94
2387,2025-01,2025-01-16,9.58,38,364.04
2387,2025-01,2025-01-17,9.87,38,375.06
2387,2025-01,2025-01-19,7.88,38,299.44
2387,2025-01,2025-01-20,7.52,38,285.76
2387,2025-01,2025-01-21,9.18,38,348.84
2387,2025-01,2025-01-22,9.22,38,350.36
2387,2025-01,2025-01-23,7.52,38,285.76
2387,2025-01,2025-01-24,8.3,38,315.4
2387,2025-01,2025-01-26,8.05,38,305.9
2387,2025-01,2025-01-27,9.8,38,372.4
2387,2025-01,2025-01-28,8.13,38,308.94
2387,2025-01,2025-01-29,8.93,38,339.34
2387,2025-01,2025-01-30,8.52,38,323.76
2387,2025-01,2025-01-31,7.92,38,300.96
2387,2025-01,2025-02-02,9.15,38,347.7
2387,2025-01,2025-02-04,7.72,38,293.36
2387,2025-01,2025-02-05,9.95,38,378.1
2387,2025-01,2025-02-06,9.47,38,359.86
2387,2025-01,2025-02-07,9.32,38,354.16
2387,2025-01,2025-02-10,8.45,38,321.1
2387,2025-01,2025-02-11,8.73,38,331.74
2387,2025-01,2025-02-12,9.0,38,342.0
2387,2025-01,2025-02-13,7.67,38,291.46
2387,2025-01,2025-02-14,9.72,38,369.36
2387,2025-01,2025-02-15,9.52,38,361.76
2387,2025-01,2025-02-17,7.67,38,291.46
2387,2025-01,2025-02-18,9.18,38,348.84
2387,2025-01,2025-02-19,8.4,38,319.2
2387,2025-01,2025-02-20,7.62,38,289.56
2387,2025-01,2025-02-21,9.78,38,371.64
2387,2025-01,2025-02-23,8.28,38,314.64
2387,2025-01,2025-02-24,8.17,38,310.46
2387,2025-01,2025-02-25,8.42,38,319.96
2387,2025-01,2025-02-26,7.78,38,295.64
2387,2025-01,2025-02-27,8.62,38,327.56
2387,2025-01,2025-02-28,7.85,38,298.3
2387,2025-01,2025-03-01,8.1,38,307.8
2393,2025-01,2025-01-01,8.12,38,308.56
2393,2025-01,2025-01-02,8.58,38,326.04
2393,2025-01,2025-01-03,8.58,38,326.04
2393,2025-01,2025-01-04,8.82,38,335.16
2393,2025-01,2025-01-06,7.5,38,285.0
2393,2025-01,2025-01-07,7.77,38,295.26
2393,2025-01,2025-01-08,8.58,38,326.04
2393,2025-01,2025-01-09,7.75,38,294.5
2393,2025-01,2025-01-10,9.92,38,376.96
2393,2025-01,2025-01-12,7.52,38,285.76
2393,2025-01,2025-01-13,8.6,38,326.8
2393,2025-01,2025-01-14,7.92,38,300.96
2393,2025-01,2025-01-15,8.28,38,314.64
2393,2025-01,2025-01-16,8.87,38,337.06
2393,2025-01,2025-01-17,9.68,38,367.84
2393,2025-01,2025-01-18,7.73,38,293.74
2393,2025-01,2025-01-20,9.32,38,354.16
2393,2025-01,2025-01-21,9.82,38,373.16
2393,2025-01,2025-01-22,7.6,38,288.8
2393,2025-01,2025-01-23,8.6,38,326.8
2393,2025-01,2025-01-24,9.98,38,379.24
2393,2025-01,2025-01-27,7.95,38,302.1
2393,2025-01,2025-01-28,9.93,38,377.34
2393,2025-01,2025-01-29,7.6,38,288.8
2393,2025-01,2025-01-30,8.12,38,308.56
2393,2025-01,2025-01-31,8.05,38,305.9
2393,2025-01,2025-02-02,9.47,38,359.86
2393,2025-01,2025-02-03,8.92,38,338.96
2393,2025-01,2025-02-04,9.8,38,372.4
2393,2025-01,2025-02-05,8.4,38,319.2
2393,2025-01,2025-02-06,7.52,38,285.76
2393,2025-01,2025-02-07,9.97,38,378.86
2393,2025-01,2025-02-10,9.1,38,345.8
2393,2025-01,2025-02-11,8.48,38,322.24
2393,2025-01,2025-02-12,7.63,38,289.94
2393,2025-01,2025-02-13,9.83,38,373.54
2393,2025-01,2025-02-14,9.2,38,349.6
2393,2025-01,2025-02-17,8.28,38,314.64
2393,2025-01,2025-02-18,8.82,38,335.16
2393,2025-01,2025-02-19,8.4,38,319.2
2393,2025-01,2025-02-20,9.95,38,378.1
2393,2025-01,2025-02-21,7.85,38,298.3
2393,2025-01,2025-02-22,7.88,38,299.44
2393,2025-01,2025-02-24,7.72,38,293.36
2393,2025-01,2025-02-25,8.07,38,306.66
2393,2025-01,2025-02-26,8.23,38,312.74
2393,2025-01,2025-02-27,9.43,38,358.34
2393,2025-01,2025-02-28,9.37,38,356.06
2394,2025-01,2025-01-01,8.42,38,319.96
2394,2025-01,2025-01-02,8.58,38,326.04
2394,2025-01,2025-01-03,8.2,38,311.6
2394,2025-01,2025-01-06,8.22,38,312.36
2394,2025-01,2025-01-07,9.03,38,343.14
2394,2025-01,2025-01-08,8.8,38,334.4
2394,2025-01,2025-01-09,9.92,38,376.96
2394,2025-01,2025-01-10,7.53,38,286.14
2394,2025-01,2025-01-12,7.62,38,289.56
2394,2025-01,2025-01-13,9.87,38,375.06
2394,2025-01,2025-01-14,7.78,38,295.64
2394,2025-01,2025-01-15,9.52,38,361.76
2394,2025-01,2025-01-16,8.0,38,304.0
2394,2025-01,2025-01-17,9.12,38,346.56
2394,2025-01,2025-01-18,7.62,38,289.56
2394,2025-01,2025-01-20,8.07,38,306.66
2394,2025-01,2025-01-21,8.45,38,321.1
2394,2025-01,2025-01-22,9.88,38,375.44
2394,2025-01,2025-01-23,9.42,38,357.96
2394,2025-01,2025-01-24,8.87,38,337.06
2394,2025-01,2025-01-27,9.15,38,347.7
2394,2025-01,2025-01-28,9.75,38,370.5
2394,2025-01,2025-01-29,8.65,38,328.7
2394,2025-01,2025-01-30,8.82,38,335.16
2394,2025-01,2025-01-31,9.38,38,356.44
2394,2025-01,2025-02-03,9.42,38,357.96
2394,2025-01,2025-02-04,8.95,38,340.1
2394,2025-01,2025-02-05,7.58,38,288.04
2394,2025-01,2025-02-06,8.83,38,335.54
2394,2025-01,2025-02-07,8.98,38,341.24
2394,2025-01,2025-02-10,7.95,38,302.1
2394,2025-01,2025-02-11,9.12,38,346.56
2394,2025-01,2025-02-12,9.17,38,348.46
2394,2025-01,2025-02-13,9.73,38,369.74
2394,2025-01,2025-02-14,9.58,38,364.04
2394,2025-01,2025-02-16,8.42,38,319.96
2394,2025-01,2025-02-17,8.28,38,314.64
2394,2025-01,2025-02-18,9.48,38,360.24
2394,2025-01,2025-02-19,8.18,38,310.84
2394,2025-01,2025-02-20,8.62,38,327.56
2394,2025-01,2025-02-21,8.3,38,315.4
2394,2025-01,2025-02-22,9.68,38,367.84
2394,2025-01,2025-02-24,8.12,38,308.56
2394,2025-01,2025-02-25,7.53,38,286.14
2394,2025-01,2025-02-26,9.6,38,364.8
2394,2025-01,2025-02-27,9.22,38,350.36
2394,2025-01,2025-02-28,9.25,38,351.5
2394,2025-01,2025-03-01,9.65,38,366.7
2397,2025-01,2025-01-01,8.6,32,275.2
2397,2025-01,2025-01-02,8.73,32,279.36
2397,2025-01,2025-01-03,7.9,32,252.8
2397,2025-01,2025-01-06,9.1,32,291.2
2397,2025-01,2025-01-07,9.22,32,295.04
2397,2025-01,2025-01-08,8.4,32,268.8
2397,2025-01,2025-01-09,9.98,32,319.36
2397,2025-01,2025-01-10,8.15,32,260.8
2397,2025-01,2025-01-11,8.8,32,281.6
2397,2025-01,2025-01-12,8.6,32,275.2
2397,2025-01,2025-01-13,9.27,32,296.64
2397,2025-01,2025-01-14,9.93,32,317.76
2397,2025-01,2025-01-15,8.42,32,269.44
2397,2025-01,2025-01-16,9.0,32,288.0
2397,2025-01,2025-01-17,9.1,32,291.2
2397,2025-01,2025-01-19,9.68,32,309.76
2397,2025-01,2025-01-20,8.57,32,274.24
2397,2025-01,2025-01-21,7.75,32,248.0
2397,2025-01,2025-01-22,9.43,32,301.76
2397,2025-01,2025-01-23,9.1,32,291.2
2397,2025-01,2025-01-27,7.65,32,244.8
2397,2025-01,2025-01-28,9.73,32,311.36
2397,2025-01,2025-01-29,9.68,32,309.76
2397,2025-01,2025-01-30,8.78,32,280.96
2397,2025-01,2025-01-31,8.75,32,280.0
2397,2025-01,2025-02-01,7.55,32,241.6
2397,2025-01,2025-02-03,7.7,32,246.4
2397,2025-01,2025-02-04,9.9,32,316.8
2397,2025-01,2025-02-05,7.5,32,240.0
2397,2025-01,2025-02-06,9.0,32,288.0
2397,2025-01,2025-02-07,8.67,32,277.44
2397,2025-01,2025-02-10,8.58,32,274.56
2397,2025-01,2025-02-11,8.7,32,278.4
2397,2025-01,2025-02-12,9.08,32,290.56
2397,2025-01,2025-02-13,9.87,32,315.84
2397,2025-01,2025-02-14,9.73,32,311.36
2397,2025-01,2025-02-17,8.8,32,281.6
2397,2025-01,2025-02-18,7.87,32,251.84
2397,2025-01,2025-02-19,9.12,32,291.84
2397,2025-01,2025-02-20,9.17,32,293.44
2397,2025-01,2025-02-21,8.1,32,259.2
2397,2025-01,2025-02-22,8.43,32,269.76
2397,2025-01,2025-02-24,9.55,32,305.6
2397,2025-01,2025-02-25,8.03,32,256.96
2397,2025-01,2025-02-26,8.95,32,286.4
2397,2025-01,2025-02-27,9.5,32,304.0
2397,2025-01,2025-02-28,9.4,32,300.8
2397,2025-01,2025-03-01,8.48,32,271.36
2399,2025-01,2025-01-01,9.97,32,319.04
2399,2025-01,2025-01-02,9.03,32,288.96
2399,2025-01,2025-01-03,7.88,32,252.16
2399,2025-01,2025-01-06,8.45,32,270.4
2399,2025-01,2025-01-07,9.25,32,296.0
2399,2025-01,2025-01-08,8.55,32,273.6
2399,2025-01,2025-01-09,8.03,32,256.96
2399,2025-01,2025-01-10,9.57,32,306.24
2399,2025-01,2025-01-11,9.42,32,301.44
2399,2025-01,2025-01-13,8.92,32,285.44
2399,2025-01,2025-01-14,9.2,32,294.4
2399,2025-01,2025-01-15,7.72,32,247.04
2399,2025-01,2025-01-16,8.68,32,277.76
2399,2025-01,2025-01-17,8.57,32,274.24
2399,2025-01,2025-01-18,9.87,32,315.84
2399,2025-01,2025-01-20,7.78,32,248.96
2399,2025-01,2025-01-21,8.05,32,257.6
2399,2025-01,2025-01-22,7.95,32,254.4
2399,2025-01,2025-01-23,9.65,32,308.8
2399,2025-01,2025-01-24,9.9,32,316.8
2399,2025-01,2025-01-27,8.47,32,271.04
2399,2025-01,2025-01-28,9.72,32,311.04
2399,2025-01,2025-01-29,7.78,32,248.96
2399,2025-01,2025-01-30,9.45,32,302.4
2399,2025-01,2025-01-31,8.58,32,274.56
2399,2025-01,2025-02-02,8.42,32,269.44
2399,2025-01,2025-02-03,8.18,32,261.76
2399,2025-01,2025-02-04,9.28,32,296.96
2399,2025-01,2025-02-05,9.5,32,304.0
2399,2025-01,2025-02-06,8.17,32,261.44
2399,2025-01,2025-02-07,7.82,32,250.24
2399,2025-01,2025-02-08,9.55,32,305.6
2399,2025-01,2025-02-10,9.93,32,317.76
2399,2025-01,2025-02-11,8.33,32,266.56
2399,2025-01,2025-02-12,8.03,32,256.96
2399,2025-01,2025-02-13,9.75,32,312.0
2399,2025-01,2025-02-14,8.53,32,272.96
2399,2025-01,2025-02-17,9.97,32,319.04
2399,2025-01,2025-02-18,8.98,32,287.36
2399,2025-01,2025-02-19,9.68,32,309.76
2399,2025-01,2025-02-20,9.48,32,303.36
2399,2025-01,2025-02-21,8.7,32,278.4
2399,2025-01,2025-02-24,9.15,32,292.8
2399,2025-01,2025-02-25,9.3,32,297.6
2399,2025-01,2025-02-26,7.9,32,252.8
2399,2025-01,2025-02-27,8.12,32,259.84
2399,2025-01,2025-02-28,9.1,32,291.2
2403,2025-01,2025-01-01,8.25,38,313.5
2403,2025-01,2025-01-02,8.95,38,340.1
2403,2025-01,2025-01-03,9.48,38,360.24
2403,2025-01,2025-01-06,9.03,38,343.14
2403,2025-01,2025-01-07,8.12,38,308.56
2403,2025-01,2025-01-08,9.85,38,374.3
2403,2025-01,2025-01-09,8.58,38,326.04
2403,2025-01,2025-01-10,9.83,38,373.54
2403,2025-01,2025-01-12,8.87,38,337.06
2403,2025-01,2025-01-13,9.73,38,369.74
2403,2025-01,2025-01-14,9.8,38,372.4
2403,2025-01,2025-01-15,8.02,38,304.76
2403,2025-01,2025-01-16,9.48,38,360.24
2403,2025-01,2025-01-17,8.13,38,308.94
2403,2025-01,2025-01-20,8.43,38,320.34
2403,2025-01,2025-01-21,9.82,38,373.16
2403,2025-01,2025-01-22,8.73,38,331.74
2403,2025-01,2025-01-23,7.92,38,300.96
2403,2025-01,2025-01-24,8.92,38,338.96
2403,2025-01,2025-01-27,7.97,38,302.86
2403,2025-01,2025-01-28,9.8,38,372.4
2403,2025-01,2025-01-29,9.2,38,349.6
2403,2025-01,2025-01-30,8.97,38,340.86
2403,2025-01,2025-01-31,9.1,38,345.8
2403,2025-01,2025-02-03,9.87,38,375.06
2403,2025-01,2025-02-04,8.1,38,307.8
2403,2025-01,2025-02-05,9.52,38,361.76
2403,2025-01,2025-02-06,9.63,38,365.94
2403,2025-01,2025-02-07,8.97,38,340.86
2403,2025-01,2025-02-10,9.33,38,354.54
2403,2025-01,2025-02-11,9.88,38,375.44
2403,2025-01,2025-02-12,8.65,38,328.7
2403,2025-01,2025-02-13,9.15,38,347.7
2403,2025-01,2025-02-14,9.53,38,362.14
2403,2025-01,2025-02-17,8.25,38,313.5
2403,2025-01,2025-02-18,9.92,38,376.96
2403,2025-01,2025-02-19,8.5,38,323.0
2403,2025-01,2025-02-20,10.0,38,380.0
2403,2025-01,2025-02-21,7.92,38,300.96
2403,2025-01,2025-02-22,9.2,38,349.6
2403,2025-01,2025-02-24,10.0,38,380.0
2403,2025-01,2025-02-25,8.57,38,325.66
2403,2025-01,2025-02-26,8.77,38,333.26
2403,2025-01,2025-02-27,9.88,38,375.44
2403,2025-01,2025-02-28,7.55,38,286.9
2404,2025-01,2025-01-01,9.72,38,369.36
2404,2025-01,2025-01-02,7.73,38,293.74
2404,2025-01,2025-01-03,8.97,38,340.86
2404,2025-01,2025-01-06,7.52,38,285.76
2404,2025-01,2025-01-07,9.1,38,345.8
2404,2025-01,2025-01-08,7.93,38,301.34
2404,2025-01,2025-01-09,9.95,38,378.1
2404,2025-01,2025-01-10,7.95,38,302.1
2404,2025-01,2025-01-13,8.05,38,305.9
2404,2025-01,2025-01-14,8.98,38,341.24
2404,2025-01,2025-01-15,9.23,38,350.74
2404,2025-01,2025-01-16,9.92,38,376.96
2404,2025-01,2025-01-17,9.78,38,371.64
2404,2025-01,2025-01-18,7.83,38,297.54
2404,2025-01,2025-01-20,8.1,38,307.8
2404,2025-01,2025-01-21,9.73,38,369.74
2404,2025-01,2025-01-22,7.98,38,303.24
2404,2025-01,2025-01-23,9.77,38,371.26
2404,2025-01,2025-01-24,9.07,38,344.66
2404,2025-01,2025-01-25,9.88,38,375.44
2404,2025-01,2025-01-27,8.93,38,339.34
2404,2025-01,2025-01-28,8.2,38,311.6
2404,2025-01,2025-01-29,7.53,38,286.14
2404,2025-01,2025-01-30,8.83,38,335.54
2404,2025-01,2025-01-31,8.85,38,336.3
2404,2025-01,2025-02-02,8.65,38,328.7
2404,2025-01,2025-02-03,8.02,38,304.76
2404,2025-01,2025-02-04,9.37,38,356.06
2404,2025-01,2025-02-05,8.7,38,330.6
2404,2025-01,2025-02-06,8.5,38,323.0
2404,2025-01,2025-02-07,9.3,38,353.4
2404,2025-01,2025-02-10,7.5,38,285.0
2404,2025-01,2025-02-11,8.75,38,332.5
2404,2025-01,2025-02-12,9.75,38,370.5
2404,2025-01,2025-02-13,9.3,38,353.4
2404,2025-01,2025-02-14,8.48,38,322.24
2404,2025-01,2025-02-16,9.73,38,369.74
2404,2025-01,2025-02-17,9.2,38,349.6
2404,2025-01,2025-02-18,7.73,38,293.74
2404,2025-01,2025-02-19,7.63,38,289.94
2404,2025-01,2025-02-20,8.58,38,326.04
2404,2025-01,2025-02-21,7.83,38,297.54
2404,2025-01,2025-02-23,7.7,38,292.6
2404,2025-01,2025-02-24,9.65,38,366.7
2404,2025-01,2025-02-25,9.47,38,359.86
2404,2025-01,2025-02-26,7.93,38,301.34
2404,2025-01,2025-02-27,9.35,38,355.3
2404,2025-01,2025-02-28,9.35,38,355.3
2404,2025-01,2025-03-01,8.97,38,340.86
2407,2025-01,2025-01-01,9.27,38,352.26
2407,2025-01,2025-01-02,9.68,38,367.84
2407,2025-01,2025-01-03,7.98,38,303.24
2407,2025-01,2025-01-05,9.72,38,369.36
2407,2025-01,2025-01-06,7.95,38,302.1
2407,2025-01,2025-01-07,7.63,38,289.94
2407,2025-01,2025-01-08,8.18,38,310.84
2407,2025-01,2025-01-09,8.07,38,306.66
2407,2025-01,2025-01-10,8.5,38,323.0
2407,2025-01,2025-01-11,7.93,38,301.34
2407,2025-01,2025-01-12,8.78,38,333.64
2407,2025-01,2025-01-13,8.95,38,340.1
2407,2025-01,2025-01-14,9.53,38,362.14
2407,2025-01,2025-01-15,7.98,38,303.24
2407,2025-01,2025-01-16,9.37,38,356.06
2407,2025-01,2025-01-17,9.97,38,378.86
2407,2025-01,2025-01-20,9.82,38,373.16
2407,2025-01,2025-01-21,8.25,38,313.5
2407,2025-01,2025-01-22,9.23,38,350.74
2407,2025-01,2025-01-23,8.75,38,332.5
2407,2025-01,2025-01-24,8.12,38,308.56
2407,2025-01,2025-01-27,8.42,38,319.96
2407,2025-01,2025-01-28,8.27,38,314.26
2407,2025-01,2025-01-29,9.38,38,356.44
2407,2025-01,2025-01-30,8.38,38,318.44
2407,2025-01,2025-01-31,9.28,38,352.64
2407,2025-01,2025-02-03,7.57,38,287.66
2407,2025-01,2025-02-04,9.78,38,371.64
2407,2025-01,2025-02-05,8.65,38,328.7
2407,2025-01,2025-02-06,9.82,38,373.16
2407,2025-01,2025-02-07,9.82,38,373.16
2407,2025-01,2025-02-08,7.85,38,298.3
2407,2025-01,2025-02-09,7.7,38,292.6
2407,2025-01,2025-02-10,7.68,38,291.84
2407,2025-01,2025-02-11,9.62,38,365.56
2407,2025-01,2025-02-12,7.75,38,294.5
2407,2025-01,2025-02-13,9.3,38,353.4
2407,2025-01,2025-02-14,8.75,38,332.5
2407,2025-01,2025-02-16,7.82,38,297.16
2407,2025-01,2025-02-17,8.72,38,331.36
2407,2025-01,2025-02-18,9.87,38,375.06
2407,2025-01,2025-02-19,8.93,38,339.34
2407,2025-01,2025-02-20,9.3,38,353.4
2407,2025-01,2025-02-21,7.67,38,291.46
2407,2025-01,2025-02-24,9.18,38,348.84
2407,2025-01,2025-02-25,8.3,38,315.4
2407,2025-01,2025-02-26,7.65,38,290.7
2407,2025-01,2025-02-27,8.85,38,336.3
2407,2025-01,2025-02-28,9.57,38,363.66
2407,2025-01,2025-03-01,7.65,38,290.7
2409,2025-01,2025-01-01,9.2,32,294.4
2409,2025-01,2025-01-02,7.87,32,251.84
2409,2025-01,2025-01-03,8.27,32,264.64
2409,2025-01,2025-01-06,8.38,32,268.16
2409,2025-01,2025-01-07,8.47,32,271.04
2409,2025-01,2025-01-08,7.97,32,255.04
2409,2025-01,2025-01-09,8.3,32,265.6
2409,2025-01,2025-01-10,9.23,32,295.36
2409,2025-01,2025-01-13,9.27,32,296.64
2409,2025-01,2025-01-14,7.92,32,253.44
2409,2025-01,2025-01-15,8.65,32,276.8
2409,2025-01,2025-01-16,9.92,32,317.44
2409,2025-01,2025-01-17,9.08,32,290.56
2409,2025-01,2025-01-18,9.72,32,311.04
2409,2025-01,2025-01-20,9.47,32,303.04
2409,2025-01,2025-01-21,7.92,32,253.44
2409,2025-01,2025-01-22,7.82,32,250.24
2409,2025-01,2025-01-23,8.17,32,261.44
2409,2025-01,2025-01-24,7.72,32,247.04
2409,2025-01,2025-01-27,9.22,32,295.04
2409,2025-01,2025-01-28,9.47,32,303.04
2409,2025-01,2025-01-29,7.72,32,247.04
2409,2025-01,2025-01-30,9.93,32,317.76
2409,2025-01,2025-01-31,8.6,32,275.2
2409,2025-01,2025-02-01,8.77,32,280.64
2409,2025-01,2025-02-03,8.8,32,281.6
2409,2025-01,2025-02-04,9.08,32,290.56
2409,2025-01,2025-02-05,9.88,32,316.16
2409,2025-01,2025-02-06,8.15,32,260.8
2409,2025-01,2025-02-07,9.38,32,300.16
2409,2025-01,2025-02-10,9.87,32,315.84
2409,2025-01,2025-02-11,9.73,32,311.36
2409,2025-01,2025-02-12,8.68,32,277.76
2409,2025-01,2025-02-13,7.82,32,250.24
2409,2025-01,2025-02-14,9.73,32,311.36
2409,2025-01,2025-02-15,8.17,32,261.44
2409,2025-01,2025-02-16,9.47,32,303.04
2409,2025-01,2025-02-17,9.37,32,299.84
2409,2025-01,2025-02-18,8.77,32,280.64
2409,2025-01,2025-02-19,9.6,32,307.2
2409,2025-01,2025-02-20,8.5,32,272.0
2409,2025-01,2025-02-21,7.72,32,247.04
2409,2025-01,2025-02-22,9.82,32,314.24
2409,2025-01,2025-02-24,7.73,32,247.36
2409,2025-01,2025-02-25,7.6,32,243.2
2409,2025-01,2025-02-26,8.98,32,287.36
2409,2025-01,2025-02-27,9.73,32,311.36
2409,2025-01,2025-02-28,10.0,32,320.0
2409,2025-01,2025-03-01,9.88,32,316.16
2425,2025-01,2025-01-01,8.2,38,311.6
2425,2025-01,2025-01-02,7.83,38,297.54
2425,2025-01,2025-01-03,8.55,38,324.9
2425,2025-01,2025-01-04,8.7,38,330.6
2425,2025-01,2025-01-06,9.67,38,367.46
2425,2025-01,2025-01-07,8.18,38,310.84
2425,2025-01,2025-01-08,9.5,38,361.0
2425,2025-01,2025-01-09,8.33,38,316.54
2425,2025-01,2025-01-10,8.8,38,334.4
2425,2025-01,2025-01-13,8.93,38,339.34
2425,2025-01,2025-01-14,9.6,38,364.8
2425,2025-01,2025-01-15,7.5,38,285.0
2425,2025-01,2025-01-16,8.33,38,316.54
2425,2025-01,2025-01-17,8.12,38,308.56
2425,2025-01,2025-01-20,7.73,38,293.74
2425,2025-01,2025-01-21,9.78,38,371.64
2425,2025-01,2025-01-22,8.33,38,316.54
2425,2025-01,2025-01-23,7.82,38,297.16
2425,2025-01,2025-01-24,7.77,38,295.26
2425,2025-01,2025-01-27,8.27,38,314.26
2425,2025-01,2025-01-28,7.5,38,285.0
2425,2025-01,2025-01-29,8.72,38,331.36
2425,2025-01,2025-01-30,8.95,38,340.1
2425,2025-01,2025-01-31,7.65,38,290.7
2425,2025-01,2025-02-03,8.62,38,327.56
2425,2025-01,2025-02-04,9.65,38,366.7
2425,2025-01,2025-02-05,8.7,38,330.6
2425,2025-01,2025-02-06,8.0,38,304.0
2425,2025-01,2025-02-07,8.88,38,337.44
2425,2025-01,2025-02-09,9.12,38,346.56
2425,2025-01,2025-02-10,8.4,38,319.2
2425,2025-01,2025-02-11,8.42,38,319.96
2425,2025-01,2025-02-12,8.93,38,339.34
2425,2025-01,2025-02-13,8.27,38,314.26
2425,2025-01,2025-02-14,8.77,38,333.26
2425,2025-01,2025-02-15,8.58,38,326.04
2425,2025-01,2025-02-17,9.27,38,352.26
2425,2025-01,2025-02-18,8.62,38,327.56
2425,2025-01,2025-02-19,9.82,38,373.16
2425,2025-01,2025-02-20,9.62,38,365.56
2425,2025-01,2025-02-21,9.92,38,376.96
2425,2025-01,2025-02-24,8.8,38,334.4
2425,2025-01,2025-02-25,9.4,38,357.2
2425,2025-01,2025-02-26,7.88,38,299.44
2425,2025-01,2025-02-27,9.82,38,373.16
2425,2025-01,2025-02-28,9.47,38,359.86
2433,2025-01,2025-01-01,9.65,38,366.7
2433,2025-01,2025-01-02,9.57,38,363.66
2433,2025-01,2025-01-03,9.33,38,354.54
2433,2025-01,2025-01-06,7.8,38,296.4
2433,2025-01,2025-01-07,9.43,38,358.34
2433,2025-01,2025-01-08,9.08,38,345.04
2433,2025-01,2025-01-09,9.87,38,375.06
2433,2025-01,2025-01-10,9.88,38,375.44
2433,2025-01,2025-01-13,9.12,38,346.56
2433,2025-01,2025-01-14,9.73,38,369.74
2433,2025-01,2025-01-15,8.43,38,320.34
2433,2025-01,2025-01-16,9.57,38,363.66
2433,2025-01,2025-01-17,8.7,38,330.6
2433,2025-01,2025-01-19,9.28,38,352.64
2433,2025-01,2025-01-20,9.95,38,378.1
2433,2025-01,2025-01-21,9.68,38,367.84
2433,2025-01,2025-01-22,7.57,38,287.66
2433,2025-01,2025-01-23,9.02,38,342.76
2433,2025-01,2025-01-24,7.63,38,289.94
2433,2025-01,2025-01-26,9.82,38,373.16
2433,2025-01,2025-01-27,8.28,38,314.64
2433,2025-01,2025-01-28,8.08,38,307.04
2433,2025-01,2025-01-29,8.48,38,322.24
2433,2025-01,2025-01-30,8.03,38,305.14
2433,2025-01,2025-01-31,7.97,38,302.86
2433,2025-01,2025-02-03,8.62,38,327.56
2433,2025-01,2025-02-04,9.3,38,353.4
2433,2025-01,2025-02-05,8.07,38,306.66
2433,2025-01,2025-02-06,7.95,38,302.1
2433,2025-01,2025-02-07,9.5,38,361.0
2433,2025-01,2025-02-09,9.3,38,353.4
2433,2025-01,2025-02-10,8.08,38,307.04
2433,2025-01,2025-02-11,8.2,38,311.6
2433,2025-01,2025-02-12,8.9,38,338.2
2433,2025-01,2025-02-13,8.13,38,308.94
2433,2025-01,2025-02-14,9.57,38,363.66
2433,2025-01,2025-02-15,8.72,38,331.36
2433,2025-01,2025-02-17,8.38,38,318.44
2433,2025-01,2025-02-18,7.67,38,291.46
2433,2025-01,2025-02-19,7.87,38,299.06
2433,2025-01,2025-02-20,9.12,38,346.56
2433,2025-01,2025-02-21,10.0,38,380.0
2433,2025-01,2025-02-22,8.2,38,311.6
2433,2025-01,2025-02-24,8.43,38,320.34
2433,2025-01,2025-02-25,9.6,38,364.8
2433,2025-01,2025-02-26,9.47,38,359.86
2433,2025-01,2025-02-27,8.97,38,340.86
2433,2025-01,2025-02-28,9.63,38,365.94
2434,2025-01,2025-01-01,8.37,28,234.36
2434,2025-01,2025-01-02,9.35,28,261.8
2434,2025-01,2025-01-03,8.15,28,228.2
2434,2025-01,2025-01-04,9.47,28,265.16
2434,2025-01,2025-01-06,8.65,28,242.2
2434,2025-01,2025-01-07,8.85,28,247.8
2434,2025-01,2025-01-08,7.9,28,221.2
2434,2025-01,2025-01-09,8.43,28,236.04
2434,2025-01,2025-01-10,9.43,28,264.04
2434,2025-01,2025-01-11,8.5,28,238.0
2434,2025-01,2025-01-12,8.22,28,230.16
2434,2025-01,2025-01-13,8.27,28,231.56
2434,2025-01,2025-01-14,9.0,28,252.0
2434,2025-01,2025-01-15,7.5,28,210.0
2434,2025-01,2025-01-16,7.73,28,216.44
2434,2025-01,2025-01-17,8.23,28,230.44
2434,2025-01,2025-01-20,7.92,28,221.76
2434,2025-01,2025-01-21,7.67,28,214.76
2434,2025-01,2025-01-22,9.15,28,256.2
2434,2025-01,2025-01-23,8.9,28,249.2
2434,2025-01,2025-01-24,7.85,28,219.8
2434,2025-01,2025-01-26,7.87,28,220.36
2434,2025-01,2025-01-27,9.22,28,258.16
2434,2025-01,2025-01-28,8.2,28,229.6
2434,2025-01,2025-01-29,8.23,28,230.44
2434,2025-01,2025-01-30,7.6,28,212.8
2434,2025-01,2025-01-31,8.38,28,234.64
2434,2025-01,2025-02-01,8.52,28,238.56
2434,2025-01,2025-02-03,9.47,28,265.16
2434,2025-01,2025-02-04,9.08,28,254.24
2434,2025-01,2025-02-05,9.15,28,256.2
2434,2025-01,2025-02-06,8.83,28,247.24
2434,2025-01,2025-02-07,8.78,28,245.84
2434,2025-01,2025-02-10,8.7,28,243.6
2434,2025-01,2025-02-11,8.87,28,248.36
2434,2025-01,2025-02-12,8.5,28,238.0
2434,2025-01,2025-02-13,9.53,28,266.84
2434,2025-01,2025-02-14,8.83,28,247.24
2434,2025-01,2025-02-15,7.58,28,212.24
2434,2025-01,2025-02-17,8.28,28,231.84
2434,2025-01,2025-02-18,9.8,28,274.4
2434,2025-01,2025-02-19,8.28,28,231.84
2434,2025-01,2025-02-20,7.62,28,213.36
2434,2025-01,2025-02-21,8.22,28,230.16
2434,2025-01,2025-02-24,8.18,28,229.04
2434,2025-01,2025-02-25,9.85,28,275.8
2434,2025-01,2025-02-26,8.88,28,248.64
2434,2025-01,2025-02-27,8.05,28,225.4
2434,2025-01,2025-02-28,9.3,28,260.4
2441,2025-01,2025-01-01,8.57,32,274.24
2441,2025-01,2025-01-02,8.07,32,258.24
2441,2025-01,2025-01-03,8.02,32,256.64
2441,2025-01,2025-01-04,8.5,32,272.0
2441,2025-01,2025-01-06,8.12,32,259.84
2441,2025-01,2025-01-07,9.15,32,292.8
2441,2025-01,2025-01-08,9.73,32,311.36
2441,2025-01,2025-01-09,9.8,32,313.6
2441,2025-01,2025-01-10,8.1,32,259.2
2441,2025-01,2025-01-13,9.38,32,300.16
2441,2025-01,2025-01-14,9.73,32,311.36
2441,2025-01,2025-01-15,7.82,32,250.24
2441,2025-01,2025-01-16,8.42,32,269.44
2441,2025-01,2025-01-17,9.42,32,301.44
2441,2025-01,2025-01-18,7.87,32,251.84
2441,2025-01,2025-01-19,9.32,32,298.24
2441,2025-01,2025-01-20,8.63,32,276.16
2441,2025-01,2025-01-21,9.97,32,319.04
2441,2025-01,2025-01-22,7.8,32,249.6
2441,2025-01,2025-01-23,8.0,32,256.0
2441,2025-01,2025-01-24,9.32,32,298.24
2441,2025-01,2025-01-25,9.32,32,298.24
2441,2025-01,2025-01-27,9.93,32,317.76
2441,2025-01,2025-01-28,9.2,32,294.4
2441,2025-01,2025-01-29,7.92,32,253.44
2441,2025-01,2025-01-30,8.63,32,276.16
2441,2025-01,2025-01-31,8.85,32,283.2
2441,2025-01,2025-02-02,9.05,32,289.6
2441,2025-01,2025-02-03,8.65,32,276.8
2441,2025-01,2025-02-04,9.6,32,307.2
2441,2025-01,2025-02-05,8.67,32,277.44
2441,2025-01,2025-02-06,9.42,32,301.44
2441,2025-01,2025-02-07,9.85,32,315.2
2441,2025-01,2025-02-10,7.97,32,255.04
2441,2025-01,2025-02-11,8.13,32,260.16
2441,2025-01,2025-02-12,7.5,32,240.0
2441,2025-01,2025-02-13,8.78,32,280.96
2441,2025-01,2025-02-14,9.8,32,313.6
2441,2025-01,2025-02-15,8.63,32,276.16
2441,2025-01,2025-02-17,8.78,32,280.96
2441,2025-01,2025-02-18,8.73,32,279.36
2441,2025-01,2025-02-19,9.12,32,291.84
2441,2025-01,2025-02-20,9.07,32,290.24
2441,2025-01,2025-02-21,8.73,32,279.36
2441,2025-01,2025-02-24,8.3,32,265.6
2441,2025-01,2025-02-25,9.72,32,311.04
2441,2025-01,2025-02-26,9.68,32,309.76
2441,2025-01,2025-02-27,9.9,32,316.8
2441,2025-01,2025-02-28,7.77,32,248.64
2457,2025-01,2025-01-01,9.43,28,264.04
2457,2025-01,2025-01-02,8.78,28,245.84
2457,2025-01,2025-01-03,7.97,28,223.16
2457,2025-01,2025-01-06,9.03,28,252.84
2457,2025-01,2025-01-07,8.88,28,248.64
2457,2025-01,2025-01-08,8.03,28,224.84
2457,2025-01,2025-01-09,9.07,28,253.96
2457,2025-01,2025-01-10,9.65,28,270.2
2457,2025-01,2025-01-11,7.92,28,221.76
2457,2025-01,2025-01-13,9.08,28,254.24
2457,2025-01,2025-01-14,9.12,28,255.36
2457,2025-01,2025-01-15,8.25,28,231.0
2457,2025-01,2025-01-16,9.08,28,254.24
2457,2025-01,2025-01-17,10.0,28,280.0
2457,2025-01,2025-01-19,8.97,28,251.16
2457,2025-01,2025-01-20,9.43,28,264.04
2457,2025-01,2025-01-21,7.85,28,219.8
2457,2025-01,2025-01-22,7.68,28,215.04
2457,2025-01,2025-01-23,8.1,28,226.8
2457,2025-01,2025-01-24,8.5,28,238.0
2457,2025-01,2025-01-27,8.95,28,250.6
2457,2025-01,2025-01-28,7.97,28,223.16
2457,2025-01,2025-01-29,8.28,28,231.84
2457,2025-01,2025-01-30,8.33,28,233.24
2457,2025-01,2025-01-31,9.2,28,257.6
2457,2025-01,2025-02-02,8.35,28,233.8
2457,2025-01,2025-02-03,8.83,28,247.24
2457,2025-01,2025-02-04,8.63,28,241.64
2457,2025-01,2025-02-05,9.78,28,273.84
2457,2025-01,2025-02-06,9.0,28,252.0
2457,2025-01,2025-02-07,8.45,28,236.6
2457,2025-01,2025-02-08,8.73,28,244.44
2457,2025-01,2025-02-10,9.03,28,252.84
2457,2025-01,2025-02-11,8.22,28,230.16
2457,2025-01,2025-02-12,8.47,28,237.16
2457,2025-01,2025-02-13,8.35,28,233.8
2457,2025-01,2025-02-14,8.7,28,243.6
2457,2025-01,2025-02-17,9.48,28,265.44
2457,2025-01,2025-02-18,9.8,28,274.4
2457,2025-01,2025-02-19,7.75,28,217.0
2457,2025-01,2025-02-20,7.95,28,222.6
2457,2025-01,2025-02-21,8.8,28,246.4
2457,2025-01,2025-02-24,9.57,28,267.96
2457,2025-01,2025-02-25,9.18,28,257.04
2457,2025-01,2025-02-26,9.02,28,252.56
2457,2025-01,2025-02-27,8.8,28,246.4
2457,2025-01,2025-02-28,9.92,28,277.76
2468,2025-01,2025-01-01,8.25,28,231.0
2468,2025-01,2025-01-02,9.42,28,263.76
2468,2025-01,2025-01-03,9.6,28,268.8
2468,2025-01,2025-01-06,9.7,28,271.6
2468,2025-01,2025-01-07,8.98,28,251.44
2468,2025-01,2025-01-08,8.1,28,226.8
2468,2025-01,2025-01-09,9.22,28,258.16
2468,2025-01,2025-01-10,9.12,28,255.36
2468,2025-01,2025-01-13,9.02,28,252.56
2468,2025-01,2025-01-14,9.22,28,258.16
2468,2025-01,2025-01-15,8.6,28,240.8
2468,2025-01,2025-01-16,8.38,28,234.64
2468,2025-01,2025-01-17,9.35,28,261.8
2468,2025-01,2025-01-19,9.02,28,252.56
2468,2025-01,2025-01-20,8.28,28,231.84
2468,2025-01,2025-01-21,8.37,28,234.36
2468,2025-01,2025-01-22,7.53,28,210.84
2468,2025-01,2025-01-23,8.55,28,239.4
2468,2025-01,2025-01-24,8.93,28,250.04
2468,2025-01,2025-01-27,9.72,28,272.16
2468,2025-01,2025-01-28,8.15,28,228.2
2468,2025-01,2025-01-29,9.1,28,254.8
2468,2025-01,2025-01-30,8.47,28,237.16
2468,2025-01,2025-01-31,9.88,28,276.64
2468,2025-01,2025-02-01,7.53,28,210.84
2468,2025-01,2025-02-03,8.83,28,247.24
2468,2025-01,2025-02-04,7.88,28,220.64
2468,2025-01,2025-02-05,9.88,28,276.64
2468,2025-01,2025-02-06,7.6,28,212.8
2468,2025-01,2025-02-07,9.75,28,273.0
2468,2025-01,2025-02-10,7.97,28,223.16
2468,2025-01,2025-02-11,9.4,28,263.2
2468,2025-01,2025-02-12,9.28,28,259.84
2468,2025-01,2025-02-13,10.0,28,280.0
2468,2025-01,2025-02-14,9.77,28,273.56
2468,2025-01,2025-02-17,7.52,28,210.56
2468,2025-01,2025-02-18,9.9,28,277.2
2468,2025-01,2025-02-19,8.43,28,236.04
2468,2025-01,2025-02-20,8.28,28,231.84
2468,2025-01,2025-02-21,8.27,28,231.56
2468,2025-01,2025-02-23,7.92,28,221.76
2468,2025-01,2025-02-24,8.55,28,239.4
2468,2025-01,2025-02-25,8.1,28,226.8
2468,2025-01,2025-02-26,9.2,28,257.6
2468,2025-01,2025-02-27,8.5,28,238.0
2468,2025-01,2025-02-28,7.75,28,217.0
2492,2025-01,2025-01-01,9.78,38,371.64
2492,2025-01,2025-01-02,7.5,38,285.0
2492,2025-01,2025-01-03,8.25,38,313.5
2492,2025-01,2025-01-04,8.57,38,325.66
2492,2025-01,2025-01-06,8.1,38,307.8
2492,2025-01,2025-01-07,9.15,38,347.7
2492,2025-01,2025-01-08,7.55,38,286.9
2492,2025-01,2025-01-09,8.22,38,312.36
2492,2025-01,2025-01-10,8.03,38,305.14
2492,2025-01,2025-01-13,8.63,38,327.94
2492,2025-01,2025-01-14,8.48,38,322.24
2492,2025-01,2025-01-15,9.42,38,357.96
2492,2025-01,2025-01-16,8.78,38,333.64
2492,2025-01,2025-01-17,8.2,38,311.6
2492,2025-01,2025-01-19,9.42,38,357.96
2492,2025-01,2025-01-20,9.02,38,342.76
2492,2025-01,2025-01-21,9.65,38,366.7
2492,2025-01,2025-01-22,8.12,38,308.56
2492,2025-01,2025-01-23,8.98,38,341.24
2492,2025-01,2025-01-24,8.6,38,326.8
2492,2025-01,2025-01-27,8.62,38,327.56
2492,2025-01,2025-01-28,9.22,38,350.36
2492,2025-01,2025-01-29,7.92,38,300.96
2492,2025-01,2025-01-30,9.65,38,366.7
2492,2025-01,2025-01-31,7.95,38,302.1
2492,2025-01,2025-02-03,8.62,38,327.56
2492,2025-01,2025-02-04,9.77,38,371.26
2492,2025-01,2025-02-05,8.28,38,314.64
2492,2025-01,2025-02-06,9.88,38,375.44
2492,2025-01,2025-02-07,9.98,38,379.24
2492,2025-01,2025-02-08,8.62,38,327.56
2492,2025-01,2025-02-10,8.33,38,316.54
2492,2025-01,2025-02-11,8.0,38,304.0
2492,2025-01,2025-02-12,9.43,38,358.34
2492,2025-01,2025-02-13,8.22,38,312.36
2492,2025-01,2025-02-14,8.6,38,326.8
2492,2025-01,2025-02-17,9.3,38,353.4
2492,2025-01,2025-02-18,9.7,38,368.6
2492,2025-01,2025-02-19,9.47,38,359.86
2492,2025-01,2025-02-20,9.32,38,354.16
2492,2025-01,2025-02-21,8.72,38,331.36
2492,2025-01,2025-02-24,9.25,38,351.5
2492,2025-01,2025-02-25,7.5,38,285.0
2492,2025-01,2025-02-26,9.28,38,352.64
2492,2025-01,2025-02-27,7.5,38,285.0
2492,2025-01,2025-02-28,8.02,38,304.76
2496,2025-01,2025-01-01,7.5,32,240.0
2496,2025-01,2025-01-02,9.8,32,313.6
2496,2025-01,2025-01-03,9.32,32,298.24
2496,2025-01,2025-01-06,8.4,32,268.8
2496,2025-01,2025-01-07,8.6,32,275.2
2496,2025-01,2025-01-08,9.55,32,305.6
2496,2025-01,2025-01-09,10.0,32,320.0
2496,2025-01,2025-01-10,8.9,32,284.8
2496,2025-01,2025-01-13,8.05,32,257.6
2496,2025-01,2025-01-14,7.88,32,252.16
2496,2025-01,2025-01-15,9.55,32,305.6
2496,2025-01,2025-01-16,7.87,32,251.84
2496,2025-01,2025-01-17,7.93,32,253.76
2496,2025-01,2025-01-18,9.57,32,306.24
2496,2025-01,2025-01-20,8.0,32,256.0
2496,2025-01,2025-01-21,9.32,32,298.24
2496,2025-01,2025-01-22,7.85,32,251.2
2496,2025-01,2025-01-23,7.63,32,244.16
2496,2025-01,2025-01-24,9.5,32,304.0
2496,2025-01,2025-01-27,9.68,32,309.76
2496,2025-01,2025-01-28,7.77,32,248.64
2496,2025-01,2025-01-29,8.63,32,276.16
2496,2025-01,2025-01-30,8.48,32,271.36
2496,2025-01,2025-01-31,9.23,32,295.36
2496,2025-01,2025-02-03,8.07,32,258.24
2496,2025-01,2025-02-04,7.78,32,248.96
2496,2025-01,2025-02-05,9.73,32,311.36
2496,2025-01,2025-02-06,9.5,32,304.0
2496,2025-01,2025-02-07,9.28,32,296.96
2496,2025-01,2025-02-10,8.47,32,271.04
2496,2025-01,2025-02-11,9.9,32,316.8
2496,2025-01,2025-02-12,9.22,32,295.04
2496,2025-01,2025-02-13,7.73,32,247.36
2496,2025-01,2025-02-14,7.53,32,240.96
2496,2025-01,2025-02-15,8.9,32,284.8
2496,2025-01,2025-02-17,7.62,32,243.84
2496,2025-01,2025-02-18,9.72,32,311.04
2496,2025-01,2025-02-19,9.77,32,312.64
2496,2025-01,2025-02-20,8.6,32,275.2
2496,2025-01,2025-02-21,8.47,32,271.04
2496,2025-01,2025-02-24,9.05,32,289.6
2496,2025-01,2025-02-25,9.15,32,292.8
2496,2025-01,2025-02-26,8.33,32,266.56
2496,2025-01,2025-02-27,9.85,32,315.2
2496,2025-01,2025-02-28,8.82,32,282.24
2503,2025-01,2025-01-01,9.25,38,351.5
2503,2025-01,2025-01-02,8.27,38,314.26
2503,2025-01,2025-01-03,8.8,38,334.4
2503,2025-01,2025-01-06,7.62,38,289.56
2503,2025-01,2025-01-07,8.42,38,319.96
2503,2025-01,2025-01-08,8.75,38,332.5
2503,2025-01,2025-01-09,9.18,38,348.84
2503,2025-01,2025-01-10,8.02,38,304.76
2503,2025-01,2025-01-13,8.77,38,333.26
2503,2025-01,2025-01-14,7.57,38,287.66
2503,2025-01,2025-01-15,8.85,38,336.3
2503,2025-01,2025-01-16,9.17,38,348.46
2503,2025-01,2025-01-17,8.15,38,309.7
2503,2025-01,2025-01-20,9.05,38,343.9
2503,2025-01,2025-01-21,9.35,38,355.3
2503,2025-01,2025-01-22,8.82,38,335.16
2503,2025-01,2025-01-23,9.08,38,345.04
2503,2025-01,2025-01-24,9.05,38,343.9
2503,2025-01,2025-01-27,7.85,38,298.3
2503,2025-01,2025-01-28,8.25,38,313.5
2503,2025-01,2025-01-29,9.03,38,343.14
2503,2025-01,2025-01-30,7.5,38,285.0
2503,2025-01,2025-01-31,9.17,38,348.46
2503,2025-01,2025-02-03,9.02,38,342.76
2503,2025-01,2025-02-04,7.68,38,291.84
2503,2025-01,2025-02-05,9.1,38,345.8
2503,2025-01,2025-02-06,7.75,38,294.5
2503,2025-01,2025-02-07,7.65,38,290.7
2503,2025-01,2025-02-09,8.22,38,312.36
2503,2025-01,2025-02-10,8.52,38,323.76
2503,2025-01,2025-02-11,9.08,38,345.04
2503,2025-01,2025-02-12,8.3,38,315.4
2503,2025-01,2025-02-13,9.25,38,351.5
2503,2025-01,2025-02-14,8.78,38,333.64
2503,2025-01,2025-02-16,8.35,38,317.3
2503,2025-01,2025-02-17,8.68,38,329.84
2503,2025-01,2025-02-18,7.63,38,289.94
2503,2025-01,2025-02-19,8.95,38,340.1
2503,2025-01,2025-02-20,8.12,38,308.56
2503,2025-01,2025-02-21,7.72,38,293.36
2503,2025-01,2025-02-23,9.03,38,343.14
2503,2025-01,2025-02-24,8.97,38,340.86
2503,2025-01,2025-02-25,9.2,38,349.6
2503,2025-01,2025-02-26,9.48,38,360.24
2503,2025-01,2025-02-27,8.47,38,321.86
2503,2025-01,2025-02-28,9.92,38,376.96
2530,2025-01,2025-01-01,8.82,38,335.16
2530,2025-01,2025-01-02,9.38,38,356.44
2530,2025-01,2025-01-03,9.23,38,350.74
2530,2025-01,2025-01-06,8.18,38,310.84
2530,2025-01,2025-01-07,8.05,38,305.9
2530,2025-01,2025-01-08,8.38,38,318.44
2530,2025-01,2025-01-09,8.98,38,341.24
2530,2025-01,2025-01-10,7.75,38,294.5
2530,2025-01,2025-01-13,7.52,38,285.76
2530,2025-01,2025-01-14,9.2,38,349.6
2530,2025-01,2025-01-15,7.98,38,303.24
2530,2025-01,2025-01-16,9.37,38,356.06
2530,2025-01,2025-01-17,7.85,38,298.3
2530,2025-01,2025-01-20,7.6,38,288.8
2530,2025-01,2025-01-21,9.0,38,342.0
2530,2025-01,2025-01-22,9.48,38,360.24
2530,2025-01,2025-01-23,8.12,38,308.56
2530,2025-01,2025-01-24,7.52,38,285.76
2530,2025-01,2025-01-26,7.65,38,290.7
2530,2025-01,2025-01-27,9.53,38,362.14
2530,2025-01,2025-01-28,9.15,38,347.7
2530,2025-01,2025-01-29,7.9,38,300.2
2530,2025-01,2025-01-30,9.5,38,361.0
2530,2025-01,2025-01-31,8.37,38,318.06
2530,2025-01,2025-02-03,7.8,38,296.4
2530,2025-01,2025-02-04,7.77,38,295.26
2530,2025-01,2025-02-05,9.12,38,346.56
2530,2025-01,2025-02-06,7.93,38,301.34
2530,2025-01,2025-02-07,8.2,38,311.6
2530,2025-01,2025-02-09,8.8,38,334.4
2530,2025-01,2025-02-10,9.55,38,362.9
2530,2025-01,2025-02-11,9.33,38,354.54
2530,2025-01,2025-02-12,9.03,38,343.14
2530,2025-01,2025-02-13,7.65,38,290.7
2530,2025-01,2025-02-14,8.93,38,339.34
2530,2025-01,2025-02-17,9.85,38,374.3
2530,2025-01,2025-02-18,8.45,38,321.1
2530,2025-01,2025-02-19,9.13,38,346.94
2530,2025-01,2025-02-20,8.57,38,325.66
2530,2025-01,2025-02-21,7.6,38,288.8
2530,2025-01,2025-02-22,9.08,38,345.04
2530,2025-01,2025-02-24,8.43,38,320.34
2530,2025-01,2025-02-25,9.98,38,379.24
2530,2025-01,2025-02-26,8.67,38,329.46
2530,2025-01,2025-02-27,9.82,38,373.16
2530,2025-01,2025-02-28,9.73,38,369.74
2545,2025-01,2025-01-01,7.62,32,243.84
2545,2025-01,2025-01-02,9.23,32,295.36
2545,2025-01,2025-01-03,9.22,32,295.04
2545,2025-01,2025-01-04,8.07,32,258.24
2545,2025-01,2025-01-06,7.78,32,248.96
2545,2025-01,2025-01-07,9.95,32,318.4
2545,2025-01,2025-01-08,7.98,32,255.36
2545,2025-01,2025-01-09,7.53,32,240.96
2545,2025-01,2025-01-10,9.1,32,291.2
2545,2025-01,2025-01-13,9.72,32,311.04
2545,2025-01,2025-01-14,9.17,32,293.44
2545,2025-01,2025-01-15,8.73,32,279.36
2545,2025-01,2025-01-16,7.68,32,245.76
2545,2025-01,2025-01-17,8.33,32,266.56
2545,2025-01,2025-01-20,8.15,32,260.8
2545,2025-01,2025-01-21,8.83,32,282.56
2545,2025-01,2025-01-22,9.6,32,307.2
2545,2025-01,2025-01-23,8.1,32,259.2
2545,2025-01,2025-01-24,9.82,32,314.24
2545,2025-01,2025-01-27,9.58,32,306.56
2545,2025-01,2025-01-28,9.52,32,304.64
2545,2025-01,2025-01-29,9.35,32,299.2
2545,2025-01,2025-01-30,7.57,32,242.24
2545,2025-01,2025-01-31,9.97,32,319.04
2545,2025-01,2025-02-01,9.23,32,295.36
2545,2025-01,2025-02-03,9.82,32,314.24
2545,2025-01,2025-02-04,8.37,32,267.84
2545,2025-01,2025-02-05,7.85,32,251.2
2545,2025-01,2025-02-06,9.48,32,303.36
2545,2025-01,2025-02-07,8.67,32,277.44
2545,2025-01,2025-02-10,7.93,32,253.76
2545,2025-01,2025-02-11,8.93,32,285.76
2545,2025-01,2025-02-12,9.43,32,301.76
2545,2025-01,2025-02-13,7.53,32,240.96
2545,2025-01,2025-02-14,9.65,32,308.8
2545,2025-01,2025-02-15,9.63,32,308.16
2545,2025-01,2025-02-17,8.88,32,284.16
2545,2025-01,2025-02-18,7.55,32,241.6
2545,2025-01,2025-02-19,8.47,32,271.04
2545,2025-01,2025-02-20,9.98,32,319.36
2545,2025-01,2025-02-21,8.75,32,280.0
2545,2025-01,2025-02-22,7.75,32,248.0
2545,2025-01,2025-02-24,8.05,32,257.6
2545,2025-01,2025-02-25,7.63,32,244.16
2545,2025-01,2025-02-26,7.8,32,249.6
2545,2025-01,2025-02-27,9.7,32,310.4
2545,2025-01,2025-02-28,9.42,32,301.44
2548,2025-01,2025-01-01,8.28,28,231.84
2548,2025-01,2025-01-02,9.28,28,259.84
2548,2025-01,2025-01-03,9.62,28,269.36
2548,2025-01,2025-01-06,9.68,28,271.04
2548,2025-01,2025-01-07,8.9,28,249.2
2548,2025-01,2025-01-08,9.25,28,259.0
2548,2025-01,2025-01-09,9.7,28,271.6
2548,2025-01,2025-01-10,9.52,28,266.56
2548,2025-01,2025-01-13,8.85,28,247.8
2548,2025-01,2025-01-14,9.62,28,269.36
2548,2025-01,2025-01-15,7.87,28,220.36
2548,2025-01,2025-01-16,9.9,28,277.2
2548,2025-01,2025-01-17,8.67,28,242.76
2548,2025-01,2025-01-20,7.63,28,213.64
2548,2025-01,2025-01-21,8.8,28,246.4
2548,2025-01,2025-01-22,8.13,28,227.64
2548,2025-01,2025-01-23,8.05,28,225.4
2548,2025-01,2025-01-24,8.37,28,234.36
2548,2025-01,2025-01-27,8.03,28,224.84
2548,2025-01,2025-01-28,8.8,28,246.4
2548,2025-01,2025-01-29,9.28,28,259.84
2548,2025-01,2025-01-30,8.73,28,244.44
2548,2025-01,2025-01-31,9.97,28,279.16
2548,2025-01,2025-02-01,8.47,28,237.16
2548,2025-01,2025-02-02,9.12,28,255.36
2548,2025-01,2025-02-03,9.62,28,269.36
2548,2025-01,2025-02-04,9.78,28,273.84
2548,2025-01,2025-02-05,8.83,28,247.24
2548,2025-01,2025-02-06,9.6,28,268.8
2548,2025-01,2025-02-07,8.87,28,248.36
2548,2025-01,2025-02-09,7.73,28,216.44
2548,2025-01,2025-02-10,9.65,28,270.2
2548,2025-01,2025-02-11,9.88,28,276.64
2548,2025-01,2025-02-12,8.7,28,243.6
2548,2025-01,2025-02-13,7.87,28,220.36
2548,2025-01,2025-02-14,8.33,28,233.24
2548,2025-01,2025-02-17,9.53,28,266.84
2548,2025-01,2025-02-18,7.85,28,219.8
2548,2025-01,2025-02-19,8.4,28,235.2
2548,2025-01,2025-02-20,8.28,28,231.84
2548,2025-01,2025-02-21,7.55,28,211.4
2548,2025-01,2025-02-24,7.8,28,218.4
2548,2025-01,2025-02-25,8.12,28,227.36
2548,2025-01,2025-02-26,8.32,28,232.96
2548,2025-01,2025-02-27,9.85,28,275.8
2548,2025-01,2025-02-28,7.53,28,210.84
2548,2025-01,2025-03-01,9.42,28,263.76
2551,2025-01,2025-01-01,9.43,32,301.76
2551,2025-01,2025-01-02,9.8,32,313.6
2551,2025-01,2025-01-03,8.8,32,281.6
2551,2025-01,2025-01-06,8.37,32,267.84
2551,2025-01,2025-01-07,8.25,32,264.0
2551,2025-01,2025-01-08,9.77,32,312.64
2551,2025-01,2025-01-09,8.77,32,280.64
2551,2025-01,2025-01-10,8.3,32,265.6
2551,2025-01,2025-01-12,7.98,32,255.36
2551,2025-01,2025-01-13,7.95,32,254.4
2551,2025-01,2025-01-14,8.62,32,275.84
2551,2025-01,2025-01-15,7.73,32,247.36
2551,2025-01,2025-01-16,7.72,32,247.04
2551,2025-01,2025-01-17,8.22,32,263.04
2551,2025-01,2025-01-18,7.72,32,247.04
2551,2025-01,2025-01-20,8.53,32,272.96
2551,2025-01,2025-01-21,8.37,32,267.84
2551,2025-01,2025-01-22,8.57,32,274.24
2551,2025-01,2025-01-23,7.7,32,246.4
2551,2025-01,2025-01-24,9.4,32,300.8
2551,2025-01,2025-01-26,8.75,32,280.0
2551,2025-01,2025-01-27,9.28,32,296.96
2551,2025-01,2025-01-28,9.98,32,319.36
2551,2025-01,2025-01-29,7.58,32,242.56
2551,2025-01,2025-01-30,8.82,32,282.24
2551,2025-01,2025-01-31,8.42,32,269.44
2551,2025-01,2025-02-03,7.67,32,245.44
2551,2025-01,2025-02-04,9.3,32,297.6
2551,2025-01,2025-02-05,8.52,32,272.64
2551,2025-01,2025-02-06,8.68,32,277.76
2551,2025-01,2025-02-07,7.57,32,242.24
2551,2025-01,2025-02-10,7.9,32,252.8
2551,2025-01,2025-02-11,9.77,32,312.64
2551,2025-01,2025-02-12,7.95,32,254.4
2551,2025-01,2025-02-13,7.63,32,244.16
2551,2025-01,2025-02-14,9.13,32,292.16
2551,2025-01,2025-02-17,9.3,32,297.6
2551,2025-01,2025-02-18,9.22,32,295.04
2551,2025-01,2025-02-19,9.57,32,306.24
2551,2025-01,2025-02-20,7.98,32,255.36
2551,2025-01,2025-02-21,8.75,32,280.0
2551,2025-01,2025-02-23,8.78,32,280.96
2551,2025-01,2025-02-24,9.12,32,291.84
2551,2025-01,2025-02-25,8.35,32,267.2
2551,2025-01,2025-02-26,9.07,32,290.24
2551,2025-01,2025-02-27,9.33,32,298.56
2551,2025-01,2025-02-28,9.93,32,317.76
2551,2025-01,2025-03-01,7.62,32,243.84
2567,2025-01,2025-01-01,7.92,32,253.44
2567,2025-01,2025-01-02,8.33,32,266.56
2567,2025-01,2025-01-03,8.05,32,257.6
2567,2025-01,2025-01-06,9.28,32,296.96
2567,2025-01,2025-01-07,9.27,32,296.64
2567,2025-01,2025-01-08,7.97,32,255.04
2567,2025-01,2025-01-09,8.05,32,257.6
2567,2025-01,2025-01-10,8.42,32,269.44
2567,2025-01,2025-01-13,9.67,32,309.44
2567,2025-01,2025-01-14,9.22,32,295.04
2567,2025-01,2025-01-15,8.92,32,285.44
2567,2025-01,2025-01-16,8.28,32,264.96
2567,2025-01,2025-01-17,8.78,32,280.96
2567,2025-01,2025-01-20,9.73,32,311.36
2567,2025-01,2025-01-21,8.6,32,275.2
2567,2025-01,2025-01-22,8.23,32,263.36
2567,2025-01,2025-01-23,8.8,32,281.6
2567,2025-01,2025-01-24,9.87,32,315.84
2567,2025-01,2025-01-26,8.77,32,280.64
2567,2025-01,2025-01-27,8.32,32,266.24
2567,2025-01,2025-01-28,8.67,32,277.44
2567,2025-01,2025-01-29,9.3,32,297.6
2567,2025-01,2025-01-30,8.13,32,260.16
2567,2025-01,2025-01-31,9.6,32,307.2
2567,2025-01,2025-02-03,7.85,32,251.2
2567,2025-01,2025-02-04,8.55,32,273.6
2567,2025-01,2025-02-05,8.93,32,285.76
2567,2025-01,2025-02-06,8.3,32,265.6
2567,2025-01,2025-02-07,9.68,32,309.76
2567,2025-01,2025-02-10,8.9,32,284.8
2567,2025-01,2025-02-11,9.2,32,294.4
2567,2025-01,2025-02-12,9.93,32,317.76
2567,2025-01,2025-02-13,9.97,32,319.04
2567,2025-01,2025-02-14,9.23,32,295.36
2567,2025-01,2025-02-17,9.48,32,303.36
2567,2025-01,2025-02-18,8.15,32,260.8
2567,2025-01,2025-02-19,9.5,32,304.0
2567,2025-01,2025-02-20,8.38,32,268.16
2567,2025-01,2025-02-21,7.98,32,255.36
2567,2025-01,2025-02-24,8.97,32,287.04
2567,2025-01,2025-02-25,9.17,32,293.44
2567,2025-01,2025-02-26,9.2,32,294.4
2567,2025-01,2025-02-27,8.77,32,280.64
2567,2025-01,2025-02-28,8.8,32,281.6
2570,2025-01,2025-01-01,8.1,28,226.8
2570,2025-01,2025-01-02,7.82,28,218.96
2570,2025-01,2025-01-03,9.3,28,260.4
2570,2025-01,2025-01-04,8.05,28,225.4
2570,2025-01,2025-01-05,9.28,28,259.84
2570,2025-01,2025-01-06,9.35,28,261.8
2570,2025-01,2025-01-07,8.45,28,236.6
2570,2025-01,2025-01-08,8.65,28,242.2
2570,2025-01,2025-01-09,8.6,28,240.8
2570,2025-01,2025-01-10,7.78,28,217.84
2570,2025-01,2025-01-13,10.0,28,280.0
2570,2025-01,2025-01-14,8.83,28,247.24
2570,2025-01,2025-01-15,8.9,28,249.2
2570,2025-01,2025-01-16,8.93,28,250.04
2570,2025-01,2025-01-17,8.25,28,231.0
2570,2025-01,2025-01-20,9.73,28,272.44
2570,2025-01,2025-01-21,8.83,28,247.24
2570,2025-01,2025-01-22,8.32,28,232.96
2570,2025-01,2025-01-23,7.7,28,215.6
2570,2025-01,2025-01-24,7.5,28,210.0
2570,2025-01,2025-01-27,7.62,28,213.36
2570,2025-01,2025-01-28,9.58,28,268.24
2570,2025-01,2025-01-29,8.75,28,245.0
2570,2025-01,2025-01-30,9.83,28,275.24
2570,2025-01,2025-01-31,9.8,28,274.4
2570,2025-01,2025-02-01,7.98,28,223.44
2570,2025-01,2025-02-02,7.52,28,210.56
2570,2025-01,2025-02-03,9.48,28,265.44
2570,2025-01,2025-02-04,9.2,28,257.6
2570,2025-01,2025-02-05,9.67,28,270.76
2570,2025-01,2025-02-06,8.18,28,229.04
2570,2025-01,2025-02-07,7.75,28,217.0
2570,2025-01,2025-02-08,9.28,28,259.84
2570,2025-01,2025-02-10,7.72,28,216.16
2570,2025-01,2025-02-11,9.55,28,267.4
2570,2025-01,2025-02-12,9.32,28,260.96
2570,2025-01,2025-02-13,8.35,28,233.8
2570,2025-01,2025-02-14,9.0,28,252.0
2570,2025-01,2025-02-17,9.42,28,263.76
2570,2025-01,2025-02-18,9.4,28,263.2
2570,2025-01,2025-02-19,7.77,28,217.56
2570,2025-01,2025-02-20,8.55,28,239.4
2570,2025-01,2025-02-21,7.53,28,210.84
2570,2025-01,2025-02-24,10.0,28,280.0
2570,2025-01,2025-02-25,7.65,28,214.2
2570,2025-01,2025-02-26,8.95,28,250.6
2570,2025-01,2025-02-27,8.6,28,240.8
2570,2025-01,2025-02-28,8.43,28,236.04
2585,2025-01,2025-01-01,8.73,28,244.44
2585,2025-01,2025-01-02,8.18,28,229.04
2585,2025-01,2025-01-03,7.83,28,219.24
2585,2025-01,2025-01-06,8.78,28,245.84
2585,2025-01,2025-01-07,9.48,28,265.44
2585,2025-01,2025-01-08,9.1,28,254.8
2585,2025-01,2025-01-09,8.47,28,237.16
2585,2025-01,2025-01-10,8.02,28,224.56
2585,2025-01,2025-01-11,8.93,28,250.04
2585,2025-01,2025-01-13,8.7,28,243.6
2585,2025-01,2025-01-14,8.95,28,250.6
2585,2025-01,2025-01-15,7.75,28,217.0
2585,2025-01,2025-01-16,7.73,28,216.44
2585,2025-01,2025-01-17,8.0,28,224.0
2585,2025-01,2025-01-20,7.63,28,213.64
2585,2025-01,2025-01-21,9.62,28,269.36
2585,2025-01,2025-01-22,8.95,28,250.6
2585,2025-01,2025-01-23,8.6,28,240.8
2585,2025-01,2025-01-24,9.6,28,268.8
2585,2025-01,2025-01-27,9.4,28,263.2
2585,2025-01,2025-01-28,9.9,28,277.2
2585,2025-01,2025-01-29,9.67,28,270.76
2585,2025-01,2025-01-30,8.9,28,249.2
2585,2025-01,2025-01-31,9.88,28,276.64
2585,2025-01,2025-02-03,9.32,28,260.96
2585,2025-01,2025-02-04,7.98,28,223.44
2585,2025-01,2025-02-05,7.75,28,217.0
2585,2025-01,2025-02-06,8.95,28,250.6
2585,2025-01,2025-02-07,8.13,28,227.64
2585,2025-01,2025-02-10,7.85,28,219.8
2585,2025-01,2025-02-11,8.68,28,243.04
2585,2025-01,2025-02-12,8.65,28,242.2
2585,2025-01,2025-02-13,9.18,28,257.04
2585,2025-01,2025-02-14,7.65,28,214.2
2585,2025-01,2025-02-17,9.62,28,269.36
2585,2025-01,2025-02-18,9.97,28,279.16
2585,2025-01,2025-02-19,7.87,28,220.36
2585,2025-01,2025-02-20,9.68,28,271.04
2585,2025-01,2025-02-21,9.55,28,267.4
2585,2025-01,2025-02-22,8.67,28,242.76
2585,2025-01,2025-02-24,8.47,28,237.16
2585,2025-01,2025-02-25,9.23,28,258.44
2585,2025-01,2025-02-26,8.02,28,224.56
2585,2025-01,2025-02-27,8.17,28,228.76
2585,2025-01,2025-02-28,7.65,28,214.2
2598,2025-01,2025-01-01,8.85,28,247.8
2598,2025-01,2025-01-02,8.6,28,240.8
2598,2025-01,2025-01-03,8.23,28,230.44
2598,2025-01,2025-01-06,8.03,28,224.84
2598,2025-01,2025-01-07,9.42,28,263.76
2598,2025-01,2025-01-08,7.57,28,211.96
2598,2025-01,2025-01-09,9.9,28,277.2
2598,2025-01,2025-01-10,7.88,28,220.64
2598,2025-01,2025-01-12,7.73,28,216.44
2598,2025-01,2025-01-13,9.65,28,270.2
2598,2025-01,2025-01-14,9.02,28,252.56
2598,2025-01,2025-01-15,9.35,28,261.8
2598,2025-01,2025-01-16,9.77,28,273.56
2598,2025-01,2025-01-17,8.68,28,243.04
2598,2025-01,2025-01-20,9.97,28,279.16
2598,2025-01,2025-01-21,9.73,28,272.44
2598,2025-01,2025-01-22,8.45,28,236.6
2598,2025-01,2025-01-23,8.13,28,227.64
2598,2025-01,2025-01-24,8.98,28,251.44
2598,2025-01,2025-01-26,9.32,28,260.96
2598,2025-01,2025-01-27,9.85,28,275.8
2598,2025-01,2025-01-28,7.82,28,218.96
2598,2025-01,2025-01-29,8.7,28,243.6
2598,2025-01,2025-01-30,9.42,28,263.76
2598,2025-01,2025-01-31,8.27,28,231.56
2598,2025-01,2025-02-01,8.68,28,243.04
2598,2025-01,2025-02-03,9.88,28,276.64
2598,2025-01,2025-02-04,9.78,28,273.84
2598,2025-01,2025-02-05,9.52,28,266.56
2598,2025-01,2025-02-06,8.87,28,248.36
2598,2025-01,2025-02-07,7.95,28,222.6
2598,2025-01,2025-02-09,8.42,28,235.76
2598,2025-01,2025-02-10,8.93,28,250.04
2598,2025-01,2025-02-11,9.27,28,259.56
2598,2025-01,2025-02-12,9.75,28,273.0
2598,2025-01,2025-02-13,9.9,28,277.2
2598,2025-01,2025-02-14,8.82,28,246.96
2598,2025-01,2025-02-17,8.18,28,229.04
2598,2025-01,2025-02-18,9.13,28,255.64
2598,2025-01,2025-02-19,7.62,28,213.36
2598,2025-01,2025-02-20,8.7,28,243.6
2598,2025-01,2025-02-21,8.25,28,231.0
2598,2025-01,2025-02-24,9.13,28,255.64
2598,2025-01,2025-02-25,8.82,28,246.96
2598,2025-01,2025-02-26,9.68,28,271.04
2598,2025-01,2025-02-27,9.0,28,252.0
2598,2025-01,2025-02-28,8.97,28,251.16
2610,2025-01,2025-01-01,9.55,32,305.6
2610,2025-01,2025-01-02,8.47,32,271.04
2610,2025-01,2025-01-03,7.5,32,240.0
2610,2025-01,2025-01-06,9.95,32,318.4
2610,2025-01,2025-01-07,9.13,32,292.16
2610,2025-01,2025-01-08,8.52,32,272.64
2610,2025-01,2025-01-09,7.92,32,253.44
2610,2025-01,2025-01-10,7.92,32,253.44
2610,2025-01,2025-01-12,9.08,32,290.56
2610,2025-01,2025-01-13,9.23,32,295.36
2610,2025-01,2025-01-14,7.88,32,252.16
2610,2025-01,2025-01-15,9.12,32,291.84
2610,2025-01,2025-01-16,9.75,32,312.0
2610,2025-01,2025-01-17,7.77,32,248.64
2610,2025-01,2025-01-20,9.68,32,309.76
2610,2025-01,2025-01-21,9.18,32,293.76
2610,2025-01,2025-01-22,8.87,32,283.84
2610,2025-01,2025-01-23,9.47,32,303.04
2610,2025-01,2025-01-24,8.43,32,269.76
2610,2025-01,2025-01-27,8.25,32,264.0
2610,2025-01,2025-01-28,8.95,32,286.4
2610,2025-01,2025-01-29,8.23,32,263.36
2610,2025-01,2025-01-30,9.8,32,313.6
2610,2025-01,2025-01-31,9.87,32,315.84
2610,2025-01,2025-02-03,8.38,32,268.16
2610,2025-01,2025-02-04,7.85,32,251.2
2610,2025-01,2025-02-05,9.13,32,292.16
2610,2025-01,2025-02-06,7.73,32,247.36
2610,2025-01,2025-02-07,9.48,32,303.36
2610,2025-01,2025-02-10,8.98,32,287.36
2610,2025-01,2025-02-11,9.93,32,317.76
2610,2025-01,2025-02-12,8.13,32,260.16
2610,2025-01,2025-02-13,9.97,32,319.04
2610,2025-01,2025-02-14,9.63,32,308.16
2610,2025-01,2025-02-15,8.72,32,279.04
2610,2025-01,2025-02-17,9.62,32,307.84
2610,2025-01,2025-02-18,8.58,32,274.56
2610,2025-01,2025-02-19,9.32,32,298.24
2610,2025-01,2025-02-20,9.12,32,291.84
2610,2025-01,2025-02-21,8.33,32,266.56
2610,2025-01,2025-02-22,9.83,32,314.56
2610,2025-01,2025-02-24,7.97,32,255.04
2610,2025-01,2025-02-25,7.8,32,249.6
2610,2025-01,2025-02-26,8.7,32,278.4
2610,2025-01,2025-02-27,7.9,32,252.8
2610,2025-01,2025-02-28,9.95,32,318.4
2619,2025-01,2025-01-01,8.37,28,234.36
2619,2025-01,2025-01-02,7.55,28,211.4
2619,2025-01,2025-01-03,10.0,28,280.0
2619,2025-01,2025-01-06,9.1,28,254.8
2619,2025-01,2025-01-07,8.55,28,239.4
2619,2025-01,2025-01-08,8.68,28,243.04
2619,2025-01,2025-01-09,7.67,28,214.76
2619,2025-01,2025-01-10,9.68,28,271.04
2619,2025-01,2025-01-13,9.08,28,254.24
2619,2025-01,2025-01-14,9.6,28,268.8
2619,2025-01,2025-01-15,8.72,28,244.16
2619,2025-01,2025-01-16,8.18,28,229.04
2619,2025-01,2025-01-17,9.7,28,271.6
2619,2025-01,2025-01-20,7.57,28,211.96
2619,2025-01,2025-01-21,9.32,28,260.96
2619,2025-01,2025-01-22,9.1,28,254.8
2619,2025-01,2025-01-23,8.57,28,239.96
2619,2025-01,2025-01-24,9.48,28,265.44
2619,2025-01,2025-01-25,8.83,28,247.24
2619,2025-01,2025-01-26,8.02,28,224.56
2619,2025-01,2025-01-27,9.42,28,263.76
2619,2025-01,2025-01-28,8.23,28,230.44
2619,2025-01,2025-01-29,9.4,28,263.2
2619,2025-01,2025-01-30,9.17,28,256.76
2619,2025-01,2025-01-31,8.32,28,232.96
2619,2025-01,2025-02-01,7.57,28,211.96
2619,2025-01,2025-02-03,9.63,28,269.64
2619,2025-01,2025-02-04,9.72,28,272.16
2619,2025-01,2025-02-05,9.9,28,277.2
2619,2025-01,2025-02-06,7.52,28,210.56
2619,2025-01,2025-02-07,7.5,28,210.0
2619,2025-01,2025-02-08,8.42,28,235.76
2619,2025-01,2025-02-10,8.7,28,243.6
2619,2025-01,2025-02-11,8.1,28,226.8
2619,2025-01,2025-02-12,8.93,28,250.04
2619,2025-01,2025-02-13,9.83,28,275.24
2619,2025-01,2025-02-14,7.6,28,212.8
2619,2025-01,2025-02-15,8.48,28,237.44
2619,2025-01,2025-02-17,8.53,28,238.84
2619,2025-01,2025-02-18,8.3,28,232.4
2619,2025-01,2025-02-19,9.72,28,272.16
2619,2025-01,2025-02-20,9.23,28,258.44
2619,2025-01,2025-02-21,9.78,28,273.84
2619,2025-01,2025-02-22,8.18,28,229.04
2619,2025-01,2025-02-23,7.58,28,212.24
2619,2025-01,2025-02-24,8.83,28,247.24
2619,2025-01,2025-02-25,8.63,28,241.64
2619,2025-01,2025-02-26,8.07,28,225.96
2619,2025-01,2025-02-27,7.77,28,217.56
2619,2025-01,2025-02-28,8.7,28,243.6
2634,2025-01,2025-01-01,9.08,32,290.56
2634,2025-01,2025-01-02,8.65,32,276.8
2634,2025-01,2025-01-03,8.22,32,263.04
2634,2025-01,2025-01-06,8.73,32,279.36
2634,2025-01,2025-01-07,9.05,32,289.6
2634,2025-01,2025-01-08,8.17,32,261.44
2634,2025-01,2025-01-09,9.52,32,304.64
2634,2025-01,2025-01-10,8.47,32,271.04
2634,2025-01,2025-01-13,9.85,32,315.2
2634,2025-01,2025-01-14,8.97,32,287.04
2634,2025-01,2025-01-15,9.92,32,317.44
2634,2025-01,2025-01-16,7.87,32,251.84
2634,2025-01,2025-01-17,8.47,32,271.04
2634,2025-01,2025-01-19,8.48,32,271.36
2634,2025-01,2025-01-20,9.82,32,314.24
2634,2025-01,2025-01-21,8.62,32,275.84
2634,2025-01,2025-01-22,9.18,32,293.76
2634,2025-01,2025-01-23,8.45,32,270.4
2634,2025-01,2025-01-24,7.85,32,251.2
2634,2025-01,2025-01-25,7.53,32,240.96
2634,2025-01,2025-01-27,8.47,32,271.04
2634,2025-01,2025-01-28,7.9,32,252.8
2634,2025-01,2025-01-29,9.43,32,301.76
2634,2025-01,2025-01-30,10.0,32,320.0
2634,2025-01,2025-01-31,9.63,32,308.16
2634,2025-01,2025-02-03,9.55,32,305.6
2634,2025-01,2025-02-04,7.83,32,250.56
2634,2025-01,2025-02-05,8.43,32,269.76
2634,2025-01,2025-02-06,9.23,32,295.36
2634,2025-01,2025-02-07,8.12,32,259.84
2634,2025-01,2025-02-10,8.27,32,264.64
2634,2025-01,2025-02-11,7.82,32,250.24
2634,2025-01,2025-02-12,7.58,32,242.56
2634,2025-01,2025-02-13,8.0,32,256.0
2634,2025-01,2025-02-14,9.0,32,288.0
2634,2025-01,2025-02-15,8.88,32,284.16
2634,2025-01,2025-02-17,8.62,32,275.84
2634,2025-01,2025-02-18,8.47,32,271.04
2634,2025-01,2025-02-19,9.38,32,300.16
2634,2025-01,2025-02-20,7.68,32,245.76
2634,2025-01,2025-02-21,9.75,32,312.0
2634,2025-01,2025-02-24,7.9,32,252.8
2634,2025-01,2025-02-25,9.55,32,305.6
2634,2025-01,2025-02-26,9.7,32,310.4
2634,2025-01,2025-02-27,9.65,32,308.8
2634,2025-01,2025-02-28,9.62,32,307.84
2636,2025-01,2025-01-01,7.97,32,255.04
2636,2025-01,2025-01-02,8.32,32,266.24
2636,2025-01,2025-01-03,7.85,32,251.2
2636,2025-01,2025-01-06,9.55,32,305.6
2636,2025-01,2025-01-07,8.58,32,274.56
2636,2025-01,2025-01-08,7.8,32,249.6
2636,2025-01,2025-01-09,9.43,32,301.76
2636,2025-01,2025-01-10,8.9,32,284.8
2636,2025-01,2025-01-11,8.65,32,276.8
2636,2025-01,2025-01-13,9.03,32,288.96
2636,2025-01,2025-01-14,8.3,32,265.6
2636,2025-01,2025-01-15,9.13,32,292.16
2636,2025-01,2025-01-16,7.55,32,241.6
2636,2025-01,2025-01-17,7.68,32,245.76
2636,2025-01,2025-01-20,7.63,32,244.16
2636,2025-01,2025-01-21,9.73,32,311.36
2636,2025-01,2025-01-22,7.87,32,251.84
2636,2025-01,2025-01-23,7.67,32,245.44
2636,2025-01,2025-01-24,8.8,32,281.6
2636,2025-01,2025-01-27,9.62,32,307.84
2636,2025-01,2025-01-28,8.47,32,271.04
2636,2025-01,2025-01-29,9.77,32,312.64
2636,2025-01,2025-01-30,7.73,32,247.36
2636,2025-01,2025-01-31,7.65,32,244.8
2636,2025-01,2025-02-02,7.87,32,251.84
2636,2025-01,2025-02-03,7.58,32,242.56
2636,2025-01,2025-02-04,8.97,32,287.04
2636,2025-01,2025-02-05,8.1,32,259.2
2636,2025-01,2025-02-06,9.13,32,292.16
2636,2025-01,2025-02-07,7.52,32,240.64
2636,2025-01,2025-02-10,8.72,32,279.04
2636,2025-01,2025-02-11,8.03,32,256.96
2636,2025-01,2025-02-12,8.07,32,258.24
2636,2025-01,2025-02-13,7.73,32,247.36
2636,2025-01,2025-02-14,7.87,32,251.84
2636,2025-01,2025-02-17,8.87,32,283.84
2636,2025-01,2025-02-18,8.85,32,283.2
2636,2025-01,2025-02-19,8.9,32,284.8
2636,2025-01,2025-02-20,8.92,32,285.44
2636,2025-01,2025-02-21,9.9,32,316.8
2636,2025-01,2025-02-22,8.85,32,283.2
2636,2025-01,2025-02-23,9.53,32,304.96
2636,2025-01,2025-02-24,9.15,32,292.8
2636,2025-01,2025-02-25,8.73,32,279.36
2636,2025-01,2025-02-26,8.45,32,270.4
2636,2025-01,2025-02-27,8.13,32,260.16
2636,2025-01,2025-02-28,9.6,32,307.2
2640,2025-01,2025-01-01,8.03,32,256.96
2640,2025-01,2025-01-02,9.85,32,315.2
2640,2025-01,2025-01-03,9.88,32,316.16
2640,2025-01,2025-01-06,9.08,32,290.56
2640,2025-01,2025-01-07,7.87,32,251.84
2640,2025-01,2025-01-08,9.23,32,295.36
2640,2025-01,2025-01-09,8.6,32,275.2
2640,2025-01,2025-01-10,8.52,32,272.64
2640,2025-01,2025-01-13,9.77,32,312.64
2640,2025-01,2025-01-14,9.5,32,304.0
2640,2025-01,2025-01-15,9.4,32,300.8
2640,2025-01,2025-01-16,9.12,32,291.84
2640,2025-01,2025-01-17,8.55,32,273.6
2640,2025-01,2025-01-20,7.98,32,255.36
2640,2025-01,2025-01-21,9.88,32,316.16
2640,2025-01,2025-01-22,7.55,32,241.6
2640,2025-01,2025-01-23,8.78,32,280.96
2640,2025-01,2025-01-24,9.62,32,307.84
2640,2025-01,2025-01-27,7.67,32,245.44
2640,2025-01,2025-01-28,9.47,32,303.04
2640,2025-01,2025-01-29,8.72,32,279.04
2640,2025-01,2025-01-30,8.23,32,263.36
2640,2025-01,2025-01-31,9.45,32,302.4
2640,2025-01,2025-02-03,9.73,32,311.36
2640,2025-01,2025-02-04,9.17,32,293.44
2640,2025-01,2025-02-05,9.82,32,314.24
2640,2025-01,2025-02-06,7.75,32,248.0
2640,2025-01,2025-02-07,9.43,32,301.76
2640,2025-01,2025-02-10,7.68,32,245.76
2640,2025-01,2025-02-11,9.17,32,293.44
2640,2025-01,2025-02-12,9.68,32,309.76
2640,2025-01,2025-02-13,9.32,32,298.24
2640,2025-01,2025-02-14,9.95,32,318.4
2640,2025-01,2025-02-17,7.55,32,241.6
2640,2025-01,2025-02-18,8.75,32,280.0
2640,2025-01,2025-02-19,9.58,32,306.56
2640,2025-01,2025-02-20,7.97,32,255.04
2640,2025-01,2025-02-21,9.78,32,312.96
2640,2025-01,2025-02-24,9.35,32,299.2
2640,2025-01,2025-02-25,9.27,32,296.64
2640,2025-01,2025-02-26,8.8,32,281.6
2640,2025-01,2025-02-27,8.5,32,272.0
2640,2025-01,2025-02-28,7.75,32,248.0
2643,2025-01,2025-01-01,8.12,28,227.36
2643,2025-01,2025-01-02,7.67,28,214.76
2643,2025-01,2025-01-03,9.47,28,265.16
2643,2025-01,2025-01-06,9.3,28,260.4
2643,2025-01,2025-01-07,8.02,28,224.56
2643,2025-01,2025-01-08,7.9,28,221.2
2643,2025-01,2025-01-09,8.62,28,241.36
2643,2025-01,2025-01-10,10.0,28,280.0
2643,2025-01,2025-01-13,8.25,28,231.0
2643,2025-01,2025-01-14,9.9,28,277.2
2643,2025-01,2025-01-15,8.23,28,230.44
2643,2025-01,2025-01-16,7.72,28,216.16
2643,2025-01,2025-01-17,9.98,28,279.44
2643,2025-01,2025-01-20,8.48,28,237.44
2643,2025-01,2025-01-21,9.05,28,253.4
2643,2025-01,2025-01-22,9.47,28,265.16
2643,2025-01,2025-01-23,9.02,28,252.56
2643,2025-01,2025-01-24,9.35,28,261.8
2643,2025-01,2025-01-27,8.13,28,227.64
2643,2025-01,2025-01-28,8.72,28,244.16
2643,2025-01,2025-01-29,8.58,28,240.24
2643,2025-01,2025-01-30,8.67,28,242.76
2643,2025-01,2025-01-31,7.87,28,220.36
2643,2025-01,2025-02-03,7.75,28,217.0
2643,2025-01,2025-02-04,8.55,28,239.4
2643,2025-01,2025-02-05,9.47,28,265.16
2643,2025-01,2025-02-06,7.87,28,220.36
2643,2025-01,2025-02-07,9.7,28,271.6
2643,2025-01,2025-02-10,9.13,28,255.64
2643,2025-01,2025-02-11,9.47,28,265.16
2643,2025-01,2025-02-12,8.45,28,236.6
2643,2025-01,2025-02-13,9.03,28,252.84
2643,2025-01,2025-02-14,7.83,28,219.24
2643,2025-01,2025-02-17,9.07,28,253.96
2643,2025-01,2025-02-18,8.53,28,238.84
2643,2025-01,2025-02-19,8.53,28,238.84
2643,2025-01,2025-02-20,9.37,28,262.36
2643,2025-01,2025-02-21,9.8,28,274.4
2643,2025-01,2025-02-24,7.62,28,213.36
2643,2025-01,2025-02-25,8.6,28,240.8
2643,2025-01,2025-02-26,7.97,28,223.16
2643,2025-01,2025-02-27,8.75,28,245.0
2643,2025-01,2025-02-28,8.88,28,248.64
2643,2025-01,2025-03-01,8.17,28,228.76
2645,2025-01,2025-01-01,7.65,38,290.7
2645,2025-01,2025-01-02,9.65,38,366.7
2645,2025-01,2025-01-03,10.0,38,380.0
2645,2025-01,2025-01-05,8.55,38,324.9
2645,2025-01,2025-01-06,8.95,38,340.1
2645,2025-01,2025-01-07,7.53,38,286.14
2645,2025-01,2025-01-08,8.08,38,307.04
2645,2025-01,2025-01-09,9.37,38,356.06
2645,2025-01,2025-01-10,9.92,38,376.96
2645,2025-01,2025-01-12,8.42,38,319.96
2645,2025-01,2025-01-13,7.82,38,297.16
2645,2025-01,2025-01-14,9.37,38,356.06
2645,2025-01,2025-01-15,8.42,38,319.96
2645,2025-01,2025-01-16,8.8,38,334.4
2645,2025-01,2025-01-17,9.68,38,367.84
2645,2025-01,2025-01-20,9.73,38,369.74
2645,2025-01,2025-01-21,7.97,38,302.86
2645,2025-01,2025-01-22,9.25,38,351.5
2645,2025-01,2025-01-23,8.67,38,329.46
2645,2025-01,2025-01-24,8.38,38,318.44
2645,2025-01,2025-01-25,7.68,38,291.84
2645,2025-01,2025-01-27,9.3,38,353.4
2645,2025-01,2025-01-28,8.6,38,326.8
2645,2025-01,2025-01-29,7.98,38,303.24
2645,2025-01,2025-01-30,8.68,38,329.84
2645,2025-01,2025-01-31,9.23,38,350.74
2645,2025-01,2025-02-01,8.12,38,308.56
2645,2025-01,2025-02-03,8.57,38,325.66
2645,2025-01,2025-02-04,9.47,38,359.86
2645,2025-01,2025-02-05,9.37,38,356.06
2645,2025-01,2025-02-06,9.77,38,371.26
2645,2025-01,2025-02-07,7.73,38,293.74
2645,2025-01,2025-02-10,7.78,38,295.64
2645,2025-01,2025-02-11,9.1,38,345.8
2645,2025-01,2025-02-12,7.98,38,303.24
2645,2025-01,2025-02-13,7.78,38,295.64
2645,2025-01,2025-02-14,8.3,38,315.4
2645,2025-01,2025-02-17,7.93,38,301.34
2645,2025-01,2025-02-18,9.23,38,350.74
2645,2025-01,2025-02-19,7.75,38,294.5
2645,2025-01,2025-02-20,9.27,38,352.26
2645,2025-01,2025-02-21,9.37,38,356.06
2645,2025-01,2025-02-22,9.08,38,345.04
2645,2025-01,2025-02-24,8.7,38,330.6
2645,2025-01,2025-02-25,8.33,38,316.54
2645,2025-01,2025-02-26,9.65,38,366.7
2645,2025-01,2025-02-27,9.18,38,348.84
2645,2025-01,2025-02-28,7.87,38,299.06
2646,2025-01,2025-01-01,8.53,28,238.84
2646,2025-01,2025-01-02,7.62,28,213.36
2646,2025-01,2025-01-03,9.25,28,259.0
2646,2025-01,2025-01-05,9.43,28,264.04
2646,2025-01,2025-01-06,9.67,28,270.76
2646,2025-01,2025-01-07,8.65,28,242.2
2646,2025-01,2025-01-08,9.92,28,277.76
2646,2025-01,2025-01-09,9.53,28,266.84
2646,2025-01,2025-01-10,8.95,28,250.6
2646,2025-01,2025-01-13,7.57,28,211.96
2646,2025-01,2025-01-14,9.28,28,259.84
2646,2025-01,2025-01-15,9.8,28,274.4
2646,2025-01,2025-01-16,8.13,28,227.64
2646,2025-01,2025-01-17,8.95,28,250.6
2646,2025-01,2025-01-20,9.45,28,264.6
2646,2025-01,2025-01-21,7.83,28,219.24
2646,2025-01,2025-01-22,8.33,28,233.24
2646,2025-01,2025-01-23,9.12,28,255.36
2646,2025-01,2025-01-24,8.15,28,228.2
2646,2025-01,2025-01-26,8.45,28,236.6
2646,2025-01,2025-01-27,8.28,28,231.84
2646,2025-01,2025-01-28,8.65,28,242.2
2646,2025-01,2025-01-29,8.85,28,247.8
2646,2025-01,2025-01-30,7.7,28,215.6
2646,2025-01,2025-01-31,7.73,28,216.44
2646,2025-01,2025-02-03,7.7,28,215.6
2646,2025-01,2025-02-04,8.8,28,246.4
2646,2025-01,2025-02-05,9.15,28,256.2
2646,2025-01,2025-02-06,8.85,28,247.8
2646,2025-01,2025-02-07,9.52,28,266.56
2646,2025-01,2025-02-08,9.32,28,260.96
2646,2025-01,2025-02-09,8.42,28,235.76
2646,2025-01,2025-02-10,9.33,28,261.24
2646,2025-01,2025-02-11,9.25,28,259.0
2646,2025-01,2025-02-12,7.92,28,221.76
2646,2025-01,2025-02-13,8.7,28,243.6
2646,2025-01,2025-02-14,8.58,28,240.24
2646,2025-01,2025-02-16,7.83,28,219.24
2646,2025-01,2025-02-17,8.48,28,237.44
2646,2025-01,2025-02-18,8.8,28,246.4
2646,2025-01,2025-02-19,7.53,28,210.84
2646,2025-01,2025-02-20,9.67,28,270.76
2646,2025-01,2025-02-21,9.68,28,271.04
2646,2025-01,2025-02-24,9.25,28,259.0
2646,2025-01,2025-02-25,9.05,28,253.4
2646,2025-01,2025-02-26,8.27,28,231.56
2646,2025-01,2025-02-27,9.37,28,262.36
2646,2025-01,2025-02-28,7.85,28,219.8
2646,2025-01,2025-03-01,8.63,28,241.64
2657,2025-01,2025-01-01,9.22,32,295.04
2657,2025-01,2025-01-02,9.47,32,303.04
2657,2025-01,2025-01-03,8.83,32,282.56
2657,2025-01,2025-01-04,9.15,32,292.8
2657,2025-01,2025-01-06,8.35,32,267.2
2657,2025-01,2025-01-07,7.78,32,248.96
2657,2025-01,2025-01-08,7.63,32,244.16
2657,2025-01,2025-01-09,9.47,32,303.04
2657,2025-01,2025-01-10,9.83,32,314.56
2657,2025-01,2025-01-11,9.32,32,298.24
2657,2025-01,2025-01-12,8.1,32,259.2
2657,2025-01,2025-01-13,8.85,32,283.2
2657,2025-01,2025-01-14,7.53,32,240.96
2657,2025-01,2025-01-15,9.83,32,314.56
2657,2025-01,2025-01-16,8.9,32,284.8
2657,2025-01,2025-01-17,9.13,32,292.16
2657,2025-01,2025-01-20,8.82,32,282.24
2657,2025-01,2025-01-21,9.67,32,309.44
2657,2025-01,2025-01-22,9.48,32,303.36
2657,2025-01,2025-01-23,9.73,32,311.36
2657,2025-01,2025-01-24,9.92,32,317.44
2657,2025-01,2025-01-27,9.35,32,299.2
2657,2025-01,2025-01-28,9.03,32,288.96
2657,2025-01,2025-01-29,8.9,32,284.8
2657,2025-01,2025-01-30,7.9,32,252.8
2657,2025-01,2025-01-31,8.37,32,267.84
2657,2025-01,2025-02-01,9.87,32,315.84
2657,2025-01,2025-02-02,8.07,32,258.24
2657,2025-01,2025-02-03,8.72,32,279.04
2657,2025-01,2025-02-04,8.15,32,260.8
2657,2025-01,2025-02-05,7.67,32,245.44
2657,2025-01,2025-02-06,9.28,32,296.96
2657,2025-01,2025-02-07,8.33,32,266.56
2657,2025-01,2025-02-10,8.83,32,282.56
2657,2025-01,2025-02-11,9.08,32,290.56
2657,2025-01,2025-02-12,8.83,32,282.56
2657,2025-01,2025-02-13,8.82,32,282.24
2657,2025-01,2025-02-14,8.6,32,275.2
2657,2025-01,2025-02-15,8.73,32,279.36
2657,2025-01,2025-02-17,8.35,32,267.2
2657,2025-01,2025-02-18,8.42,32,269.44
2657,2025-01,2025-02-19,7.82,32,250.24
2657,2025-01,2025-02-20,8.35,32,267.2
2657,2025-01,2025-02-21,8.47,32,271.04
2657,2025-01,2025-02-24,8.67,32,277.44
2657,2025-01,2025-02-25,8.35,32,267.2
2657,2025-01,2025-02-26,10.0,32,320.0
2657,2025-01,2025-02-27,7.68,32,245.76
2657,2025-01,2025-02-28,9.65,32,308.8
2665,2025-01,2025-01-01,9.85,28,275.8
2665,2025-01,2025-01-02,9.62,28,269.36
2665,2025-01,2025-01-03,8.42,28,235.76
2665,2025-01,2025-01-06,8.32,28,232.96
2665,2025-01,2025-01-07,8.6,28,240.8
2665,2025-01,2025-01-08,7.93,28,222.04
2665,2025-01,2025-01-09,7.7,28,215.6
2665,2025-01,2025-01-10,8.22,28,230.16
2665,2025-01,2025-01-13,8.82,28,246.96
2665,2025-01,2025-01-14,9.17,28,256.76
2665,2025-01,2025-01-15,9.72,28,272.16
2665,2025-01,2025-01-16,8.55,28,239.4
2665,2025-01,2025-01-17,9.65,28,270.2
2665,2025-01,2025-01-18,8.65,28,242.2
2665,2025-01,2025-01-20,8.65,28,242.2
2665,2025-01,2025-01-21,8.83,28,247.24
2665,2025-01,2025-01-22,9.77,28,273.56
2665,2025-01,2025-01-23,9.67,28,270.76
2665,2025-01,2025-01-24,8.83,28,247.24
2665,2025-01,2025-01-27,9.82,28,274.96
2665,2025-01,2025-01-28,8.28,28,231.84
2665,2025-01,2025-01-29,9.77,28,273.56
2665,2025-01,2025-01-30,9.65,28,270.2
2665,2025-01,2025-01-31,8.9,28,249.2
2665,2025-01,2025-02-03,7.68,28,215.04
2665,2025-01,2025-02-04,9.2,28,257.6
2665,2025-01,2025-02-05,9.45,28,264.6
2665,2025-01,2025-02-06,9.27,28,259.56
2665,2025-01,2025-02-07,9.8,28,274.4
2665,2025-01,2025-02-08,8.88,28,248.64
2665,2025-01,2025-02-10,9.98,28,279.44
2665,2025-01,2025-02-11,8.48,28,237.44
2665,2025-01,2025-02-12,9.03,28,252.84
2665,2025-01,2025-02-13,8.68,28,243.04
2665,2025-01,2025-02-14,7.85,28,219.8
2665,2025-01,2025-02-17,9.77,28,273.56
2665,2025-01,2025-02-18,8.2,28,229.6
2665,2025-01,2025-02-19,8.78,28,245.84
2665,2025-01,2025-02-20,8.13,28,227.64
2665,2025-01,2025-02-21,8.93,28,250.04
2665,2025-01,2025-02-23,8.28,28,231.84
2665,2025-01,2025-02-24,8.75,28,245.0
2665,2025-01,2025-02-25,9.62,28,269.36
2665,2025-01,2025-02-26,7.8,28,218.4
2665,2025-01,2025-02-27,7.6,28,212.8
2665,2025-01,2025-02-28,8.65,28,242.2
2666,2025-01,2025-01-01,9.0,38,342.0
2666,2025-01,2025-01-02,8.35,38,317.3
2666,2025-01,2025-01-03,7.88,38,299.44
2666,2025-01,2025-01-04,8.13,38,308.94
2666,2025-01,2025-01-06,7.85,38,298.3
2666,2025-01,2025-01-07,7.8,38,296.4
2666,2025-01,2025-01-08,9.22,38,350.36
2666,2025-01,2025-01-09,9.07,38,344.66
2666,2025-01,2025-01-10,9.85,38,374.3
2666,2025-01,2025-01-11,9.97,38,378.86
2666,2025-01,2025-01-12,8.27,38,314.26
2666,2025-01,2025-01-13,7.65,38,290.7
2666,2025-01,2025-01-14,8.95,38,340.1
2666,2025-01,2025-01-15,7.63,38,289.94
2666,2025-01,2025-01-16,9.72,38,369.36
2666,2025-01,2025-01-17,9.52,38,361.76
2666,2025-01,2025-01-20,7.93,38,301.34
2666,2025-01,2025-01-21,8.85,38,336.3
2666,2025-01,2025-01-22,9.02,38,342.76
2666,2025-01,2025-01-23,9.9,38,376.2
2666,2025-01,2025-01-24,9.27,38,352.26
2666,2025-01,2025-01-27,8.53,38,324.14
2666,2025-01,2025-01-28,7.78,38,295.64
2666,2025-01,2025-01-29,9.87,38,375.06
2666,2025-01,2025-01-30,9.77,38,371.26
2666,2025-01,2025-01-31,8.48,38,322.24
2666,2025-01,2025-02-03,8.78,38,333.64
2666,2025-01,2025-02-04,7.7,38,292.6
2666,2025-01,2025-02-05,9.6,38,364.8
2666,2025-01,2025-02-06,9.72,38,369.36
2666,2025-01,2025-02-07,9.25,38,351.5
2666,2025-01,2025-02-09,7.78,38,295.64
2666,2025-01,2025-02-10,7.92,38,300.96
2666,2025-01,2025-02-11,8.1,38,307.8
2666,2025-01,2025-02-12,9.58,38,364.04
2666,2025-01,2025-02-13,9.28,38,352.64
2666,2025-01,2025-02-14,9.88,38,375.44
2666,2025-01,2025-02-16,9.55,38,362.9
2666,2025-01,2025-02-17,7.72,38,293.36
2666,2025-01,2025-02-18,7.85,38,298.3
2666,2025-01,2025-02-19,9.73,38,369.74
2666,2025-01,2025-02-20,9.65,38,366.7
2666,2025-01,2025-02-21,7.72,38,293.36
2666,2025-01,2025-02-24,8.62,38,327.56
2666,2025-01,2025-02-25,8.67,38,329.46
2666,2025-01,2025-02-26,9.27,38,352.26
2666,2025-01,2025-02-27,9.87,38,375.06
2666,2025-01,2025-02-28,9.98,38,379.24
2674,2025-01,2025-01-01,9.83,28,275.24
2674,2025-01,2025-01-02,7.68,28,215.04
2674,2025-01,2025-01-03,8.62,28,241.36
2674,2025-01,2025-01-06,8.15,28,228.2
2674,2025-01,2025-01-07,7.68,28,215.04
2674,2025-01,2025-01-08,7.55,28,211.4
2674,2025-01,2025-01-09,9.4,28,263.2
2674,2025-01,2025-01-10,7.78,28,217.84
2674,2025-01,2025-01-13,7.77,28,217.56
2674,2025-01,2025-01-14,8.67,28,242.76
2674,2025-01,2025-01-15,8.42,28,235.76
2674,2025-01,2025-01-16,7.67,28,214.76
2674,2025-01,2025-01-17,9.0,28,252.0
2674,2025-01,2025-01-18,7.92,28,221.76
2674,2025-01,2025-01-19,7.87,28,220.36
2674,2025-01,2025-01-20,9.57,28,267.96
2674,2025-01,2025-01-21,7.77,28,217.56
2674,2025-01,2025-01-22,7.78,28,217.84
2674,2025-01,2025-01-23,9.58,28,268.24
2674,2025-01,2025-01-24,8.15,28,228.2
2674,2025-01,2025-01-26,9.27,28,259.56
2674,2025-01,2025-01-27,9.83,28,275.24
2674,2025-01,2025-01-28,9.32,28,260.96
2674,2025-01,2025-01-29,8.27,28,231.56
2674,2025-01,2025-01-30,7.98,28,223.44
2674,2025-01,2025-01-31,7.87,28,220.36
2674,2025-01,2025-02-03,8.42,28,235.76
2674,2025-01,2025-02-04,9.37,28,262.36
2674,2025-01,2025-02-05,7.88,28,220.64
2674,2025-01,2025-02-06,9.73,28,272.44
2674,2025-01,2025-02-07,9.47,28,265.16
2674,2025-01,2025-02-08,9.75,28,273.0
2674,2025-01,2025-02-10,8.12,28,227.36
2674,2025-01,2025-02-11,9.42,28,263.76
2674,2025-01,2025-02-12,7.98,28,223.44
2674,2025-01,2025-02-13,7.83,28,219.24
2674,2025-01,2025-02-14,8.23,28,230.44
2674,2025-01,2025-02-17,8.5,28,238.0
2674,2025-01,2025-02-18,9.95,28,278.6
2674,2025-01,2025-02-19,8.33,28,233.24
2674,2025-01,2025-02-20,7.62,28,213.36
2674,2025-01,2025-02-21,9.72,28,272.16
2674,2025-01,2025-02-22,8.77,28,245.56
2674,2025-01,2025-02-24,9.48,28,265.44
2674,2025-01,2025-02-25,9.6,28,268.8
2674,2025-01,2025-02-26,8.02,28,224.56
2674,2025-01,2025-02-27,8.47,28,237.16
2674,2025-01,2025-02-28,9.97,28,279.16
2682,2025-01,2025-01-01,9.52,28,266.56
2682,2025-01,2025-01-02,8.95,28,250.6
2682,2025-01,2025-01-03,7.93,28,222.04
2682,2025-01,2025-01-06,8.73,28,244.44
2682,2025-01,2025-01-07,8.92,28,249.76
2682,2025-01,2025-01-08,8.92,28,249.76
2682,2025-01,2025-01-09,9.35,28,261.8
2682,2025-01,2025-01-10,9.6,28,268.8
2682,2025-01,2025-01-13,8.18,28,229.04
2682,2025-01,2025-01-14,8.65,28,242.2
2682,2025-01,2025-01-15,9.35,28,261.8
2682,2025-01,2025-01-16,9.55,28,267.4
2682,2025-01,2025-01-17,9.47,28,265.16
2682,2025-01,2025-01-20,8.73,28,244.44
2682,2025-01,2025-01-21,9.1,28,254.8
2682,2025-01,2025-01-22,9.3,28,260.4
2682,2025-01,2025-01-23,9.92,28,277.76
2682,2025-01,2025-01-24,9.98,28,279.44
2682,2025-01,2025-01-27,8.82,28,246.96
2682,2025-01,2025-01-28,9.12,28,255.36
2682,2025-01,2025-01-29,8.25,28,231.0
2682,2025-01,2025-01-30,9.4,28,263.2
2682,2025-01,2025-01-31,8.0,28,224.0
2682,2025-01,2025-02-02,9.12,28,255.36
2682,2025-01,2025-02-03,7.9,28,221.2
2682,2025-01,2025-02-04,8.22,28,230.16
2682,2025-01,2025-02-05,9.08,28,254.24
2682,2025-01,2025-02-06,9.5,28,266.0
2682,2025-01,2025-02-07,7.98,28,223.44
2682,2025-01,2025-02-10,8.48,28,237.44
2682,2025-01,2025-02-11,9.47,28,265.16
2682,2025-01,2025-02-12,8.35,28,233.8
2682,2025-01,2025-02-13,9.62,28,269.36
2682,2025-01,2025-02-14,8.97,28,251.16
2682,2025-01,2025-02-17,9.1,28,254.8
2682,2025-01,2025-02-18,9.38,28,262.64
2682,2025-01,2025-02-19,8.57,28,239.96
2682,2025-01,2025-02-20,7.72,28,216.16
2682,2025-01,2025-02-21,9.58,28,268.24
2682,2025-01,2025-02-24,9.53,28,266.84
2682,2025-01,2025-02-25,9.08,28,254.24
2682,2025-01,2025-02-26,9.37,28,262.36
2682,2025-01,2025-02-27,9.08,28,254.24
2682,2025-01,2025-02-28,7.87,28,220.36
2682,2025-01,2025-03-01,8.32,28,232.96
2683,2025-01,2025-01-01,9.6,28,268.8
2683,2025-01,2025-01-02,9.62,28,269.36
2683,2025-01,2025-01-03,8.12,28,227.36
2683,2025-01,2025-01-04,8.33,28,233.24
2683,2025-01,2025-01-06,8.13,28,227.64
2683,2025-01,2025-01-07,8.57,28,239.96
2683,2025-01,2025-01-08,7.57,28,211.96
2683,2025-01,2025-01-09,8.92,28,249.76
2683,2025-01,2025-01-10,7.67,28,214.76
2683,2025-01,2025-01-12,8.02,28,224.56
2683,2025-01,2025-01-13,8.52,28,238.56
2683,2025-01,2025-01-14,9.43,28,264.04
2683,2025-01,2025-01-15,8.15,28,228.2
2683,2025-01,2025-01-16,9.43,28,264.04
2683,2025-01,2025-01-17,7.8,28,218.4
2683,2025-01,2025-01-20,9.75,28,273.0
2683,2025-01,2025-01-21,9.38,28,262.64
2683,2025-01,2025-01-22,9.87,28,276.36
2683,2025-01,2025-01-23,7.97,28,223.16
2683,2025-01,2025-01-24,8.68,28,243.04
2683,2025-01,2025-01-27,8.18,28,229.04
2683,2025-01,2025-01-28,8.63,28,241.64
2683,2025-01,2025-01-29,8.2,28,229.6
2683,2025-01,2025-01-30,8.87,28,248.36
2683,2025-01,2025-01-31,9.27,28,259.56
2683,2025-01,2025-02-01,8.97,28,251.16
2683,2025-01,2025-02-03,9.95,28,278.6
2683,2025-01,2025-02-04,8.65,28,242.2
2683,2025-01,2025-02-05,9.33,28,261.24
2683,2025-01,2025-02-06,8.53,28,238.84
2683,2025-01,2025-02-07,9.73,28,272.44
2683,2025-01,2025-02-10,8.18,28,229.04
2683,2025-01,2025-02-11,9.6,28,268.8
2683,2025-01,2025-02-12,9.48,28,265.44
2683,2025-01,2025-02-13,9.12,28,255.36
2683,2025-01,2025-02-14,9.43,28,264.04
2683,2025-01,2025-02-16,9.38,28,262.64
2683,2025-01,2025-02-17,9.65,28,270.2
2683,2025-01,2025-02-18,9.0,28,252.0
2683,2025-01,2025-02-19,9.22,28,258.16
2683,2025-01,2025-02-20,8.62,28,241.36
2683,2025-01,2025-02-21,8.85,28,247.8
2683,2025-01,2025-02-22,7.8,28,218.4
2683,2025-01,2025-02-24,7.8,28,218.4
2683,2025-01,2025-02-25,9.88,28,276.64
2683,2025-01,2025-02-26,8.8,28,246.4
2683,2025-01,2025-02-27,10.0,28,280.0
2683,2025-01,2025-02-28,8.78,28,245.84
2694,2025-01,2025-01-01,9.15,38,347.7
2694,2025-01,2025-01-02,7.93,38,301.34
2694,2025-01,2025-01-03,9.0,38,342.0
2694,2025-01,2025-01-04,7.6,38,288.8
2694,2025-01,2025-01-06,9.2,38,349.6
2694,2025-01,2025-01-07,9.8,38,372.4
2694,2025-01,2025-01-08,9.08,38,345.04
2694,2025-01,2025-01-09,9.18,38,348.84
2694,2025-01,2025-01-10,9.72,38,369.36
2694,2025-01,2025-01-13,8.75,38,332.5
2694,2025-01,2025-01-14,8.45,38,321.1
2694,2025-01,2025-01-15,8.0,38,304.0
2694,2025-01,2025-01-16,8.15,38,309.7
2694,2025-01,2025-01-17,10.0,38,380.0
2694,2025-01,2025-01-20,8.82,38,335.16
2694,2025-01,2025-01-21,7.65,38,290.7
2694,2025-01,2025-01-22,9.53,38,362.14
2694,2025-01,2025-01-23,9.18,38,348.84
2694,2025-01,2025-01-24,7.98,38,303.24
2694,2025-01,2025-01-27,8.6,38,326.8
2694,2025-01,2025-01-28,9.08,38,345.04
2694,2025-01,2025-01-29,7.68,38,291.84
2694,2025-01,2025-01-30,9.67,38,367.46
2694,2025-01,2025-01-31,8.83,38,335.54
2694,2025-01,2025-02-03,7.57,38,287.66
2694,2025-01,2025-02-04,8.13,38,308.94
2694,2025-01,2025-02-05,9.13,38,346.94
2694,2025-01,2025-02-06,9.82,38,373.16
2694,2025-01,2025-02-07,7.62,38,289.56
2694,2025-01,2025-02-08,9.08,38,345.04
2694,2025-01,2025-02-09,8.78,38,333.64
2694,2025-01,2025-02-10,9.73,38,369.74
2694,2025-01,2025-02-11,9.55,38,362.9
2694,2025-01,2025-02-12,10.0,38,380.0
2694,2025-01,2025-02-13,9.87,38,375.06
2694,2025-01,2025-02-14,9.05,38,343.9
2694,2025-01,2025-02-17,9.63,38,365.94
2694,2025-01,2025-02-18,8.23,38,312.74
2694,2025-01,2025-02-19,7.83,38,297.54
2694,2025-01,2025-02-20,7.6,38,288.8
2694,2025-01,2025-02-21,8.32,38,316.16
2694,2025-01,2025-02-24,9.77,38,371.26
2694,2025-01,2025-02-25,8.52,38,323.76
2694,2025-01,2025-02-26,7.63,38,289.94
2694,2025-01,2025-02-27,7.58,38,288.04
2694,2025-01,2025-02-28,7.92,38,300.96
2694,2025-01,2025-03-01,8.63,38,327.94
2706,2025-01,2025-01-01,8.35,28,233.8
2706,2025-01,2025-01-02,8.7,28,243.6
2706,2025-01,2025-01-03,9.88,28,276.64
2706,2025-01,2025-01-06,9.38,28,262.64
2706,2025-01,2025-01-07,7.83,28,219.24
2706,2025-01,2025-01-08,8.22,28,230.16
2706,2025-01,2025-01-09,8.37,28,234.36
2706,2025-01,2025-01-10,7.57,28,211.96
2706,2025-01,2025-01-12,9.03,28,252.84
2706,2025-01,2025-01-13,9.62,28,269.36
2706,2025-01,2025-01-14,8.58,28,240.24
2706,2025-01,2025-01-15,9.52,28,266.56
2706,2025-01,2025-01-16,9.67,28,270.76
2706,2025-01,2025-01-17,7.97,28,223.16
2706,2025-01,2025-01-20,9.27,28,259.56
2706,2025-01,2025-01-21,8.78,28,245.84
2706,2025-01,2025-01-22,9.7,28,271.6
2706,2025-01,2025-01-23,7.58,28,212.24
2706,2025-01,2025-01-24,8.8,28,246.4
2706,2025-01,2025-01-26,9.28,28,259.84
2706,2025-01,2025-01-27,8.8,28,246.4
2706,2025-01,2025-01-28,9.5,28,266.0
2706,2025-01,2025-01-29,8.78,28,245.84
2706,2025-01,2025-01-30,9.57,28,267.96
2706,2025-01,2025-01-31,8.28,28,231.84
2706,2025-01,2025-02-02,8.92,28,249.76
2706,2025-01,2025-02-03,9.87,28,276.36
2706,2025-01,2025-02-04,7.88,28,220.64
2706,2025-01,2025-02-05,8.3,28,232.4
2706,2025-01,2025-02-06,7.77,28,217.56
2706,2025-01,2025-02-07,8.02,28,224.56
2706,2025-01,2025-02-10,8.17,28,228.76
2706,2025-01,2025-02-11,7.62,28,213.36
2706,2025-01,2025-02-12,8.45,28,236.6
2706,2025-01,2025-02-13,8.03,28,224.84
2706,2025-01,2025-02-14,7.65,28,214.2
2706,2025-01,2025-02-17,9.3,28,260.4
2706,2025-01,2025-02-18,9.45,28,264.6
2706,2025-01,2025-02-19,8.52,28,238.56
2706,2025-01,2025-02-20,7.7,28,215.6
2706,2025-01,2025-02-21,8.73,28,244.44
2706,2025-01,2025-02-24,9.67,28,270.76
2706,2025-01,2025-02-25,7.98,28,223.44
2706,2025-01,2025-02-26,7.58,28,212.24
2706,2025-01,2025-02-27,9.8,28,274.4
2706,2025-01,2025-02-28,9.82,28,274.96
2706,2025-01,2025-03-01,9.25,28,259.0
2714,2025-01,2025-01-01,7.6,38,288.8
2714,2025-01,2025-01-02,7.58,38,288.04
2714,2025-01,2025-01-03,8.98,38,341.24
2714,2025-01,2025-01-05,8.6,38,326.8
2714,2025-01,2025-01-06,7.72,38,293.36
2714,2025-01,2025-01-07,9.15,38,347.7
2714,2025-01,2025-01-08,8.55,38,324.9
2714,2025-01,2025-01-09,9.78,38,371.64
2714,2025-01,2025-01-10,8.05,38,305.9
2714,2025-01,2025-01-13,7.78,38,295.64
2714,2025-01,2025-01-14,9.63,38,365.94
2714,2025-01,2025-01-15,9.75,38,370.5
2714,2025-01,2025-01-16,9.95,38,378.1
2714,2025-01,2025-01-17,8.4,38,319.2
2714,2025-01,2025-01-18,7.78,38,295.64
2714,2025-01,2025-01-19,9.28,38,352.64
2714,2025-01,2025-01-20,8.05,38,305.9
2714,2025-01,2025-01-21,8.87,38,337.06
2714,2025-01,2025-01-22,8.03,38,305.14
2714,2025-01,2025-01-23,8.37,38,318.06
2714,2025-01,2025-01-24,9.97,38,378.86
2714,2025-01,2025-01-25,9.77,38,371.26
2714,2025-01,2025-01-27,7.93,38,301.34
2714,2025-01,2025-01-28,9.02,38,342.76
2714,2025-01,2025-01-29,8.43,38,320.34
2714,2025-01,2025-01-30,8.6,38,326.8
2714,2025-01,2025-01-31,7.93,38,301.34
2714,2025-01,2025-02-03,8.42,38,319.96
2714,2025-01,2025-02-04,9.43,38,358.34
2714,2025-01,2025-02-05,7.67,38,291.46
2714,2025-01,2025-02-06,9.77,38,371.26
2714,2025-01,2025-02-07,9.55,38,362.9
2714,2025-01,2025-02-10,8.03,38,305.14
2714,2025-01,2025-02-11,9.13,38,346.94
2714,2025-01,2025-02-12,9.38,38,356.44
2714,2025-01,2025-02-13,9.55,38,362.9
2714,2025-01,2025-02-14,7.95,38,302.1
2714,2025-01,2025-02-16,8.15,38,309.7
2714,2025-01,2025-02-17,7.9,38,300.2
2714,2025-01,2025-02-18,8.75,38,332.5
2714,2025-01,2025-02-19,8.73,38,331.74
2714,2025-01,2025-02-20,8.25,38,313.5
2714,2025-01,2025-02-21,9.08,38,345.04
2714,2025-01,2025-02-22,9.87,38,375.06
2714,2025-01,2025-02-24,9.03,38,343.14
2714,2025-01,2025-02-25,9.95,38,378.1
2714,2025-01,2025-02-26,7.63,38,289.94
2714,2025-01,2025-02-27,9.6,38,364.8
2714,2025-01,2025-02-28,8.03,38,305.14
2726,2025-01,2025-01-01,8.48,32,271.36
2726,2025-01,2025-01-02,7.73,32,247.36
2726,2025-01,2025-01-03,8.72,32,279.04
2726,2025-01,2025-01-06,9.72,32,311.04
2726,2025-01,2025-01-07,8.0,32,256.0
2726,2025-01,2025-01-08,8.18,32,261.76
2726,2025-01,2025-01-09,7.73,32,247.36
2726,2025-01,2025-01-10,8.55,32,273.6
2726,2025-01,2025-01-12,9.17,32,293.44
2726,2025-01,2025-01-13,9.32,32,298.24
2726,2025-01,2025-01-14,9.18,32,293.76
2726,2025-01,2025-01-15,7.72,32,247.04
2726,2025-01,2025-01-16,9.17,32,293.44
2726,2025-01,2025-01-17,9.97,32,319.04
2726,2025-01,2025-01-20,8.53,32,272.96
2726,2025-01,2025-01-21,9.82,32,314.24
2726,2025-01,2025-01-22,7.6,32,243.2
2726,2025-01,2025-01-23,8.32,32,266.24
2726,2025-01,2025-01-24,9.35,32,299.2
2726,2025-01,2025-01-27,9.1,32,291.2
2726,2025-01,2025-01-28,8.27,32,264.64
2726,2025-01,2025-01-29,7.62,32,243.84
2726,2025-01,2025-01-30,8.17,32,261.44
2726,2025-01,2025-01-31,7.7,32,246.4
2726,2025-01,2025-02-03,9.12,32,291.84
2726,2025-01,2025-02-04,9.47,32,303.04
2726,2025-01,2025-02-05,9.85,32,315.2
2726,2025-01,2025-02-06,8.33,32,266.56
2726,2025-01,2025-02-07,8.05,32,257.6
2726,2025-01,2025-02-08,8.07,32,258.24
2726,2025-01,2025-02-10,9.07,32,290.24
2726,2025-01,2025-02-11,8.97,32,287.04
2726,2025-01,2025-02-12,7.63,32,244.16
2726,2025-01,2025-02-13,9.93,32,317.76
2726,2025-01,2025-02-14,9.85,32,315.2
2726,2025-01,2025-02-17,8.32,32,266.24
2726,2025-01,2025-02-18,9.07,32,290.24
2726,2025-01,2025-02-19,9.93,32,317.76
2726,2025-01,2025-02-20,9.12,32,291.84
2726,2025-01,2025-02-21,8.55,32,273.6
2726,2025-01,2025-02-23,7.65,32,244.8
2726,2025-01,2025-02-24,9.7,32,310.4
2726,2025-01,2025-02-25,7.88,32,252.16
2726,2025-01,2025-02-26,8.25,32,264.0
2726,2025-01,2025-02-27,7.95,32,254.4
2726,2025-01,2025-02-28,9.78,32,312.96
2742,2025-01,2025-01-01,9.1,32,291.2
2742,2025-01,2025-01-02,9.32,32,298.24
2742,2025-01,2025-01-03,8.65,32,276.8
2742,2025-01,2025-01-06,9.48,32,303.36
2742,2025-01,2025-01-07,8.42,32,269.44
2742,2025-01,2025-01-08,9.7,32,310.4
2742,2025-01,2025-01-09,9.75,32,312.0
2742,2025-01,2025-01-10,8.25,32,264.0
2742,2025-01,2025-01-13,8.33,32,266.56
2742,2025-01,2025-01-15,7.82,32,250.24
2742,2025-01,2025-01-16,8.25,32,264.0
2742,2025-01,2025-01-17,9.87,32,315.84
2742,2025-01,2025-01-19,7.75,32,248.0
2742,2025-01,2025-01-20,7.68,32,245.76
2742,2025-01,2025-01-21,9.4,32,300.8
2742,2025-01,2025-01-22,9.82,32,314.24
2742,2025-01,2025-01-23,7.52,32,240.64
2742,2025-01,2025-01-24,9.62,32,307.84
2742,2025-01,2025-01-27,8.0,32,256.0
2742,2025-01,2025-01-28,7.5,32,240.0
2742,2025-01,2025-01-30,7.58,32,242.56
2742,2025-01,2025-01-31,7.6,32,243.2
2742,2025-01,2025-02-03,9.82,32,314.24
2742,2025-01,2025-02-04,10.0,32,320.0
2742,2025-01,2025-02-05,9.85,32,315.2
2742,2025-01,2025-02-06,9.35,32,299.2
2742,2025-01,2025-02-07,8.93,32,285.76
2742,2025-01,2025-02-10,9.35,32,299.2
2742,2025-01,2025-02-11,9.18,32,293.76
2742,2025-01,2025-02-12,9.5,32,304.0
2742,2025-01,2025-02-13,9.85,32,315.2
2742,2025-01,2025-02-14,9.35,32,299.2
2742,2025-01,2025-02-17,9.9,32,316.8
2742,2025-01,2025-02-18,9.6,32,307.2
2742,2025-01,2025-02-19,9.35,32,299.2
2742,2025-01,2025-02-20,8.77,32,280.64
2742,2025-01,2025-02-21,9.02,32,288.64
2742,2025-01,2025-02-23,9.18,32,293.76
2742,2025-01,2025-02-24,8.88,32,284.16
2742,2025-01,2025-02-25,8.95,32,286.4
2742,2025-01,2025-02-26,9.57,32,306.24
2742,2025-01,2025-02-27,8.27,32,264.64
2742,2025-01,2025-02-28,8.12,32,259.84
2748,2025-01,2025-01-01,9.2,38,349.6
2748,2025-01,2025-01-02,8.47,38,321.86
2748,2025-01,2025-01-03,8.38,38,318.44
2748,2025-01,2025-01-04,8.93,38,339.34
2748,2025-01,2025-01-06,9.45,38,359.1
2748,2025-01,2025-01-07,9.5,38,361.0
2748,2025-01,2025-01-08,8.33,38,316.54
2748,2025-01,2025-01-09,8.1,38,307.8
2748,2025-01,2025-01-10,8.12,38,308.56
2748,2025-01,2025-01-13,8.98,38,341.24
2748,2025-01,2025-01-14,9.88,38,375.44
2748,2025-01,2025-01-15,8.25,38,313.5
2748,2025-01,2025-01-16,9.5,38,361.0
2748,2025-01,2025-01-17,8.25,38,313.5
2748,2025-01,2025-01-19,8.32,38,316.16
2748,2025-01,2025-01-20,9.88,38,375.44
2748,2025-01,2025-01-21,9.13,38,346.94
2748,2025-01,2025-01-22,9.18,38,348.84
2748,2025-01,2025-01-23,8.18,38,310.84
2748,2025-01,2025-01-24,8.7,38,330.6
2748,2025-01,2025-01-27,8.98,38,341.24
2748,2025-01,2025-01-28,7.92,38,300.96
2748,2025-01,2025-01-29,8.32,38,316.16
2748,2025-01,2025-01-30,8.1,38,307.8
2748,2025-01,2025-01-31,8.07,38,306.66
2748,2025-01,2025-02-02,7.87,38,299.06
2748,2025-01,2025-02-03,9.35,38,355.3
2748,2025-01,2025-02-04,8.85,38,336.3
2748,2025-01,2025-02-05,7.9,38,300.2
2748,2025-01,2025-02-06,8.08,38,307.04
2748,2025-01,2025-02-07,7.55,38,286.9
2748,2025-01,2025-02-08,7.92,38,300.96
2748,2025-01,2025-02-10,7.8,38,296.4
2748,2025-01,2025-02-11,9.87,38,375.06
2748,2025-01,2025-02-12,9.72,38,369.36
2748,2025-01,2025-02-13,8.1,38,307.8
2748,2025-01,2025-02-14,7.72,38,293.36
2748,2025-01,2025-02-15,8.2,38,311.6
2748,2025-01,2025-02-17,7.72,38,293.36
2748,2025-01,2025-02-18,8.2,38,311.6
2748,2025-01,2025-02-19,9.43,38,358.34
2748,2025-01,2025-02-20,8.6,38,326.8
2748,2025-01,2025-02-21,7.93,38,301.34
2748,2025-01,2025-02-24,9.22,38,350.36
2748,2025-01,2025-02-25,9.27,38,352.26
2748,2025-01,2025-02-26,8.68,38,329.84
2748,2025-01,2025-02-27,7.52,38,285.76
2748,2025-01,2025-02-28,8.05,38,305.9
2750,2025-01,2025-01-01,9.53,32,304.96
2750,2025-01,2025-01-02,8.78,32,280.96
2750,2025-01,2025-01-03,8.53,32,272.96
2750,2025-01,2025-01-05,9.78,32,312.96
2750,2025-01,2025-01-06,8.65,32,276.8
2750,2025-01,2025-01-07,9.97,32,319.04
2750,2025-01,2025-01-08,9.47,32,303.04
2750,2025-01,2025-01-09,8.8,32,281.6
2750,2025-01,2025-01-10,8.27,32,264.64
2750,2025-01,2025-01-13,8.07,32,258.24
2750,2025-01,2025-01-14,8.07,32,258.24
2750,2025-01,2025-01-15,9.17,32,293.44
2750,2025-01,2025-01-16,8.38,32,268.16
2750,2025-01,2025-01-17,9.48,32,303.36
2750,2025-01,2025-01-20,8.27,32,264.64
2750,2025-01,2025-01-21,8.53,32,272.96
2750,2025-01,2025-01-22,8.5,32,272.0
2750,2025-01,2025-01-23,8.27,32,264.64
2750,2025-01,2025-01-24,8.98,32,287.36
2750,2025-01,2025-01-27,9.17,32,293.44
2750,2025-01,2025-01-28,9.18,32,293.76
2750,2025-01,2025-01-29,8.08,32,258.56
2750,2025-01,2025-01-30,8.77,32,280.64
2750,2025-01,2025-01-31,9.72,32,311.04
2750,2025-01,2025-02-03,7.95,32,254.4
2750,2025-01,2025-02-04,8.4,32,268.8
2750,2025-01,2025-02-05,9.13,32,292.16
2750,2025-01,2025-02-06,7.77,32,248.64
2750,2025-01,2025-02-07,9.45,32,302.4
2750,2025-01,2025-02-08,7.53,32,240.96
2750,2025-01,2025-02-10,9.12,32,291.84
2750,2025-01,2025-02-11,9.18,32,293.76
2750,2025-01,2025-02-12,9.65,32,308.8
2750,2025-01,2025-02-13,9.48,32,303.36
2750,2025-01,2025-02-14,8.92,32,285.44
2750,2025-01,2025-02-15,8.95,32,286.4
2750,2025-01,2025-02-17,8.77,32,280.64
2750,2025-01,2025-02-18,8.62,32,275.84
2750,2025-01,2025-02-19,8.88,32,284.16
2750,2025-01,2025-02-20,8.93,32,285.76
2750,2025-01,2025-02-21,9.57,32,306.24
2750,2025-01,2025-02-24,8.27,32,264.64
2750,2025-01,2025-02-25,9.18,32,293.76
2750,2025-01,2025-02-27,10.0,32,320.0
2750,2025-01,2025-02-28,9.47,32,303.04
2755,2025-01,2025-01-01,7.88,32,252.16
2755,2025-01,2025-01-02,9.97,32,319.04
2755,2025-01,2025-01-03,9.13,32,292.16
2755,2025-01,2025-01-04,8.2,32,262.4
2755,2025-01,2025-01-06,8.4,32,268.8
2755,2025-01,2025-01-07,7.8,32,249.6
2755,2025-01,2025-01-08,8.8,32,281.6
2755,2025-01,2025-01-09,7.88,32,252.16
2755,2025-01,2025-01-10,8.07,32,258.24
2755,2025-01,2025-01-11,7.7,32,246.4
2755,2025-01,2025-01-12,9.38,32,300.16
2755,2025-01,2025-01-13,8.08,32,258.56
2755,2025-01,2025-01-14,8.77,32,280.64
2755,2025-01,2025-01-15,8.62,32,275.84
2755,2025-01,2025-01-16,8.98,32,287.36
2755,2025-01,2025-01-17,9.8,32,313.6
2755,2025-01,2025-01-20,8.8,32,281.6
2755,2025-01,2025-01-21,9.38,32,300.16
2755,2025-01,2025-01-22,7.8,32,249.6
2755,2025-01,2025-01-23,8.22,32,263.04
2755,2025-01,2025-01-24,8.85,32,283.2
2755,2025-01,2025-01-27,9.33,32,298.56
2755,2025-01,2025-01-28,9.02,32,288.64
2755,2025-01,2025-01-29,9.73,32,311.36
2755,2025-01,2025-01-30,7.52,32,240.64
2755,2025-01,2025-01-31,9.83,32,314.56
2755,2025-01,2025-02-03,8.23,32,263.36
2755,2025-01,2025-02-04,8.53,32,272.96
2755,2025-01,2025-02-05,9.25,32,296.0
2755,2025-01,2025-02-06,9.42,32,301.44
2755,2025-01,2025-02-07,7.7,32,246.4
2755,2025-01,2025-02-10,7.55,32,241.6
2755,2025-01,2025-02-11,8.35,32,267.2
2755,2025-01,2025-02-12,9.32,32,298.24
2755,2025-01,2025-02-13,9.45,32,302.4
2755,2025-01,2025-02-14,9.4,32,300.8
2755,2025-01,2025-02-17,8.02,32,256.64
2755,2025-01,2025-02-18,9.97,32,319.04
2755,2025-01,2025-02-19,8.5,32,272.0
2755,2025-01,2025-02-20,9.22,32,295.04
2755,2025-01,2025-02-21,8.95,32,286.4
2755,2025-01,2025-02-24,10.0,32,320.0
2755,2025-01,2025-02-25,8.38,32,268.16
2755,2025-01,2025-02-26,9.05,32,289.6
2755,2025-01,2025-02-27,9.78,32,312.96
2755,2025-01,2025-02-28,7.73,32,247.36
2759,2025-01,2025-01-01,9.83,32,314.56
2759,2025-01,2025-01-02,8.23,32,263.36
2759,2025-01,2025-01-03,7.87,32,251.84
2759,2025-01,2025-01-06,8.53,32,272.96
2759,2025-01,2025-01-07,9.75,32,312.0
2759,2025-01,2025-01-08,9.23,32,295.36
2759,2025-01,2025-01-09,8.78,32,280.96
2759,2025-01,2025-01-10,8.17,32,261.44
2759,2025-01,2025-01-11,8.42,32,269.44
2759,2025-01,2025-01-13,8.77,32,280.64
2759,2025-01,2025-01-14,8.52,32,272.64
2759,2025-01,2025-01-15,8.62,32,275.84
2759,2025-01,2025-01-16,8.78,32,280.96
2759,2025-01,2025-01-20,8.48,32,271.36
2759,2025-01,2025-01-21,8.75,32,280.0
2759,2025-01,2025-01-22,8.85,32,283.2
2759,2025-01,2025-01-23,8.68,32,277.76
2759,2025-01,2025-01-24,9.92,32,317.44
2759,2025-01,2025-01-26,9.5,32,304.0
2759,2025-01,2025-01-27,7.72,32,247.04
2759,2025-01,2025-01-28,8.5,32,272.0
2759,2025-01,2025-01-29,9.95,32,318.4
2759,2025-01,2025-01-30,8.22,32,263.04
2759,2025-01,2025-01-31,9.92,32,317.44
2759,2025-01,2025-02-03,8.53,32,272.96
2759,2025-01,2025-02-04,8.65,32,276.8
2759,2025-01,2025-02-05,7.72,32,247.04
2759,2025-01,2025-02-06,8.58,32,274.56
2759,2025-01,2025-02-07,8.53,32,272.96
2759,2025-01,2025-02-08,8.75,32,280.0
2759,2025-01,2025-02-10,8.0,32,256.0
2759,2025-01,2025-02-11,9.65,32,308.8
2759,2025-01,2025-02-12,8.28,32,264.96
2759,2025-01,2025-02-13,9.87,32,315.84
2759,2025-01,2025-02-14,10.0,32,320.0
2759,2025-01,2025-02-16,8.93,32,285.76
2759,2025-01,2025-02-17,9.63,32,308.16
2759,2025-01,2025-02-18,8.97,32,287.04
2759,2025-01,2025-02-19,9.8,32,313.6
2759,2025-01,2025-02-20,7.98,32,255.36
2759,2025-01,2025-02-21,8.97,32,287.04
2759,2025-01,2025-02-23,8.72,32,279.04
2759,2025-01,2025-02-24,8.2,32,262.4
2759,2025-01,2025-02-25,9.37,32,299.84
2759,2025-01,2025-02-26,8.53,32,272.96
2759,2025-01,2025-02-27,7.65,32,244.8
2759,2025-01,2025-02-28,7.6,32,243.2
2760,2025-01,2025-01-01,7.72,32,247.04
2760,2025-01,2025-01-02,8.83,32,282.56
2760,2025-01,2025-01-03,8.03,32,256.96
2760,2025-01,2025-01-06,9.85,32,315.2
2760,2025-01,2025-01-07,7.8,32,249.6
2760,2025-01,2025-01-08,8.0,32,256.0
2760,2025-01,2025-01-09,9.63,32,308.16
2760,2025-01,2025-01-10,9.77,32,312.64
2760,2025-01,2025-01-11,8.5,32,272.0
2760,2025-01,2025-01-13,8.52,32,272.64
2760,2025-01,2025-01-14,9.22,32,295.04
2760,2025-01,2025-01-15,8.47,32,271.04
2760,2025-01,2025-01-16,9.2,32,294.4
2760,2025-01,2025-01-17,7.95,32,254.4
2760,2025-01,2025-01-20,8.25,32,264.0
2760,2025-01,2025-01-21,8.45,32,270.4
2760,2025-01,2025-01-22,8.28,32,264.96
2760,2025-01,2025-01-23,9.07,32,290.24
2760,2025-01,2025-01-24,8.15,32,260.8
2760,2025-01,2025-01-27,7.83,32,250.56
2760,2025-01,2025-01-28,7.57,32,242.24
2760,2025-01,2025-01-29,8.32,32,266.24
2760,2025-01,2025-01-30,9.75,32,312.0
2760,2025-01,2025-01-31,8.4,32,268.8
2760,2025-01,2025-02-01,8.35,32,267.2
2760,2025-01,2025-02-03,8.15,32,260.8
2760,2025-01,2025-02-04,9.9,32,316.8
2760,2025-01,2025-02-05,8.58,32,274.56
2760,2025-01,2025-02-06,7.5,32,240.0
2760,2025-01,2025-02-07,9.75,32,312.0
2760,2025-01,2025-02-09,7.72,32,247.04
2760,2025-01,2025-02-10,9.95,32,318.4
2760,2025-01,2025-02-11,9.43,32,301.76
2760,2025-01,2025-02-12,8.63,32,276.16
2760,2025-01,2025-02-13,7.93,32,253.76
2760,2025-01,2025-02-14,8.47,32,271.04
2760,2025-01,2025-02-17,8.53,32,272.96
2760,2025-01,2025-02-18,9.47,32,303.04
2760,2025-01,2025-02-19,8.13,32,260.16
2760,2025-01,2025-02-20,9.02,32,288.64
2760,2025-01,2025-02-21,9.43,32,301.76
2760,2025-01,2025-02-23,9.98,32,319.36
2760,2025-01,2025-02-24,9.78,32,312.96
2760,2025-01,2025-02-25,8.92,32,285.44
2760,2025-01,2025-02-26,7.87,32,251.84
2760,2025-01,2025-02-27,9.27,32,296.64
2760,2025-01,2025-02-28,9.65,32,308.8
2763,2025-01,2025-01-01,9.07,38,344.66
2763,2025-01,2025-01-02,7.77,38,295.26
2763,2025-01,2025-01-03,8.75,38,332.5
2763,2025-01,2025-01-06,7.68,38,291.84
2763,2025-01,2025-01-07,8.57,38,325.66
2763,2025-01,2025-01-08,9.35,38,355.3
2763,2025-01,2025-01-09,8.07,38,306.66
2763,2025-01,2025-01-10,8.15,38,309.7
2763,2025-01,2025-01-11,7.98,38,303.24
2763,2025-01,2025-01-13,7.65,38,290.7
2763,2025-01,2025-01-14,7.93,38,301.34
2763,2025-01,2025-01-15,8.62,38,327.56
2763,2025-01,2025-01-16,9.87,38,375.06
2763,2025-01,2025-01-17,9.3,38,353.4
2763,2025-01,2025-01-20,7.63,38,289.94
2763,2025-01,2025-01-21,8.55,38,324.9
2763,2025-01,2025-01-22,9.65,38,366.7
2763,2025-01,2025-01-23,9.38,38,356.44
2763,2025-01,2025-01-24,8.82,38,335.16
2763,2025-01,2025-01-27,7.7,38,292.6
2763,2025-01,2025-01-28,9.6,38,364.8
2763,2025-01,2025-01-29,9.53,38,362.14
2763,2025-01,2025-01-30,8.22,38,312.36
2763,2025-01,2025-01-31,8.65,38,328.7
2763,2025-01,2025-02-03,9.28,38,352.64
2763,2025-01,2025-02-04,8.88,38,337.44
2763,2025-01,2025-02-05,7.75,38,294.5
2763,2025-01,2025-02-06,9.02,38,342.76
2763,2025-01,2025-02-07,8.5,38,323.0
2763,2025-01,2025-02-10,7.62,38,289.56
2763,2025-01,2025-02-11,8.78,38,333.64
2763,2025-01,2025-02-12,7.78,38,295.64
2763,2025-01,2025-02-13,9.32,38,354.16
2763,2025-01,2025-02-14,8.83,38,335.54
2763,2025-01,2025-02-17,8.23,38,312.74
2763,2025-01,2025-02-18,8.8,38,334.4
2763,2025-01,2025-02-19,8.22,38,312.36
2763,2025-01,2025-02-20,8.02,38,304.76
2763,2025-01,2025-02-21,9.15,38,347.7
2763,2025-01,2025-02-24,9.85,38,374.3
2763,2025-01,2025-02-25,7.58,38,288.04
2763,2025-01,2025-02-26,8.47,38,321.86
2763,2025-01,2025-02-27,8.3,38,315.4
2763,2025-01,2025-02-28,9.38,38,356.44
2770,2025-01,2025-01-01,9.22,28,258.16
2770,2025-01,2025-01-02,9.02,28,252.56
2770,2025-01,2025-01-03,9.12,28,255.36
2770,2025-01,2025-01-04,9.57,28,267.96
2770,2025-01,2025-01-06,8.32,28,232.96
2770,2025-01,2025-01-07,9.85,28,275.8
2770,2025-01,2025-01-08,9.9,28,277.2
2770,2025-01,2025-01-09,8.8,28,246.4
2770,2025-01,2025-01-10,7.52,28,210.56
2770,2025-01,2025-01-11,8.68,28,243.04
2770,2025-01,2025-01-14,8.13,28,227.64
2770,2025-01,2025-01-15,7.53,28,210.84
2770,2025-01,2025-01-16,8.72,28,244.16
2770,2025-01,2025-01-17,9.8,28,274.4
2770,2025-01,2025-01-19,9.23,28,258.44
2770,2025-01,2025-01-20,8.58,28,240.24
2770,2025-01,2025-01-21,8.33,28,233.24
2770,2025-01,2025-01-22,8.9,28,249.2
2770,2025-01,2025-01-23,7.85,28,219.8
2770,2025-01,2025-01-24,8.58,28,240.24
2770,2025-01,2025-01-27,9.67,28,270.76
2770,2025-01,2025-01-28,9.77,28,273.56
2770,2025-01,2025-01-29,7.75,28,217.0
2770,2025-01,2025-01-30,9.0,28,252.0
2770,2025-01,2025-01-31,8.42,28,235.76
2770,2025-01,2025-02-03,9.42,28,263.76
2770,2025-01,2025-02-04,9.18,28,257.04
2770,2025-01,2025-02-05,9.63,28,269.64
2770,2025-01,2025-02-06,7.92,28,221.76
2770,2025-01,2025-02-07,8.75,28,245.0
2770,2025-01,2025-02-08,8.93,28,250.04
2770,2025-01,2025-02-10,9.3,28,260.4
2770,2025-01,2025-02-11,9.9,28,277.2
2770,2025-01,2025-02-12,9.07,28,253.96
2770,2025-01,2025-02-13,7.98,28,223.44
2770,2025-01,2025-02-14,9.7,28,271.6
2770,2025-01,2025-02-15,9.82,28,274.96
2770,2025-01,2025-02-17,9.58,28,268.24
2770,2025-01,2025-02-18,8.93,28,250.04
2770,2025-01,2025-02-19,9.2,28,257.6
2770,2025-01,2025-02-20,8.12,28,227.36
2770,2025-01,2025-02-21,8.55,28,239.4
2770,2025-01,2025-02-24,8.93,28,250.04
2770,2025-01,2025-02-25,9.05,28,253.4
2770,2025-01,2025-02-26,8.42,28,235.76
2770,2025-01,2025-02-27,7.58,28,212.24
2770,2025-01,2025-02-28,9.92,28,277.76
2778,2025-01,2025-01-01,7.5,38,285.0
2778,2025-01,2025-01-02,8.03,38,305.14
2778,2025-01,2025-01-03,9.22,38,350.36
2778,2025-01,2025-01-06,8.55,38,324.9
2778,2025-01,2025-01-07,9.6,38,364.8
2778,2025-01,2025-01-08,8.68,38,329.84
2778,2025-01,2025-01-09,9.73,38,369.74
2778,2025-01,2025-01-10,8.35,38,317.3
2778,2025-01,2025-01-13,9.5,38,361.0
2778,2025-01,2025-01-14,8.48,38,322.24
2778,2025-01,2025-01-15,8.88,38,337.44
2778,2025-01,2025-01-16,8.68,38,329.84
2778,2025-01,2025-01-17,8.33,38,316.54
2778,2025-01,2025-01-18,9.92,38,376.96
2778,2025-01,2025-01-20,9.85,38,374.3
2778,2025-01,2025-01-21,8.73,38,331.74
2778,2025-01,2025-01-22,8.7,38,330.6
2778,2025-01,2025-01-23,7.5,38,285.0
2778,2025-01,2025-01-24,8.63,38,327.94
2778,2025-01,2025-01-27,8.07,38,306.66
2778,2025-01,2025-01-28,9.5,38,361.0
2778,2025-01,2025-01-29,9.68,38,367.84
2778,2025-01,2025-01-30,9.12,38,346.56
2778,2025-01,2025-01-31,8.15,38,309.7
2778,2025-01,2025-02-03,8.83,38,335.54
2778,2025-01,2025-02-04,8.15,38,309.7
2778,2025-01,2025-02-05,9.42,38,357.96
2778,2025-01,2025-02-06,9.83,38,373.54
2778,2025-01,2025-02-07,8.97,38,340.86
2778,2025-01,2025-02-08,7.83,38,297.54
2778,2025-01,2025-02-10,8.03,38,305.14
2778,2025-01,2025-02-11,8.0,38,304.0
2778,2025-01,2025-02-12,7.77,38,295.26
2778,2025-01,2025-02-13,8.2,38,311.6
2778,2025-01,2025-02-14,7.68,38,291.84
2778,2025-01,2025-02-17,9.55,38,362.9
2778,2025-01,2025-02-18,9.82,38,373.16
2778,2025-01,2025-02-19,8.28,38,314.64
2778,2025-01,2025-02-20,7.83,38,297.54
2778,2025-01,2025-02-21,8.52,38,323.76
2778,2025-01,2025-02-24,9.22,38,350.36
2778,2025-01,2025-02-25,8.33,38,316.54
2778,2025-01,2025-02-26,9.48,38,360.24
2778,2025-01,2025-02-27,8.18,38,310.84
2778,2025-01,2025-02-28,9.87,38,375.06
2792,2025-01,2025-01-01,9.28,28,259.84
2792,2025-01,2025-01-02,9.08,28,254.24
2792,2025-01,2025-01-03,8.0,28,224.0
2792,2025-01,2025-01-05,9.38,28,262.64
2792,2025-01,2025-01-06,7.75,28,217.0
2792,2025-01,2025-01-07,8.37,28,234.36
2792,2025-01,2025-01-08,7.65,28,214.2
2792,2025-01,2025-01-09,8.9,28,249.2
2792,2025-01,2025-01-10,9.58,28,268.24
2792,2025-01,2025-01-12,8.35,28,233.8
2792,2025-01,2025-01-13,8.48,28,237.44
2792,2025-01,2025-01-14,9.12,28,255.36
2792,2025-01,2025-01-15,9.47,28,265.16
2792,2025-01,2025-01-16,9.57,28,267.96
2792,2025-01,2025-01-17,8.67,28,242.76
2792,2025-01,2025-01-19,8.35,28,233.8
2792,2025-01,2025-01-20,9.27,28,259.56
2792,2025-01,2025-01-21,8.17,28,228.76
2792,2025-01,2025-01-22,8.03,28,224.84
2792,2025-01,2025-01-23,8.82,28,246.96
2792,2025-01,2025-01-24,9.03,28,252.84
2792,2025-01,2025-01-25,7.73,28,216.44
2792,2025-01,2025-01-27,8.32,28,232.96
2792,2025-01,2025-01-28,8.02,28,224.56
2792,2025-01,2025-01-29,9.25,28,259.0
2792,2025-01,2025-01-30,9.78,28,273.84
2792,2025-01,2025-01-31,8.02,28,224.56
2792,2025-01,2025-02-02,8.5,28,238.0
2792,2025-01,2025-02-03,9.45,28,264.6
2792,2025-01,2025-02-04,9.83,28,275.24
2792,2025-01,2025-02-05,9.68,28,271.04
2792,2025-01,2025-02-06,7.7,28,215.6
2792,2025-01,2025-02-07,8.07,28,225.96
2792,2025-01,2025-02-08,8.43,28,236.04
2792,2025-01,2025-02-10,8.12,28,227.36
2792,2025-01,2025-02-11,8.88,28,248.64
2792,2025-01,2025-02-12,8.37,28,234.36
2792,2025-01,2025-02-13,9.12,28,255.36
2792,2025-01,2025-02-14,8.27,28,231.56
2792,2025-01,2025-02-17,9.55,28,267.4
2792,2025-01,2025-02-18,8.9,28,249.2
2792,2025-01,2025-02-19,7.98,28,223.44
2792,2025-01,2025-02-20,7.65,28,214.2
2792,2025-01,2025-02-21,8.63,28,241.64
2792,2025-01,2025-02-22,8.6,28,240.8
2792,2025-01,2025-02-24,9.47,28,265.16
2792,2025-01,2025-02-25,9.35,28,261.8
2792,2025-01,2025-02-26,9.85,28,275.8
2792,2025-01,2025-02-27,9.75,28,273.0
2792,2025-01,2025-02-28,8.32,28,232.96
2815,2025-01,2025-01-01,9.7,38,368.6
2815,2025-01,2025-01-02,9.02,38,342.76
2815,2025-01,2025-01-03,9.42,38,357.96
2815,2025-01,2025-01-06,9.4,38,357.2
2815,2025-01,2025-01-07,9.05,38,343.9
2815,2025-01,2025-01-08,8.75,38,332.5
2815,2025-01,2025-01-09,9.13,38,346.94
2815,2025-01,2025-01-10,9.2,38,349.6
2815,2025-01,2025-01-13,9.87,38,375.06
2815,2025-01,2025-01-14,9.97,38,378.86
2815,2025-01,2025-01-15,9.22,38,350.36
2815,2025-01,2025-01-16,8.65,38,328.7
2815,2025-01,2025-01-17,9.85,38,374.3
2815,2025-01,2025-01-20,8.78,38,333.64
2815,2025-01,2025-01-21,8.2,38,311.6
2815,2025-01,2025-01-22,7.62,38,289.56
2815,2025-01,2025-01-23,9.88,38,375.44
2815,2025-01,2025-01-24,8.15,38,309.7
2815,2025-01,2025-01-26,10.0,38,380.0
2815,2025-01,2025-01-27,9.38,38,356.44
2815,2025-01,2025-01-28,8.33,38,316.54
2815,2025-01,2025-01-29,7.93,38,301.34
2815,2025-01,2025-01-30,8.37,38,318.06
2815,2025-01,2025-01-31,8.2,38,311.6
2815,2025-01,2025-02-03,7.65,38,290.7
2815,2025-01,2025-02-04,9.62,38,365.56
2815,2025-01,2025-02-05,9.82,38,373.16
2815,2025-01,2025-02-06,9.52,38,361.76
2815,2025-01,2025-02-07,9.55,38,362.9
2815,2025-01,2025-02-08,8.35,38,317.3
2815,2025-01,2025-02-10,8.62,38,327.56
2815,2025-01,2025-02-11,7.78,38,295.64
2815,2025-01,2025-02-12,9.38,38,356.44
2815,2025-01,2025-02-13,7.62,38,289.56
2815,2025-01,2025-02-14,9.45,38,359.1
2815,2025-01,2025-02-16,8.0,38,304.0
2815,2025-01,2025-02-17,7.83,38,297.54
2815,2025-01,2025-02-18,9.5,38,361.0
2815,2025-01,2025-02-19,8.98,38,341.24
2815,2025-01,2025-02-20,9.92,38,376.96
2815,2025-01,2025-02-21,9.53,38,362.14
2815,2025-01,2025-02-24,7.55,38,286.9
2815,2025-01,2025-02-25,7.78,38,295.64
2815,2025-01,2025-02-26,9.92,38,376.96
2815,2025-01,2025-02-27,8.32,38,316.16
2815,2025-01,2025-02-28,9.87,38,375.06
2815,2025-01,2025-03-01,8.88,38,337.44
2817,2025-01,2025-01-01,7.57,28,211.96
2817,2025-01,2025-01-02,8.72,28,244.16
2817,2025-01,2025-01-03,7.55,28,211.4
2817,2025-01,2025-01-04,7.7,28,215.6
2817,2025-01,2025-01-06,8.58,28,240.24
2817,2025-01,2025-01-07,9.68,28,271.04
2817,2025-01,2025-01-08,9.85,28,275.8
2817,2025-01,2025-01-09,8.03,28,224.84
2817,2025-01,2025-01-10,9.33,28,261.24
2817,2025-01,2025-01-13,8.0,28,224.0
2817,2025-01,2025-01-14,9.65,28,270.2
2817,2025-01,2025-01-15,8.45,28,236.6
2817,2025-01,2025-01-16,7.75,28,217.0
2817,2025-01,2025-01-17,7.82,28,218.96
2817,2025-01,2025-01-20,8.18,28,229.04
2817,2025-01,2025-01-21,8.15,28,228.2
2817,2025-01,2025-01-22,9.95,28,278.6
2817,2025-01,2025-01-23,8.9,28,249.2
2817,2025-01,2025-01-24,8.77,28,245.56
2817,2025-01,2025-01-26,9.35,28,261.8
2817,2025-01,2025-01-27,7.78,28,217.84
2817,2025-01,2025-01-28,9.5,28,266.0
2817,2025-01,2025-01-29,9.87,28,276.36
2817,2025-01,2025-01-30,7.67,28,214.76
2817,2025-01,2025-01-31,7.85,28,219.8
2817,2025-01,2025-02-03,7.83,28,219.24
2817,2025-01,2025-02-04,8.6,28,240.8
2817,2025-01,2025-02-05,8.03,28,224.84
2817,2025-01,2025-02-06,9.2,28,257.6
2817,2025-01,2025-02-07,8.85,28,247.8
2817,2025-01,2025-02-09,9.73,28,272.44
2817,2025-01,2025-02-10,9.9,28,277.2
2817,2025-01,2025-02-11,9.73,28,272.44
2817,2025-01,2025-02-12,7.92,28,221.76
2817,2025-01,2025-02-13,7.55,28,211.4
2817,2025-01,2025-02-14,8.73,28,244.44
2817,2025-01,2025-02-17,9.43,28,264.04
2817,2025-01,2025-02-18,8.28,28,231.84
2817,2025-01,2025-02-19,8.85,28,247.8
2817,2025-01,2025-02-20,8.3,28,232.4
2817,2025-01,2025-02-21,9.97,28,279.16
2817,2025-01,2025-02-24,8.95,28,250.6
2817,2025-01,2025-02-25,7.65,28,214.2
2817,2025-01,2025-02-26,9.63,28,269.64
2817,2025-01,2025-02-27,8.45,28,236.6
2817,2025-01,2025-02-28,9.48,28,265.44
2861,2025-01,2025-01-01,9.32,38,354.16
2861,2025-01,2025-01-02,7.52,38,285.76
2861,2025-01,2025-01-03,9.43,38,358.34
2861,2025-01,2025-01-05,8.02,38,304.76
2861,2025-01,2025-01-06,8.78,38,333.64
2861,2025-01,2025-01-07,8.8,38,334.4
2861,2025-01,2025-01-08,8.98,38,341.24
2861,2025-01,2025-01-09,9.18,38,348.84
2861,2025-01,2025-01-10,8.63,38,327.94
2861,2025-01,2025-01-12,7.95,38,302.1
2861,2025-01,2025-01-13,7.67,38,291.46
2861,2025-01,2025-01-14,8.72,38,331.36
2861,2025-01,2025-01-15,8.18,38,310.84
2861,2025-01,2025-01-16,8.48,38,322.24
2861,2025-01,2025-01-17,9.9,38,376.2
2861,2025-01,2025-01-20,9.45,38,359.1
2861,2025-01,2025-01-21,8.75,38,332.5
2861,2025-01,2025-01-22,7.6,38,288.8
2861,2025-01,2025-01-23,9.9,38,376.2
2861,2025-01,2025-01-24,7.65,38,290.7
2861,2025-01,2025-01-27,8.97,38,340.86
2861,2025-01,2025-01-28,9.13,38,346.94
2861,2025-01,2025-01-29,8.03,38,305.14
2861,2025-01,2025-01-30,8.55,38,324.9
2861,2025-01,2025-01-31,10.0,38,380.0
2861,2025-01,2025-02-01,7.95,38,302.1
2861,2025-01,2025-02-03,8.85,38,336.3
2861,2025-01,2025-02-04,8.35,38,317.3
2861,2025-01,2025-02-05,8.12,38,308.56
2861,2025-01,2025-02-06,7.53,38,286.14
2861,2025-01,2025-02-07,7.87,38,299.06
2861,2025-01,2025-02-09,9.93,38,377.34
2861,2025-01,2025-02-10,9.55,38,362.9
2861,2025-01,2025-02-11,7.97,38,302.86
2861,2025-01,2025-02-12,9.93,38,377.34
2861,2025-01,2025-02-13,7.9,38,300.2
2861,2025-01,2025-02-14,9.57,38,363.66
2861,2025-01,2025-02-15,7.55,38,286.9
2861,2025-01,2025-02-17,8.55,38,324.9
2861,2025-01,2025-02-18,9.93,38,377.34
2861,2025-01,2025-02-19,8.58,38,326.04
2861,2025-01,2025-02-20,9.57,38,363.66
2861,2025-01,2025-02-21,8.13,38,308.94
2861,2025-01,2025-02-24,9.97,38,378.86
2861,2025-01,2025-02-25,9.33,38,354.54
2861,2025-01,2025-02-26,9.17,38,348.46
2861,2025-01,2025-02-27,9.17,38,348.46
2861,2025-01,2025-02-28,9.8,38,372.4
2892,2025-01,2025-01-01,7.72,28,216.16
2892,2025-01,2025-01-02,7.83,28,219.24
2892,2025-01,2025-01-03,9.5,28,266.0
2892,2025-01,2025-01-05,9.12,28,255.36
2892,2025-01,2025-01-06,8.58,28,240.24
2892,2025-01,2025-01-07,9.55,28,267.4
2892,2025-01,2025-01-08,7.92,28,221.76
2892,2025-01,2025-01-09,7.95,28,222.6
2892,2025-01,2025-01-10,7.77,28,217.56
2892,2025-01,2025-01-13,9.77,28,273.56
2892,2025-01,2025-01-14,9.68,28,271.04
2892,2025-01,2025-01-15,8.67,28,242.76
2892,2025-01,2025-01-16,9.82,28,274.96
2892,2025-01,2025-01-17,9.27,28,259.56
2892,2025-01,2025-01-19,9.37,28,262.36
2892,2025-01,2025-01-20,7.9,28,221.2
2892,2025-01,2025-01-21,9.22,28,258.16
2892,2025-01,2025-01-22,9.92,28,277.76
2892,2025-01,2025-01-23,8.03,28,224.84
2892,2025-01,2025-01-24,7.75,28,217.0
2892,2025-01,2025-01-27,7.53,28,210.84
2892,2025-01,2025-01-28,8.62,28,241.36
2892,2025-01,2025-01-29,9.5,28,266.0
2892,2025-01,2025-01-30,8.97,28,251.16
2892,2025-01,2025-01-31,7.9,28,221.2
2892,2025-01,2025-02-03,8.4,28,235.2
2892,2025-01,2025-02-04,8.58,28,240.24
2892,2025-01,2025-02-05,8.4,28,235.2
2892,2025-01,2025-02-06,10.0,28,280.0
2892,2025-01,2025-02-07,8.17,28,228.76
2892,2025-01,2025-02-10,9.47,28,265.16
2892,2025-01,2025-02-11,7.62,28,213.36
2892,2025-01,2025-02-12,8.85,28,247.8
2892,2025-01,2025-02-13,8.87,28,248.36
2892,2025-01,2025-02-14,9.17,28,256.76
2892,2025-01,2025-02-17,7.6,28,212.8
2892,2025-01,2025-02-18,9.72,28,272.16
2892,2025-01,2025-02-19,8.55,28,239.4
2892,2025-01,2025-02-20,9.4,28,263.2
2892,2025-01,2025-02-21,9.42,28,263.76
2892,2025-01,2025-02-24,8.78,28,245.84
2892,2025-01,2025-02-25,7.88,28,220.64
2892,2025-01,2025-02-26,8.7,28,243.6
2892,2025-01,2025-02-27,9.83,28,275.24
2892,2025-01,2025-02-28,9.33,28,261.24
2934,2025-01,2025-01-01,8.23,32,263.36
2934,2025-01,2025-01-02,7.93,32,253.76
2934,2025-01,2025-01-03,9.47,32,303.04
2934,2025-01,2025-01-04,8.38,32,268.16
2934,2025-01,2025-01-06,8.15,32,260.8
2934,2025-01,2025-01-07,8.17,32,261.44
2934,2025-01,2025-01-08,8.65,32,276.8
2934,2025-01,2025-01-09,9.27,32,296.64
2934,2025-01,2025-01-10,8.3,32,265.6
2934,2025-01,2025-01-13,7.7,32,246.4
2934,2025-01,2025-01-14,7.88,32,252.16
2934,2025-01,2025-01-15,9.73,32,311.36
2934,2025-01,2025-01-16,9.1,32,291.2
2934,2025-01,2025-01-17,8.95,32,286.4
2934,2025-01,2025-01-20,9.88,32,316.16
2934,2025-01,2025-01-21,8.75,32,280.0
2934,2025-01,2025-01-22,8.02,32,256.64
2934,2025-01,2025-01-23,9.9,32,316.8
2934,2025-01,2025-01-24,9.55,32,305.6
2934,2025-01,2025-01-25,8.17,32,261.44
2934,2025-01,2025-01-26,7.75,32,248.0
2934,2025-01,2025-01-27,9.53,32,304.96
2934,2025-01,2025-01-28,9.02,32,288.64
2934,2025-01,2025-01-29,9.12,32,291.84
2934,2025-01,2025-01-30,9.78,32,312.96
2934,2025-01,2025-01-31,9.6,32,307.2
2934,2025-01,2025-02-01,7.75,32,248.0
2934,2025-01,2025-02-03,7.85,32,251.2
2934,2025-01,2025-02-04,9.22,32,295.04
2934,2025-01,2025-02-05,8.88,32,284.16
2934,2025-01,2025-02-06,8.87,32,283.84
2934,2025-01,2025-02-07,8.65,32,276.8
2934,2025-01,2025-02-09,8.5,32,272.0
2934,2025-01,2025-02-10,7.62,32,243.84
2934,2025-01,2025-02-11,9.83,32,314.56
2934,2025-01,2025-02-12,9.62,32,307.84
2934,2025-01,2025-02-13,8.75,32,280.0
2934,2025-01,2025-02-14,9.77,32,312.64
2934,2025-01,2025-02-17,9.45,32,302.4
2934,2025-01,2025-02-18,8.9,32,284.8
2934,2025-01,2025-02-19,8.6,32,275.2
2934,2025-01,2025-02-20,8.3,32,265.6
2934,2025-01,2025-02-21,9.0,32,288.0
2934,2025-01,2025-02-24,9.32,32,298.24
2934,2025-01,2025-02-25,9.7,32,310.4
2934,2025-01,2025-02-26,8.47,32,271.04
2934,2025-01,2025-02-27,10.0,32,320.0
2934,2025-01,2025-02-28,9.12,32,291.84
2937,2025-01,2025-01-01,7.65,28,214.2
2937,2025-01,2025-01-02,7.55,28,211.4
2937,2025-01,2025-01-03,8.93,28,250.04
2937,2025-01,2025-01-06,8.78,28,245.84
2937,2025-01,2025-01-07,7.9,28,221.2
2937,2025-01,2025-01-08,8.75,28,245.0
2937,2025-01,2025-01-09,7.62,28,213.36
2937,2025-01,2025-01-10,9.05,28,253.4
2937,2025-01,2025-01-11,7.73,28,216.44
2937,2025-01,2025-01-13,8.45,28,236.6
2937,2025-01,2025-01-14,8.65,28,242.2
2937,2025-01,2025-01-15,7.92,28,221.76
2937,2025-01,2025-01-16,9.1,28,254.8
2937,2025-01,2025-01-17,8.58,28,240.24
2937,2025-01,2025-01-18,9.93,28,278.04
2937,2025-01,2025-01-20,9.9,28,277.2
2937,2025-01,2025-01-21,8.22,28,230.16
2937,2025-01,2025-01-22,9.27,28,259.56
2937,2025-01,2025-01-23,8.43,28,236.04
2937,2025-01,2025-01-24,9.5,28,266.0
2937,2025-01,2025-01-27,8.07,28,225.96
2937,2025-01,2025-01-28,9.2,28,257.6
2937,2025-01,2025-01-29,8.27,28,231.56
2937,2025-01,2025-01-30,8.75,28,245.0
2937,2025-01,2025-01-31,7.52,28,210.56
2937,2025-01,2025-02-02,7.85,28,219.8
2937,2025-01,2025-02-03,8.72,28,244.16
2937,2025-01,2025-02-04,8.7,28,243.6
2937,2025-01,2025-02-05,9.18,28,257.04
2937,2025-01,2025-02-06,7.83,28,219.24
2937,2025-01,2025-02-07,9.38,28,262.64
2937,2025-01,2025-02-09,8.98,28,251.44
2937,2025-01,2025-02-10,8.62,28,241.36
2937,2025-01,2025-02-11,9.83,28,275.24
2937,2025-01,2025-02-12,9.18,28,257.04
2937,2025-01,2025-02-13,9.3,28,260.4
2937,2025-01,2025-02-14,9.47,28,265.16
2937,2025-01,2025-02-17,8.92,28,249.76
2937,2025-01,2025-02-18,9.37,28,262.36
2937,2025-01,2025-02-19,8.62,28,241.36
2937,2025-01,2025-02-20,9.97,28,279.16
2937,2025-01,2025-02-21,8.98,28,251.44
2937,2025-01,2025-02-23,8.67,28,242.76
2937,2025-01,2025-02-24,8.2,28,229.6
2937,2025-01,2025-02-25,8.73,28,244.44
2937,2025-01,2025-02-26,8.73,28,244.44
2937,2025-01,2025-02-27,9.18,28,257.04
2937,2025-01,2025-02-28,9.88,28,276.64
2953,2025-01,2025-01-01,8.28,32,264.96
2953,2025-01,2025-01-02,9.58,32,306.56
2953,2025-01,2025-01-03,8.08,32,258.56
2953,2025-01,2025-01-06,8.67,32,277.44
2953,2025-01,2025-01-07,9.27,32,296.64
2953,2025-01,2025-01-08,8.98,32,287.36
2953,2025-01,2025-01-09,9.87,32,315.84
2953,2025-01,2025-01-10,8.28,32,264.96
2953,2025-01,2025-01-13,7.57,32,242.24
2953,2025-01,2025-01-14,8.65,32,276.8
2953,2025-01,2025-01-15,7.98,32,255.36
2953,2025-01,2025-01-16,7.68,32,245.76
2953,2025-01,2025-01-17,8.75,32,280.0
2953,2025-01,2025-01-19,9.43,32,301.76
2953,2025-01,2025-01-20,9.2,32,294.4
2953,2025-01,2025-01-21,8.13,32,260.16
2953,2025-01,2025-01-22,8.97,32,287.04
2953,2025-01,2025-01-23,9.45,32,302.4
2953,2025-01,2025-01-24,9.07,32,290.24
2953,2025-01,2025-01-26,9.38,32,300.16
2953,2025-01,2025-01-27,7.52,32,240.64
2953,2025-01,2025-01-28,7.55,32,241.6
2953,2025-01,2025-01-29,9.73,32,311.36
2953,2025-01,2025-01-30,8.7,32,278.4
2953,2025-01,2025-01-31,9.23,32,295.36
2953,2025-01,2025-02-02,7.83,32,250.56
2953,2025-01,2025-02-03,9.48,32,303.36
2953,2025-01,2025-02-04,8.93,32,285.76
2953,2025-01,2025-02-05,8.4,32,268.8
2953,2025-01,2025-02-06,9.27,32,296.64
2953,2025-01,2025-02-07,8.85,32,283.2
2953,2025-01,2025-02-10,9.23,32,295.36
2953,2025-01,2025-02-11,7.53,32,240.96
2953,2025-01,2025-02-12,8.3,32,265.6
2953,2025-01,2025-02-13,8.22,32,263.04
2953,2025-01,2025-02-14,9.23,32,295.36
2953,2025-01,2025-02-16,9.98,32,319.36
2953,2025-01,2025-02-17,9.45,32,302.4
2953,2025-01,2025-02-18,8.5,32,272.0
2953,2025-01,2025-02-19,9.93,32,317.76
2953,2025-01,2025-02-20,8.03,32,256.96
2953,2025-01,2025-02-21,8.58,32,274.56
2953,2025-01,2025-02-24,9.68,32,309.76
2953,2025-01,2025-02-25,9.58,32,306.56
2953,2025-01,2025-02-26,8.45,32,270.4
2953,2025-01,2025-02-27,9.03,32,288.96
2953,2025-01,2025-02-28,9.07,32,290.24
2956,2025-01,2025-01-01,9.78,38,371.64
2956,2025-01,2025-01-02,8.83,38,335.54
2956,2025-01,2025-01-03,7.65,38,290.7
2956,2025-01,2025-01-06,9.08,38,345.04
2956,2025-01,2025-01-07,8.85,38,336.3
2956,2025-01,2025-01-08,8.38,38,318.44
2956,2025-01,2025-01-09,7.82,38,297.16
2956,2025-01,2025-01-10,7.5,38,285.0
2956,2025-01,2025-01-12,9.75,38,370.5
2956,2025-01,2025-01-13,8.7,38,330.6
2956,2025-01,2025-01-14,9.4,38,357.2
2956,2025-01,2025-01-15,9.6,38,364.8
2956,2025-01,2025-01-16,8.25,38,313.5
2956,2025-01,2025-01-17,8.3,38,315.4
2956,2025-01,2025-01-20,9.47,38,359.86
2956,2025-01,2025-01-21,8.35,38,317.3
2956,2025-01,2025-01-22,10.0,38,380.0
2956,2025-01,2025-01-23,9.45,38,359.1
2956,2025-01,2025-01-24,9.82,38,373.16
2956,2025-01,2025-01-27,8.87,38,337.06
2956,2025-01,2025-01-28,8.73,38,331.74
2956,2025-01,2025-01-29,7.55,38,286.9
2956,2025-01,2025-01-30,8.95,38,340.1
2956,2025-01,2025-01-31,7.97,38,302.86
2956,2025-01,2025-02-03,8.05,38,305.9
2956,2025-01,2025-02-04,8.0,38,304.0
2956,2025-01,2025-02-05,9.37,38,356.06
2956,2025-01,2025-02-06,7.57,38,287.66
2956,2025-01,2025-02-07,9.73,38,369.74
2956,2025-01,2025-02-10,9.03,38,343.14
2956,2025-01,2025-02-11,8.27,38,314.26
2956,2025-01,2025-02-12,9.43,38,358.34
2956,2025-01,2025-02-13,8.28,38,314.64
2956,2025-01,2025-02-14,8.1,38,307.8
2956,2025-01,2025-02-17,9.07,38,344.66
2956,2025-01,2025-02-18,7.73,38,293.74
2956,2025-01,2025-02-19,9.52,38,361.76
2956,2025-01,2025-02-20,8.2,38,311.6
2956,2025-01,2025-02-21,9.48,38,360.24
2956,2025-01,2025-02-24,7.97,38,302.86
2956,2025-01,2025-02-25,8.23,38,312.74
2956,2025-01,2025-02-26,7.95,38,302.1
2956,2025-01,2025-02-27,8.58,38,326.04
2956,2025-01,2025-02-28,9.92,38,376.96
2956,2025-01,2025-03-01,7.67,38,291.46
2978,2025-01,2025-01-01,9.53,38,362.14
2978,2025-01,2025-01-02,7.52,38,285.76
2978,2025-01,2025-01-03,7.62,38,289.56
2978,2025-01,2025-01-06,10.0,38,380.0
2978,2025-01,2025-01-07,9.55,38,362.9
2978,2025-01,2025-01-08,7.6,38,288.8
2978,2025-01,2025-01-09,9.62,38,365.56
2978,2025-01,2025-01-10,8.87,38,337.06
2978,2025-01,2025-01-11,7.92,38,300.96
2978,2025-01,2025-01-13,9.75,38,370.5
2978,2025-01,2025-01-14,8.08,38,307.04
2978,2025-01,2025-01-15,8.67,38,329.46
2978,2025-01,2025-01-16,8.37,38,318.06
2978,2025-01,2025-01-17,9.25,38,351.5
2978,2025-01,2025-01-20,9.48,38,360.24
2978,2025-01,2025-01-21,7.73,38,293.74
2978,2025-01,2025-01-22,8.2,38,311.6
2978,2025-01,2025-01-23,8.73,38,331.74
2978,2025-01,2025-01-24,8.47,38,321.86
2978,2025-01,2025-01-26,9.38,38,356.44
2978,2025-01,2025-01-27,8.38,38,318.44
2978,2025-01,2025-01-28,9.23,38,350.74
2978,2025-01,2025-01-29,9.22,38,350.36
2978,2025-01,2025-01-30,9.15,38,347.7
2978,2025-01,2025-01-31,9.12,38,346.56
2978,2025-01,2025-02-03,7.57,38,287.66
2978,2025-01,2025-02-04,9.12,38,346.56
2978,2025-01,2025-02-05,7.97,38,302.86
2978,2025-01,2025-02-06,9.72,38,369.36
2978,2025-01,2025-02-07,7.83,38,297.54
2978,2025-01,2025-02-10,8.38,38,318.44
2978,2025-01,2025-02-11,8.52,38,323.76
2978,2025-01,2025-02-12,8.42,38,319.96
2978,2025-01,2025-02-13,8.73,38,331.74
2978,2025-01,2025-02-14,9.88,38,375.44
2978,2025-01,2025-02-15,8.87,38,337.06
2978,2025-01,2025-02-16,8.77,38,333.26
2978,2025-01,2025-02-17,9.1,38,345.8
2978,2025-01,2025-02-18,9.93,38,377.34
2978,2025-01,2025-02-19,8.52,38,323.76
2978,2025-01,2025-02-20,9.98,38,379.24
2978,2025-01,2025-02-21,8.03,38,305.14
2978,2025-01,2025-02-24,8.88,38,337.44
2978,2025-01,2025-02-25,9.43,38,358.34
2978,2025-01,2025-02-26,8.8,38,334.4
2978,2025-01,2025-02-27,8.82,38,335.16
2978,2025-01,2025-02-28,7.8,38,296.4
2978,2025-01,2025-03-01,9.12,38,346.56
2990,2025-01,2025-01-01,8.53,38,324.14
2990,2025-01,2025-01-02,9.23,38,350.74
2990,2025-01,2025-01-03,9.83,38,373.54
2990,2025-01,2025-01-04,9.1,38,345.8
2990,2025-01,2025-01-05,8.47,38,321.86
2990,2025-01,2025-01-06,8.45,38,321.1
2990,2025-01,2025-01-07,9.0,38,342.0
2990,2025-01,2025-01-08,8.13,38,308.94
2990,2025-01,2025-01-09,7.92,38,300.96
2990,2025-01,2025-01-10,8.55,38,324.9
2990,2025-01,2025-01-12,9.82,38,373.16
2990,2025-01,2025-01-13,9.97,38,378.86
2990,2025-01,2025-01-14,9.52,38,361.76
2990,2025-01,2025-01-16,7.68,38,291.84
2990,2025-01,2025-01-17,9.62,38,365.56
2990,2025-01,2025-01-20,9.2,38,349.6
2990,2025-01,2025-01-21,8.97,38,340.86
2990,2025-01,2025-01-22,8.52,38,323.76
2990,2025-01,2025-01-23,8.55,38,324.9
2990,2025-01,2025-01-24,8.0,38,304.0
2990,2025-01,2025-01-27,7.65,38,290.7
2990,2025-01,2025-01-28,9.67,38,367.46
2990,2025-01,2025-01-29,7.55,38,286.9
2990,2025-01,2025-01-30,9.88,38,375.44
2990,2025-01,2025-01-31,7.8,38,296.4
2990,2025-01,2025-02-03,8.5,38,323.0
2990,2025-01,2025-02-04,9.02,38,342.76
2990,2025-01,2025-02-05,8.12,38,308.56
2990,2025-01,2025-02-06,7.78,38,295.64
2990,2025-01,2025-02-07,9.58,38,364.04
2990,2025-01,2025-02-08,7.65,38,290.7
2990,2025-01,2025-02-10,9.55,38,362.9
2990,2025-01,2025-02-11,9.75,38,370.5
2990,2025-01,2025-02-12,7.57,38,287.66
2990,2025-01,2025-02-13,9.87,38,375.06
2990,2025-01,2025-02-14,8.02,38,304.76
2990,2025-01,2025-02-17,7.83,38,297.54
2990,2025-01,2025-02-18,8.88,38,337.44
2990,2025-01,2025-02-19,8.33,38,316.54
2990,2025-01,2025-02-20,8.63,38,327.94
2990,2025-01,2025-02-21,7.73,38,293.74
2990,2025-01,2025-02-24,8.43,38,320.34
2990,2025-01,2025-02-25,7.82,38,297.16
2990,2025-01,2025-02-26,9.37,38,356.06
2990,2025-01,2025-02-27,9.85,38,374.3
2990,2025-01,2025-02-28,8.57,38,325.66
2991,2025-01,2025-01-01,8.82,28,246.96
2991,2025-01,2025-01-02,9.12,28,255.36
2991,2025-01,2025-01-03,8.35,28,233.8
2991,2025-01,2025-01-05,8.38,28,234.64
2991,2025-01,2025-01-06,9.68,28,271.04
2991,2025-01,2025-01-07,7.75,28,217.0
2991,2025-01,2025-01-08,7.68,28,215.04
2991,2025-01,2025-01-09,9.95,28,278.6
2991,2025-01,2025-01-10,9.33,28,261.24
2991,2025-01,2025-01-12,9.47,28,265.16
2991,2025-01,2025-01-13,7.75,28,217.0
2991,2025-01,2025-01-14,7.58,28,212.24
2991,2025-01,2025-01-15,8.8,28,246.4
2991,2025-01,2025-01-16,8.68,28,243.04
2991,2025-01,2025-01-17,9.1,28,254.8
2991,2025-01,2025-01-20,9.38,28,262.64
2991,2025-01,2025-01-21,8.52,28,238.56
2991,2025-01,2025-01-22,7.9,28,221.2
2991,2025-01,2025-01-23,9.98,28,279.44
2991,2025-01,2025-01-24,7.95,28,222.6
2991,2025-01,2025-01-27,7.78,28,217.84
2991,2025-01,2025-01-28,9.98,28,279.44
2991,2025-01,2025-01-29,7.85,28,219.8
2991,2025-01,2025-01-30,9.93,28,278.04
2991,2025-01,2025-01-31,9.92,28,277.76
2991,2025-01,2025-02-03,9.67,28,270.76
2991,2025-01,2025-02-04,9.03,28,252.84
2991,2025-01,2025-02-05,8.05,28,225.4
2991,2025-01,2025-02-06,7.72,28,216.16
2991,2025-01,2025-02-07,9.13,28,255.64
2991,2025-01,2025-02-10,8.95,28,250.6
2991,2025-01,2025-02-11,9.78,28,273.84
2991,2025-01,2025-02-12,9.77,28,273.56
2991,2025-01,2025-02-13,9.03,28,252.84
2991,2025-01,2025-02-14,8.87,28,248.36
2991,2025-01,2025-02-15,8.07,28,225.96
2991,2025-01,2025-02-17,7.53,28,210.84
2991,2025-01,2025-02-18,8.22,28,230.16
2991,2025-01,2025-02-19,8.12,28,227.36
2991,2025-01,2025-02-20,9.77,28,273.56
2991,2025-01,2025-02-21,7.65,28,214.2
2991,2025-01,2025-02-24,8.72,28,244.16
2991,2025-01,2025-02-25,9.37,28,262.36
2991,2025-01,2025-02-26,7.98,28,223.44
2991,2025-01,2025-02-27,9.38,28,262.64
2991,2025-01,2025-02-28,8.63,28,241.64
3014,2025-01,2025-01-01,8.55,32,273.6
3014,2025-01,2025-01-02,9.12,32,291.84
3014,2025-01,2025-01-03,8.02,32,256.64
3014,2025-01,2025-01-05,7.83,32,250.56
3014,2025-01,2025-01-06,9.58,32,306.56
3014,2025-01,2025-01-07,8.02,32,256.64
3014,2025-01,2025-01-08,9.25,32,296.0
3014,2025-01,2025-01-09,9.78,32,312.96
3014,2025-01,2025-01-10,7.5,32,240.0
3014,2025-01,2025-01-13,7.75,32,248.0
3014,2025-01,2025-01-14,9.67,32,309.44
3014,2025-01,2025-01-15,8.03,32,256.96
3014,2025-01,2025-01-16,9.68,32,309.76
3014,2025-01,2025-01-17,8.1,32,259.2
3014,2025-01,2025-01-20,8.48,32,271.36
3014,2025-01,2025-01-21,8.33,32,266.56
3014,2025-01,2025-01-22,9.73,32,311.36
3014,2025-01,2025-01-23,9.1,32,291.2
3014,2025-01,2025-01-24,7.57,32,242.24
3014,2025-01,2025-01-25,7.9,32,252.8
3014,2025-01,2025-01-27,9.75,32,312.0
3014,2025-01,2025-01-28,9.7,32,310.4
3014,2025-01,2025-01-29,7.73,32,247.36
3014,2025-01,2025-01-30,8.02,32,256.64
3014,2025-01,2025-01-31,9.22,32,295.04
3014,2025-01,2025-02-03,9.93,32,317.76
3014,2025-01,2025-02-04,7.92,32,253.44
3014,2025-01,2025-02-05,7.58,32,242.56
3014,2025-01,2025-02-06,9.23,32,295.36
3014,2025-01,2025-02-07,8.45,32,270.4
3014,2025-01,2025-02-10,7.92,32,253.44
3014,2025-01,2025-02-11,9.92,32,317.44
3014,2025-01,2025-02-12,7.98,32,255.36
3014,2025-01,2025-02-13,9.4,32,300.8
3014,2025-01,2025-02-14,9.22,32,295.04
3014,2025-01,2025-02-17,8.18,32,261.76
3014,2025-01,2025-02-18,9.32,32,298.24
3014,2025-01,2025-02-19,8.83,32,282.56
3014,2025-01,2025-02-20,7.95,32,254.4
3014,2025-01,2025-02-21,8.37,32,267.84
3014,2025-01,2025-02-23,7.67,32,245.44
3014,2025-01,2025-02-24,8.13,32,260.16
3014,2025-01,2025-02-25,9.1,32,291.2
3014,2025-01,2025-02-26,9.27,32,296.64
3014,2025-01,2025-02-27,9.85,32,315.2
3014,2025-01,2025-02-28,8.53,32,272.96
3014,2025-01,2025-03-01,8.22,32,263.04
3036,2025-01,2025-01-01,7.92,32,253.44
3036,2025-01,2025-01-02,7.75,32,248.0
3036,2025-01,2025-01-03,7.9,32,252.8
3036,2025-01,2025-01-06,8.1,32,259.2
3036,2025-01,2025-01-07,9.05,32,289.6
3036,2025-01,2025-01-08,9.85,32,315.2
3036,2025-01,2025-01-09,8.92,32,285.44
3036,2025-01,2025-01-10,8.92,32,285.44
3036,2025-01,2025-01-13,9.62,32,307.84
3036,2025-01,2025-01-14,8.02,32,256.64
3036,2025-01,2025-01-15,8.97,32,287.04
3036,2025-01,2025-01-16,10.0,32,320.0
3036,2025-01,2025-01-17,7.63,32,244.16
3036,2025-01,2025-01-20,7.57,32,242.24
3036,2025-01,2025-01-21,8.42,32,269.44
3036,2025-01,2025-01-22,9.17,32,293.44
3036,2025-01,2025-01-23,8.18,32,261.76
3036,2025-01,2025-01-24,8.48,32,271.36
3036,2025-01,2025-01-27,8.15,32,260.8
3036,2025-01,2025-01-28,9.68,32,309.76
3036,2025-01,2025-01-29,9.2,32,294.4
3036,2025-01,2025-01-30,9.78,32,312.96
3036,2025-01,2025-01-31,9.48,32,303.36
3036,2025-01,2025-02-02,8.5,32,272.0
3036,2025-01,2025-02-03,7.65,32,244.8
3036,2025-01,2025-02-04,9.37,32,299.84
3036,2025-01,2025-02-05,8.92,32,285.44
3036,2025-01,2025-02-06,8.28,32,264.96
3036,2025-01,2025-02-07,8.9,32,284.8
3036,2025-01,2025-02-10,9.67,32,309.44
3036,2025-01,2025-02-11,8.37,32,267.84
3036,2025-01,2025-02-12,9.55,32,305.6
3036,2025-01,2025-02-13,9.93,32,317.76
3036,2025-01,2025-02-14,9.0,32,288.0
3036,2025-01,2025-02-17,7.72,32,247.04
3036,2025-01,2025-02-18,8.17,32,261.44
3036,2025-01,2025-02-19,9.23,32,295.36
3036,2025-01,2025-02-20,8.68,32,277.76
3036,2025-01,2025-02-21,8.3,32,265.6
3036,2025-01,2025-02-22,9.28,32,296.96
3036,2025-01,2025-02-24,7.9,32,252.8
3036,2025-01,2025-02-25,8.45,32,270.4
3036,2025-01,2025-02-26,9.65,32,308.8
3036,2025-01,2025-02-27,9.52,32,304.64
3036,2025-01,2025-02-28,7.5,32,240.0
3040,2025-01,2025-01-01,9.07,28,253.96
3040,2025-01,2025-01-02,9.38,28,262.64
3040,2025-01,2025-01-03,9.78,28,273.84
3040,2025-01,2025-01-06,9.43,28,264.04
3040,2025-01,2025-01-07,9.17,28,256.76
3040,2025-01,2025-01-08,9.85,28,275.8
3040,2025-01,2025-01-09,9.08,28,254.24
3040,2025-01,2025-01-10,7.85,28,219.8
3040,2025-01,2025-01-13,7.77,28,217.56
3040,2025-01,2025-01-14,9.75,28,273.0
3040,2025-01,2025-01-15,9.87,28,276.36
3040,2025-01,2025-01-16,8.07,28,225.96
3040,2025-01,2025-01-17,9.53,28,266.84
3040,2025-01,2025-01-18,9.07,28,253.96
3040,2025-01,2025-01-19,7.62,28,213.36
3040,2025-01,2025-01-20,7.57,28,211.96
3040,2025-01,2025-01-21,8.18,28,229.04
3040,2025-01,2025-01-22,8.57,28,239.96
3040,2025-01,2025-01-23,8.1,28,226.8
3040,2025-01,2025-01-24,9.58,28,268.24
3040,2025-01,2025-01-27,9.15,28,256.2
3040,2025-01,2025-01-28,7.95,28,222.6
3040,2025-01,2025-01-29,7.58,28,212.24
3040,2025-01,2025-01-30,9.6,28,268.8
3040,2025-01,2025-01-31,7.87,28,220.36
3040,2025-01,2025-02-03,8.48,28,237.44
3040,2025-01,2025-02-04,9.7,28,271.6
3040,2025-01,2025-02-05,7.6,28,212.8
3040,2025-01,2025-02-06,9.55,28,267.4
3040,2025-01,2025-02-07,9.25,28,259.0
3040,2025-01,2025-02-09,8.33,28,233.24
3040,2025-01,2025-02-10,9.33,28,261.24
3040,2025-01,2025-02-11,7.53,28,210.84
3040,2025-01,2025-02-12,8.33,28,233.24
3040,2025-01,2025-02-13,9.57,28,267.96
3040,2025-01,2025-02-14,9.78,28,273.84
3040,2025-01,2025-02-15,9.07,28,253.96
3040,2025-01,2025-02-17,9.63,28,269.64
3040,2025-01,2025-02-18,9.17,28,256.76
3040,2025-01,2025-02-19,7.65,28,214.2
3040,2025-01,2025-02-20,9.18,28,257.04
3040,2025-01,2025-02-21,8.65,28,242.2
3040,2025-01,2025-02-24,8.28,28,231.84
3040,2025-01,2025-02-25,7.63,28,213.64
3040,2025-01,2025-02-26,8.7,28,243.6
3040,2025-01,2025-02-27,7.92,28,221.76
3040,2025-01,2025-02-28,7.9,28,221.2
3056,2025-01,2025-01-01,7.73,28,216.44
3056,2025-01,2025-01-02,8.23,28,230.44
3056,2025-01,2025-01-04,8.3,28,232.4
3056,2025-01,2025-01-06,8.53,28,238.84
3056,2025-01,2025-01-07,7.9,28,221.2
3056,2025-01,2025-01-08,9.13,28,255.64
3056,2025-01,2025-01-09,8.85,28,247.8
3056,2025-01,2025-01-10,9.48,28,265.44
3056,2025-01,2025-01-13,9.75,28,273.0
3056,2025-01,2025-01-14,9.83,28,275.24
3056,2025-01,2025-01-15,9.43,28,264.04
3056,2025-01,2025-01-16,9.88,28,276.64
3056,2025-01,2025-01-17,7.97,28,223.16
3056,2025-01,2025-01-19,8.17,28,228.76
3056,2025-01,2025-01-20,9.18,28,257.04
3056,2025-01,2025-01-21,9.58,28,268.24
3056,2025-01,2025-01-22,9.57,28,267.96
3056,2025-01,2025-01-23,8.8,28,246.4
3056,2025-01,2025-01-24,8.95,28,250.6
3056,2025-01,2025-01-27,9.82,28,274.96
3056,2025-01,2025-01-28,8.57,28,239.96
3056,2025-01,2025-01-29,8.13,28,227.64
3056,2025-01,2025-01-30,9.38,28,262.64
3056,2025-01,2025-01-31,8.55,28,239.4
3056,2025-01,2025-02-01,9.3,28,260.4
3056,2025-01,2025-02-03,8.5,28,238.0
3056,2025-01,2025-02-04,8.17,28,228.76
3056,2025-01,2025-02-05,7.7,28,215.6
3056,2025-01,2025-02-06,9.1,28,254.8
3056,2025-01,2025-02-07,7.67,28,214.76
3056,2025-01,2025-02-10,8.08,28,226.24
3056,2025-01,2025-02-11,8.83,28,247.24
3056,2025-01,2025-02-12,9.57,28,267.96
3056,2025-01,2025-02-13,9.85,28,275.8
3056,2025-01,2025-02-14,7.97,28,223.16
3056,2025-01,2025-02-17,8.5,28,238.0
3056,2025-01,2025-02-18,7.55,28,211.4
3056,2025-01,2025-02-19,9.75,28,273.0
3056,2025-01,2025-02-20,8.88,28,248.64
3056,2025-01,2025-02-21,9.58,28,268.24
3056,2025-01,2025-02-22,9.0,28,252.0
3056,2025-01,2025-02-24,8.52,28,238.56
3056,2025-01,2025-02-25,8.25,28,231.0
3056,2025-01,2025-02-26,7.78,28,217.84
3056,2025-01,2025-02-27,8.07,28,225.96
3056,2025-01,2025-02-28,7.77,28,217.56
3076,2025-01,2025-01-01,7.97,38,302.86
3076,2025-01,2025-01-02,7.62,38,289.56
3076,2025-01,2025-01-03,9.12,38,346.56
3076,2025-01,2025-01-04,8.12,38,308.56
3076,2025-01,2025-01-06,9.08,38,345.04
3076,2025-01,2025-01-07,9.12,38,346.56
3076,2025-01,2025-01-08,9.6,38,364.8
3076,2025-01,2025-01-09,9.72,38,369.36
3076,2025-01,2025-01-10,8.8,38,334.4
3076,2025-01,2025-01-13,7.53,38,286.14
3076,2025-01,2025-01-14,9.82,38,373.16
3076,2025-01,2025-01-15,8.58,38,326.04
3076,2025-01,2025-01-16,8.75,38,332.5
3076,2025-01,2025-01-17,9.03,38,343.14
3076,2025-01,2025-01-19,8.45,38,321.1
3076,2025-01,2025-01-20,8.38,38,318.44
3076,2025-01,2025-01-21,9.3,38,353.4
3076,2025-01,2025-01-22,7.77,38,295.26
3076,2025-01,2025-01-23,8.5,38,323.0
3076,2025-01,2025-01-24,10.0,38,380.0
3076,2025-01,2025-01-26,9.52,38,361.76
3076,2025-01,2025-01-27,8.78,38,333.64
3076,2025-01,2025-01-28,8.6,38,326.8
3076,2025-01,2025-01-29,8.03,38,305.14
3076,2025-01,2025-01-30,8.88,38,337.44
3076,2025-01,2025-01-31,7.87,38,299.06
3076,2025-01,2025-02-03,8.75,38,332.5
3076,2025-01,2025-02-04,9.33,38,354.54
3076,2025-01,2025-02-05,7.92,38,300.96
3076,2025-01,2025-02-06,7.5,38,285.0
3076,2025-01,2025-02-07,7.85,38,298.3
3076,2025-01,2025-02-10,7.88,38,299.44
3076,2025-01,2025-02-11,8.35,38,317.3
3076,2025-01,2025-02-12,9.08,38,345.04
3076,2025-01,2025-02-13,7.93,38,301.34
3076,2025-01,2025-02-14,8.98,38,341.24
3076,2025-01,2025-02-16,8.15,38,309.7
3076,2025-01,2025-02-17,9.8,38,372.4
3076,2025-01,2025-02-18,9.68,38,367.84
3076,2025-01,2025-02-19,8.6,38,326.8
3076,2025-01,2025-02-20,8.25,38,313.5
3076,2025-01,2025-02-21,8.48,38,322.24
3076,2025-01,2025-02-22,7.92,38,300.96
3076,2025-01,2025-02-24,7.82,38,297.16
3076,2025-01,2025-02-25,7.82,38,297.16
3076,2025-01,2025-02-26,9.6,38,364.8
3076,2025-01,2025-02-27,8.68,38,329.84
3076,2025-01,2025-02-28,9.45,38,359.1
3087,2025-01,2025-01-01,7.95,32,254.4
3087,2025-01,2025-01-02,8.77,32,280.64
3087,2025-01,2025-01-03,8.88,32,284.16
3087,2025-01,2025-01-06,9.02,32,288.64
3087,2025-01,2025-01-07,8.57,32,274.24
3087,2025-01,2025-01-08,7.55,32,241.6
3087,2025-01,2025-01-09,7.9,32,252.8
3087,2025-01,2025-01-10,9.28,32,296.96
3087,2025-01,2025-01-13,9.98,32,319.36
3087,2025-01,2025-01-14,7.88,32,252.16
3087,2025-01,2025-01-15,8.07,32,258.24
3087,2025-01,2025-01-16,9.82,32,314.24
3087,2025-01,2025-01-17,9.7,32,310.4
3087,2025-01,2025-01-20,9.53,32,304.96
3087,2025-01,2025-01-21,8.75,32,280.0
3087,2025-01,2025-01-22,7.92,32,253.44
3087,2025-01,2025-01-23,9.7,32,310.4
3087,2025-01,2025-01-24,8.83,32,282.56
3087,2025-01,2025-01-27,8.25,32,264.0
3087,2025-01,2025-01-28,8.67,32,277.44
3087,2025-01,2025-01-29,8.87,32,283.84
3087,2025-01,2025-01-30,9.85,32,315.2
3087,2025-01,2025-01-31,7.55,32,241.6
3087,2025-01,2025-02-03,9.77,32,312.64
3087,2025-01,2025-02-04,8.82,32,282.24
3087,2025-01,2025-02-05,8.25,32,264.0
3087,2025-01,2025-02-06,7.92,32,253.44
3087,2025-01,2025-02-07,8.67,32,277.44
3087,2025-01,2025-02-10,8.22,32,263.04
3087,2025-01,2025-02-11,8.97,32,287.04
3087,2025-01,2025-02-12,9.47,32,303.04
3087,2025-01,2025-02-13,7.6,32,243.2
3087,2025-01,2025-02-14,8.88,32,284.16
3087,2025-01,2025-02-16,7.52,32,240.64
3087,2025-01,2025-02-17,8.73,32,279.36
3087,2025-01,2025-02-18,10.0,32,320.0
3087,2025-01,2025-02-19,7.88,32,252.16
3087,2025-01,2025-02-20,9.58,32,306.56
3087,2025-01,2025-02-21,8.95,32,286.4
3087,2025-01,2025-02-22,7.63,32,244.16
3087,2025-01,2025-02-24,9.1,32,291.2
3087,2025-01,2025-02-25,8.27,32,264.64
3087,2025-01,2025-02-26,7.72,32,247.04
3087,2025-01,2025-02-27,9.67,32,309.44
3087,2025-01,2025-02-28,9.25,32,296.0
3101,2025-01,2025-01-01,8.45,32,270.4
3101,2025-01,2025-01-02,8.7,32,278.4
3101,2025-01,2025-01-03,8.65,32,276.8
3101,2025-01,2025-01-05,8.22,32,263.04
3101,2025-01,2025-01-06,9.83,32,314.56
3101,2025-01,2025-01-07,8.78,32,280.96
3101,2025-01,2025-01-08,7.52,32,240.64
3101,2025-01,2025-01-09,9.35,32,299.2
3101,2025-01,2025-01-10,9.1,32,291.2
3101,2025-01,2025-01-12,7.62,32,243.84
3101,2025-01,2025-01-13,9.92,32,317.44
3101,2025-01,2025-01-14,8.25,32,264.0
3101,2025-01,2025-01-15,8.38,32,268.16
3101,2025-01,2025-01-16,8.78,32,280.96
3101,2025-01,2025-01-17,9.32,32,298.24
3101,2025-01,2025-01-20,9.37,32,299.84
3101,2025-01,2025-01-21,9.05,32,289.6
3101,2025-01,2025-01-22,9.8,32,313.6
3101,2025-01,2025-01-23,9.7,32,310.4
3101,2025-01,2025-01-24,9.37,32,299.84
3101,2025-01,2025-01-26,8.68,32,277.76
3101,2025-01,2025-01-27,9.9,32,316.8
3101,2025-01,2025-01-28,9.38,32,300.16
3101,2025-01,2025-01-29,8.1,32,259.2
3101,2025-01,2025-01-30,9.0,32,288.0
3101,2025-01,2025-01-31,7.95,32,254.4
3101,2025-01,2025-02-03,9.1,32,291.2
3101,2025-01,2025-02-04,9.47,32,303.04
3101,2025-01,2025-02-05,8.7,32,278.4
3101,2025-01,2025-02-06,9.67,32,309.44
3101,2025-01,2025-02-07,8.95,32,286.4
3101,2025-01,2025-02-10,9.08,32,290.56
3101,2025-01,2025-02-11,9.33,32,298.56
3101,2025-01,2025-02-12,9.68,32,309.76
3101,2025-01,2025-02-13,7.95,32,254.4
3101,2025-01,2025-02-14,8.58,32,274.56
3101,2025-01,2025-02-15,8.18,32,261.76
3101,2025-01,2025-02-16,7.67,32,245.44
3101,2025-01,2025-02-17,9.53,32,304.96
3101,2025-01,2025-02-18,8.38,32,268.16
3101,2025-01,2025-02-19,9.43,32,301.76
3101,2025-01,2025-02-20,9.05,32,289.6
3101,2025-01,2025-02-21,7.8,32,249.6
3101,2025-01,2025-02-24,8.33,32,266.56
3101,2025-01,2025-02-25,9.95,32,318.4
3101,2025-01,2025-02-26,9.0,32,288.0
3101,2025-01,2025-02-27,8.72,32,279.04
3101,2025-01,2025-02-28,8.5,32,272.0
3104,2025-01,2025-01-01,8.9,38,338.2
3104,2025-01,2025-01-02,9.2,38,349.6
3104,2025-01,2025-01-03,8.78,38,333.64
3104,2025-01,2025-01-06,9.62,38,365.56
3104,2025-01,2025-01-07,8.08,38,307.04
3104,2025-01,2025-01-08,8.08,38,307.04
3104,2025-01,2025-01-09,9.73,38,369.74
3104,2025-01,2025-01-10,9.8,38,372.4
3104,2025-01,2025-01-13,8.97,38,340.86
3104,2025-01,2025-01-14,8.03,38,305.14
3104,2025-01,2025-01-15,9.95,38,378.1
3104,2025-01,2025-01-16,7.98,38,303.24
3104,2025-01,2025-01-17,8.55,38,324.9
3104,2025-01,2025-01-19,8.87,38,337.06
3104,2025-01,2025-01-20,7.6,38,288.8
3104,2025-01,2025-01-21,9.92,38,376.96
3104,2025-01,2025-01-22,8.13,38,308.94
3104,2025-01,2025-01-23,8.6,38,326.8
3104,2025-01,2025-01-24,9.35,38,355.3
3104,2025-01,2025-01-27,8.18,38,310.84
3104,2025-01,2025-01-28,9.53,38,362.14
3104,2025-01,2025-01-29,9.8,38,372.4
3104,2025-01,2025-01-30,8.23,38,312.74
3104,2025-01,2025-01-31,9.92,38,376.96
3104,2025-01,2025-02-03,9.4,38,357.2
3104,2025-01,2025-02-04,7.5,38,285.0
3104,2025-01,2025-02-05,8.12,38,308.56
3104,2025-01,2025-02-06,9.52,38,361.76
3104,2025-01,2025-02-07,7.6,38,288.8
3104,2025-01,2025-02-08,7.55,38,286.9
3104,2025-01,2025-02-10,7.83,38,297.54
3104,2025-01,2025-02-11,7.75,38,294.5
3104,2025-01,2025-02-12,9.18,38,348.84
3104,2025-01,2025-02-13,9.28,38,352.64
3104,2025-01,2025-02-14,9.08,38,345.04
3104,2025-01,2025-02-17,8.37,38,318.06
3104,2025-01,2025-02-18,9.98,38,379.24
3104,2025-01,2025-02-19,8.28,38,314.64
3104,2025-01,2025-02-20,9.18,38,348.84
3104,2025-01,2025-02-21,8.72,38,331.36
3104,2025-01,2025-02-23,9.38,38,356.44
3104,2025-01,2025-02-24,9.95,38,378.1
3104,2025-01,2025-02-25,8.55,38,324.9
3104,2025-01,2025-02-26,9.65,38,366.7
3104,2025-01,2025-02-27,9.38,38,356.44
3104,2025-01,2025-02-28,9.6,38,364.8
3104,2025-01,2025-03-01,7.52,38,285.76
3132,2025-01,2025-01-01,8.53,28,238.84
3132,2025-01,2025-01-02,8.88,28,248.64
3132,2025-01,2025-01-03,8.97,28,251.16
3132,2025-01,2025-01-06,8.45,28,236.6
3132,2025-01,2025-01-07,9.38,28,262.64
3132,2025-01,2025-01-08,9.72,28,272.16
3132,2025-01,2025-01-09,8.98,28,251.44
3132,2025-01,2025-01-10,8.7,28,243.6
3132,2025-01,2025-01-11,9.12,28,255.36
3132,2025-01,2025-01-13,8.35,28,233.8
3132,2025-01,2025-01-14,8.88,28,248.64
3132,2025-01,2025-01-15,9.8,28,274.4
3132,2025-01,2025-01-16,7.57,28,211.96
3132,2025-01,2025-01-17,8.62,28,241.36
3132,2025-01,2025-01-20,9.7,28,271.6
3132,2025-01,2025-01-21,9.9,28,277.2
3132,2025-01,2025-01-22,7.78,28,217.84
3132,2025-01,2025-01-23,8.05,28,225.4
3132,2025-01,2025-01-24,8.65,28,242.2
3132,2025-01,2025-01-26,9.2,28,257.6
3132,2025-01,2025-01-27,8.2,28,229.6
3132,2025-01,2025-01-28,7.95,28,222.6
3132,2025-01,2025-01-29,8.32,28,232.96
3132,2025-01,2025-01-30,8.93,28,250.04
3132,2025-01,2025-01-31,8.43,28,236.04
3132,2025-01,2025-02-03,8.15,28,228.2
3132,2025-01,2025-02-04,8.12,28,227.36
3132,2025-01,2025-02-05,9.37,28,262.36
3132,2025-01,2025-02-06,8.88,28,248.64
3132,2025-01,2025-02-07,8.07,28,225.96
3132,2025-01,2025-02-08,9.6,28,268.8
3132,2025-01,2025-02-10,7.58,28,212.24
3132,2025-01,2025-02-11,8.07,28,225.96
3132,2025-01,2025-02-12,8.13,28,227.64
3132,2025-01,2025-02-13,9.98,28,279.44
3132,2025-01,2025-02-14,7.88,28,220.64
3132,2025-01,2025-02-17,9.2,28,257.6
3132,2025-01,2025-02-18,7.72,28,216.16
3132,2025-01,2025-02-19,9.03,28,252.84
3132,2025-01,2025-02-20,9.08,28,254.24
3132,2025-01,2025-02-21,9.1,28,254.8
3132,2025-01,2025-02-24,9.77,28,273.56
3132,2025-01,2025-02-25,8.05,28,225.4
3132,2025-01,2025-02-26,8.72,28,244.16
3132,2025-01,2025-02-27,7.98,28,223.44
3132,2025-01,2025-02-28,8.02,28,224.56
3142,2025-01,2025-01-01,8.03,32,256.96
3142,2025-01,2025-01-02,9.83,32,314.56
3142,2025-01,2025-01-03,7.57,32,242.24
3142,2025-01,2025-01-06,8.8,32,281.6
3142,2025-01,2025-01-07,8.52,32,272.64
3142,2025-01,2025-01-08,9.18,32,293.76
3142,2025-01,2025-01-09,7.98,32,255.36
3142,2025-01,2025-01-10,7.83,32,250.56
3142,2025-01,2025-01-12,9.2,32,294.4
3142,2025-01,2025-01-13,9.33,32,298.56
3142,2025-01,2025-01-14,8.22,32,263.04
3142,2025-01,2025-01-15,9.52,32,304.64
3142,2025-01,2025-01-16,9.02,32,288.64
3142,2025-01,2025-01-17,8.05,32,257.6
3142,2025-01,2025-01-20,7.73,32,247.36
3142,2025-01,2025-01-21,8.15,32,260.8
3142,2025-01,2025-01-22,7.65,32,244.8
3142,2025-01,2025-01-23,9.02,32,288.64
3142,2025-01,2025-01-24,9.27,32,296.64
3142,2025-01,2025-01-27,8.87,32,283.84
3142,2025-01,2025-01-28,9.43,32,301.76
3142,2025-01,2025-01-29,9.08,32,290.56
3142,2025-01,2025-01-30,9.45,32,302.4
3142,2025-01,2025-01-31,9.17,32,293.44
3142,2025-01,2025-02-01,8.5,32,272.0
3142,2025-01,2025-02-03,7.95,32,254.4
3142,2025-01,2025-02-04,9.12,32,291.84
3142,2025-01,2025-02-05,8.6,32,275.2
3142,2025-01,2025-02-06,8.47,32,271.04
3142,2025-01,2025-02-07,9.0,32,288.0
3142,2025-01,2025-02-09,9.05,32,289.6
3142,2025-01,2025-02-10,9.53,32,304.96
3142,2025-01,2025-02-11,9.08,32,290.56
3142,2025-01,2025-02-12,9.13,32,292.16
3142,2025-01,2025-02-13,8.43,32,269.76
3142,2025-01,2025-02-14,9.1,32,291.2
3142,2025-01,2025-02-15,7.63,32,244.16
3142,2025-01,2025-02-17,8.07,32,258.24
3142,2025-01,2025-02-18,7.62,32,243.84
3142,2025-01,2025-02-19,8.83,32,282.56
3142,2025-01,2025-02-20,9.67,32,309.44
3142,2025-01,2025-02-21,8.12,32,259.84
3142,2025-01,2025-02-24,9.58,32,306.56
3142,2025-01,2025-02-25,8.9,32,284.8
3142,2025-01,2025-02-26,9.75,32,312.0
3142,2025-01,2025-02-27,8.7,32,278.4
3142,2025-01,2025-02-28,8.17,32,261.44
3142,2025-01,2025-03-01,9.58,32,306.56
3146,2025-01,2025-01-01,8.55,38,324.9
3146,2025-01,2025-01-02,8.65,38,328.7
3146,2025-01,2025-01-03,9.55,38,362.9
3146,2025-01,2025-01-06,9.55,38,362.9
3146,2025-01,2025-01-07,8.63,38,327.94
3146,2025-01,2025-01-08,8.73,38,331.74
3146,2025-01,2025-01-09,8.52,38,323.76
3146,2025-01,2025-01-10,8.63,38,327.94
3146,2025-01,2025-01-12,9.48,38,360.24
3146,2025-01,2025-01-13,8.8,38,334.4
3146,2025-01,2025-01-14,7.53,38,286.14
3146,2025-01,2025-01-15,8.87,38,337.06
3146,2025-01,2025-01-16,7.68,38,291.84
3146,2025-01,2025-01-17,9.3,38,353.4
3146,2025-01,2025-01-20,9.47,38,359.86
3146,2025-01,2025-01-21,9.1,38,345.8
3146,2025-01,2025-01-22,7.5,38,285.0
3146,2025-01,2025-01-23,9.73,38,369.74
3146,2025-01,2025-01-24,9.25,38,351.5
3146,2025-01,2025-01-27,9.53,38,362.14
3146,2025-01,2025-01-28,9.63,38,365.94
3146,2025-01,2025-01-29,7.68,38,291.84
3146,2025-01,2025-01-30,9.98,38,379.24
3146,2025-01,2025-01-31,9.45,38,359.1
3146,2025-01,2025-02-02,9.88,38,375.44
3146,2025-01,2025-02-03,8.0,38,304.0
3146,2025-01,2025-02-04,8.22,38,312.36
3146,2025-01,2025-02-05,7.62,38,289.56
3146,2025-01,2025-02-06,7.63,38,289.94
3146,2025-01,2025-02-07,9.22,38,350.36
3146,2025-01,2025-02-10,9.33,38,354.54
3146,2025-01,2025-02-11,7.72,38,293.36
3146,2025-01,2025-02-12,8.27,38,314.26
3146,2025-01,2025-02-13,9.7,38,368.6
3146,2025-01,2025-02-14,8.75,38,332.5
3146,2025-01,2025-02-16,8.37,38,318.06
3146,2025-01,2025-02-17,9.53,38,362.14
3146,2025-01,2025-02-18,8.93,38,339.34
3146,2025-01,2025-02-19,9.9,38,376.2
3146,2025-01,2025-02-20,9.65,38,366.7
3146,2025-01,2025-02-21,8.57,38,325.66
3146,2025-01,2025-02-23,7.7,38,292.6
3146,2025-01,2025-02-24,8.43,38,320.34
3146,2025-01,2025-02-25,9.38,38,356.44
3146,2025-01,2025-02-26,7.53,38,286.14
3146,2025-01,2025-02-27,7.9,38,300.2
3146,2025-01,2025-02-28,9.2,38,349.6
3160,2025-01,2025-01-01,9.92,28,277.76
3160,2025-01,2025-01-02,9.17,28,256.76
3160,2025-01,2025-01-03,7.52,28,210.56
3160,2025-01,2025-01-06,9.82,28,274.96
3160,2025-01,2025-01-07,8.58,28,240.24
3160,2025-01,2025-01-08,9.58,28,268.24
3160,2025-01,2025-01-09,9.37,28,262.36
3160,2025-01,2025-01-10,8.38,28,234.64
3160,2025-01,2025-01-13,8.28,28,231.84
3160,2025-01,2025-01-14,9.3,28,260.4
3160,2025-01,2025-01-15,9.45,28,264.6
3160,2025-01,2025-01-16,9.42,28,263.76
3160,2025-01,2025-01-17,7.98,28,223.44
3160,2025-01,2025-01-18,7.62,28,213.36
3160,2025-01,2025-01-19,7.62,28,213.36
3160,2025-01,2025-01-20,8.93,28,250.04
3160,2025-01,2025-01-21,9.05,28,253.4
3160,2025-01,2025-01-22,7.68,28,215.04
3160,2025-01,2025-01-23,8.78,28,245.84
3160,2025-01,2025-01-24,7.6,28,212.8
3160,2025-01,2025-01-27,8.13,28,227.64
3160,2025-01,2025-01-28,9.1,28,254.8
3160,2025-01,2025-01-29,7.95,28,222.6
3160,2025-01,2025-01-30,8.33,28,233.24
3160,2025-01,2025-01-31,7.82,28,218.96
3160,2025-01,2025-02-03,8.32,28,232.96
3160,2025-01,2025-02-04,9.83,28,275.24
3160,2025-01,2025-02-05,9.68,28,271.04
3160,2025-01,2025-02-06,9.43,28,264.04
3160,2025-01,2025-02-07,8.17,28,228.76
3160,2025-01,2025-02-08,8.87,28,248.36
3160,2025-01,2025-02-09,7.83,28,219.24
3160,2025-01,2025-02-10,9.65,28,270.2
3160,2025-01,2025-02-11,7.73,28,216.44
3160,2025-01,2025-02-12,8.95,28,250.6
3160,2025-01,2025-02-13,9.12,28,255.36
3160,2025-01,2025-02-14,7.63,28,213.64
3160,2025-01,2025-02-15,8.25,28,231.0
3160,2025-01,2025-02-17,9.87,28,276.36
3160,2025-01,2025-02-18,8.47,28,237.16
3160,2025-01,2025-02-19,7.93,28,222.04
3160,2025-01,2025-02-20,9.47,28,265.16
3160,2025-01,2025-02-21,8.63,28,241.64
3160,2025-01,2025-02-24,7.77,28,217.56
3160,2025-01,2025-02-25,7.53,28,210.84
3160,2025-01,2025-02-26,9.52,28,266.56
3160,2025-01,2025-02-27,10.0,28,280.0
3160,2025-01,2025-02-28,7.63,28,213.64
3174,2025-01,2025-01-01,8.1,38,307.8
3174,2025-01,2025-01-02,8.72,38,331.36
3174,2025-01,2025-01-03,9.4,38,357.2
3174,2025-01,2025-01-06,8.2,38,311.6
3174,2025-01,2025-01-07,8.52,38,323.76
3174,2025-01,2025-01-08,9.37,38,356.06
3174,2025-01,2025-01-09,8.68,38,329.84
3174,2025-01,2025-01-10,9.7,38,368.6
3174,2025-01,2025-01-13,8.72,38,331.36
3174,2025-01,2025-01-14,8.18,38,310.84
3174,2025-01,2025-01-15,7.67,38,291.46
3174,2025-01,2025-01-16,8.85,38,336.3
3174,2025-01,2025-01-17,9.38,38,356.44
3174,2025-01,2025-01-20,7.87,38,299.06
3174,2025-01,2025-01-21,9.3,38,353.4
3174,2025-01,2025-01-22,9.82,38,373.16
3174,2025-01,2025-01-23,9.18,38,348.84
3174,2025-01,2025-01-24,8.08,38,307.04
3174,2025-01,2025-01-27,8.02,38,304.76
3174,2025-01,2025-01-28,7.8,38,296.4
3174,2025-01,2025-01-29,8.2,38,311.6
3174,2025-01,2025-01-30,8.22,38,312.36
3174,2025-01,2025-01-31,8.47,38,321.86
3174,2025-01,2025-02-03,9.32,38,354.16
3174,2025-01,2025-02-04,9.78,38,371.64
3174,2025-01,2025-02-05,9.23,38,350.74
3174,2025-01,2025-02-06,7.53,38,286.14
3174,2025-01,2025-02-07,7.75,38,294.5
3174,2025-01,2025-02-10,8.58,38,326.04
3174,2025-01,2025-02-11,8.78,38,333.64
3174,2025-01,2025-02-12,9.88,38,375.44
3174,2025-01,2025-02-13,9.58,38,364.04
3174,2025-01,2025-02-14,9.35,38,355.3
3174,2025-01,2025-02-16,7.5,38,285.0
3174,2025-01,2025-02-17,9.82,38,373.16
3174,2025-01,2025-02-18,8.52,38,323.76
3174,2025-01,2025-02-19,7.87,38,299.06
3174,2025-01,2025-02-20,9.05,38,343.9
3174,2025-01,2025-02-21,8.43,38,320.34
3174,2025-01,2025-02-24,9.35,38,355.3
3174,2025-01,2025-02-25,8.28,38,314.64
3174,2025-01,2025-02-26,8.47,38,321.86
3174,2025-01,2025-02-27,8.85,38,336.3
3174,2025-01,2025-02-28,9.58,38,364.04
3179,2025-01,2025-01-01,8.55,38,324.9
3179,2025-01,2025-01-02,7.68,38,291.84
3179,2025-01,2025-01-03,9.13,38,346.94
3179,2025-01,2025-01-06,9.93,38,377.34
3179,2025-01,2025-01-07,9.78,38,371.64
3179,2025-01,2025-01-08,8.22,38,312.36
3179,2025-01,2025-01-09,7.78,38,295.64
3179,2025-01,2025-01-10,9.17,38,348.46
3179,2025-01,2025-01-13,7.92,38,300.96
3179,2025-01,2025-01-14,9.87,38,375.06
3179,2025-01,2025-01-15,8.48,38,322.24
3179,2025-01,2025-01-16,7.95,38,302.1
3179,2025-01,2025-01-17,9.67,38,367.46
3179,2025-01,2025-01-20,8.58,38,326.04
3179,2025-01,2025-01-21,8.48,38,322.24
3179,2025-01,2025-01-22,8.42,38,319.96
3179,2025-01,2025-01-23,7.8,38,296.4
3179,2025-01,2025-01-24,9.8,38,372.4
3179,2025-01,2025-01-27,8.53,38,324.14
3179,2025-01,2025-01-28,7.73,38,293.74
3179,2025-01,2025-01-29,9.42,38,357.96
3179,2025-01,2025-01-30,8.3,38,315.4
3179,2025-01,2025-01-31,7.95,38,302.1
3179,2025-01,2025-02-03,9.87,38,375.06
3179,2025-01,2025-02-04,9.6,38,364.8
3179,2025-01,2025-02-05,8.17,38,310.46
3179,2025-01,2025-02-06,8.62,38,327.56
3179,2025-01,2025-02-07,9.62,38,365.56
3179,2025-01,2025-02-08,7.73,38,293.74
3179,2025-01,2025-02-10,8.47,38,321.86
3179,2025-01,2025-02-11,9.53,38,362.14
3179,2025-01,2025-02-12,8.37,38,318.06
3179,2025-01,2025-02-13,7.5,38,285.0
3179,2025-01,2025-02-14,7.52,38,285.76
3179,2025-01,2025-02-16,8.22,38,312.36
3179,2025-01,2025-02-17,7.77,38,295.26
3179,2025-01,2025-02-18,9.75,38,370.5
3179,2025-01,2025-02-19,7.68,38,291.84
3179,2025-01,2025-02-20,9.05,38,343.9
3179,2025-01,2025-02-21,8.13,38,308.94
3179,2025-01,2025-02-24,9.27,38,352.26
3179,2025-01,2025-02-25,8.72,38,331.36
3179,2025-01,2025-02-26,7.52,38,285.76
3179,2025-01,2025-02-27,9.95,38,378.1
3179,2025-01,2025-02-28,10.0,38,380.0
3179,2025-01,2025-03-01,9.43,38,358.34
3257,2025-01,2025-01-01,7.77,28,217.56
3257,2025-01,2025-01-02,8.57,28,239.96
3257,2025-01,2025-01-03,7.95,28,222.6
3257,2025-01,2025-01-06,9.57,28,267.96
3257,2025-01,2025-01-07,9.95,28,278.6
3257,2025-01,2025-01-08,8.85,28,247.8
3257,2025-01,2025-01-09,7.93,28,222.04
3257,2025-01,2025-01-10,9.95,28,278.6
3257,2025-01,2025-01-11,8.35,28,233.8
3257,2025-01,2025-01-13,8.18,28,229.04
3257,2025-01,2025-01-14,9.25,28,259.0
3257,2025-01,2025-01-15,7.57,28,211.96
3257,2025-01,2025-01-16,9.88,28,276.64
3257,2025-01,2025-01-17,8.65,28,242.2
3257,2025-01,2025-01-20,9.62,28,269.36
3257,2025-01,2025-01-21,8.48,28,237.44
3257,2025-01,2025-01-22,8.05,28,225.4
3257,2025-01,2025-01-23,8.98,28,251.44
3257,2025-01,2025-01-24,7.6,28,212.8
3257,2025-01,2025-01-27,9.87,28,276.36
3257,2025-01,2025-01-28,9.95,28,278.6
3257,2025-01,2025-01-29,9.93,28,278.04
3257,2025-01,2025-01-30,9.6,28,268.8
3257,2025-01,2025-01-31,9.23,28,258.44
3257,2025-01,2025-02-03,8.0,28,224.0
3257,2025-01,2025-02-04,8.02,28,224.56
3257,2025-01,2025-02-05,8.57,28,239.96
3257,2025-01,2025-02-06,8.55,28,239.4
3257,2025-01,2025-02-07,9.37,28,262.36
3257,2025-01,2025-02-10,7.68,28,215.04
3257,2025-01,2025-02-11,9.32,28,260.96
3257,2025-01,2025-02-12,8.75,28,245.0
3257,2025-01,2025-02-13,8.45,28,236.6
3257,2025-01,2025-02-14,9.5,28,266.0
3257,2025-01,2025-02-16,8.03,28,224.84
3257,2025-01,2025-02-17,9.23,28,258.44
3257,2025-01,2025-02-18,9.53,28,266.84
3257,2025-01,2025-02-19,9.33,28,261.24
3257,2025-01,2025-02-20,8.58,28,240.24
3257,2025-01,2025-02-21,9.38,28,262.64
3257,2025-01,2025-02-23,9.42,28,263.76
3257,2025-01,2025-02-24,9.15,28,256.2
3257,2025-01,2025-02-25,8.22,28,230.16
3257,2025-01,2025-02-26,8.37,28,234.36
3257,2025-01,2025-02-27,7.77,28,217.56
3257,2025-01,2025-02-28,9.57,28,267.96
3266,2025-01,2025-01-01,7.93,28,222.04
3266,2025-01,2025-01-02,9.75,28,273.0
3266,2025-01,2025-01-03,7.6,28,212.8
3266,2025-01,2025-01-06,8.8,28,246.4
3266,2025-01,2025-01-07,9.87,28,276.36
3266,2025-01,2025-01-08,7.57,28,211.96
3266,2025-01,2025-01-09,8.03,28,224.84
3266,2025-01,2025-01-10,8.97,28,251.16
3266,2025-01,2025-01-12,7.92,28,221.76
3266,2025-01,2025-01-13,7.57,28,211.96
3266,2025-01,2025-01-14,9.67,28,270.76
3266,2025-01,2025-01-15,9.13,28,255.64
3266,2025-01,2025-01-16,9.02,28,252.56
3266,2025-01,2025-01-17,7.73,28,216.44
3266,2025-01,2025-01-20,9.57,28,267.96
3266,2025-01,2025-01-21,9.13,28,255.64
3266,2025-01,2025-01-22,8.48,28,237.44
3266,2025-01,2025-01-23,7.52,28,210.56
3266,2025-01,2025-01-24,7.8,28,218.4
3266,2025-01,2025-01-27,8.07,28,225.96
3266,2025-01,2025-01-28,9.03,28,252.84
3266,2025-01,2025-01-29,8.32,28,232.96
3266,2025-01,2025-01-30,8.48,28,237.44
3266,2025-01,2025-01-31,9.62,28,269.36
3266,2025-01,2025-02-01,9.9,28,277.2
3266,2025-01,2025-02-03,9.75,28,273.0
3266,2025-01,2025-02-04,9.85,28,275.8
3266,2025-01,2025-02-05,9.15,28,256.2
3266,2025-01,2025-02-06,8.92,28,249.76
3266,2025-01,2025-02-07,9.4,28,263.2
3266,2025-01,2025-02-10,8.05,28,225.4
3266,2025-01,2025-02-11,9.65,28,270.2
3266,2025-01,2025-02-12,8.28,28,231.84
3266,2025-01,2025-02-13,7.83,28,219.24
3266,2025-01,2025-02-14,7.88,28,220.64
3266,2025-01,2025-02-17,8.28,28,231.84
3266,2025-01,2025-02-18,7.55,28,211.4
3266,2025-01,2025-02-19,8.32,28,232.96
3266,2025-01,2025-02-20,9.3,28,260.4
3266,2025-01,2025-02-21,8.22,28,230.16
3266,2025-01,2025-02-22,9.95,28,278.6
3266,2025-01,2025-02-24,8.8,28,246.4
3266,2025-01,2025-02-25,10.0,28,280.0
3266,2025-01,2025-02-26,7.65,28,214.2
3266,2025-01,2025-02-27,9.83,28,275.24
3266,2025-01,2025-02-28,8.1,28,226.8
3291,2025-01,2025-01-01,8.47,38,321.86
3291,2025-01,2025-01-02,8.78,38,333.64
3291,2025-01,2025-01-03,9.88,38,375.44
3291,2025-01,2025-01-05,8.03,38,305.14
3291,2025-01,2025-01-06,9.12,38,346.56
3291,2025-01,2025-01-07,7.95,38,302.1
3291,2025-01,2025-01-08,9.12,38,346.56
3291,2025-01,2025-01-09,7.8,38,296.4
3291,2025-01,2025-01-10,8.97,38,340.86
3291,2025-01,2025-01-11,7.58,38,288.04
3291,2025-01,2025-01-12,7.82,38,297.16
3291,2025-01,2025-01-13,9.5,38,361.0
3291,2025-01,2025-01-14,9.07,38,344.66
3291,2025-01,2025-01-15,9.62,38,365.56
3291,2025-01,2025-01-16,9.68,38,367.84
3291,2025-01,2025-01-17,9.13,38,346.94
3291,2025-01,2025-01-20,8.92,38,338.96
3291,2025-01,2025-01-21,8.18,38,310.84
3291,2025-01,2025-01-22,9.85,38,374.3
3291,2025-01,2025-01-23,8.17,38,310.46
3291,2025-01,2025-01-24,7.63,38,289.94
3291,2025-01,2025-01-27,9.03,38,343.14
3291,2025-01,2025-01-28,8.77,38,333.26
3291,2025-01,2025-01-29,8.88,38,337.44
3291,2025-01,2025-01-30,7.7,38,292.6
3291,2025-01,2025-01-31,9.85,38,374.3
3291,2025-01,2025-02-03,9.03,38,343.14
3291,2025-01,2025-02-04,7.55,38,286.9
3291,2025-01,2025-02-05,9.2,38,349.6
3291,2025-01,2025-02-06,9.28,38,352.64
3291,2025-01,2025-02-07,8.38,38,318.44
3291,2025-01,2025-02-08,9.92,38,376.96
3291,2025-01,2025-02-10,7.72,38,293.36
3291,2025-01,2025-02-11,9.27,38,352.26
3291,2025-01,2025-02-12,9.52,38,361.76
3291,2025-01,2025-02-13,9.05,38,343.9
3291,2025-01,2025-02-14,8.0,38,304.0
3291,2025-01,2025-02-17,8.08,38,307.04
3291,2025-01,2025-02-18,8.12,38,308.56
3291,2025-01,2025-02-19,9.75,38,370.5
3291,2025-01,2025-02-20,8.43,38,320.34
3291,2025-01,2025-02-21,7.83,38,297.54
3291,2025-01,2025-02-22,8.95,38,340.1
3291,2025-01,2025-02-24,8.7,38,330.6
3291,2025-01,2025-02-25,8.52,38,323.76
3291,2025-01,2025-02-26,8.32,38,316.16
3291,2025-01,2025-02-27,9.15,38,347.7
3291,2025-01,2025-02-28,8.52,38,323.76
3299,2025-01,2025-01-01,9.37,28,262.36
3299,2025-01,2025-01-02,9.02,28,252.56
3299,2025-01,2025-01-03,9.98,28,279.44
3299,2025-01,2025-01-04,8.37,28,234.36
3299,2025-01,2025-01-06,9.27,28,259.56
3299,2025-01,2025-01-07,8.93,28,250.04
3299,2025-01,2025-01-08,8.02,28,224.56
3299,2025-01,2025-01-09,9.15,28,256.2
3299,2025-01,2025-01-10,9.2,28,257.6
3299,2025-01,2025-01-12,8.73,28,244.44
3299,2025-01,2025-01-13,7.65,28,214.2
3299,2025-01,2025-01-14,7.63,28,213.64
3299,2025-01,2025-01-15,8.08,28,226.24
3299,2025-01,2025-01-16,7.83,28,219.24
3299,2025-01,2025-01-17,8.23,28,230.44
3299,2025-01,2025-01-19,9.98,28,279.44
3299,2025-01,2025-01-20,7.85,28,219.8
3299,2025-01,2025-01-21,7.62,28,213.36
3299,2025-01,2025-01-22,8.63,28,241.64
3299,2025-01,2025-01-23,8.67,28,242.76
3299,2025-01,2025-01-24,9.35,28,261.8
3299,2025-01,2025-01-25,9.63,28,269.64
3299,2025-01,2025-01-27,8.15,28,228.2
3299,2025-01,2025-01-28,9.0,28,252.0
3299,2025-01,2025-01-29,7.5,28,210.0
3299,2025-01,2025-01-30,9.23,28,258.44
3299,2025-01,2025-01-31,8.97,28,251.16
3299,2025-01,2025-02-03,9.65,28,270.2
3299,2025-01,2025-02-04,8.03,28,224.84
3299,2025-01,2025-02-05,7.52,28,210.56
3299,2025-01,2025-02-06,7.95,28,222.6
3299,2025-01,2025-02-07,9.77,28,273.56
3299,2025-01,2025-02-10,9.97,28,279.16
3299,2025-01,2025-02-11,7.93,28,222.04
3299,2025-01,2025-02-12,9.3,28,260.4
3299,2025-01,2025-02-13,7.5,28,210.0
3299,2025-01,2025-02-14,8.03,28,224.84
3299,2025-01,2025-02-15,8.88,28,248.64
3299,2025-01,2025-02-17,7.73,28,216.44
3299,2025-01,2025-02-18,8.3,28,232.4
3299,2025-01,2025-02-19,8.55,28,239.4
3299,2025-01,2025-02-20,7.63,28,213.64
3299,2025-01,2025-02-21,7.88,28,220.64
3299,2025-01,2025-02-22,9.28,28,259.84
3299,2025-01,2025-02-24,8.58,28,240.24
3299,2025-01,2025-02-25,8.68,28,243.04
3299,2025-01,2025-02-26,7.9,28,221.2
3299,2025-01,2025-02-27,9.82,28,274.96
3299,2025-01,2025-02-28,7.58,28,212.24
3300,2025-01,2025-01-01,8.45,32,270.4
3300,2025-01,2025-01-02,9.22,32,295.04
3300,2025-01,2025-01-03,9.3,32,297.6
3300,2025-01,2025-01-06,9.35,32,299.2
3300,2025-01,2025-01-07,8.88,32,284.16
3300,2025-01,2025-01-08,9.72,32,311.04
3300,2025-01,2025-01-09,9.55,32,305.6
3300,2025-01,2025-01-10,7.65,32,244.8
3300,2025-01,2025-01-11,8.7,32,278.4
3300,2025-01,2025-01-13,8.0,32,256.0
3300,2025-01,2025-01-14,8.0,32,256.0
3300,2025-01,2025-01-15,9.63,32,308.16
3300,2025-01,2025-01-16,9.9,32,316.8
3300,2025-01,2025-01-17,9.2,32,294.4
3300,2025-01,2025-01-19,7.5,32,240.0
3300,2025-01,2025-01-20,9.38,32,300.16
3300,2025-01,2025-01-21,7.98,32,255.36
3300,2025-01,2025-01-22,8.88,32,284.16
3300,2025-01,2025-01-23,7.78,32,248.96
3300,2025-01,2025-01-24,9.67,32,309.44
3300,2025-01,2025-01-27,8.17,32,261.44
3300,2025-01,2025-01-28,8.08,32,258.56
3300,2025-01,2025-01-29,8.13,32,260.16
3300,2025-01,2025-01-30,7.83,32,250.56
3300,2025-01,2025-01-31,8.08,32,258.56
3300,2025-01,2025-02-03,9.37,32,299.84
3300,2025-01,2025-02-04,9.23,32,295.36
3300,2025-01,2025-02-05,7.85,32,251.2
3300,2025-01,2025-02-06,9.25,32,296.0
3300,2025-01,2025-02-07,9.95,32,318.4
3300,2025-01,2025-02-09,8.37,32,267.84
3300,2025-01,2025-02-10,9.4,32,300.8
3300,2025-01,2025-02-12,8.9,32,284.8
3300,2025-01,2025-02-13,9.57,32,306.24
3300,2025-01,2025-02-14,9.98,32,319.36
3300,2025-01,2025-02-17,9.87,32,315.84
3300,2025-01,2025-02-18,9.48,32,303.36
3300,2025-01,2025-02-19,9.38,32,300.16
3300,2025-01,2025-02-20,8.12,32,259.84
3300,2025-01,2025-02-21,9.72,32,311.04
3300,2025-01,2025-02-23,8.55,32,273.6
3300,2025-01,2025-02-24,8.93,32,285.76
3300,2025-01,2025-02-25,8.05,32,257.6
3300,2025-01,2025-02-26,8.18,32,261.76
3300,2025-01,2025-02-27,9.82,32,314.24
3300,2025-01,2025-02-28,7.5,32,240.0
3319,2025-01,2025-01-01,9.88,32,316.16
3319,2025-01,2025-01-02,7.98,32,255.36
3319,2025-01,2025-01-03,7.77,32,248.64
3319,2025-01,2025-01-05,8.52,32,272.64
3319,2025-01,2025-01-06,9.6,32,307.2
3319,2025-01,2025-01-07,7.93,32,253.76
3319,2025-01,2025-01-08,8.07,32,258.24
3319,2025-01,2025-01-09,7.98,32,255.36
3319,2025-01,2025-01-10,8.22,32,263.04
3319,2025-01,2025-01-13,9.48,32,303.36
3319,2025-01,2025-01-14,9.45,32,302.4
3319,2025-01,2025-01-15,8.12,32,259.84
3319,2025-01,2025-01-16,8.67,32,277.44
3319,2025-01,2025-01-17,7.85,32,251.2
3319,2025-01,2025-01-20,9.93,32,317.76
3319,2025-01,2025-01-21,9.72,32,311.04
3319,2025-01,2025-01-22,8.97,32,287.04
3319,2025-01,2025-01-23,8.2,32,262.4
3319,2025-01,2025-01-24,9.87,32,315.84
3319,2025-01,2025-01-27,8.82,32,282.24
3319,2025-01,2025-01-28,8.72,32,279.04
3319,2025-01,2025-01-29,8.13,32,260.16
3319,2025-01,2025-01-30,9.0,32,288.0
3319,2025-01,2025-01-31,8.85,32,283.2
3319,2025-01,2025-02-03,7.88,32,252.16
3319,2025-01,2025-02-04,7.62,32,243.84
3319,2025-01,2025-02-05,8.8,32,281.6
3319,2025-01,2025-02-06,7.97,32,255.04
3319,2025-01,2025-02-07,8.77,32,280.64
3319,2025-01,2025-02-08,8.0,32,256.0
3319,2025-01,2025-02-10,9.83,32,314.56
3319,2025-01,2025-02-11,9.8,32,313.6
3319,2025-01,2025-02-12,8.43,32,269.76
3319,2025-01,2025-02-13,7.9,32,252.8
3319,2025-01,2025-02-14,9.0,32,288.0
3319,2025-01,2025-02-15,9.85,32,315.2
3319,2025-01,2025-02-17,9.32,32,298.24
3319,2025-01,2025-02-18,8.02,32,256.64
3319,2025-01,2025-02-19,7.53,32,240.96
3319,2025-01,2025-02-20,8.27,32,264.64
3319,2025-01,2025-02-21,7.95,32,254.4
3319,2025-01,2025-02-24,9.77,32,312.64
3319,2025-01,2025-02-25,9.23,32,295.36
3319,2025-01,2025-02-26,8.6,32,275.2
3319,2025-01,2025-02-27,7.83,32,250.56
3319,2025-01,2025-02-28,7.5,32,240.0
3376,2025-01,2025-01-01,7.62,32,243.84
3376,2025-01,2025-01-02,8.87,32,283.84
3376,2025-01,2025-01-03,7.78,32,248.96
3376,2025-01,2025-01-05,9.6,32,307.2
3376,2025-01,2025-01-06,8.97,32,287.04
3376,2025-01,2025-01-07,9.43,32,301.76
3376,2025-01,2025-01-08,9.0,32,288.0
3376,2025-01,2025-01-09,8.8,32,281.6
3376,2025-01,2025-01-10,9.83,32,314.56
3376,2025-01,2025-01-13,9.87,32,315.84
3376,2025-01,2025-01-14,7.9,32,252.8
3376,2025-01,2025-01-15,9.43,32,301.76
3376,2025-01,2025-01-16,8.3,32,265.6
3376,2025-01,2025-01-17,7.5,32,240.0
3376,2025-01,2025-01-20,7.63,32,244.16
3376,2025-01,2025-01-21,7.9,32,252.8
3376,2025-01,2025-01-22,9.22,32,295.04
3376,2025-01,2025-01-23,9.27,32,296.64
3376,2025-01,2025-01-24,8.05,32,257.6
3376,2025-01,2025-01-27,8.02,32,256.64
3376,2025-01,2025-01-28,9.68,32,309.76
3376,2025-01,2025-01-29,9.22,32,295.04
3376,2025-01,2025-01-30,8.98,32,287.36
3376,2025-01,2025-01-31,9.27,32,296.64
3376,2025-01,2025-02-03,8.07,32,258.24
3376,2025-01,2025-02-04,8.83,32,282.56
3376,2025-01,2025-02-05,9.52,32,304.64
3376,2025-01,2025-02-06,8.35,32,267.2
3376,2025-01,2025-02-07,8.48,32,271.36
3376,2025-01,2025-02-10,9.97,32,319.04
3376,2025-01,2025-02-11,8.3,32,265.6
3376,2025-01,2025-02-12,9.32,32,298.24
3376,2025-01,2025-02-13,7.55,32,241.6
3376,2025-01,2025-02-14,8.48,32,271.36
3376,2025-01,2025-02-16,9.32,32,298.24
3376,2025-01,2025-02-17,7.7,32,246.4
3376,2025-01,2025-02-18,8.15,32,260.8
3376,2025-01,2025-02-19,8.08,32,258.56
3376,2025-01,2025-02-20,7.7,32,246.4
3376,2025-01,2025-02-21,7.95,32,254.4
3376,2025-01,2025-02-24,8.18,32,261.76
3376,2025-01,2025-02-25,9.68,32,309.76
3376,2025-01,2025-02-26,9.97,32,319.04
3376,2025-01,2025-02-27,9.2,32,294.4
3384,2025-01,2025-01-01,8.3,38,315.4
3384,2025-01,2025-01-02,7.8,38,296.4
3384,2025-01,2025-01-03,8.58,38,326.04
3384,2025-01,2025-01-04,7.87,38,299.06
3384,2025-01,2025-01-06,9.27,38,352.26
3384,2025-01,2025-01-07,8.03,38,305.14
3384,2025-01,2025-01-08,9.9,38,376.2
3384,2025-01,2025-01-09,9.25,38,351.5
3384,2025-01,2025-01-10,9.27,38,352.26
3384,2025-01,2025-01-13,7.77,38,295.26
3384,2025-01,2025-01-14,9.62,38,365.56
3384,2025-01,2025-01-15,8.8,38,334.4
3384,2025-01,2025-01-16,7.77,38,295.26
3384,2025-01,2025-01-17,7.77,38,295.26
3384,2025-01,2025-01-20,9.18,38,348.84
3384,2025-01,2025-01-21,8.65,38,328.7
3384,2025-01,2025-01-22,8.57,38,325.66
3384,2025-01,2025-01-23,9.52,38,361.76
3384,2025-01,2025-01-24,9.92,38,376.96
3384,2025-01,2025-01-27,8.67,38,329.46
3384,2025-01,2025-01-28,8.28,38,314.64
3384,2025-01,2025-01-29,8.1,38,307.8
3384,2025-01,2025-01-30,8.15,38,309.7
3384,2025-01,2025-01-31,8.73,38,331.74
3384,2025-01,2025-02-01,7.97,38,302.86
3384,2025-01,2025-02-03,8.22,38,312.36
3384,2025-01,2025-02-04,7.9,38,300.2
3384,2025-01,2025-02-05,8.22,38,312.36
3384,2025-01,2025-02-06,8.55,38,324.9
3384,2025-01,2025-02-07,8.22,38,312.36
3384,2025-01,2025-02-08,8.3,38,315.4
3384,2025-01,2025-02-10,7.92,38,300.96
3384,2025-01,2025-02-11,9.22,38,350.36
3384,2025-01,2025-02-12,9.05,38,343.9
3384,2025-01,2025-02-13,7.98,38,303.24
3384,2025-01,2025-02-14,8.25,38,313.5
3384,2025-01,2025-02-15,8.78,38,333.64
3384,2025-01,2025-02-16,9.65,38,366.7
3384,2025-01,2025-02-17,8.1,38,307.8
3384,2025-01,2025-02-18,9.95,38,378.1
3384,2025-01,2025-02-19,9.53,38,362.14
3384,2025-01,2025-02-20,9.42,38,357.96
3384,2025-01,2025-02-21,8.23,38,312.74
3384,2025-01,2025-02-22,7.85,38,298.3
3384,2025-01,2025-02-24,8.6,38,326.8
3384,2025-01,2025-02-25,9.05,38,343.9
3384,2025-01,2025-02-26,8.83,38,335.54
3384,2025-01,2025-02-27,8.63,38,327.94
3384,2025-01,2025-02-28,8.18,38,310.84
3421,2025-01,2025-01-01,7.83,28,219.24
3421,2025-01,2025-01-02,8.45,28,236.6
3421,2025-01,2025-01-03,8.07,28,225.96
3421,2025-01,2025-01-04,9.55,28,267.4
3421,2025-01,2025-01-05,8.02,28,224.56
3421,2025-01,2025-01-06,10.0,28,280.0
3421,2025-01,2025-01-07,8.22,28,230.16
3421,2025-01,2025-01-08,9.38,28,262.64
3421,2025-01,2025-01-09,9.42,28,263.76
3421,2025-01,2025-01-10,10.0,28,280.0
3421,2025-01,2025-01-13,7.85,28,219.8
3421,2025-01,2025-01-14,8.62,28,241.36
3421,2025-01,2025-01-15,9.85,28,275.8
3421,2025-01,2025-01-16,8.2,28,229.6
3421,2025-01,2025-01-17,9.72,28,272.16
3421,2025-01,2025-01-18,7.55,28,211.4
3421,2025-01,2025-01-20,8.25,28,231.0
3421,2025-01,2025-01-21,9.62,28,269.36
3421,2025-01,2025-01-22,9.02,28,252.56
3421,2025-01,2025-01-23,8.25,28,231.0
3421,2025-01,2025-01-24,9.5,28,266.0
3421,2025-01,2025-01-25,9.08,28,254.24
3421,2025-01,2025-01-26,9.85,28,275.8
3421,2025-01,2025-01-27,9.35,28,261.8
3421,2025-01,2025-01-28,9.85,28,275.8
3421,2025-01,2025-01-29,7.82,28,218.96
3421,2025-01,2025-01-30,9.67,28,270.76
3421,2025-01,2025-01-31,9.05,28,253.4
3421,2025-01,2025-02-03,9.05,28,253.4
3421,2025-01,2025-02-04,9.45,28,264.6
3421,2025-01,2025-02-05,7.63,28,213.64
3421,2025-01,2025-02-06,9.22,28,258.16
3421,2025-01,2025-02-07,8.87,28,248.36
3421,2025-01,2025-02-10,9.08,28,254.24
3421,2025-01,2025-02-11,8.58,28,240.24
3421,2025-01,2025-02-12,8.53,28,238.84
3421,2025-01,2025-02-13,9.27,28,259.56
3421,2025-01,2025-02-14,9.42,28,263.76
3421,2025-01,2025-02-17,8.72,28,244.16
3421,2025-01,2025-02-18,9.1,28,254.8
3421,2025-01,2025-02-19,8.8,28,246.4
3421,2025-01,2025-02-20,9.43,28,264.04
3421,2025-01,2025-02-21,7.92,28,221.76
3421,2025-01,2025-02-24,8.52,28,238.56
3421,2025-01,2025-02-25,7.98,28,223.44
3421,2025-01,2025-02-26,7.8,28,218.4
3421,2025-01,2025-02-27,9.48,28,265.44
3421,2025-01,2025-02-28,8.4,28,235.2
3479,2025-01,2025-01-01,9.63,28,269.64
3479,2025-01,2025-01-02,8.55,28,239.4
3479,2025-01,2025-01-03,9.47,28,265.16
3479,2025-01,2025-01-05,7.93,28,222.04
3479,2025-01,2025-01-06,7.9,28,221.2
3479,2025-01,2025-01-07,9.78,28,273.84
3479,2025-01,2025-01-08,8.72,28,244.16
3479,2025-01,2025-01-09,8.7,28,243.6
3479,2025-01,2025-01-10,8.02,28,224.56
3479,2025-01,2025-01-13,8.15,28,228.2
3479,2025-01,2025-01-14,8.95,28,250.6
3479,2025-01,2025-01-15,8.18,28,229.04
3479,2025-01,2025-01-16,8.25,28,231.0
3479,2025-01,2025-01-17,9.58,28,268.24
3479,2025-01,2025-01-20,9.97,28,279.16
3479,2025-01,2025-01-21,9.38,28,262.64
3479,2025-01,2025-01-22,8.58,28,240.24
3479,2025-01,2025-01-23,8.9,28,249.2
3479,2025-01,2025-01-24,9.4,28,263.2
3479,2025-01,2025-01-27,7.67,28,214.76
3479,2025-01,2025-01-28,9.95,28,278.6
3479,2025-01,2025-01-29,9.98,28,279.44
3479,2025-01,2025-01-30,9.58,28,268.24
3479,2025-01,2025-01-31,9.2,28,257.6
3479,2025-01,2025-02-03,8.15,28,228.2
3479,2025-01,2025-02-04,8.07,28,225.96
3479,2025-01,2025-02-05,8.53,28,238.84
3479,2025-01,2025-02-06,9.95,28,278.6
3479,2025-01,2025-02-07,9.37,28,262.36
3479,2025-01,2025-02-09,8.15,28,228.2
3479,2025-01,2025-02-10,9.78,28,273.84
3479,2025-01,2025-02-11,7.97,28,223.16
3479,2025-01,2025-02-12,7.6,28,212.8
3479,2025-01,2025-02-13,8.72,28,244.16
3479,2025-01,2025-02-14,7.83,28,219.24
3479,2025-01,2025-02-17,8.77,28,245.56
3479,2025-01,2025-02-18,8.03,28,224.84
3479,2025-01,2025-02-19,7.65,28,214.2
3479,2025-01,2025-02-20,9.93,28,278.04
3479,2025-01,2025-02-21,9.88,28,276.64
3479,2025-01,2025-02-23,8.12,28,227.36
3479,2025-01,2025-02-24,8.25,28,231.0
3479,2025-01,2025-02-25,8.88,28,248.64
3479,2025-01,2025-02-26,7.7,28,215.6
3479,2025-01,2025-02-27,7.95,28,222.6
3479,2025-01,2025-02-28,7.93,28,222.04
3494,2025-01,2025-01-01,8.6,32,275.2
3494,2025-01,2025-01-02,7.85,32,251.2
3494,2025-01,2025-01-03,9.83,32,314.56
3494,2025-01,2025-01-06,9.08,32,290.56
3494,2025-01,2025-01-07,7.68,32,245.76
3494,2025-01,2025-01-08,9.83,32,314.56
3494,2025-01,2025-01-09,8.47,32,271.04
3494,2025-01,2025-01-10,9.57,32,306.24
3494,2025-01,2025-01-12,8.65,32,276.8
3494,2025-01,2025-01-13,8.92,32,285.44
3494,2025-01,2025-01-14,9.37,32,299.84
3494,2025-01,2025-01-15,9.38,32,300.16
3494,2025-01,2025-01-16,8.3,32,265.6
3494,2025-01,2025-01-17,8.07,32,258.24
3494,2025-01,2025-01-20,7.68,32,245.76
3494,2025-01,2025-01-21,8.37,32,267.84
3494,2025-01,2025-01-22,9.87,32,315.84
3494,2025-01,2025-01-23,7.87,32,251.84
3494,2025-01,2025-01-24,9.0,32,288.0
3494,2025-01,2025-01-26,9.88,32,316.16
3494,2025-01,2025-01-27,9.72,32,311.04
3494,2025-01,2025-01-28,8.12,32,259.84
3494,2025-01,2025-01-29,8.1,32,259.2
3494,2025-01,2025-01-30,8.82,32,282.24
3494,2025-01,2025-01-31,7.87,32,251.84
3494,2025-01,2025-02-03,8.27,32,264.64
3494,2025-01,2025-02-04,7.72,32,247.04
3494,2025-01,2025-02-05,8.07,32,258.24
3494,2025-01,2025-02-06,8.13,32,260.16
3494,2025-01,2025-02-07,9.48,32,303.36
3494,2025-01,2025-02-09,8.87,32,283.84
3494,2025-01,2025-02-10,8.1,32,259.2
3494,2025-01,2025-02-11,9.98,32,319.36
3494,2025-01,2025-02-12,9.32,32,298.24
3494,2025-01,2025-02-13,10.0,32,320.0
3494,2025-01,2025-02-14,9.73,32,311.36
3494,2025-01,2025-02-17,9.73,32,311.36
3494,2025-01,2025-02-18,8.68,32,277.76
3494,2025-01,2025-02-19,7.62,32,243.84
3494,2025-01,2025-02-20,7.98,32,255.36
3494,2025-01,2025-02-21,9.73,32,311.36
3494,2025-01,2025-02-24,9.37,32,299.84
3494,2025-01,2025-02-25,8.92,32,285.44
3494,2025-01,2025-02-26,9.78,32,312.96
3494,2025-01,2025-02-27,9.93,32,317.76
3494,2025-01,2025-02-28,9.53,32,304.96
3539,2025-01,2025-01-01,7.53,38,286.14
3539,2025-01,2025-01-02,9.6,38,364.8
3539,2025-01,2025-01-03,8.8,38,334.4
3539,2025-01,2025-01-06,8.12,38,308.56
3539,2025-01,2025-01-07,8.65,38,328.7
3539,2025-01,2025-01-08,9.98,38,379.24
3539,2025-01,2025-01-09,10.0,38,380.0
3539,2025-01,2025-01-10,9.03,38,343.14
3539,2025-01,2025-01-11,8.88,38,337.44
3539,2025-01,2025-01-13,9.62,38,365.56
3539,2025-01,2025-01-14,7.88,38,299.44
3539,2025-01,2025-01-15,8.12,38,308.56
3539,2025-01,2025-01-16,8.08,38,307.04
3539,2025-01,2025-01-17,8.8,38,334.4
3539,2025-01,2025-01-20,8.53,38,324.14
3539,2025-01,2025-01-21,8.85,38,336.3
3539,2025-01,2025-01-22,9.3,38,353.4
3539,2025-01,2025-01-23,8.65,38,328.7
3539,2025-01,2025-01-24,9.13,38,346.94
3539,2025-01,2025-01-26,8.2,38,311.6
3539,2025-01,2025-01-27,7.72,38,293.36
3539,2025-01,2025-01-28,8.27,38,314.26
3539,2025-01,2025-01-29,8.18,38,310.84
3539,2025-01,2025-01-30,8.1,38,307.8
3539,2025-01,2025-01-31,7.52,38,285.76
3539,2025-01,2025-02-03,7.92,38,300.96
3539,2025-01,2025-02-04,7.97,38,302.86
3539,2025-01,2025-02-05,9.0,38,342.0
3539,2025-01,2025-02-06,9.72,38,369.36
3539,2025-01,2025-02-07,8.77,38,333.26
3539,2025-01,2025-02-10,8.47,38,321.86
3539,2025-01,2025-02-11,8.3,38,315.4
3539,2025-01,2025-02-12,8.53,38,324.14
3539,2025-01,2025-02-13,8.38,38,318.44
3539,2025-01,2025-02-14,9.23,38,350.74
3539,2025-01,2025-02-17,7.55,38,286.9
3539,2025-01,2025-02-18,9.63,38,365.94
3539,2025-01,2025-02-19,9.17,38,348.46
3539,2025-01,2025-02-20,9.12,38,346.56
3539,2025-01,2025-02-21,7.55,38,286.9
3539,2025-01,2025-02-22,8.32,38,316.16
3539,2025-01,2025-02-24,8.83,38,335.54
3539,2025-01,2025-02-25,7.58,38,288.04
3539,2025-01,2025-02-26,8.62,38,327.56
3539,2025-01,2025-02-27,8.9,38,338.2
3539,2025-01,2025-02-28,9.55,38,362.9
3539,2025-01,2025-03-01,8.87,38,337.06
3542,2025-01,2025-01-01,8.33,28,233.24
3542,2025-01,2025-01-02,7.55,28,211.4
3542,2025-01,2025-01-03,8.77,28,245.56
3542,2025-01,2025-01-06,9.42,28,263.76
3542,2025-01,2025-01-07,7.93,28,222.04
3542,2025-01,2025-01-08,8.37,28,234.36
3542,2025-01,2025-01-09,9.15,28,256.2
3542,2025-01,2025-01-10,9.35,28,261.8
3542,2025-01,2025-01-13,7.5,28,210.0
3542,2025-01,2025-01-14,9.15,28,256.2
3542,2025-01,2025-01-15,7.57,28,211.96
3542,2025-01,2025-01-16,9.03,28,252.84
3542,2025-01,2025-01-17,9.48,28,265.44
3542,2025-01,2025-01-20,9.88,28,276.64
3542,2025-01,2025-01-21,8.6,28,240.8
3542,2025-01,2025-01-22,8.27,28,231.56
3542,2025-01,2025-01-23,8.48,28,237.44
3542,2025-01,2025-01-24,7.8,28,218.4
3542,2025-01,2025-01-27,9.18,28,257.04
3542,2025-01,2025-01-28,9.5,28,266.0
3542,2025-01,2025-01-29,9.3,28,260.4
3542,2025-01,2025-01-30,8.03,28,224.84
3542,2025-01,2025-01-31,7.9,28,221.2
3542,2025-01,2025-02-03,7.6,28,212.8
3542,2025-01,2025-02-04,7.87,28,220.36
3542,2025-01,2025-02-05,8.07,28,225.96
3542,2025-01,2025-02-06,8.23,28,230.44
3542,2025-01,2025-02-07,9.27,28,259.56
3542,2025-01,2025-02-10,9.37,28,262.36
3542,2025-01,2025-02-11,7.88,28,220.64
3542,2025-01,2025-02-12,8.15,28,228.2
3542,2025-01,2025-02-13,8.73,28,244.44
3542,2025-01,2025-02-14,9.33,28,261.24
3542,2025-01,2025-02-17,7.53,28,210.84
3542,2025-01,2025-02-18,8.83,28,247.24
3542,2025-01,2025-02-19,7.83,28,219.24
3542,2025-01,2025-02-20,8.77,28,245.56
3542,2025-01,2025-02-21,7.9,28,221.2
3542,2025-01,2025-02-22,7.87,28,220.36
3542,2025-01,2025-02-24,9.93,28,278.04
3542,2025-01,2025-02-25,7.75,28,217.0
3542,2025-01,2025-02-26,9.68,28,271.04
3542,2025-01,2025-02-27,9.77,28,273.56
3542,2025-01,2025-02-28,8.63,28,241.64
3546,2025-01,2025-01-01,7.62,32,243.84
3546,2025-01,2025-01-02,8.8,32,281.6
3546,2025-01,2025-01-03,8.83,32,282.56
3546,2025-01,2025-01-06,9.12,32,291.84
3546,2025-01,2025-01-07,9.88,32,316.16
3546,2025-01,2025-01-08,9.07,32,290.24
3546,2025-01,2025-01-09,9.72,32,311.04
3546,2025-01,2025-01-10,9.12,32,291.84
3546,2025-01,2025-01-12,9.35,32,299.2
3546,2025-01,2025-01-13,8.42,32,269.44
3546,2025-01,2025-01-14,9.85,32,315.2
3546,2025-01,2025-01-15,9.08,32,290.56
3546,2025-01,2025-01-16,8.3,32,265.6
3546,2025-01,2025-01-17,8.48,32,271.36
3546,2025-01,2025-01-20,9.6,32,307.2
3546,2025-01,2025-01-21,7.5,32,240.0
3546,2025-01,2025-01-22,9.13,32,292.16
3546,2025-01,2025-01-23,7.73,32,247.36
3546,2025-01,2025-01-24,10.0,32,320.0
3546,2025-01,2025-01-27,7.93,32,253.76
3546,2025-01,2025-01-28,9.58,32,306.56
3546,2025-01,2025-01-29,7.87,32,251.84
3546,2025-01,2025-01-30,9.77,32,312.64
3546,2025-01,2025-01-31,9.92,32,317.44
3546,2025-01,2025-02-03,8.62,32,275.84
3546,2025-01,2025-02-04,9.37,32,299.84
3546,2025-01,2025-02-05,8.37,32,267.84
3546,2025-01,2025-02-06,9.47,32,303.04
3546,2025-01,2025-02-07,9.77,32,312.64
3546,2025-01,2025-02-10,8.92,32,285.44
3546,2025-01,2025-02-11,9.27,32,296.64
3546,2025-01,2025-02-12,8.6,32,275.2
3546,2025-01,2025-02-13,9.62,32,307.84
3546,2025-01,2025-02-14,8.03,32,256.96
3546,2025-01,2025-02-16,7.68,32,245.76
3546,2025-01,2025-02-17,8.32,32,266.24
3546,2025-01,2025-02-18,8.68,32,277.76
3546,2025-01,2025-02-19,7.78,32,248.96
3546,2025-01,2025-02-20,9.55,32,305.6
3546,2025-01,2025-02-21,8.13,32,260.16
3546,2025-01,2025-02-22,8.38,32,268.16
3546,2025-01,2025-02-24,9.13,32,292.16
3546,2025-01,2025-02-25,7.5,32,240.0
3546,2025-01,2025-02-26,7.55,32,241.6
3546,2025-01,2025-02-27,9.6,32,307.2
3546,2025-01,2025-02-28,9.3,32,297.6
3558,2025-01,2025-01-01,7.77,28,217.56
3558,2025-01,2025-01-02,9.38,28,262.64
3558,2025-01,2025-01-03,9.88,28,276.64
3558,2025-01,2025-01-05,9.05,28,253.4
3558,2025-01,2025-01-06,9.27,28,259.56
3558,2025-01,2025-01-07,8.88,28,248.64
3558,2025-01,2025-01-08,8.78,28,245.84
3558,2025-01,2025-01-09,8.42,28,235.76
3558,2025-01,2025-01-10,8.88,28,248.64
3558,2025-01,2025-01-13,7.7,28,215.6
3558,2025-01,2025-01-14,8.85,28,247.8
3558,2025-01,2025-01-15,8.22,28,230.16
3558,2025-01,2025-01-16,9.77,28,273.56
3558,2025-01,2025-01-17,9.53,28,266.84
3558,2025-01,2025-01-20,9.98,28,279.44
3558,2025-01,2025-01-21,7.55,28,211.4
3558,2025-01,2025-01-22,8.97,28,251.16
3558,2025-01,2025-01-23,9.97,28,279.16
3558,2025-01,2025-01-24,8.88,28,248.64
3558,2025-01,2025-01-27,8.73,28,244.44
3558,2025-01,2025-01-28,9.03,28,252.84
3558,2025-01,2025-01-29,7.87,28,220.36
3558,2025-01,2025-01-30,8.52,28,238.56
3558,2025-01,2025-01-31,9.62,28,269.36
3558,2025-01,2025-02-03,9.17,28,256.76
3558,2025-01,2025-02-04,7.6,28,212.8
3558,2025-01,2025-02-05,7.63,28,213.64
3558,2025-01,2025-02-06,8.73,28,244.44
3558,2025-01,2025-02-07,8.4,28,235.2
3558,2025-01,2025-02-09,9.93,28,278.04
3558,2025-01,2025-02-10,8.33,28,233.24
3558,2025-01,2025-02-11,9.03,28,252.84
3558,2025-01,2025-02-12,8.8,28,246.4
3558,2025-01,2025-02-13,7.82,28,218.96
3558,2025-01,2025-02-14,8.32,28,232.96
3558,2025-01,2025-02-15,8.47,28,237.16
3558,2025-01,2025-02-17,9.3,28,260.4
3558,2025-01,2025-02-18,9.4,28,263.2
3558,2025-01,2025-02-19,8.75,28,245.0
3558,2025-01,2025-02-20,7.8,28,218.4
3558,2025-01,2025-02-21,8.52,28,238.56
3558,2025-01,2025-02-24,8.62,28,241.36
3558,2025-01,2025-02-25,8.68,28,243.04
3558,2025-01,2025-02-26,9.9,28,277.2
3558,2025-01,2025-02-27,8.4,28,235.2
3558,2025-01,2025-02-28,9.73,28,272.44
3588,2025-01,2025-01-01,8.4,38,319.2
3588,2025-01,2025-01-02,7.75,38,294.5
3588,2025-01,2025-01-03,7.65,38,290.7
3588,2025-01,2025-01-06,8.73,38,331.74
3588,2025-01,2025-01-07,10.0,38,380.0
3588,2025-01,2025-01-08,8.15,38,309.7
3588,2025-01,2025-01-09,8.38,38,318.44
3588,2025-01,2025-01-10,9.97,38,378.86
3588,2025-01,2025-01-13,9.2,38,349.6
3588,2025-01,2025-01-14,8.47,38,321.86
3588,2025-01,2025-01-15,8.9,38,338.2
3588,2025-01,2025-01-16,8.63,38,327.94
3588,2025-01,2025-01-17,9.7,38,368.6
3588,2025-01,2025-01-19,8.0,38,304.0
3588,2025-01,2025-01-20,8.2,38,311.6
3588,2025-01,2025-01-21,8.35,38,317.3
3588,2025-01,2025-01-22,8.75,38,332.5
3588,2025-01,2025-01-23,7.58,38,288.04
3588,2025-01,2025-01-24,9.07,38,344.66
3588,2025-01,2025-01-27,9.48,38,360.24
3588,2025-01,2025-01-28,8.88,38,337.44
3588,2025-01,2025-01-29,9.83,38,373.54
3588,2025-01,2025-01-30,8.18,38,310.84
3588,2025-01,2025-01-31,9.3,38,353.4
3588,2025-01,2025-02-01,9.65,38,366.7
3588,2025-01,2025-02-03,8.13,38,308.94
3588,2025-01,2025-02-04,8.13,38,308.94
3588,2025-01,2025-02-05,9.75,38,370.5
3588,2025-01,2025-02-06,7.6,38,288.8
3588,2025-01,2025-02-07,7.87,38,299.06
3588,2025-01,2025-02-10,9.52,38,361.76
3588,2025-01,2025-02-11,8.32,38,316.16
3588,2025-01,2025-02-12,8.17,38,310.46
3588,2025-01,2025-02-13,8.42,38,319.96
3588,2025-01,2025-02-14,7.82,38,297.16
3588,2025-01,2025-02-16,8.0,38,304.0
3588,2025-01,2025-02-17,8.48,38,322.24
3588,2025-01,2025-02-18,8.37,38,318.06
3588,2025-01,2025-02-19,9.55,38,362.9
3588,2025-01,2025-02-20,7.73,38,293.74
3588,2025-01,2025-02-21,9.48,38,360.24
3588,2025-01,2025-02-24,9.15,38,347.7
3588,2025-01,2025-02-25,9.13,38,346.94
3588,2025-01,2025-02-26,8.13,38,308.94
3588,2025-01,2025-02-27,8.45,38,321.1
3588,2025-01,2025-02-28,9.6,38,364.8
3636,2025-01,2025-01-01,7.6,32,243.2
3636,2025-01,2025-01-02,9.5,32,304.0
3636,2025-01,2025-01-03,9.22,32,295.04
3636,2025-01,2025-01-06,9.4,32,300.8
3636,2025-01,2025-01-07,7.83,32,250.56
3636,2025-01,2025-01-08,9.55,32,305.6
3636,2025-01,2025-01-09,8.78,32,280.96
3636,2025-01,2025-01-10,8.15,32,260.8
3636,2025-01,2025-01-11,8.77,32,280.64
3636,2025-01,2025-01-13,7.92,32,253.44
3636,2025-01,2025-01-14,8.85,32,283.2
3636,2025-01,2025-01-15,9.78,32,312.96
3636,2025-01,2025-01-16,7.58,32,242.56
3636,2025-01,2025-01-17,8.77,32,280.64
3636,2025-01,2025-01-18,9.42,32,301.44
3636,2025-01,2025-01-20,8.87,32,283.84
3636,2025-01,2025-01-21,8.78,32,280.96
3636,2025-01,2025-01-22,8.58,32,274.56
3636,2025-01,2025-01-23,8.93,32,285.76
3636,2025-01,2025-01-24,8.22,32,263.04
3636,2025-01,2025-01-27,9.58,32,306.56
3636,2025-01,2025-01-28,7.68,32,245.76
3636,2025-01,2025-01-29,9.25,32,296.0
3636,2025-01,2025-01-30,9.27,32,296.64
3636,2025-01,2025-01-31,9.4,32,300.8
3636,2025-01,2025-02-03,8.67,32,277.44
3636,2025-01,2025-02-04,9.4,32,300.8
3636,2025-01,2025-02-05,9.55,32,305.6
3636,2025-01,2025-02-06,9.62,32,307.84
3636,2025-01,2025-02-07,8.63,32,276.16
3636,2025-01,2025-02-10,7.9,32,252.8
3636,2025-01,2025-02-11,9.68,32,309.76
3636,2025-01,2025-02-12,8.32,32,266.24
3636,2025-01,2025-02-13,9.42,32,301.44
3636,2025-01,2025-02-14,8.05,32,257.6
3636,2025-01,2025-02-16,8.85,32,283.2
3636,2025-01,2025-02-17,9.15,32,292.8
3636,2025-01,2025-02-18,8.43,32,269.76
3636,2025-01,2025-02-19,9.27,32,296.64
3636,2025-01,2025-02-20,9.83,32,314.56
3636,2025-01,2025-02-21,9.82,32,314.24
3636,2025-01,2025-02-22,7.6,32,243.2
3636,2025-01,2025-02-24,9.83,32,314.56
3636,2025-01,2025-02-25,9.48,32,303.36
3636,2025-01,2025-02-26,8.15,32,260.8
3636,2025-01,2025-02-27,9.82,32,314.24
3636,2025-01,2025-02-28,7.7,32,246.4
3640,2025-01,2025-01-01,8.07,28,225.96
3640,2025-01,2025-01-02,9.87,28,276.36
3640,2025-01,2025-01-03,8.77,28,245.56
3640,2025-01,2025-01-05,7.62,28,213.36
3640,2025-01,2025-01-06,9.37,28,262.36
3640,2025-01,2025-01-07,7.93,28,222.04
3640,2025-01,2025-01-08,8.75,28,245.0
3640,2025-01,2025-01-09,7.58,28,212.24
3640,2025-01,2025-01-10,9.12,28,255.36
3640,2025-01,2025-01-12,9.28,28,259.84
3640,2025-01,2025-01-13,8.27,28,231.56
3640,2025-01,2025-01-14,9.23,28,258.44
3640,2025-01,2025-01-15,8.68,28,243.04
3640,2025-01,2025-01-16,8.9,28,249.2
3640,2025-01,2025-01-17,8.23,28,230.44
3640,2025-01,2025-01-20,8.6,28,240.8
3640,2025-01,2025-01-21,9.48,28,265.44
3640,2025-01,2025-01-22,7.82,28,218.96
3640,2025-01,2025-01-23,9.37,28,262.36
3640,2025-01,2025-01-24,7.95,28,222.6
3640,2025-01,2025-01-27,8.27,28,231.56
3640,2025-01,2025-01-28,9.5,28,266.0
3640,2025-01,2025-01-29,7.72,28,216.16
3640,2025-01,2025-01-30,8.42,28,235.76
3640,2025-01,2025-01-31,8.37,28,234.36
3640,2025-01,2025-02-03,8.2,28,229.6
3640,2025-01,2025-02-04,7.85,28,219.8
3640,2025-01,2025-02-05,8.48,28,237.44
3640,2025-01,2025-02-06,7.6,28,212.8
3640,2025-01,2025-02-07,9.77,28,273.56
3640,2025-01,2025-02-10,9.6,28,268.8
3640,2025-01,2025-02-11,8.88,28,248.64
3640,2025-01,2025-02-12,9.38,28,262.64
3640,2025-01,2025-02-13,9.42,28,263.76
3640,2025-01,2025-02-14,7.78,28,217.84
3640,2025-01,2025-02-17,8.52,28,238.56
3640,2025-01,2025-02-18,8.77,28,245.56
3640,2025-01,2025-02-19,7.73,28,216.44
3640,2025-01,2025-02-20,9.6,28,268.8
3640,2025-01,2025-02-21,9.0,28,252.0
3640,2025-01,2025-02-23,8.53,28,238.84
3640,2025-01,2025-02-24,8.2,28,229.6
3640,2025-01,2025-02-25,7.52,28,210.56
3640,2025-01,2025-02-26,9.17,28,256.76
3640,2025-01,2025-02-27,7.9,28,221.2
3640,2025-01,2025-02-28,7.95,28,222.6
3648,2025-01,2025-01-01,8.9,28,249.2
3648,2025-01,2025-01-02,7.75,28,217.0
3648,2025-01,2025-01-03,8.92,28,249.76
3648,2025-01,2025-01-06,9.4,28,263.2
3648,2025-01,2025-01-07,8.93,28,250.04
3648,2025-01,2025-01-08,8.97,28,251.16
3648,2025-01,2025-01-09,8.47,28,237.16
3648,2025-01,2025-01-10,7.88,28,220.64
3648,2025-01,2025-01-13,9.28,28,259.84
3648,2025-01,2025-01-14,8.68,28,243.04
3648,2025-01,2025-01-15,8.45,28,236.6
3648,2025-01,2025-01-16,8.07,28,225.96
3648,2025-01,2025-01-18,9.77,28,273.56
3648,2025-01,2025-01-20,8.2,28,229.6
3648,2025-01,2025-01-21,8.2,28,229.6
3648,2025-01,2025-01-22,9.72,28,272.16
3648,2025-01,2025-01-23,8.45,28,236.6
3648,2025-01,2025-01-24,9.15,28,256.2
3648,2025-01,2025-01-25,8.28,28,231.84
3648,2025-01,2025-01-27,8.07,28,225.96
3648,2025-01,2025-01-28,9.7,28,271.6
3648,2025-01,2025-01-29,9.5,28,266.0
3648,2025-01,2025-01-30,9.45,28,264.6
3648,2025-01,2025-01-31,8.5,28,238.0
3648,2025-01,2025-02-01,8.5,28,238.0
3648,2025-01,2025-02-02,9.1,28,254.8
3648,2025-01,2025-02-03,8.43,28,236.04
3648,2025-01,2025-02-04,9.93,28,278.04
3648,2025-01,2025-02-05,9.6,28,268.8
3648,2025-01,2025-02-06,8.38,28,234.64
3648,2025-01,2025-02-07,8.75,28,245.0
3648,2025-01,2025-02-08,9.43,28,264.04
3648,2025-01,2025-02-10,7.57,28,211.96
3648,2025-01,2025-02-11,8.0,28,224.0
3648,2025-01,2025-02-12,9.68,28,271.04
3648,2025-01,2025-02-13,8.13,28,227.64
3648,2025-01,2025-02-14,8.42,28,235.76
3648,2025-01,2025-02-16,8.05,28,225.4
3648,2025-01,2025-02-17,8.27,28,231.56
3648,2025-01,2025-02-18,8.07,28,225.96
3648,2025-01,2025-02-19,9.85,28,275.8
3648,2025-01,2025-02-20,7.87,28,220.36
3648,2025-01,2025-02-21,7.75,28,217.0
3648,2025-01,2025-02-22,9.88,28,276.64
3648,2025-01,2025-02-24,9.92,28,277.76
3648,2025-01,2025-02-25,9.45,28,264.6
3648,2025-01,2025-02-26,9.25,28,259.0
3648,2025-01,2025-02-27,8.62,28,241.36
3648,2025-01,2025-02-28,7.62,28,213.36
3649,2025-01,2025-01-01,8.65,28,242.2
3649,2025-01,2025-01-02,7.5,28,210.0
3649,2025-01,2025-01-03,9.23,28,258.44
3649,2025-01,2025-01-04,8.03,28,224.84
3649,2025-01,2025-01-05,9.25,28,259.0
3649,2025-01,2025-01-06,8.93,28,250.04
3649,2025-01,2025-01-07,8.52,28,238.56
3649,2025-01,2025-01-08,9.3,28,260.4
3649,2025-01,2025-01-09,9.03,28,252.84
3649,2025-01,2025-01-10,9.58,28,268.24
3649,2025-01,2025-01-12,9.62,28,269.36
3649,2025-01,2025-01-13,8.55,28,239.4
3649,2025-01,2025-01-14,9.67,28,270.76
3649,2025-01,2025-01-15,8.82,28,246.96
3649,2025-01,2025-01-16,7.5,28,210.0
3649,2025-01,2025-01-17,9.63,28,269.64
3649,2025-01,2025-01-19,7.87,28,220.36
3649,2025-01,2025-01-20,9.52,28,266.56
3649,2025-01,2025-01-21,9.93,28,278.04
3649,2025-01,2025-01-22,7.75,28,217.0
3649,2025-01,2025-01-23,8.85,28,247.8
3649,2025-01,2025-01-24,8.78,28,245.84
3649,2025-01,2025-01-27,9.77,28,273.56
3649,2025-01,2025-01-28,9.65,28,270.2
3649,2025-01,2025-01-29,9.27,28,259.56
3649,2025-01,2025-01-30,9.08,28,254.24
3649,2025-01,2025-01-31,9.13,28,255.64
3649,2025-01,2025-02-01,9.85,28,275.8
3649,2025-01,2025-02-03,8.88,28,248.64
3649,2025-01,2025-02-04,9.45,28,264.6
3649,2025-01,2025-02-05,9.17,28,256.76
3649,2025-01,2025-02-06,8.02,28,224.56
3649,2025-01,2025-02-07,7.57,28,211.96
3649,2025-01,2025-02-10,7.6,28,212.8
3649,2025-01,2025-02-11,8.57,28,239.96
3649,2025-01,2025-02-12,9.68,28,271.04
3649,2025-01,2025-02-13,7.85,28,219.8
3649,2025-01,2025-02-14,7.9,28,221.2
3649,2025-01,2025-02-16,8.03,28,224.84
3649,2025-01,2025-02-17,8.87,28,248.36
3649,2025-01,2025-02-18,8.98,28,251.44
3649,2025-01,2025-02-19,8.9,28,249.2
3649,2025-01,2025-02-20,8.58,28,240.24
3649,2025-01,2025-02-21,9.2,28,257.6
3649,2025-01,2025-02-23,8.32,28,232.96
3649,2025-01,2025-02-24,7.95,28,222.6
3649,2025-01,2025-02-25,8.1,28,226.8
3649,2025-01,2025-02-26,9.9,28,277.2
3649,2025-01,2025-02-27,9.63,28,269.64
3649,2025-01,2025-02-28,8.37,28,234.36
3661,2025-01,2025-01-01,9.85,38,374.3
3661,2025-01,2025-01-02,9.9,38,376.2
3661,2025-01,2025-01-03,8.53,38,324.14
3661,2025-01,2025-01-06,8.45,38,321.1
3661,2025-01,2025-01-07,8.2,38,311.6
3661,2025-01,2025-01-08,8.3,38,315.4
3661,2025-01,2025-01-09,8.6,38,326.8
3661,2025-01,2025-01-10,9.82,38,373.16
3661,2025-01,2025-01-11,8.05,38,305.9
3661,2025-01,2025-01-12,7.63,38,289.94
3661,2025-01,2025-01-13,8.4,38,319.2
3661,2025-01,2025-01-14,8.2,38,311.6
3661,2025-01,2025-01-15,9.68,38,367.84
3661,2025-01,2025-01-16,9.13,38,346.94
3661,2025-01,2025-01-17,7.52,38,285.76
3661,2025-01,2025-01-19,9.82,38,373.16
3661,2025-01,2025-01-20,7.83,38,297.54
3661,2025-01,2025-01-21,9.95,38,378.1
3661,2025-01,2025-01-22,9.27,38,352.26
3661,2025-01,2025-01-23,9.08,38,345.04
3661,2025-01,2025-01-24,7.93,38,301.34
3661,2025-01,2025-01-26,9.82,38,373.16
3661,2025-01,2025-01-27,8.03,38,305.14
3661,2025-01,2025-01-28,9.37,38,356.06
3661,2025-01,2025-01-29,9.77,38,371.26
3661,2025-01,2025-01-30,9.87,38,375.06
3661,2025-01,2025-01-31,9.03,38,343.14
3661,2025-01,2025-02-01,8.32,38,316.16
3661,2025-01,2025-02-02,9.72,38,369.36
3661,2025-01,2025-02-03,9.87,38,375.06
3661,2025-01,2025-02-04,7.98,38,303.24
3661,2025-01,2025-02-05,8.38,38,318.44
3661,2025-01,2025-02-06,9.28,38,352.64
3661,2025-01,2025-02-07,9.7,38,368.6
3661,2025-01,2025-02-08,7.95,38,302.1
3661,2025-01,2025-02-09,9.55,38,362.9
3661,2025-01,2025-02-10,7.68,38,291.84
3661,2025-01,2025-02-11,9.43,38,358.34
3661,2025-01,2025-02-12,8.67,38,329.46
3661,2025-01,2025-02-13,9.65,38,366.7
3661,2025-01,2025-02-14,8.0,38,304.0
3661,2025-01,2025-02-15,7.52,38,285.76
3661,2025-01,2025-02-16,7.8,38,296.4
3661,2025-01,2025-02-17,8.43,38,320.34
3661,2025-01,2025-02-18,7.53,38,286.14
3661,2025-01,2025-02-19,9.58,38,364.04
3661,2025-01,2025-02-20,9.12,38,346.56
3661,2025-01,2025-02-21,9.15,38,347.7
3661,2025-01,2025-02-24,9.43,38,358.34
3661,2025-01,2025-02-25,8.87,38,337.06
3661,2025-01,2025-02-26,8.57,38,325.66
3661,2025-01,2025-02-27,9.63,38,365.94
3661,2025-01,2025-02-28,7.72,38,293.36
3661,2025-01,2025-03-01,8.42,38,319.96
3691,2025-01,2025-01-01,9.7,38,368.6
3691,2025-01,2025-01-02,9.35,38,355.3
3691,2025-01,2025-01-03,9.18,38,348.84
3691,2025-01,2025-01-04,9.15,38,347.7
3691,2025-01,2025-01-06,9.08,38,345.04
3691,2025-01,2025-01-07,8.5,38,323.0
3691,2025-01,2025-01-08,9.05,38,343.9
3691,2025-01,2025-01-09,8.98,38,341.24
3691,2025-01,2025-01-10,9.92,38,376.96
3691,2025-01,2025-01-11,8.32,38,316.16
3691,2025-01,2025-01-12,8.35,38,317.3
3691,2025-01,2025-01-13,9.42,38,357.96
3691,2025-01,2025-01-14,9.43,38,358.34
3691,2025-01,2025-01-15,8.77,38,333.26
3691,2025-01,2025-01-16,9.23,38,350.74
3691,2025-01,2025-01-17,9.73,38,369.74
3691,2025-01,2025-01-20,7.7,38,292.6
3691,2025-01,2025-01-21,7.83,38,297.54
3691,2025-01,2025-01-22,9.43,38,358.34
3691,2025-01,2025-01-23,8.35,38,317.3
3691,2025-01,2025-01-24,7.78,38,295.64
3691,2025-01,2025-01-27,9.65,38,366.7
3691,2025-01,2025-01-28,8.55,38,324.9
3691,2025-01,2025-01-29,7.55,38,286.9
3691,2025-01,2025-01-30,9.85,38,374.3
3691,2025-01,2025-01-31,8.48,38,322.24
3691,2025-01,2025-02-03,7.73,38,293.74
3691,2025-01,2025-02-04,8.35,38,317.3
3691,2025-01,2025-02-05,8.98,38,341.24
3691,2025-01,2025-02-06,7.58,38,288.04
3691,2025-01,2025-02-07,8.88,38,337.44
3691,2025-01,2025-02-10,8.37,38,318.06
3691,2025-01,2025-02-11,8.32,38,316.16
3691,2025-01,2025-02-12,9.43,38,358.34
3691,2025-01,2025-02-13,8.82,38,335.16
3691,2025-01,2025-02-14,9.88,38,375.44
3691,2025-01,2025-02-17,8.5,38,323.0
3691,2025-01,2025-02-18,7.58,38,288.04
3691,2025-01,2025-02-19,8.48,38,322.24
3691,2025-01,2025-02-20,8.45,38,321.1
3691,2025-01,2025-02-21,7.65,38,290.7
3691,2025-01,2025-02-24,8.37,38,318.06
3691,2025-01,2025-02-25,8.08,38,307.04
3691,2025-01,2025-02-26,8.47,38,321.86
3691,2025-01,2025-02-27,7.83,38,297.54
3691,2025-01,2025-02-28,9.08,38,345.04
3691,2025-01,2025-03-01,8.73,38,331.74
3703,2025-01,2025-01-01,9.53,28,266.84
3703,2025-01,2025-01-02,9.9,28,277.2
3703,2025-01,2025-01-03,8.8,28,246.4
3703,2025-01,2025-01-05,7.68,28,215.04
3703,2025-01,2025-01-06,8.63,28,241.64
3703,2025-01,2025-01-07,8.87,28,248.36
3703,2025-01,2025-01-08,9.13,28,255.64
3703,2025-01,2025-01-09,7.67,28,214.76
3703,2025-01,2025-01-10,8.13,28,227.64
3703,2025-01,2025-01-11,8.83,28,247.24
3703,2025-01,2025-01-13,9.67,28,270.76
3703,2025-01,2025-01-14,9.13,28,255.64
3703,2025-01,2025-01-15,8.8,28,246.4
3703,2025-01,2025-01-16,8.48,28,237.44
3703,2025-01,2025-01-17,7.85,28,219.8
3703,2025-01,2025-01-19,8.28,28,231.84
3703,2025-01,2025-01-20,9.5,28,266.0
3703,2025-01,2025-01-21,9.75,28,273.0
3703,2025-01,2025-01-22,8.53,28,238.84
3703,2025-01,2025-01-23,7.78,28,217.84
3703,2025-01,2025-01-24,7.72,28,216.16
3703,2025-01,2025-01-27,9.82,28,274.96
3703,2025-01,2025-01-28,9.25,28,259.0
3703,2025-01,2025-01-29,7.55,28,211.4
3703,2025-01,2025-01-30,9.42,28,263.76
3703,2025-01,2025-01-31,8.77,28,245.56
3703,2025-01,2025-02-03,8.68,28,243.04
3703,2025-01,2025-02-04,9.45,28,264.6
3703,2025-01,2025-02-05,7.92,28,221.76
3703,2025-01,2025-02-06,7.57,28,211.96
3703,2025-01,2025-02-07,9.08,28,254.24
3703,2025-01,2025-02-10,9.1,28,254.8
3703,2025-01,2025-02-11,9.17,28,256.76
3703,2025-01,2025-02-12,8.1,28,226.8
3703,2025-01,2025-02-13,7.73,28,216.44
3703,2025-01,2025-02-14,9.95,28,278.6
3703,2025-01,2025-02-15,9.78,28,273.84
3703,2025-01,2025-02-17,9.52,28,266.56
3703,2025-01,2025-02-18,9.25,28,259.0
3703,2025-01,2025-02-19,8.95,28,250.6
3703,2025-01,2025-02-20,7.52,28,210.56
3703,2025-01,2025-02-21,8.32,28,232.96
3703,2025-01,2025-02-24,9.5,28,266.0
3703,2025-01,2025-02-25,8.85,28,247.8
3703,2025-01,2025-02-26,9.75,28,273.0
3703,2025-01,2025-02-27,9.55,28,267.4
3703,2025-01,2025-02-28,8.8,28,246.4
3721,2025-01,2025-01-01,8.85,32,283.2
3721,2025-01,2025-01-02,8.65,32,276.8
3721,2025-01,2025-01-03,8.07,32,258.24
3721,2025-01,2025-01-06,9.73,32,311.36
3721,2025-01,2025-01-07,8.33,32,266.56
3721,2025-01,2025-01-08,8.45,32,270.4
3721,2025-01,2025-01-09,8.6,32,275.2
3721,2025-01,2025-01-10,8.95,32,286.4
3721,2025-01,2025-01-13,9.08,32,290.56
3721,2025-01,2025-01-14,8.83,32,282.56
3721,2025-01,2025-01-15,9.45,32,302.4
3721,2025-01,2025-01-16,8.08,32,258.56
3721,2025-01,2025-01-17,7.9,32,252.8
3721,2025-01,2025-01-20,8.7,32,278.4
3721,2025-01,2025-01-21,8.98,32,287.36
3721,2025-01,2025-01-22,9.2,32,294.4
3721,2025-01,2025-01-23,8.35,32,267.2
3721,2025-01,2025-01-24,9.95,32,318.4
3721,2025-01,2025-01-27,9.98,32,319.36
3721,2025-01,2025-01-28,9.67,32,309.44
3721,2025-01,2025-01-29,7.6,32,243.2
3721,2025-01,2025-01-30,9.35,32,299.2
3721,2025-01,2025-01-31,7.83,32,250.56
3721,2025-01,2025-02-03,8.82,32,282.24
3721,2025-01,2025-02-04,8.87,32,283.84
3721,2025-01,2025-02-05,9.4,32,300.8
3721,2025-01,2025-02-06,9.78,32,312.96
3721,2025-01,2025-02-07,9.63,32,308.16
3721,2025-01,2025-02-10,9.5,32,304.0
3721,2025-01,2025-02-11,9.43,32,301.76
3721,2025-01,2025-02-12,7.52,32,240.64
3721,2025-01,2025-02-13,9.63,32,308.16
3721,2025-01,2025-02-14,8.18,32,261.76
3721,2025-01,2025-02-15,7.98,32,255.36
3721,2025-01,2025-02-17,9.83,32,314.56
3721,2025-01,2025-02-18,9.53,32,304.96
3721,2025-01,2025-02-19,7.52,32,240.64
3721,2025-01,2025-02-20,7.72,32,247.04
3721,2025-01,2025-02-21,8.22,32,263.04
3721,2025-01,2025-02-24,8.12,32,259.84
3721,2025-01,2025-02-25,8.08,32,258.56
3721,2025-01,2025-02-26,7.98,32,255.36
3721,2025-01,2025-02-27,9.82,32,314.24
3721,2025-01,2025-02-28,8.42,32,269.44
3728,2025-01,2025-01-01,9.55,28,267.4
3728,2025-01,2025-01-02,9.85,28,275.8
3728,2025-01,2025-01-03,9.23,28,258.44
3728,2025-01,2025-01-06,8.95,28,250.6
3728,2025-01,2025-01-07,8.47,28,237.16
3728,2025-01,2025-01-08,9.83,28,275.24
3728,2025-01,2025-01-09,9.35,28,261.8
3728,2025-01,2025-01-10,8.43,28,236.04
3728,2025-01,2025-01-13,9.17,28,256.76
3728,2025-01,2025-01-14,8.07,28,225.96
3728,2025-01,2025-01-15,9.78,28,273.84
3728,2025-01,2025-01-16,8.78,28,245.84
3728,2025-01,2025-01-17,9.52,28,266.56
3728,2025-01,2025-01-20,9.03,28,252.84
3728,2025-01,2025-01-21,9.68,28,271.04
3728,2025-01,2025-01-22,8.92,28,249.76
3728,2025-01,2025-01-23,9.12,28,255.36
3728,2025-01,2025-01-24,8.22,28,230.16
3728,2025-01,2025-01-27,7.53,28,210.84
3728,2025-01,2025-01-28,9.57,28,267.96
3728,2025-01,2025-01-29,8.97,28,251.16
3728,2025-01,2025-01-30,9.22,28,258.16
3728,2025-01,2025-01-31,8.0,28,224.0
3728,2025-01,2025-02-03,9.33,28,261.24
3728,2025-01,2025-02-04,8.07,28,225.96
3728,2025-01,2025-02-05,8.93,28,250.04
3728,2025-01,2025-02-06,7.97,28,223.16
3728,2025-01,2025-02-07,9.82,28,274.96
3728,2025-01,2025-02-09,9.5,28,266.0
3728,2025-01,2025-02-10,8.93,28,250.04
3728,2025-01,2025-02-11,8.4,28,235.2
3728,2025-01,2025-02-12,9.83,28,275.24
3728,2025-01,2025-02-13,7.98,28,223.44
3728,2025-01,2025-02-16,8.42,28,235.76
3728,2025-01,2025-02-17,7.95,28,222.6
3728,2025-01,2025-02-18,8.57,28,239.96
3728,2025-01,2025-02-19,9.48,28,265.44
3728,2025-01,2025-02-20,8.57,28,239.96
3728,2025-01,2025-02-21,8.55,28,239.4
3728,2025-01,2025-02-24,9.85,28,275.8
3728,2025-01,2025-02-25,8.12,28,227.36
3728,2025-01,2025-02-26,8.68,28,243.04
3728,2025-01,2025-02-27,8.73,28,244.44
3728,2025-01,2025-02-28,8.07,28,225.96
3742,2025-01,2025-01-01,8.53,28,238.84
3742,2025-01,2025-01-02,8.03,28,224.84
3742,2025-01,2025-01-03,9.62,28,269.36
3742,2025-01,2025-01-06,8.62,28,241.36
3742,2025-01,2025-01-07,8.08,28,226.24
3742,2025-01,2025-01-08,9.45,28,264.6
3742,2025-01,2025-01-09,9.23,28,258.44
3742,2025-01,2025-01-10,8.43,28,236.04
3742,2025-01,2025-01-12,9.9,28,277.2
3742,2025-01,2025-01-13,9.17,28,256.76
3742,2025-01,2025-01-14,7.83,28,219.24
3742,2025-01,2025-01-15,7.9,28,221.2
3742,2025-01,2025-01-16,9.35,28,261.8
3742,2025-01,2025-01-17,7.58,28,212.24
3742,2025-01,2025-01-20,7.97,28,223.16
3742,2025-01,2025-01-21,8.68,28,243.04
3742,2025-01,2025-01-22,8.87,28,248.36
3742,2025-01,2025-01-23,8.37,28,234.36
3742,2025-01,2025-01-24,7.55,28,211.4
3742,2025-01,2025-01-27,8.6,28,240.8
3742,2025-01,2025-01-28,8.95,28,250.6
3742,2025-01,2025-01-29,8.98,28,251.44
3742,2025-01,2025-01-30,7.73,28,216.44
3742,2025-01,2025-01-31,8.9,28,249.2
3742,2025-01,2025-02-03,9.68,28,271.04
3742,2025-01,2025-02-04,9.23,28,258.44
3742,2025-01,2025-02-05,8.65,28,242.2
3742,2025-01,2025-02-06,9.45,28,264.6
3742,2025-01,2025-02-07,7.73,28,216.44
3742,2025-01,2025-02-08,8.4,28,235.2
3742,2025-01,2025-02-10,7.87,28,220.36
3742,2025-01,2025-02-11,8.17,28,228.76
3742,2025-01,2025-02-12,9.22,28,258.16
3742,2025-01,2025-02-13,9.88,28,276.64
3742,2025-01,2025-02-14,7.85,28,219.8
3742,2025-01,2025-02-16,7.62,28,213.36
3742,2025-01,2025-02-17,8.82,28,246.96
3742,2025-01,2025-02-18,8.38,28,234.64
3742,2025-01,2025-02-19,9.28,28,259.84
3742,2025-01,2025-02-20,7.63,28,213.64
3742,2025-01,2025-02-21,7.88,28,220.64
3742,2025-01,2025-02-24,8.67,28,242.76
3742,2025-01,2025-02-25,8.6,28,240.8
3742,2025-01,2025-02-26,9.28,28,259.84
3742,2025-01,2025-02-27,7.98,28,223.44
3742,2025-01,2025-02-28,7.57,28,211.96
3743,2025-01,2025-01-01,7.67,28,214.76
3743,2025-01,2025-01-02,9.53,28,266.84
3743,2025-01,2025-01-03,8.85,28,247.8
3743,2025-01,2025-01-06,8.65,28,242.2
3743,2025-01,2025-01-07,8.6,28,240.8
3743,2025-01,2025-01-08,8.22,28,230.16
3743,2025-01,2025-01-09,7.9,28,221.2
3743,2025-01,2025-01-10,8.6,28,240.8
3743,2025-01,2025-01-13,9.0,28,252.0
3743,2025-01,2025-01-14,9.5,28,266.0
3743,2025-01,2025-01-15,8.73,28,244.44
3743,2025-01,2025-01-16,9.08,28,254.24
3743,2025-01,2025-01-17,9.53,28,266.84
3743,2025-01,2025-01-20,8.67,28,242.76
3743,2025-01,2025-01-21,8.0,28,224.0
3743,2025-01,2025-01-22,9.28,28,259.84
3743,2025-01,2025-01-23,9.65,28,270.2
3743,2025-01,2025-01-24,7.8,28,218.4
3743,2025-01,2025-01-27,9.85,28,275.8
3743,2025-01,2025-01-28,8.32,28,232.96
3743,2025-01,2025-01-29,8.82,28,246.96
3743,2025-01,2025-01-30,8.9,28,249.2
3743,2025-01,2025-01-31,9.83,28,275.24
3743,2025-01,2025-02-01,7.63,28,213.64
3743,2025-01,2025-02-03,9.82,28,274.96
3743,2025-01,2025-02-04,9.17,28,256.76
3743,2025-01,2025-02-05,7.85,28,219.8
3743,2025-01,2025-02-06,8.68,28,243.04
3743,2025-01,2025-02-07,9.53,28,266.84
3743,2025-01,2025-02-08,7.5,28,210.0
3743,2025-01,2025-02-09,9.83,28,275.24
3743,2025-01,2025-02-10,7.63,28,213.64
3743,2025-01,2025-02-11,9.68,28,271.04
3743,2025-01,2025-02-12,7.68,28,215.04
3743,2025-01,2025-02-13,7.63,28,213.64
3743,2025-01,2025-02-14,8.9,28,249.2
3743,2025-01,2025-02-17,8.35,28,233.8
3743,2025-01,2025-02-18,8.45,28,236.6
3743,2025-01,2025-02-19,9.25,28,259.0
3743,2025-01,2025-02-20,8.17,28,228.76
3743,2025-01,2025-02-21,9.13,28,255.64
3743,2025-01,2025-02-24,9.97,28,279.16
3743,2025-01,2025-02-25,8.7,28,243.6
3743,2025-01,2025-02-26,7.82,28,218.96
3743,2025-01,2025-02-27,8.05,28,225.4
3743,2025-01,2025-02-28,8.73,28,244.44
3749,2025-01,2025-01-01,7.87,28,220.36
3749,2025-01,2025-01-02,7.93,28,222.04
3749,2025-01,2025-01-03,9.32,28,260.96
3749,2025-01,2025-01-05,8.83,28,247.24
3749,2025-01,2025-01-06,8.28,28,231.84
3749,2025-01,2025-01-07,8.08,28,226.24
3749,2025-01,2025-01-08,9.27,28,259.56
3749,2025-01,2025-01-09,9.67,28,270.76
3749,2025-01,2025-01-10,9.42,28,263.76
3749,2025-01,2025-01-13,8.93,28,250.04
3749,2025-01,2025-01-14,9.75,28,273.0
3749,2025-01,2025-01-15,8.53,28,238.84
3749,2025-01,2025-01-16,8.52,28,238.56
3749,2025-01,2025-01-17,8.35,28,233.8
3749,2025-01,2025-01-20,8.78,28,245.84
3749,2025-01,2025-01-21,9.85,28,275.8
3749,2025-01,2025-01-22,9.12,28,255.36
3749,2025-01,2025-01-23,9.25,28,259.0
3749,2025-01,2025-01-24,9.07,28,253.96
3749,2025-01,2025-01-26,8.52,28,238.56
3749,2025-01,2025-01-27,7.95,28,222.6
3749,2025-01,2025-01-28,8.13,28,227.64
3749,2025-01,2025-01-29,9.0,28,252.0
3749,2025-01,2025-01-30,8.53,28,238.84
3749,2025-01,2025-01-31,8.08,28,226.24
3749,2025-01,2025-02-03,7.57,28,211.96
3749,2025-01,2025-02-04,8.4,28,235.2
3749,2025-01,2025-02-05,8.12,28,227.36
3749,2025-01,2025-02-06,7.7,28,215.6
3749,2025-01,2025-02-07,8.5,28,238.0
3749,2025-01,2025-02-10,9.27,28,259.56
3749,2025-01,2025-02-11,9.7,28,271.6
3749,2025-01,2025-02-12,9.0,28,252.0
3749,2025-01,2025-02-13,7.53,28,210.84
3749,2025-01,2025-02-14,8.27,28,231.56
3749,2025-01,2025-02-15,8.8,28,246.4
3749,2025-01,2025-02-17,8.62,28,241.36
3749,2025-01,2025-02-18,7.88,28,220.64
3749,2025-01,2025-02-19,7.88,28,220.64
3749,2025-01,2025-02-20,8.78,28,245.84
3749,2025-01,2025-02-21,7.73,28,216.44
3749,2025-01,2025-02-24,8.1,28,226.8
3749,2025-01,2025-02-25,9.28,28,259.84
3749,2025-01,2025-02-26,9.62,28,269.36
3749,2025-01,2025-02-27,9.65,28,270.2
3749,2025-01,2025-02-28,9.3,28,260.4
3749,2025-01,2025-03-01,9.4,28,263.2
3750,2025-01,2025-01-01,8.7,38,330.6
3750,2025-01,2025-01-02,8.33,38,316.54
3750,2025-01,2025-01-03,8.0,38,304.0
3750,2025-01,2025-01-06,7.5,38,285.0
3750,2025-01,2025-01-07,7.88,38,299.44
3750,2025-01,2025-01-08,8.1,38,307.8
3750,2025-01,2025-01-09,7.55,38,286.9
3750,2025-01,2025-01-10,9.95,38,378.1
3750,2025-01,2025-01-13,9.97,38,378.86
3750,2025-01,2025-01-14,9.75,38,370.5
3750,2025-01,2025-01-15,9.1,38,345.8
3750,2025-01,2025-01-16,9.22,38,350.36
3750,2025-01,2025-01-17,9.72,38,369.36
3750,2025-01,2025-01-20,9.23,38,350.74
3750,2025-01,2025-01-21,8.0,38,304.0
3750,2025-01,2025-01-22,9.42,38,357.96
3750,2025-01,2025-01-23,7.9,38,300.2
3750,2025-01,2025-01-24,8.82,38,335.16
3750,2025-01,2025-01-26,7.53,38,286.14
3750,2025-01,2025-01-27,9.27,38,352.26
3750,2025-01,2025-01-28,8.6,38,326.8
3750,2025-01,2025-01-29,8.95,38,340.1
3750,2025-01,2025-01-30,8.42,38,319.96
3750,2025-01,2025-01-31,9.63,38,365.94
3750,2025-01,2025-02-03,9.27,38,352.26
3750,2025-01,2025-02-04,8.48,38,322.24
3750,2025-01,2025-02-05,7.7,38,292.6
3750,2025-01,2025-02-06,9.4,38,357.2
3750,2025-01,2025-02-07,9.1,38,345.8
3750,2025-01,2025-02-10,9.53,38,362.14
3750,2025-01,2025-02-11,9.42,38,357.96
3750,2025-01,2025-02-12,8.1,38,307.8
3750,2025-01,2025-02-13,9.35,38,355.3
3750,2025-01,2025-02-14,8.88,38,337.44
3750,2025-01,2025-02-17,9.63,38,365.94
3750,2025-01,2025-02-18,8.65,38,328.7
3750,2025-01,2025-02-19,9.3,38,353.4
3750,2025-01,2025-02-20,8.37,38,318.06
3750,2025-01,2025-02-21,7.85,38,298.3
3750,2025-01,2025-02-22,8.22,38,312.36
3750,2025-01,2025-02-24,8.63,38,327.94
3750,2025-01,2025-02-25,9.63,38,365.94
3750,2025-01,2025-02-26,9.13,38,346.94
3750,2025-01,2025-02-27,8.67,38,329.46
3750,2025-01,2025-02-28,8.53,38,324.14
3752,2025-01,2025-01-01,9.23,28,258.44
3752,2025-01,2025-01-02,7.78,28,217.84
3752,2025-01,2025-01-03,9.37,28,262.36
3752,2025-01,2025-01-06,9.92,28,277.76
3752,2025-01,2025-01-07,7.8,28,218.4
3752,2025-01,2025-01-08,8.67,28,242.76
3752,2025-01,2025-01-09,7.67,28,214.76
3752,2025-01,2025-01-10,9.73,28,272.44
3752,2025-01,2025-01-11,7.57,28,211.96
3752,2025-01,2025-01-13,7.82,28,218.96
3752,2025-01,2025-01-14,8.9,28,249.2
3752,2025-01,2025-01-15,9.8,28,274.4
3752,2025-01,2025-01-16,8.4,28,235.2
3752,2025-01,2025-01-17,8.08,28,226.24
3752,2025-01,2025-01-20,9.3,28,260.4
3752,2025-01,2025-01-21,8.5,28,238.0
3752,2025-01,2025-01-22,7.57,28,211.96
3752,2025-01,2025-01-23,7.77,28,217.56
3752,2025-01,2025-01-24,9.47,28,265.16
3752,2025-01,2025-01-27,8.9,28,249.2
3752,2025-01,2025-01-28,8.78,28,245.84
3752,2025-01,2025-01-29,8.32,28,232.96
3752,2025-01,2025-01-30,7.68,28,215.04
3752,2025-01,2025-01-31,9.23,28,258.44
3752,2025-01,2025-02-03,9.07,28,253.96
3752,2025-01,2025-02-04,9.08,28,254.24
3752,2025-01,2025-02-05,9.38,28,262.64
3752,2025-01,2025-02-06,7.9,28,221.2
3752,2025-01,2025-02-07,8.28,28,231.84
3752,2025-01,2025-02-09,8.17,28,228.76
3752,2025-01,2025-02-10,7.53,28,210.84
3752,2025-01,2025-02-11,8.75,28,245.0
3752,2025-01,2025-02-12,7.57,28,211.96
3752,2025-01,2025-02-13,9.47,28,265.16
3752,2025-01,2025-02-14,8.43,28,236.04
3752,2025-01,2025-02-17,7.6,28,212.8
3752,2025-01,2025-02-18,9.27,28,259.56
3752,2025-01,2025-02-19,7.87,28,220.36
3752,2025-01,2025-02-20,10.0,28,280.0
3752,2025-01,2025-02-21,8.83,28,247.24
3752,2025-01,2025-02-22,8.75,28,245.0
3752,2025-01,2025-02-24,8.3,28,232.4
3752,2025-01,2025-02-25,8.92,28,249.76
3752,2025-01,2025-02-26,8.13,28,227.64
3752,2025-01,2025-02-27,7.55,28,211.4
3752,2025-01,2025-02-28,9.05,28,253.4
3760,2025-01,2025-01-01,8.97,28,251.16
3760,2025-01,2025-01-02,8.63,28,241.64
3760,2025-01,2025-01-03,8.4,28,235.2
3760,2025-01,2025-01-06,8.02,28,224.56
3760,2025-01,2025-01-07,7.72,28,216.16
3760,2025-01,2025-01-08,8.53,28,238.84
3760,2025-01,2025-01-09,8.25,28,231.0
3760,2025-01,2025-01-10,8.8,28,246.4
3760,2025-01,2025-01-11,7.97,28,223.16
3760,2025-01,2025-01-12,9.97,28,279.16
3760,2025-01,2025-01-13,9.12,28,255.36
3760,2025-01,2025-01-14,7.62,28,213.36
3760,2025-01,2025-01-15,9.43,28,264.04
3760,2025-01,2025-01-16,9.78,28,273.84
3760,2025-01,2025-01-17,9.95,28,278.6
3760,2025-01,2025-01-20,7.73,28,216.44
3760,2025-01,2025-01-21,8.6,28,240.8
3760,2025-01,2025-01-22,9.67,28,270.76
3760,2025-01,2025-01-23,7.85,28,219.8
3760,2025-01,2025-01-24,7.87,28,220.36
3760,2025-01,2025-01-26,7.75,28,217.0
3760,2025-01,2025-01-27,7.87,28,220.36
3760,2025-01,2025-01-28,9.5,28,266.0
3760,2025-01,2025-01-29,8.77,28,245.56
3760,2025-01,2025-01-30,7.6,28,212.8
3760,2025-01,2025-01-31,8.78,28,245.84
3760,2025-01,2025-02-02,8.58,28,240.24
3760,2025-01,2025-02-03,7.93,28,222.04
3760,2025-01,2025-02-04,7.6,28,212.8
3760,2025-01,2025-02-05,8.8,28,246.4
3760,2025-01,2025-02-06,9.37,28,262.36
3760,2025-01,2025-02-07,8.88,28,248.64
3760,2025-01,2025-02-10,8.82,28,246.96
3760,2025-01,2025-02-11,9.28,28,259.84
3760,2025-01,2025-02-12,9.63,28,269.64
3760,2025-01,2025-02-13,7.6,28,212.8
3760,2025-01,2025-02-14,7.9,28,221.2
3760,2025-01,2025-02-15,7.97,28,223.16
3760,2025-01,2025-02-17,8.45,28,236.6
3760,2025-01,2025-02-19,8.83,28,247.24
3760,2025-01,2025-02-20,8.65,28,242.2
3760,2025-01,2025-02-21,8.67,28,242.76
3760,2025-01,2025-02-24,7.98,28,223.44
3760,2025-01,2025-02-25,8.72,28,244.16
3760,2025-01,2025-02-26,8.17,28,228.76
3760,2025-01,2025-02-28,9.58,28,268.24
3795,2025-01,2025-01-01,9.45,28,264.6
3795,2025-01,2025-01-02,7.6,28,212.8
3795,2025-01,2025-01-03,7.82,28,218.96
3795,2025-01,2025-01-06,8.28,28,231.84
3795,2025-01,2025-01-07,7.57,28,211.96
3795,2025-01,2025-01-08,8.3,28,232.4
3795,2025-01,2025-01-09,9.72,28,272.16
3795,2025-01,2025-01-10,9.77,28,273.56
3795,2025-01,2025-01-13,8.58,28,240.24
3795,2025-01,2025-01-14,8.35,28,233.8
3795,2025-01,2025-01-15,7.68,28,215.04
3795,2025-01,2025-01-16,8.73,28,244.44
3795,2025-01,2025-01-17,7.52,28,210.56
3795,2025-01,2025-01-20,9.68,28,271.04
3795,2025-01,2025-01-21,8.88,28,248.64
3795,2025-01,2025-01-22,9.87,28,276.36
3795,2025-01,2025-01-23,8.4,28,235.2
3795,2025-01,2025-01-24,9.83,28,275.24
3795,2025-01,2025-01-26,9.88,28,276.64
3795,2025-01,2025-01-27,8.98,28,251.44
3795,2025-01,2025-01-28,8.98,28,251.44
3795,2025-01,2025-01-29,8.88,28,248.64
3795,2025-01,2025-01-30,7.82,28,218.96
3795,2025-01,2025-01-31,7.82,28,218.96
3795,2025-01,2025-02-03,9.68,28,271.04
3795,2025-01,2025-02-04,8.65,28,242.2
3795,2025-01,2025-02-05,7.72,28,216.16
3795,2025-01,2025-02-06,8.17,28,228.76
3795,2025-01,2025-02-07,9.82,28,274.96
3795,2025-01,2025-02-08,7.8,28,218.4
3795,2025-01,2025-02-10,8.42,28,235.76
3795,2025-01,2025-02-11,7.82,28,218.96
3795,2025-01,2025-02-12,9.32,28,260.96
3795,2025-01,2025-02-13,9.85,28,275.8
3795,2025-01,2025-02-14,8.28,28,231.84
3795,2025-01,2025-02-17,7.5,28,210.0
3795,2025-01,2025-02-18,9.15,28,256.2
3795,2025-01,2025-02-19,8.12,28,227.36
3795,2025-01,2025-02-20,7.65,28,214.2
3795,2025-01,2025-02-21,8.5,28,238.0
3795,2025-01,2025-02-23,8.72,28,244.16
3795,2025-01,2025-02-24,9.55,28,267.4
3795,2025-01,2025-02-25,8.62,28,241.36
3795,2025-01,2025-02-26,9.43,28,264.04
3795,2025-01,2025-02-27,8.62,28,241.36
3795,2025-01,2025-02-28,9.37,28,262.36
3810,2025-01,2025-01-01,8.8,28,246.4
3810,2025-01,2025-01-02,7.63,28,213.64
3810,2025-01,2025-01-03,9.28,28,259.84
3810,2025-01,2025-01-06,8.73,28,244.44
3810,2025-01,2025-01-07,7.93,28,222.04
3810,2025-01,2025-01-08,7.52,28,210.56
3810,2025-01,2025-01-09,9.3,28,260.4
3810,2025-01,2025-01-10,7.87,28,220.36
3810,2025-01,2025-01-13,7.92,28,221.76
3810,2025-01,2025-01-14,9.2,28,257.6
3810,2025-01,2025-01-15,7.95,28,222.6
3810,2025-01,2025-01-16,7.85,28,219.8
3810,2025-01,2025-01-17,9.98,28,279.44
3810,2025-01,2025-01-18,9.18,28,257.04
3810,2025-01,2025-01-20,7.88,28,220.64
3810,2025-01,2025-01-22,7.62,28,213.36
3810,2025-01,2025-01-23,7.93,28,222.04
3810,2025-01,2025-01-24,7.63,28,213.64
3810,2025-01,2025-01-27,9.47,28,265.16
3810,2025-01,2025-01-28,8.17,28,228.76
3810,2025-01,2025-01-29,8.5,28,238.0
3810,2025-01,2025-01-30,9.87,28,276.36
3810,2025-01,2025-01-31,9.22,28,258.16
3810,2025-01,2025-02-02,7.8,28,218.4
3810,2025-01,2025-02-03,7.65,28,214.2
3810,2025-01,2025-02-04,8.1,28,226.8
3810,2025-01,2025-02-05,7.82,28,218.96
3810,2025-01,2025-02-06,8.8,28,246.4
3810,2025-01,2025-02-07,8.17,28,228.76
3810,2025-01,2025-02-08,9.5,28,266.0
3810,2025-01,2025-02-09,7.95,28,222.6
3810,2025-01,2025-02-10,7.62,28,213.36
3810,2025-01,2025-02-11,9.48,28,265.44
3810,2025-01,2025-02-12,8.25,28,231.0
3810,2025-01,2025-02-13,8.95,28,250.6
3810,2025-01,2025-02-14,9.52,28,266.56
3810,2025-01,2025-02-17,9.43,28,264.04
3810,2025-01,2025-02-18,9.38,28,262.64
3810,2025-01,2025-02-19,7.83,28,219.24
3810,2025-01,2025-02-20,9.47,28,265.16
3810,2025-01,2025-02-21,9.57,28,267.96
3810,2025-01,2025-02-24,9.83,28,275.24
3810,2025-01,2025-02-25,7.75,28,217.0
3810,2025-01,2025-02-26,8.32,28,232.96
3810,2025-01,2025-02-27,9.17,28,256.76
3810,2025-01,2025-02-28,9.97,28,279.16
3810,2025-01,2025-03-01,8.58,28,240.24
3812,2025-01,2025-01-01,7.92,32,253.44
3812,2025-01,2025-01-02,8.25,32,264.0
3812,2025-01,2025-01-03,9.42,32,301.44
3812,2025-01,2025-01-04,9.95,32,318.4
3812,2025-01,2025-01-06,7.53,32,240.96
3812,2025-01,2025-01-07,9.07,32,290.24
3812,2025-01,2025-01-08,9.3,32,297.6
3812,2025-01,2025-01-09,8.82,32,282.24
3812,2025-01,2025-01-10,7.85,32,251.2
3812,2025-01,2025-01-12,8.62,32,275.84
3812,2025-01,2025-01-13,8.93,32,285.76
3812,2025-01,2025-01-14,7.5,32,240.0
3812,2025-01,2025-01-15,9.8,32,313.6
3812,2025-01,2025-01-16,7.73,32,247.36
3812,2025-01,2025-01-17,8.2,32,262.4
3812,2025-01,2025-01-20,9.58,32,306.56
3812,2025-01,2025-01-21,9.15,32,292.8
3812,2025-01,2025-01-22,9.02,32,288.64
3812,2025-01,2025-01-23,9.97,32,319.04
3812,2025-01,2025-01-24,9.7,32,310.4
3812,2025-01,2025-01-27,8.83,32,282.56
3812,2025-01,2025-01-28,8.17,32,261.44
3812,2025-01,2025-01-29,9.92,32,317.44
3812,2025-01,2025-01-30,8.55,32,273.6
3812,2025-01,2025-01-31,8.22,32,263.04
3812,2025-01,2025-02-03,7.75,32,248.0
3812,2025-01,2025-02-04,10.0,32,320.0
3812,2025-01,2025-02-05,8.82,32,282.24
3812,2025-01,2025-02-06,7.65,32,244.8
3812,2025-01,2025-02-07,8.35,32,267.2
3812,2025-01,2025-02-10,7.88,32,252.16
3812,2025-01,2025-02-11,9.43,32,301.76
3812,2025-01,2025-02-12,7.68,32,245.76
3812,2025-01,2025-02-13,7.88,32,252.16
3812,2025-01,2025-02-14,9.15,32,292.8
3812,2025-01,2025-02-17,7.78,32,248.96
3812,2025-01,2025-02-18,8.12,32,259.84
3812,2025-01,2025-02-19,9.4,32,300.8
3812,2025-01,2025-02-20,9.18,32,293.76
3812,2025-01,2025-02-21,8.13,32,260.16
3812,2025-01,2025-02-24,8.3,32,265.6
3812,2025-01,2025-02-25,9.27,32,296.64
3812,2025-01,2025-02-26,8.12,32,259.84
3812,2025-01,2025-02-27,8.65,32,276.8
3812,2025-01,2025-02-28,8.87,32,283.84
3812,2025-01,2025-03-01,9.13,32,292.16
3837,2025-01,2025-01-01,9.43,28,264.04
3837,2025-01,2025-01-02,9.7,28,271.6
3837,2025-01,2025-01-03,9.1,28,254.8
3837,2025-01,2025-01-06,7.73,28,216.44
3837,2025-01,2025-01-07,8.05,28,225.4
3837,2025-01,2025-01-08,9.13,28,255.64
3837,2025-01,2025-01-09,7.87,28,220.36
3837,2025-01,2025-01-10,8.92,28,249.76
3837,2025-01,2025-01-11,7.73,28,216.44
3837,2025-01,2025-01-12,9.67,28,270.76
3837,2025-01,2025-01-13,8.87,28,248.36
3837,2025-01,2025-01-14,8.53,28,238.84
3837,2025-01,2025-01-15,8.92,28,249.76
3837,2025-01,2025-01-16,8.62,28,241.36
3837,2025-01,2025-01-17,9.62,28,269.36
3837,2025-01,2025-01-20,9.83,28,275.24
3837,2025-01,2025-01-21,8.58,28,240.24
3837,2025-01,2025-01-22,8.47,28,237.16
3837,2025-01,2025-01-23,9.98,28,279.44
3837,2025-01,2025-01-24,7.52,28,210.56
3837,2025-01,2025-01-27,9.32,28,260.96
3837,2025-01,2025-01-28,7.95,28,222.6
3837,2025-01,2025-01-29,7.95,28,222.6
3837,2025-01,2025-01-30,8.85,28,247.8
3837,2025-01,2025-01-31,9.57,28,267.96
3837,2025-01,2025-02-03,9.52,28,266.56
3837,2025-01,2025-02-04,8.52,28,238.56
3837,2025-01,2025-02-05,7.6,28,212.8
3837,2025-01,2025-02-06,8.78,28,245.84
3837,2025-01,2025-02-07,8.37,28,234.36
3837,2025-01,2025-02-10,8.45,28,236.6
3837,2025-01,2025-02-11,8.53,28,238.84
3837,2025-01,2025-02-12,7.68,28,215.04
3837,2025-01,2025-02-13,9.17,28,256.76
3837,2025-01,2025-02-14,7.98,28,223.44
3837,2025-01,2025-02-17,7.83,28,219.24
3837,2025-01,2025-02-18,7.75,28,217.0
3837,2025-01,2025-02-19,8.6,28,240.8
3837,2025-01,2025-02-20,9.6,28,268.8
3837,2025-01,2025-02-21,8.95,28,250.6
3837,2025-01,2025-02-24,9.73,28,272.44
3837,2025-01,2025-02-25,7.67,28,214.76
3837,2025-01,2025-02-26,9.62,28,269.36
3837,2025-01,2025-02-27,8.97,28,251.16
3837,2025-01,2025-02-28,7.88,28,220.64
3876,2025-01,2025-01-01,8.63,38,327.94
3876,2025-01,2025-01-02,7.68,38,291.84
3876,2025-01,2025-01-03,8.08,38,307.04
3876,2025-01,2025-01-05,8.2,38,311.6
3876,2025-01,2025-01-06,9.4,38,357.2
3876,2025-01,2025-01-07,8.42,38,319.96
3876,2025-01,2025-01-08,9.78,38,371.64
3876,2025-01,2025-01-09,9.68,38,367.84
3876,2025-01,2025-01-10,7.8,38,296.4
3876,2025-01,2025-01-12,7.73,38,293.74
3876,2025-01,2025-01-13,9.18,38,348.84
3876,2025-01,2025-01-14,9.55,38,362.9
3876,2025-01,2025-01-15,9.98,38,379.24
3876,2025-01,2025-01-16,7.77,38,295.26
3876,2025-01,2025-01-17,7.53,38,286.14
3876,2025-01,2025-01-18,8.17,38,310.46
3876,2025-01,2025-01-20,9.47,38,359.86
3876,2025-01,2025-01-21,9.0,38,342.0
3876,2025-01,2025-01-22,7.88,38,299.44
3876,2025-01,2025-01-23,9.83,38,373.54
3876,2025-01,2025-01-24,9.2,38,349.6
3876,2025-01,2025-01-25,8.23,38,312.74
3876,2025-01,2025-01-27,8.08,38,307.04
3876,2025-01,2025-01-28,8.0,38,304.0
3876,2025-01,2025-01-29,8.32,38,316.16
3876,2025-01,2025-01-30,8.3,38,315.4
3876,2025-01,2025-01-31,8.32,38,316.16
3876,2025-01,2025-02-01,7.98,38,303.24
3876,2025-01,2025-02-02,8.28,38,314.64
3876,2025-01,2025-02-03,8.87,38,337.06
3876,2025-01,2025-02-04,7.55,38,286.9
3876,2025-01,2025-02-05,9.0,38,342.0
3876,2025-01,2025-02-06,7.68,38,291.84
3876,2025-01,2025-02-07,7.67,38,291.46
3876,2025-01,2025-02-08,9.68,38,367.84
3876,2025-01,2025-02-09,9.18,38,348.84
3876,2025-01,2025-02-10,8.87,38,337.06
3876,2025-01,2025-02-11,9.37,38,356.06
3876,2025-01,2025-02-12,9.38,38,356.44
3876,2025-01,2025-02-13,8.88,38,337.44
3876,2025-01,2025-02-14,7.9,38,300.2
3876,2025-01,2025-02-17,9.57,38,363.66
3876,2025-01,2025-02-18,8.27,38,314.26
3876,2025-01,2025-02-19,8.88,38,337.44
3876,2025-01,2025-02-20,9.9,38,376.2
3876,2025-01,2025-02-21,9.32,38,354.16
3876,2025-01,2025-02-23,8.83,38,335.54
3876,2025-01,2025-02-24,9.43,38,358.34
3876,2025-01,2025-02-25,9.68,38,367.84
3876,2025-01,2025-02-26,8.32,38,316.16
3876,2025-01,2025-02-27,7.73,38,293.74
3876,2025-01,2025-02-28,7.97,38,302.86
3884,2025-01,2025-01-01,9.35,32,299.2
3884,2025-01,2025-01-02,8.97,32,287.04
3884,2025-01,2025-01-03,7.5,32,240.0
3884,2025-01,2025-01-06,9.95,32,318.4
3884,2025-01,2025-01-07,8.58,32,274.56
3884,2025-01,2025-01-08,8.82,32,282.24
3884,2025-01,2025-01-09,8.8,32,281.6
3884,2025-01,2025-01-10,9.3,32,297.6
3884,2025-01,2025-01-13,9.38,32,300.16
3884,2025-01,2025-01-14,9.48,32,303.36
3884,2025-01,2025-01-15,8.63,32,276.16
3884,2025-01,2025-01-16,9.68,32,309.76
3884,2025-01,2025-01-17,9.25,32,296.0
3884,2025-01,2025-01-18,8.4,32,268.8
3884,2025-01,2025-01-20,8.28,32,264.96
3884,2025-01,2025-01-21,9.03,32,288.96
3884,2025-01,2025-01-22,8.95,32,286.4
3884,2025-01,2025-01-23,9.95,32,318.4
3884,2025-01,2025-01-24,9.72,32,311.04
3884,2025-01,2025-01-27,9.97,32,319.04
3884,2025-01,2025-01-28,9.3,32,297.6
3884,2025-01,2025-01-29,8.9,32,284.8
3884,2025-01,2025-01-30,8.13,32,260.16
3884,2025-01,2025-01-31,8.48,32,271.36
3884,2025-01,2025-02-03,9.85,32,315.2
3884,2025-01,2025-02-04,9.07,32,290.24
3884,2025-01,2025-02-05,9.1,32,291.2
3884,2025-01,2025-02-06,8.27,32,264.64
3884,2025-01,2025-02-07,9.22,32,295.04
3884,2025-01,2025-02-08,7.5,32,240.0
3884,2025-01,2025-02-09,8.97,32,287.04
3884,2025-01,2025-02-10,9.98,32,319.36
3884,2025-01,2025-02-11,7.85,32,251.2
3884,2025-01,2025-02-12,8.68,32,277.76
3884,2025-01,2025-02-13,8.02,32,256.64
3884,2025-01,2025-02-14,9.77,32,312.64
3884,2025-01,2025-02-17,8.47,32,271.04
3884,2025-01,2025-02-18,8.58,32,274.56
3884,2025-01,2025-02-19,7.85,32,251.2
3884,2025-01,2025-02-20,7.6,32,243.2
3884,2025-01,2025-02-21,7.72,32,247.04
3884,2025-01,2025-02-24,8.75,32,280.0
3884,2025-01,2025-02-25,7.78,32,248.96
3884,2025-01,2025-02-26,8.92,32,285.44
3884,2025-01,2025-02-27,8.8,32,281.6
3884,2025-01,2025-02-28,9.47,32,303.04
3916,2025-01,2025-01-01,9.92,38,376.96
3916,2025-01,2025-01-02,8.37,38,318.06
3916,2025-01,2025-01-03,9.8,38,372.4
3916,2025-01,2025-01-05,9.53,38,362.14
3916,2025-01,2025-01-06,9.1,38,345.8
3916,2025-01,2025-01-07,9.1,38,345.8
3916,2025-01,2025-01-08,9.68,38,367.84
3916,2025-01,2025-01-09,9.65,38,366.7
3916,2025-01,2025-01-10,8.15,38,309.7
3916,2025-01,2025-01-13,7.6,38,288.8
3916,2025-01,2025-01-14,7.92,38,300.96
3916,2025-01,2025-01-15,8.53,38,324.14
3916,2025-01,2025-01-16,9.6,38,364.8
3916,2025-01,2025-01-17,8.62,38,327.56
3916,2025-01,2025-01-19,8.92,38,338.96
3916,2025-01,2025-01-20,8.98,38,341.24
3916,2025-01,2025-01-21,7.92,38,300.96
3916,2025-01,2025-01-22,9.93,38,377.34
3916,2025-01,2025-01-23,10.0,38,380.0
3916,2025-01,2025-01-24,8.32,38,316.16
3916,2025-01,2025-01-26,7.62,38,289.56
3916,2025-01,2025-01-27,8.95,38,340.1
3916,2025-01,2025-01-28,10.0,38,380.0
3916,2025-01,2025-01-29,7.87,38,299.06
3916,2025-01,2025-01-30,9.07,38,344.66
3916,2025-01,2025-01-31,7.58,38,288.04
3916,2025-01,2025-02-02,8.28,38,314.64
3916,2025-01,2025-02-03,8.48,38,322.24
3916,2025-01,2025-02-04,8.62,38,327.56
3916,2025-01,2025-02-05,9.58,38,364.04
3916,2025-01,2025-02-06,8.85,38,336.3
3916,2025-01,2025-02-07,9.45,38,359.1
3916,2025-01,2025-02-10,9.1,38,345.8
3916,2025-01,2025-02-11,9.25,38,351.5
3916,2025-01,2025-02-12,8.18,38,310.84
3916,2025-01,2025-02-13,7.52,38,285.76
3916,2025-01,2025-02-14,7.55,38,286.9
3916,2025-01,2025-02-17,9.57,38,363.66
3916,2025-01,2025-02-18,9.03,38,343.14
3916,2025-01,2025-02-19,9.42,38,357.96
3916,2025-01,2025-02-20,9.58,38,364.04
3916,2025-01,2025-02-21,9.83,38,373.54
3916,2025-01,2025-02-24,8.35,38,317.3
3916,2025-01,2025-02-25,9.97,38,378.86
3916,2025-01,2025-02-26,8.25,38,313.5
3916,2025-01,2025-02-27,9.87,38,375.06
3916,2025-01,2025-02-28,7.65,38,290.7
3938,2025-01,2025-01-01,8.13,32,260.16
3938,2025-01,2025-01-02,7.62,32,243.84
3938,2025-01,2025-01-03,8.7,32,278.4
3938,2025-01,2025-01-06,10.0,32,320.0
3938,2025-01,2025-01-07,7.63,32,244.16
3938,2025-01,2025-01-08,9.45,32,302.4
3938,2025-01,2025-01-09,9.18,32,293.76
3938,2025-01,2025-01-10,8.0,32,256.0
3938,2025-01,2025-01-12,9.2,32,294.4
3938,2025-01,2025-01-13,9.57,32,306.24
3938,2025-01,2025-01-14,7.8,32,249.6
3938,2025-01,2025-01-15,9.08,32,290.56
3938,2025-01,2025-01-16,8.03,32,256.96
3938,2025-01,2025-01-17,9.77,32,312.64
3938,2025-01,2025-01-19,9.52,32,304.64
3938,2025-01,2025-01-20,7.68,32,245.76
3938,2025-01,2025-01-21,9.73,32,311.36
3938,2025-01,2025-01-22,9.8,32,313.6
3938,2025-01,2025-01-23,10.0,32,320.0
3938,2025-01,2025-01-24,8.3,32,265.6
3938,2025-01,2025-01-27,8.25,32,264.0
3938,2025-01,2025-01-28,9.05,32,289.6
3938,2025-01,2025-01-29,7.52,32,240.64
3938,2025-01,2025-01-30,7.62,32,243.84
3938,2025-01,2025-01-31,9.4,32,300.8
3938,2025-01,2025-02-02,7.85,32,251.2
3938,2025-01,2025-02-03,7.7,32,246.4
3938,2025-01,2025-02-04,9.15,32,292.8
3938,2025-01,2025-02-05,10.0,32,320.0
3938,2025-01,2025-02-06,9.77,32,312.64
3938,2025-01,2025-02-07,9.33,32,298.56
3938,2025-01,2025-02-10,8.95,32,286.4
3938,2025-01,2025-02-11,9.57,32,306.24
3938,2025-01,2025-02-12,8.62,32,275.84
3938,2025-01,2025-02-13,7.57,32,242.24
3938,2025-01,2025-02-14,10.0,32,320.0
3938,2025-01,2025-02-17,7.7,32,246.4
3938,2025-01,2025-02-18,8.43,32,269.76
3938,2025-01,2025-02-19,9.58,32,306.56
3938,2025-01,2025-02-20,7.95,32,254.4
3938,2025-01,2025-02-21,8.82,32,282.24
3938,2025-01,2025-02-24,9.28,32,296.96
3938,2025-01,2025-02-25,9.37,32,299.84
3938,2025-01,2025-02-26,8.1,32,259.2
3938,2025-01,2025-02-27,8.77,32,280.64
3938,2025-01,2025-02-28,9.95,32,318.4
3938,2025-01,2025-03-01,8.88,32,284.16
3957,2025-01,2025-01-01,9.12,38,346.56
3957,2025-01,2025-01-02,9.22,38,350.36
3957,2025-01,2025-01-03,8.5,38,323.0
3957,2025-01,2025-01-06,9.32,38,354.16
3957,2025-01,2025-01-07,8.28,38,314.64
3957,2025-01,2025-01-08,9.4,38,357.2
3957,2025-01,2025-01-09,8.47,38,321.86
3957,2025-01,2025-01-10,7.83,38,297.54
3957,2025-01,2025-01-13,8.15,38,309.7
3957,2025-01,2025-01-14,7.65,38,290.7
3957,2025-01,2025-01-15,7.63,38,289.94
3957,2025-01,2025-01-16,8.48,38,322.24
3957,2025-01,2025-01-17,9.2,38,349.6
3957,2025-01,2025-01-20,8.42,38,319.96
3957,2025-01,2025-01-21,8.45,38,321.1
3957,2025-01,2025-01-22,9.17,38,348.46
3957,2025-01,2025-01-23,7.6,38,288.8
3957,2025-01,2025-01-24,9.58,38,364.04
3957,2025-01,2025-01-26,8.85,38,336.3
3957,2025-01,2025-01-27,8.0,38,304.0
3957,2025-01,2025-01-28,7.95,38,302.1
3957,2025-01,2025-01-29,7.68,38,291.84
3957,2025-01,2025-01-30,7.57,38,287.66
3957,2025-01,2025-01-31,8.95,38,340.1
3957,2025-01,2025-02-02,8.85,38,336.3
3957,2025-01,2025-02-03,7.77,38,295.26
3957,2025-01,2025-02-04,7.5,38,285.0
3957,2025-01,2025-02-05,8.0,38,304.0
3957,2025-01,2025-02-06,8.02,38,304.76
3957,2025-01,2025-02-07,9.35,38,355.3
3957,2025-01,2025-02-10,9.23,38,350.74
3957,2025-01,2025-02-11,7.55,38,286.9
3957,2025-01,2025-02-12,7.92,38,300.96
3957,2025-01,2025-02-13,8.88,38,337.44
3957,2025-01,2025-02-14,9.63,38,365.94
3957,2025-01,2025-02-17,8.97,38,340.86
3957,2025-01,2025-02-18,9.58,38,364.04
3957,2025-01,2025-02-19,9.98,38,379.24
3957,2025-01,2025-02-20,8.88,38,337.44
3957,2025-01,2025-02-21,9.37,38,356.06
3957,2025-01,2025-02-24,8.12,38,308.56
3957,2025-01,2025-02-25,8.83,38,335.54
3957,2025-01,2025-02-26,9.0,38,342.0
3957,2025-01,2025-02-27,7.5,38,285.0
3957,2025-01,2025-02-28,9.52,38,361.76
3970,2025-01,2025-01-01,8.77,32,280.64
3970,2025-01,2025-01-02,7.9,32,252.8
3970,2025-01,2025-01-03,9.9,32,316.8
3970,2025-01,2025-01-06,7.53,32,240.96
3970,2025-01,2025-01-07,9.9,32,316.8
3970,2025-01,2025-01-08,9.12,32,291.84
3970,2025-01,2025-01-09,7.63,32,244.16
3970,2025-01,2025-01-10,8.83,32,282.56
3970,2025-01,2025-01-11,9.65,32,308.8
3970,2025-01,2025-01-13,8.82,32,282.24
3970,2025-01,2025-01-14,8.97,32,287.04
3970,2025-01,2025-01-15,8.85,32,283.2
3970,2025-01,2025-01-16,7.53,32,240.96
3970,2025-01,2025-01-17,8.32,32,266.24
3970,2025-01,2025-01-19,7.95,32,254.4
3970,2025-01,2025-01-20,7.65,32,244.8
3970,2025-01,2025-01-21,7.92,32,253.44
3970,2025-01,2025-01-22,9.55,32,305.6
3970,2025-01,2025-01-23,7.88,32,252.16
3970,2025-01,2025-01-24,8.88,32,284.16
3970,2025-01,2025-01-27,9.23,32,295.36
3970,2025-01,2025-01-28,9.97,32,319.04
3970,2025-01,2025-01-29,8.8,32,281.6
3970,2025-01,2025-01-30,9.93,32,317.76
3970,2025-01,2025-01-31,7.87,32,251.84
3970,2025-01,2025-02-02,8.73,32,279.36
3970,2025-01,2025-02-03,9.47,32,303.04
3970,2025-01,2025-02-04,9.65,32,308.8
3970,2025-01,2025-02-05,9.78,32,312.96
3970,2025-01,2025-02-06,9.28,32,296.96
3970,2025-01,2025-02-07,7.62,32,243.84
3970,2025-01,2025-02-10,9.17,32,293.44
3970,2025-01,2025-02-11,9.07,32,290.24
3970,2025-01,2025-02-12,8.03,32,256.96
3970,2025-01,2025-02-13,8.62,32,275.84
3970,2025-01,2025-02-14,9.3,32,297.6
3970,2025-01,2025-02-15,9.47,32,303.04
3970,2025-01,2025-02-16,9.82,32,314.24
3970,2025-01,2025-02-17,8.42,32,269.44
3970,2025-01,2025-02-18,8.25,32,264.0
3970,2025-01,2025-02-19,7.82,32,250.24
3970,2025-01,2025-02-20,8.15,32,260.8
3970,2025-01,2025-02-21,7.62,32,243.84
3970,2025-01,2025-02-24,8.8,32,281.6
3970,2025-01,2025-02-25,9.73,32,311.36
3970,2025-01,2025-02-26,9.47,32,303.04
3970,2025-01,2025-02-27,8.23,32,263.36
3970,2025-01,2025-02-28,9.48,32,303.36
3970,2025-01,2025-03-01,7.78,32,248.96
3972,2025-01,2025-01-01,7.78,32,248.96
3972,2025-01,2025-01-02,7.53,32,240.96
3972,2025-01,2025-01-03,8.33,32,266.56
3972,2025-01,2025-01-04,9.02,32,288.64
3972,2025-01,2025-01-06,7.97,32,255.04
3972,2025-01,2025-01-07,8.25,32,264.0
3972,2025-01,2025-01-08,8.58,32,274.56
3972,2025-01,2025-01-09,8.98,32,287.36
3972,2025-01,2025-01-10,8.85,32,283.2
3972,2025-01,2025-01-13,8.85,32,283.2
3972,2025-01,2025-01-14,9.65,32,308.8
3972,2025-01,2025-01-15,7.55,32,241.6
3972,2025-01,2025-01-16,7.93,32,253.76
3972,2025-01,2025-01-17,9.53,32,304.96
3972,2025-01,2025-01-20,8.77,32,280.64
3972,2025-01,2025-01-21,9.32,32,298.24
3972,2025-01,2025-01-22,9.48,32,303.36
3972,2025-01,2025-01-23,9.97,32,319.04
3972,2025-01,2025-01-24,8.43,32,269.76
3972,2025-01,2025-01-27,8.43,32,269.76
3972,2025-01,2025-01-28,8.17,32,261.44
3972,2025-01,2025-01-29,8.43,32,269.76
3972,2025-01,2025-01-30,8.37,32,267.84
3972,2025-01,2025-01-31,9.03,32,288.96
3972,2025-01,2025-02-03,8.7,32,278.4
3972,2025-01,2025-02-04,9.53,32,304.96
3972,2025-01,2025-02-05,9.73,32,311.36
3972,2025-01,2025-02-06,7.63,32,244.16
3972,2025-01,2025-02-07,8.17,32,261.44
3972,2025-01,2025-02-09,7.87,32,251.84
3972,2025-01,2025-02-10,7.93,32,253.76
3972,2025-01,2025-02-11,9.23,32,295.36
3972,2025-01,2025-02-12,9.33,32,298.56
3972,2025-01,2025-02-13,10.0,32,320.0
3972,2025-01,2025-02-14,7.88,32,252.16
3972,2025-01,2025-02-15,7.8,32,249.6
3972,2025-01,2025-02-17,7.65,32,244.8
3972,2025-01,2025-02-18,8.7,32,278.4
3972,2025-01,2025-02-19,9.87,32,315.84
3972,2025-01,2025-02-20,9.13,32,292.16
3972,2025-01,2025-02-21,8.43,32,269.76
3972,2025-01,2025-02-24,7.62,32,243.84
3972,2025-01,2025-02-25,7.65,32,244.8
3972,2025-01,2025-02-26,8.93,32,285.76
3972,2025-01,2025-02-27,9.77,32,312.64
3972,2025-01,2025-02-28,8.67,32,277.44
3976,2025-01,2025-01-01,7.8,38,296.4
3976,2025-01,2025-01-02,9.87,38,375.06
3976,2025-01,2025-01-03,8.97,38,340.86
3976,2025-01,2025-01-06,8.28,38,314.64
3976,2025-01,2025-01-07,9.05,38,343.9
3976,2025-01,2025-01-08,9.18,38,348.84
3976,2025-01,2025-01-10,8.33,38,316.54
3976,2025-01,2025-01-11,7.72,38,293.36
3976,2025-01,2025-01-13,9.05,38,343.9
3976,2025-01,2025-01-14,8.62,38,327.56
3976,2025-01,2025-01-15,7.58,38,288.04
3976,2025-01,2025-01-16,8.18,38,310.84
3976,2025-01,2025-01-17,9.03,38,343.14
3976,2025-01,2025-01-18,9.93,38,377.34
3976,2025-01,2025-01-20,8.78,38,333.64
3976,2025-01,2025-01-21,9.17,38,348.46
3976,2025-01,2025-01-22,9.73,38,369.74
3976,2025-01,2025-01-23,9.5,38,361.0
3976,2025-01,2025-01-24,7.65,38,290.7
3976,2025-01,2025-01-25,9.6,38,364.8
3976,2025-01,2025-01-26,8.62,38,327.56
3976,2025-01,2025-01-27,7.95,38,302.1
3976,2025-01,2025-01-28,8.05,38,305.9
3976,2025-01,2025-01-29,8.5,38,323.0
3976,2025-01,2025-01-30,8.1,38,307.8
3976,2025-01,2025-01-31,8.37,38,318.06
3976,2025-01,2025-02-01,9.02,38,342.76
3976,2025-01,2025-02-03,9.77,38,371.26
3976,2025-01,2025-02-04,9.72,38,369.36
3976,2025-01,2025-02-05,8.28,38,314.64
3976,2025-01,2025-02-06,8.03,38,305.14
3976,2025-01,2025-02-07,7.97,38,302.86
3976,2025-01,2025-02-09,9.83,38,373.54
3976,2025-01,2025-02-10,8.2,38,311.6
3976,2025-01,2025-02-11,7.9,38,300.2
3976,2025-01,2025-02-12,7.73,38,293.74
3976,2025-01,2025-02-13,7.67,38,291.46
3976,2025-01,2025-02-14,8.63,38,327.94
3976,2025-01,2025-02-15,8.98,38,341.24
3976,2025-01,2025-02-17,10.0,38,380.0
3976,2025-01,2025-02-18,8.3,38,315.4
3976,2025-01,2025-02-19,8.65,38,328.7
3976,2025-01,2025-02-20,7.92,38,300.96
3976,2025-01,2025-02-21,7.62,38,289.56
3976,2025-01,2025-02-23,8.88,38,337.44
3976,2025-01,2025-02-24,9.12,38,346.56
3976,2025-01,2025-02-25,8.43,38,320.34
3976,2025-01,2025-02-26,8.75,38,332.5
3976,2025-01,2025-02-27,9.82,38,373.16
3976,2025-01,2025-02-28,9.43,38,358.34
3984,2025-01,2025-01-01,9.52,32,304.64
3984,2025-01,2025-01-02,7.62,32,243.84
3984,2025-01,2025-01-03,9.27,32,296.64
3984,2025-01,2025-01-06,9.82,32,314.24
3984,2025-01,2025-01-07,9.4,32,300.8
3984,2025-01,2025-01-08,9.77,32,312.64
3984,2025-01,2025-01-09,9.47,32,303.04
3984,2025-01,2025-01-10,9.48,32,303.36
3984,2025-01,2025-01-13,8.58,32,274.56
3984,2025-01,2025-01-14,7.9,32,252.8
3984,2025-01,2025-01-15,7.7,32,246.4
3984,2025-01,2025-01-16,9.63,32,308.16
3984,2025-01,2025-01-17,9.4,32,300.8
3984,2025-01,2025-01-20,9.38,32,300.16
3984,2025-01,2025-01-21,8.05,32,257.6
3984,2025-01,2025-01-22,9.75,32,312.0
3984,2025-01,2025-01-23,8.05,32,257.6
3984,2025-01,2025-01-24,9.6,32,307.2
3984,2025-01,2025-01-27,9.95,32,318.4
3984,2025-01,2025-01-28,7.9,32,252.8
3984,2025-01,2025-01-29,9.95,32,318.4
3984,2025-01,2025-01-30,8.53,32,272.96
3984,2025-01,2025-01-31,9.42,32,301.44
3984,2025-01,2025-02-01,8.42,32,269.44
3984,2025-01,2025-02-02,8.02,32,256.64
3984,2025-01,2025-02-03,8.55,32,273.6
3984,2025-01,2025-02-04,9.88,32,316.16
3984,2025-01,2025-02-05,7.72,32,247.04
3984,2025-01,2025-02-06,9.02,32,288.64
3984,2025-01,2025-02-07,7.97,32,255.04
3984,2025-01,2025-02-08,7.9,32,252.8
3984,2025-01,2025-02-10,9.43,32,301.76
3984,2025-01,2025-02-11,8.17,32,261.44
3984,2025-01,2025-02-12,9.42,32,301.44
3984,2025-01,2025-02-13,8.82,32,282.24
3984,2025-01,2025-02-14,7.88,32,252.16
3984,2025-01,2025-02-15,9.42,32,301.44
3984,2025-01,2025-02-17,9.85,32,315.2
3984,2025-01,2025-02-18,7.9,32,252.8
3984,2025-01,2025-02-19,8.77,32,280.64
3984,2025-01,2025-02-20,9.43,32,301.76
3984,2025-01,2025-02-21,7.78,32,248.96
3984,2025-01,2025-02-24,9.27,32,296.64
3984,2025-01,2025-02-25,9.93,32,317.76
3984,2025-01,2025-02-26,7.93,32,253.76
3984,2025-01,2025-02-27,7.5,32,240.0
3984,2025-01,2025-02-28,8.0,32,256.0
3991,2025-01,2025-01-01,8.1,32,259.2
3991,2025-01,2025-01-02,7.77,32,248.64
3991,2025-01,2025-01-03,9.57,32,306.24
3991,2025-01,2025-01-06,8.75,32,280.0
3991,2025-01,2025-01-07,7.57,32,242.24
3991,2025-01,2025-01-08,9.0,32,288.0
3991,2025-01,2025-01-09,8.48,32,271.36
3991,2025-01,2025-01-10,9.77,32,312.64
3991,2025-01,2025-01-12,8.58,32,274.56
3991,2025-01,2025-01-13,9.48,32,303.36
3991,2025-01,2025-01-14,7.88,32,252.16
3991,2025-01,2025-01-15,7.88,32,252.16
3991,2025-01,2025-01-16,8.08,32,258.56
3991,2025-01,2025-01-17,9.0,32,288.0
3991,2025-01,2025-01-20,8.85,32,283.2
3991,2025-01,2025-01-21,7.55,32,241.6
3991,2025-01,2025-01-22,8.97,32,287.04
3991,2025-01,2025-01-23,8.35,32,267.2
3991,2025-01,2025-01-24,8.45,32,270.4
3991,2025-01,2025-01-27,7.98,32,255.36
3991,2025-01,2025-01-28,9.9,32,316.8
3991,2025-01,2025-01-29,9.82,32,314.24
3991,2025-01,2025-01-30,8.4,32,268.8
3991,2025-01,2025-01-31,8.2,32,262.4
3991,2025-01,2025-02-03,9.85,32,315.2
3991,2025-01,2025-02-04,8.62,32,275.84
3991,2025-01,2025-02-05,7.67,32,245.44
3991,2025-01,2025-02-06,9.55,32,305.6
3991,2025-01,2025-02-07,9.45,32,302.4
3991,2025-01,2025-02-09,8.48,32,271.36
3991,2025-01,2025-02-10,9.52,32,304.64
3991,2025-01,2025-02-12,8.05,32,257.6
3991,2025-01,2025-02-13,9.38,32,300.16
3991,2025-01,2025-02-14,8.92,32,285.44
3991,2025-01,2025-02-15,8.37,32,267.84
3991,2025-01,2025-02-16,9.22,32,295.04
3991,2025-01,2025-02-17,9.6,32,307.2
3991,2025-01,2025-02-18,9.48,32,303.36
3991,2025-01,2025-02-19,9.87,32,315.84
3991,2025-01,2025-02-20,9.98,32,319.36
3991,2025-01,2025-02-21,8.82,32,282.24
3991,2025-01,2025-02-22,9.57,32,306.24
3991,2025-01,2025-02-24,8.82,32,282.24
3991,2025-01,2025-02-25,8.03,32,256.96
3991,2025-01,2025-02-26,7.92,32,253.44
3991,2025-01,2025-02-27,7.77,32,248.64
3991,2025-01,2025-02-28,9.23,32,295.36
3991,2025-01,2025-03-01,9.68,32,309.76
