EmpID,Work_Date,Clock_Time,Attendance_Event,Exception_Type
2643,2025-01-01,07:59,Clock In,No Exception
2643,2025-01-01,16:06,Clock Out,No Exception
2643,2025-01-02,09:14,Clock In,No Exception
2643,2025-01-02,16:54,Clock Out,No Exception
2643,2025-01-03,09:23,Clock In,No Exception
2643,2025-01-03,18:51,Clock Out,No Exception
2643,2025-01-06,07:53,Clock In,No Exception
2643,2025-01-06,17:11,Clock Out,No Exception
2643,2025-01-07,09:11,Clock In,No Exception
2643,2025-01-07,17:12,Clock Out,No Exception
2643,2025-01-08,07:21,Clock In,No Exception
2643,2025-01-08,15:15,Clock Out,No Exception
2643,2025-01-09,09:59,Clock In,No Exception
2643,2025-01-09,18:36,Clock Out,No Exception
2643,2025-01-10,06:26,Clock In,No Exception
2643,2025-01-10,16:26,Clock Out,No Exception
2643,2025-01-13,07:25,Clock In,No Exception
2643,2025-01-13,15:40,Clock Out,No Exception
2643,2025-01-14,07:24,Clock In,No Exception
2643,2025-01-14,17:18,Clock Out,No Exception
2643,2025-01-15,08:32,Clock In,No Exception
2643,2025-01-15,16:46,Clock Out,No Exception
2643,2025-01-16,09:24,Clock In,No Exception
2643,2025-01-16,17:07,Clock Out,No Exception
2643,2025-01-17,08:54,Clock In,No Exception
2643,2025-01-17,18:53,Clock Out,No Exception
2643,2025-01-20,09:13,Clock In,No Exception
2643,2025-01-20,17:42,Clock Out,No Exception
2643,2025-01-21,08:18,Clock In,No Exception
2643,2025-01-21,17:21,Clock Out,No Exception
2643,2025-01-22,06:43,Clock In,No Exception
2643,2025-01-22,16:11,Clock Out,No Exception
2643,2025-01-23,07:57,Clock In,No Exception
2643,2025-01-23,16:58,Clock Out,No Exception
2643,2025-01-24,08:57,Clock In,No Exception
2643,2025-01-24,18:18,Clock Out,No Exception
2643,2025-01-27,07:45,Clock In,No Exception
2643,2025-01-27,15:53,Clock Out,No Exception
2643,2025-01-28,08:43,Clock In,No Exception
2643,2025-01-28,17:26,Clock Out,No Exception
2643,2025-01-29,08:04,Clock In,No Exception
2643,2025-01-29,16:39,Clock Out,No Exception
2643,2025-01-30,09:44,Clock In,No Exception
2643,2025-01-30,18:24,Clock Out,No Exception
2643,2025-01-31,08:03,Clock In,No Exception
2643,2025-01-31,15:55,Clock Out,No Exception
2643,2025-02-03,07:23,Clock In,No Exception
2643,2025-02-03,15:08,Clock Out,No Exception
2643,2025-02-04,06:22,Clock In,No Exception
2643,2025-02-04,14:55,Clock Out,No Exception
2643,2025-02-05,07:34,Clock In,No Exception
2643,2025-02-05,17:02,Clock Out,No Exception
2643,2025-02-06,07:11,Clock In,No Exception
2643,2025-02-06,15:03,Clock Out,No Exception
2643,2025-02-07,07:11,Clock In,No Exception
2643,2025-02-07,16:53,Clock Out,No Exception
2643,2025-02-10,07:10,Clock In,No Exception
2643,2025-02-10,16:18,Clock Out,No Exception
2643,2025-02-11,09:46,Clock In,No Exception
2643,2025-02-11,19:14,Clock Out,No Exception
2643,2025-02-12,06:14,Clock In,No Exception
2643,2025-02-12,14:41,Clock Out,No Exception
2643,2025-02-13,07:31,Clock In,No Exception
2643,2025-02-13,16:33,Clock Out,No Exception
2643,2025-02-14,08:56,Clock In,No Exception
2643,2025-02-14,16:46,Clock Out,No Exception
2643,2025-02-17,07:53,Clock In,No Exception
2643,2025-02-17,16:57,Clock Out,No Exception
2643,2025-02-18,07:58,Clock In,No Exception
2643,2025-02-18,16:30,Clock Out,No Exception
2643,2025-02-19,08:59,Clock In,No Exception
2643,2025-02-19,17:31,Clock Out,No Exception
2643,2025-02-20,07:39,Clock In,No Exception
2643,2025-02-20,17:01,Clock Out,No Exception
2643,2025-02-21,07:21,Clock In,No Exception
2643,2025-02-21,17:09,Clock Out,No Exception
2643,2025-02-24,09:25,Clock In,No Exception
2643,2025-02-24,17:02,Clock Out,No Exception
2643,2025-02-25,09:48,Clock In,No Exception
2643,2025-02-25,18:24,Clock Out,No Exception
2643,2025-02-26,06:09,Clock In,No Exception
2643,2025-02-26,14:07,Clock Out,No Exception
2643,2025-02-27,09:09,Clock In,No Exception
2643,2025-02-27,17:54,Clock Out,No Exception
2643,2025-02-28,06:30,Clock In,No Exception
2643,2025-02-28,15:23,Clock Out,No Exception
2643,2025-03-01,09:11,Clock In,No Exception
2643,2025-03-01,17:21,Clock Out,No Exception
3179,2025-01-01,09:58,Clock In,No Exception
3179,2025-01-01,18:31,Clock Out,No Exception
3179,2025-01-02,09:32,Clock In,No Exception
3179,2025-01-02,17:13,Clock Out,No Exception
3179,2025-01-03,09:27,Clock In,No Exception
3179,2025-01-03,18:35,Clock Out,No Exception
3179,2025-01-06,06:24,Clock In,No Exception
3179,2025-01-06,16:20,Clock Out,No Exception
3179,2025-01-07,08:05,Clock In,No Exception
3179,2025-01-07,17:52,Clock Out,No Exception
3179,2025-01-08,06:36,Clock In,No Exception
3179,2025-01-08,14:49,Clock Out,No Exception
3179,2025-01-09,08:55,Clock In,No Exception
3179,2025-01-09,16:42,Clock Out,No Exception
3179,2025-01-10,07:33,Clock In,No Exception
3179,2025-01-10,16:43,Clock Out,No Exception
3179,2025-01-13,09:50,Clock In,No Exception
3179,2025-01-13,17:45,Clock Out,No Exception
3179,2025-01-14,07:58,Clock In,No Exception
3179,2025-01-14,17:50,Clock Out,No Exception
3179,2025-01-15,08:54,Clock In,No Exception
3179,2025-01-15,17:23,Clock Out,No Exception
3179,2025-01-16,09:01,Clock In,No Exception
3179,2025-01-16,16:58,Clock Out,No Exception
3179,2025-01-17,06:01,Clock In,No Exception
3179,2025-01-17,15:41,Clock Out,No Exception
3179,2025-01-20,08:53,Clock In,No Exception
3179,2025-01-20,17:28,Clock Out,No Exception
3179,2025-01-21,07:42,Clock In,No Exception
3179,2025-01-21,16:11,Clock Out,No Exception
3179,2025-01-22,09:38,Clock In,No Exception
3179,2025-01-22,18:03,Clock Out,No Exception
3179,2025-01-23,06:40,Clock In,No Exception
3179,2025-01-23,14:28,Clock Out,No Exception
3179,2025-01-24,07:04,Clock In,No Exception
3179,2025-01-24,16:52,Clock Out,No Exception
3179,2025-01-27,07:27,Clock In,No Exception
3179,2025-01-27,15:59,Clock Out,No Exception
3179,2025-01-28,09:02,Clock In,No Exception
3179,2025-01-28,16:46,Clock Out,No Exception
3179,2025-01-29,07:39,Clock In,No Exception
3179,2025-01-29,17:04,Clock Out,No Exception
3179,2025-01-30,07:20,Clock In,No Exception
3179,2025-01-30,15:38,Clock Out,No Exception
3179,2025-01-31,06:37,Clock In,No Exception
3179,2025-01-31,14:34,Clock Out,No Exception
3179,2025-02-03,08:24,Clock In,No Exception
3179,2025-02-03,18:16,Clock Out,No Exception
3179,2025-02-04,06:21,Clock In,No Exception
3179,2025-02-04,15:57,Clock Out,No Exception
3179,2025-02-05,09:51,Clock In,No Exception
3179,2025-02-05,18:01,Clock Out,No Exception
3179,2025-02-06,06:37,Clock In,No Exception
3179,2025-02-06,15:14,Clock Out,No Exception
3179,2025-02-07,06:41,Clock In,No Exception
3179,2025-02-07,16:18,Clock Out,No Exception
3179,2025-02-08,09:18,Clock In,No Exception
3179,2025-02-08,17:02,Clock Out,No Exception
3179,2025-02-10,08:08,Clock In,No Exception
3179,2025-02-10,16:36,Clock Out,No Exception
3179,2025-02-11,07:15,Clock In,No Exception
3179,2025-02-11,16:47,Clock Out,No Exception
3179,2025-02-12,08:11,Clock In,No Exception
3179,2025-02-12,16:33,Clock Out,No Exception
3179,2025-02-13,09:47,Clock In,No Exception
3179,2025-02-13,17:17,Clock Out,No Exception
3179,2025-02-14,07:56,Clock In,No Exception
3179,2025-02-14,15:27,Clock Out,No Exception
3179,2025-02-16,09:58,Clock In,No Exception
3179,2025-02-16,18:11,Clock Out,No Exception
3179,2025-02-17,06:29,Clock In,No Exception
3179,2025-02-17,14:15,Clock Out,No Exception
3179,2025-02-18,07:05,Clock In,No Exception
3179,2025-02-18,16:50,Clock Out,No Exception
3179,2025-02-19,06:15,Clock In,No Exception
3179,2025-02-19,13:56,Clock Out,No Exception
3179,2025-02-20,08:01,Clock In,No Exception
3179,2025-02-20,17:04,Clock Out,No Exception
3179,2025-02-21,07:25,Clock In,No Exception
3179,2025-02-21,15:33,Clock Out,No Exception
3179,2025-02-24,07:11,Clock In,No Exception
3179,2025-02-24,16:27,Clock Out,No Exception
3179,2025-02-25,06:24,Clock In,No Exception
3179,2025-02-25,15:07,Clock Out,No Exception
3179,2025-02-26,06:13,Clock In,No Exception
3179,2025-02-26,13:44,Clock Out,No Exception
3179,2025-02-27,07:01,Clock In,No Exception
3179,2025-02-27,16:58,Clock Out,No Exception
3179,2025-02-28,07:47,Clock In,No Exception
3179,2025-02-28,17:47,Clock Out,No Exception
3179,2025-03-01,08:58,Clock In,No Exception
3179,2025-03-01,18:24,Clock Out,No Exception
2104,2025-01-01,07:10,Clock In,No Exception
2104,2025-01-01,15:11,Clock Out,No Exception
2104,2025-01-02,06:44,Clock In,No Exception
2104,2025-01-02,14:44,Clock Out,No Exception
2104,2025-01-03,07:35,Clock In,No Exception
2104,2025-01-03,15:41,Clock Out,No Exception
2104,2025-01-06,09:09,Clock In,No Exception
2104,2025-01-06,18:02,Clock Out,No Exception
2104,2025-01-07,09:41,Clock In,No Exception
2104,2025-01-07,18:03,Clock Out,No Exception
2104,2025-01-08,07:13,Clock In,No Exception
2104,2025-01-08,15:19,Clock Out,No Exception
2104,2025-01-09,06:29,Clock In,No Exception
2104,2025-01-09,14:29,Clock Out,No Exception
2104,2025-01-10,06:58,Clock In,No Exception
2104,2025-01-10,15:40,Clock Out,No Exception
2104,2025-01-13,06:42,Clock In,No Exception
2104,2025-01-13,14:50,Clock Out,No Exception
2104,2025-01-14,06:57,Clock In,No Exception
2104,2025-01-14,15:38,Clock Out,No Exception
2104,2025-01-15,07:20,Clock In,No Exception
2104,2025-01-15,16:09,Clock Out,No Exception
2104,2025-01-16,08:03,Clock In,No Exception
2104,2025-01-16,16:01,Clock Out,No Exception
2104,2025-01-17,07:50,Clock In,No Exception
2104,2025-01-17,16:52,Clock Out,No Exception
2104,2025-01-20,09:00,Clock In,No Exception
2104,2025-01-20,17:20,Clock Out,No Exception
2104,2025-01-21,06:38,Clock In,No Exception
2104,2025-01-21,15:31,Clock Out,No Exception
2104,2025-01-22,09:11,Clock In,No Exception
2104,2025-01-22,19:02,Clock Out,No Exception
2104,2025-01-23,08:47,Clock In,Device Failure
2104,2025-01-23,18:37,Clock Out,No Exception
2104,2025-01-24,09:06,Clock In,No Exception
2104,2025-01-24,18:26,Clock Out,No Exception
2104,2025-01-27,07:34,Clock In,No Exception
2104,2025-01-27,16:46,Clock Out,No Exception
2104,2025-01-28,06:26,Clock In,No Exception
2104,2025-01-28,16:11,Clock Out,No Exception
2104,2025-01-29,06:40,Clock In,No Exception
2104,2025-01-29,14:42,Clock Out,No Exception
2104,2025-01-30,06:37,Clock In,No Exception
2104,2025-01-30,14:44,Clock Out,No Exception
2104,2025-01-31,08:00,Clock In,No Exception
2104,2025-01-31,17:59,Clock Out,No Exception
2104,2025-02-02,09:33,Clock In,No Exception
2104,2025-02-02,17:58,Clock Out,No Exception
2104,2025-02-03,07:53,Clock In,No Exception
2104,2025-02-03,16:50,Clock Out,No Exception
2104,2025-02-04,08:38,Clock In,No Exception
2104,2025-02-04,17:21,Clock Out,No Exception
2104,2025-02-05,07:20,Clock In,No Exception
2104,2025-02-05,16:59,Clock Out,No Exception
2104,2025-02-06,09:31,Clock In,No Exception
2104,2025-02-06,18:07,Clock Out,No Exception
2104,2025-02-07,08:24,Clock In,No Exception
2104,2025-02-07,18:09,Clock Out,No Exception
2104,2025-02-09,09:15,Clock In,No Exception
2104,2025-02-09,17:44,Clock Out,No Exception
2104,2025-02-10,06:47,Clock In,No Exception
2104,2025-02-10,14:33,Clock Out,No Exception
2104,2025-02-11,07:47,Clock In,No Exception
2104,2025-02-11,15:57,Clock Out,No Exception
2104,2025-02-12,06:34,Clock In,No Exception
2104,2025-02-12,14:33,Clock Out,No Exception
2104,2025-02-13,08:41,Clock In,No Exception
2104,2025-02-13,16:43,Clock Out,No Exception
2104,2025-02-14,08:11,Clock In,No Exception
2104,2025-02-14,15:52,Clock Out,No Exception
2104,2025-02-17,08:03,Clock In,No Exception
2104,2025-02-17,15:40,Clock Out,No Exception
2104,2025-02-18,07:30,Clock In,No Exception
2104,2025-02-18,15:29,Clock Out,No Exception
2104,2025-02-19,09:06,Clock In,No Exception
2104,2025-02-19,16:37,Clock Out,No Exception
2104,2025-02-20,06:17,Clock In,No Exception
2104,2025-02-20,15:15,Clock Out,No Exception
2104,2025-02-21,09:54,Clock In,No Exception
2104,2025-02-21,17:43,Clock Out,No Exception
2104,2025-02-23,08:27,Clock In,No Exception
2104,2025-02-23,18:20,Clock Out,No Exception
2104,2025-02-24,08:04,Clock In,No Exception
2104,2025-02-24,17:14,Clock Out,No Exception
2104,2025-02-25,06:32,Clock In,No Exception
2104,2025-02-25,15:21,Clock Out,No Exception
2104,2025-02-26,08:17,Clock In,No Exception
2104,2025-02-26,17:11,Clock Out,No Exception
2104,2025-02-27,07:32,Clock In,No Exception
2104,2025-02-27,17:03,Clock Out,No Exception
2104,2025-02-28,06:55,Clock In,No Exception
2104,2025-02-28,14:38,Clock Out,No Exception
2492,2025-01-01,09:23,Clock In,No Exception
2492,2025-01-01,19:10,Clock Out,No Exception
2492,2025-01-02,08:30,Clock In,No Exception
2492,2025-01-02,16:00,Clock Out,No Exception
2492,2025-01-03,09:58,Clock In,No Exception
2492,2025-01-03,18:13,Clock Out,No Exception
2492,2025-01-04,09:11,Clock In,No Exception
2492,2025-01-04,17:45,Clock Out,No Exception
2492,2025-01-06,06:40,Clock In,No Exception
2492,2025-01-06,14:46,Clock Out,No Exception
2492,2025-01-07,08:34,Clock In,No Exception
2492,2025-01-07,17:43,Clock Out,No Exception
2492,2025-01-08,09:42,Clock In,No Exception
2492,2025-01-08,17:15,Clock Out,No Exception
2492,2025-01-09,07:36,Clock In,No Exception
2492,2025-01-09,15:49,Clock Out,No Exception
2492,2025-01-10,08:03,Clock In,No Exception
2492,2025-01-10,16:05,Clock Out,No Exception
2492,2025-01-13,08:38,Clock In,No Exception
2492,2025-01-13,17:16,Clock Out,No Exception
2492,2025-01-14,07:24,Clock In,No Exception
2492,2025-01-14,15:53,Clock Out,No Exception
2492,2025-01-15,09:35,Clock In,No Exception
2492,2025-01-15,19:00,Clock Out,No Exception
2492,2025-01-16,09:27,Clock In,No Exception
2492,2025-01-16,18:14,Clock Out,No Exception
2492,2025-01-17,08:12,Clock In,No Exception
2492,2025-01-17,16:24,Clock Out,No Exception
2492,2025-01-19,08:07,Clock In,No Exception
2492,2025-01-19,17:32,Clock Out,No Exception
2492,2025-01-20,08:57,Clock In,No Exception
2492,2025-01-20,17:58,Clock Out,No Exception
2492,2025-01-21,06:48,Clock In,No Exception
2492,2025-01-21,16:27,Clock Out,No Exception
2492,2025-01-22,08:48,Clock In,No Exception
2492,2025-01-22,16:55,Clock Out,No Exception
2492,2025-01-23,07:07,Clock In,No Exception
2492,2025-01-23,16:06,Clock Out,No Exception
2492,2025-01-24,06:39,Clock In,No Exception
2492,2025-01-24,15:15,Clock Out,No Exception
2492,2025-01-27,06:43,Clock In,No Exception
2492,2025-01-27,15:20,Clock Out,No Exception
2492,2025-01-28,08:38,Clock In,No Exception
2492,2025-01-28,17:51,Clock Out,No Exception
2492,2025-01-29,07:27,Clock In,No Exception
2492,2025-01-29,15:22,Clock Out,No Exception
2492,2025-01-30,09:38,Clock In,No Exception
2492,2025-01-30,19:17,Clock Out,No Exception
2492,2025-01-31,09:05,Clock In,No Exception
2492,2025-01-31,17:02,Clock Out,No Exception
2492,2025-02-03,08:33,Clock In,No Exception
2492,2025-02-03,17:10,Clock Out,No Exception
2492,2025-02-04,07:37,Clock In,No Exception
2492,2025-02-04,17:23,Clock Out,No Exception
2492,2025-02-05,09:05,Clock In,No Exception
2492,2025-02-05,17:22,Clock Out,No Exception
2492,2025-02-06,08:00,Clock In,No Exception
2492,2025-02-06,17:53,Clock Out,No Exception
2492,2025-02-07,08:17,Clock In,No Exception
2492,2025-02-07,18:16,Clock Out,No Exception
2492,2025-02-08,06:36,Clock In,No Exception
2492,2025-02-08,15:13,Clock Out,No Exception
2492,2025-02-10,06:15,Clock In,No Exception
2492,2025-02-10,14:35,Clock Out,No Exception
2492,2025-02-11,06:52,Clock In,No Exception
2492,2025-02-11,14:52,Clock Out,No Exception
2492,2025-02-12,09:13,Clock In,No Exception
2492,2025-02-12,18:39,Clock Out,No Exception
2492,2025-02-13,08:11,Clock In,No Exception
2492,2025-02-13,16:24,Clock Out,No Exception
2492,2025-02-14,08:50,Clock In,No Exception
2492,2025-02-14,17:26,Clock Out,No Exception
2492,2025-02-17,08:54,Clock In,No Exception
2492,2025-02-17,18:12,Clock Out,No Exception
2492,2025-02-18,09:19,Clock In,No Exception
2492,2025-02-18,19:01,Clock Out,No Exception
2492,2025-02-19,07:50,Clock In,No Exception
2492,2025-02-19,17:18,Clock Out,No Exception
2492,2025-02-20,09:34,Clock In,No Exception
2492,2025-02-20,18:53,Clock Out,No Exception
2492,2025-02-21,08:22,Clock In,No Exception
2492,2025-02-21,17:05,Clock Out,No Exception
2492,2025-02-24,09:01,Clock In,No Exception
2492,2025-02-24,18:16,Clock Out,No Exception
2492,2025-02-25,06:42,Clock In,No Exception
2492,2025-02-25,14:12,Clock Out,No Exception
2492,2025-02-26,08:53,Clock In,No Exception
2492,2025-02-26,18:10,Clock Out,No Exception
2492,2025-02-27,07:24,Clock In,No Exception
2492,2025-02-27,14:54,Clock Out,No Exception
2492,2025-02-28,07:05,Clock In,No Exception
2492,2025-02-28,15:06,Clock Out,No Exception
3750,2025-01-01,08:53,Clock In,No Exception
3750,2025-01-01,17:35,Clock Out,No Exception
3750,2025-01-02,09:44,Clock In,No Exception
3750,2025-01-02,18:04,Clock Out,No Exception
3750,2025-01-03,09:52,Clock In,No Exception
3750,2025-01-03,17:52,Clock Out,No Exception
3750,2025-01-06,07:08,Clock In,No Exception
3750,2025-01-06,14:38,Clock Out,No Exception
3750,2025-01-07,09:31,Clock In,No Exception
3750,2025-01-07,17:24,Clock Out,No Exception
3750,2025-01-08,09:26,Clock In,No Exception
3750,2025-01-08,17:32,Clock Out,No Exception
3750,2025-01-09,09:38,Clock In,No Exception
3750,2025-01-09,17:11,Clock Out,No Exception
3750,2025-01-10,07:21,Clock In,No Exception
3750,2025-01-10,17:18,Clock Out,No Exception
3750,2025-01-13,09:22,Clock In,No Exception
3750,2025-01-13,19:20,Clock Out,No Exception
3750,2025-01-14,09:27,Clock In,No Exception
3750,2025-01-14,19:12,Clock Out,No Exception
3750,2025-01-15,08:44,Clock In,No Exception
3750,2025-01-15,17:50,Clock Out,No Exception
3750,2025-01-16,08:58,Clock In,No Exception
3750,2025-01-16,18:11,Clock Out,No Exception
3750,2025-01-17,06:22,Clock In,No Exception
3750,2025-01-17,16:05,Clock Out,No Exception
3750,2025-01-20,08:59,Clock In,No Exception
3750,2025-01-20,18:13,Clock Out,No Exception
3750,2025-01-21,07:25,Clock In,No Exception
3750,2025-01-21,15:25,Clock Out,No Exception
3750,2025-01-22,09:38,Clock In,No Exception
3750,2025-01-22,19:03,Clock Out,No Exception
3750,2025-01-23,07:27,Clock In,No Exception
3750,2025-01-23,15:21,Clock Out,No Exception
3750,2025-01-24,06:52,Clock In,No Exception
3750,2025-01-24,15:41,Clock Out,No Exception
3750,2025-01-26,09:24,Clock In,No Exception
3750,2025-01-26,16:56,Clock Out,No Exception
3750,2025-01-27,09:02,Clock In,No Exception
3750,2025-01-27,18:18,Clock Out,No Exception
3750,2025-01-28,08:35,Clock In,No Exception
3750,2025-01-28,17:11,Clock Out,No Exception
3750,2025-01-29,06:06,Clock In,No Exception
3750,2025-01-29,15:03,Clock Out,No Exception
3750,2025-01-30,09:53,Clock In,No Exception
3750,2025-01-30,18:18,Clock Out,No Exception
3750,2025-01-31,09:31,Clock In,No Exception
3750,2025-01-31,19:09,Clock Out,No Exception
3750,2025-02-03,09:58,Clock In,No Exception
3750,2025-02-03,19:14,Clock Out,No Exception
3750,2025-02-04,09:27,Clock In,No Exception
3750,2025-02-04,17:56,Clock Out,No Exception
3750,2025-02-05,08:28,Clock In,No Exception
3750,2025-02-05,16:10,Clock Out,No Exception
3750,2025-02-06,07:33,Clock In,No Exception
3750,2025-02-06,16:57,Clock Out,No Exception
3750,2025-02-07,09:19,Clock In,No Exception
3750,2025-02-07,18:25,Clock Out,No Exception
3750,2025-02-10,07:59,Clock In,No Exception
3750,2025-02-10,17:31,Clock Out,No Exception
3750,2025-02-11,08:11,Clock In,No Exception
3750,2025-02-11,17:36,Clock Out,No Exception
3750,2025-02-12,08:26,Clock In,No Exception
3750,2025-02-12,16:32,Clock Out,No Exception
3750,2025-02-13,07:46,Clock In,No Exception
3750,2025-02-13,17:07,Clock Out,No Exception
3750,2025-02-14,09:17,Clock In,No Exception
3750,2025-02-14,18:10,Clock Out,No Exception
3750,2025-02-17,06:36,Clock In,No Exception
3750,2025-02-17,16:14,Clock Out,No Exception
3750,2025-02-18,08:48,Clock In,No Exception
3750,2025-02-18,17:27,Clock Out,No Exception
3750,2025-02-19,09:58,Clock In,No Exception
3750,2025-02-19,19:16,Clock Out,No Exception
3750,2025-02-20,06:39,Clock In,No Exception
3750,2025-02-20,15:01,Clock Out,No Exception
3750,2025-02-21,07:21,Clock In,No Exception
3750,2025-02-21,15:12,Clock Out,No Exception
3750,2025-02-22,09:18,Clock In,No Exception
3750,2025-02-22,17:31,Clock Out,No Exception
3750,2025-02-24,07:02,Clock In,No Exception
3750,2025-02-24,15:40,Clock Out,No Exception
3750,2025-02-25,08:42,Clock In,No Exception
3750,2025-02-25,18:20,Clock Out,No Exception
3750,2025-02-26,09:47,Clock In,No Exception
3750,2025-02-26,18:55,Clock Out,No Exception
3750,2025-02-27,08:56,Clock In,No Exception
3750,2025-02-27,17:36,Clock Out,No Exception
3750,2025-02-28,09:11,Clock In,No Exception
3750,2025-02-28,17:43,Clock Out,No Exception
3876,2025-01-01,09:41,Clock In,No Exception
3876,2025-01-01,18:19,Clock Out,No Exception
3876,2025-01-02,08:56,Clock In,No Exception
3876,2025-01-02,16:37,Clock Out,No Exception
3876,2025-01-03,07:46,Clock In,No Exception
3876,2025-01-03,15:51,Clock Out,No Exception
3876,2025-01-05,08:10,Clock In,No Exception
3876,2025-01-05,16:22,Clock Out,No Exception
3876,2025-01-06,07:40,Clock In,No Exception
3876,2025-01-06,17:04,Clock Out,No Exception
3876,2025-01-07,08:26,Clock In,No Exception
3876,2025-01-07,16:51,Clock Out,No Exception
3876,2025-01-08,07:22,Clock In,No Exception
3876,2025-01-08,17:09,Clock Out,No Exception
3876,2025-01-09,06:27,Clock In,No Exception
3876,2025-01-09,16:08,Clock Out,No Exception
3876,2025-01-10,09:15,Clock In,No Exception
3876,2025-01-10,17:03,Clock Out,No Exception
3876,2025-01-12,09:19,Clock In,No Exception
3876,2025-01-12,17:03,Clock Out,No Exception
3876,2025-01-13,08:40,Clock In,No Exception
3876,2025-01-13,17:51,Clock Out,No Exception
3876,2025-01-14,07:57,Clock In,No Exception
3876,2025-01-14,17:30,Clock Out,No Exception
3876,2025-01-15,09:26,Clock In,No Exception
3876,2025-01-15,19:25,Clock Out,No Exception
3876,2025-01-16,07:16,Clock In,No Exception
3876,2025-01-16,15:02,Clock Out,No Exception
3876,2025-01-17,09:19,Clock In,No Exception
3876,2025-01-17,16:51,Clock Out,No Exception
3876,2025-01-18,06:51,Clock In,No Exception
3876,2025-01-18,15:01,Clock Out,No Exception
3876,2025-01-20,07:12,Clock In,No Exception
3876,2025-01-20,16:40,Clock Out,No Exception
3876,2025-01-21,09:13,Clock In,No Exception
3876,2025-01-21,18:13,Clock Out,No Exception
3876,2025-01-22,08:55,Clock In,No Exception
3876,2025-01-22,16:48,Clock Out,No Exception
3876,2025-01-23,06:12,Clock In,No Exception
3876,2025-01-23,16:02,Clock Out,No Exception
3876,2025-01-24,07:04,Clock In,No Exception
3876,2025-01-24,16:16,Clock Out,No Exception
3876,2025-01-25,08:17,Clock In,No Exception
3876,2025-01-25,16:31,Clock Out,No Exception
3876,2025-01-27,06:18,Clock In,No Exception
3876,2025-01-27,14:23,Clock Out,No Exception
3876,2025-01-28,09:36,Clock In,No Exception
3876,2025-01-28,17:36,Clock Out,No Exception
3876,2025-01-29,09:57,Clock In,No Exception
3876,2025-01-29,18:16,Clock Out,No Exception
3876,2025-01-30,08:20,Clock In,No Exception
3876,2025-01-30,16:38,Clock Out,No Exception
3876,2025-01-31,09:01,Clock In,No Exception
3876,2025-01-31,17:20,Clock Out,No Exception
3876,2025-02-01,08:28,Clock In,No Exception
3876,2025-02-01,16:27,Clock Out,No Exception
3876,2025-02-02,06:16,Clock In,No Exception
3876,2025-02-02,14:33,Clock Out,No Exception
3876,2025-02-03,06:40,Clock In,No Exception
3876,2025-02-03,15:32,Clock Out,No Exception
3876,2025-02-04,08:24,Clock In,No Exception
3876,2025-02-04,15:57,Clock Out,No Exception
3876,2025-02-05,09:42,Clock In,No Exception
3876,2025-02-05,18:42,Clock Out,No Exception
3876,2025-02-06,08:15,Clock In,No Exception
3876,2025-02-06,15:56,Clock Out,No Exception
3876,2025-02-07,09:26,Clock In,No Exception
3876,2025-02-07,17:06,Clock Out,No Exception
3876,2025-02-08,06:15,Clock In,No Exception
3876,2025-02-08,15:56,Clock Out,No Exception
3876,2025-02-09,09:23,Clock In,No Exception
3876,2025-02-09,18:34,Clock Out,No Exception
3876,2025-02-10,09:25,Clock In,No Exception
3876,2025-02-10,18:17,Clock Out,No Exception
3876,2025-02-11,06:32,Clock In,No Exception
3876,2025-02-11,15:54,Clock Out,No Exception
3876,2025-02-12,06:32,Clock In,No Exception
3876,2025-02-12,15:55,Clock Out,No Exception
3876,2025-02-13,06:01,Clock In,No Exception
3876,2025-02-13,14:54,Clock Out,No Exception
3876,2025-02-14,06:01,Clock In,No Exception
3876,2025-02-14,13:55,Clock Out,No Exception
3876,2025-02-17,08:47,Clock In,No Exception
3876,2025-02-17,18:21,Clock Out,No Exception
3876,2025-02-18,06:44,Clock In,No Exception
3876,2025-02-18,15:00,Clock Out,No Exception
3876,2025-02-19,06:58,Clock In,No Exception
3876,2025-02-19,15:51,Clock Out,No Exception
3876,2025-02-20,08:59,Clock In,No Exception
3876,2025-02-20,18:53,Clock Out,No Exception
3876,2025-02-21,06:27,Clock In,No Exception
3876,2025-02-21,15:46,Clock Out,No Exception
3876,2025-02-23,08:46,Clock In,No Exception
3876,2025-02-23,17:36,Clock Out,No Exception
3876,2025-02-24,07:50,Clock In,No Exception
3876,2025-02-24,17:16,Clock Out,No Exception
3876,2025-02-25,07:16,Clock In,No Exception
3876,2025-02-25,16:57,Clock Out,No Exception
3876,2025-02-26,06:13,Clock In,No Exception
3876,2025-02-26,14:32,Clock Out,No Exception
3876,2025-02-27,09:39,Clock In,No Exception
3876,2025-02-27,17:23,Clock Out,No Exception
3876,2025-02-28,07:40,Clock In,No Exception
3876,2025-02-28,15:38,Clock Out,No Exception
2394,2025-01-01,06:34,Clock In,No Exception
2394,2025-01-01,14:59,Clock Out,No Exception
2394,2025-01-02,06:25,Clock In,No Exception
2394,2025-01-02,15:00,Clock Out,No Exception
2394,2025-01-03,08:09,Clock In,No Exception
2394,2025-01-03,16:21,Clock Out,No Exception
2394,2025-01-06,08:43,Clock In,No Exception
2394,2025-01-06,16:56,Clock Out,No Exception
2394,2025-01-07,09:26,Clock In,No Exception
2394,2025-01-07,18:28,Clock Out,No Exception
2394,2025-01-08,06:14,Clock In,No Exception
2394,2025-01-08,15:02,Clock Out,No Exception
2394,2025-01-09,09:44,Clock In,No Exception
2394,2025-01-09,19:39,Clock Out,No Exception
2394,2025-01-10,08:53,Clock In,No Exception
2394,2025-01-10,16:25,Clock Out,No Exception
2394,2025-01-12,06:58,Clock In,No Exception
2394,2025-01-12,14:35,Clock Out,No Exception
2394,2025-01-13,09:58,Clock In,No Exception
2394,2025-01-13,19:50,Clock Out,No Exception
2394,2025-01-14,07:18,Clock In,No Exception
2394,2025-01-14,15:05,Clock Out,No Exception
2394,2025-01-15,07:14,Clock In,No Exception
2394,2025-01-15,16:45,Clock Out,No Exception
2394,2025-01-16,08:38,Clock In,No Exception
2394,2025-01-16,16:38,Clock Out,No Exception
2394,2025-01-17,08:29,Clock In,No Exception
2394,2025-01-17,17:36,Clock Out,No Exception
2394,2025-01-18,08:14,Clock In,No Exception
2394,2025-01-18,15:51,Clock Out,No Exception
2394,2025-01-20,07:25,Clock In,No Exception
2394,2025-01-20,15:29,Clock Out,No Exception
2394,2025-01-21,09:05,Clock In,No Exception
2394,2025-01-21,17:32,Clock Out,No Exception
2394,2025-01-22,06:00,Clock In,No Exception
2394,2025-01-22,15:53,Clock Out,No Exception
2394,2025-01-23,09:53,Clock In,No Exception
2394,2025-01-23,19:18,Clock Out,No Exception
2394,2025-01-24,09:43,Clock In,No Exception
2394,2025-01-24,18:35,Clock Out,No Exception
2394,2025-01-27,08:18,Clock In,No Exception
2394,2025-01-27,17:27,Clock Out,No Exception
2394,2025-01-28,06:05,Clock In,No Exception
2394,2025-01-28,15:50,Clock Out,No Exception
2394,2025-01-29,07:39,Clock In,No Exception
2394,2025-01-29,16:18,Clock Out,No Exception
2394,2025-01-30,06:41,Clock In,No Exception
2394,2025-01-30,15:30,Clock Out,No Exception
2394,2025-01-31,08:36,Clock In,No Exception
2394,2025-01-31,17:59,Clock Out,No Exception
2394,2025-02-03,06:55,Clock In,No Exception
2394,2025-02-03,16:20,Clock Out,No Exception
2394,2025-02-04,06:26,Clock In,No Exception
2394,2025-02-04,15:23,Clock Out,No Exception
2394,2025-02-05,09:51,Clock In,No Exception
2394,2025-02-05,17:26,Clock Out,No Exception
2394,2025-02-06,08:24,Clock In,No Exception
2394,2025-02-06,17:14,Clock Out,No Exception
2394,2025-02-07,07:32,Clock In,No Exception
2394,2025-02-07,16:31,Clock Out,No Exception
2394,2025-02-10,06:41,Clock In,No Exception
2394,2025-02-10,14:38,Clock Out,No Exception
2394,2025-02-11,06:42,Clock In,No Exception
2394,2025-02-11,15:49,Clock Out,No Exception
2394,2025-02-12,07:12,Clock In,No Exception
2394,2025-02-12,16:22,Clock Out,No Exception
2394,2025-02-13,08:12,Clock In,No Exception
2394,2025-02-13,17:56,Clock Out,No Exception
2394,2025-02-14,06:44,Clock In,No Exception
2394,2025-02-14,16:19,Clock Out,No Exception
2394,2025-02-16,08:36,Clock In,No Exception
2394,2025-02-16,17:01,Clock Out,No Exception
2394,2025-02-17,06:44,Clock In,No Exception
2394,2025-02-17,15:01,Clock Out,No Exception
2394,2025-02-18,07:05,Clock In,No Exception
2394,2025-02-18,16:34,Clock Out,No Exception
2394,2025-02-19,06:13,Clock In,No Exception
2394,2025-02-19,14:24,Clock Out,No Exception
2394,2025-02-20,09:06,Clock In,No Exception
2394,2025-02-20,17:43,Clock Out,No Exception
2394,2025-02-21,07:50,Clock In,No Exception
2394,2025-02-21,16:08,Clock Out,No Exception
2394,2025-02-22,07:45,Clock In,No Exception
2394,2025-02-22,17:26,Clock Out,No Exception
2394,2025-02-24,08:43,Clock In,No Exception
2394,2025-02-24,16:50,Clock Out,No Exception
2394,2025-02-25,09:03,Clock In,No Exception
2394,2025-02-25,16:35,Clock Out,No Exception
2394,2025-02-26,08:32,Clock In,No Exception
2394,2025-02-26,18:08,Clock Out,No Exception
2394,2025-02-27,08:12,Clock In,No Exception
2394,2025-02-27,17:25,Clock Out,No Exception
2394,2025-02-28,07:26,Clock In,No Exception
2394,2025-02-28,16:41,Clock Out,No Exception
2394,2025-03-01,07:28,Clock In,No Exception
2394,2025-03-01,17:07,Clock Out,No Exception
2434,2025-01-01,08:52,Clock In,No Exception
2434,2025-01-01,17:14,Clock Out,No Exception
2434,2025-01-02,06:55,Clock In,No Exception
2434,2025-01-02,16:16,Clock Out,No Exception
2434,2025-01-03,06:57,Clock In,No Exception
2434,2025-01-03,15:06,Clock Out,No Exception
2434,2025-01-04,09:14,Clock In,No Exception
2434,2025-01-04,18:42,Clock Out,No Exception
2434,2025-01-06,07:33,Clock In,No Exception
2434,2025-01-06,16:12,Clock Out,No Exception
2434,2025-01-07,07:00,Clock In,No Exception
2434,2025-01-07,15:51,Clock Out,No Exception
2434,2025-01-08,07:33,Clock In,No Exception
2434,2025-01-08,15:27,Clock Out,No Exception
2434,2025-01-09,06:32,Clock In,No Exception
2434,2025-01-09,14:58,Clock Out,No Exception
2434,2025-01-10,06:35,Clock In,No Exception
2434,2025-01-10,16:01,Clock Out,No Exception
2434,2025-01-11,07:31,Clock In,No Exception
2434,2025-01-11,16:01,Clock Out,No Exception
2434,2025-01-12,09:18,Clock In,No Exception
2434,2025-01-12,17:31,Clock Out,No Exception
2434,2025-01-13,06:01,Clock In,No Exception
2434,2025-01-13,14:17,Clock Out,No Exception
2434,2025-01-14,09:56,Clock In,No Exception
2434,2025-01-14,18:56,Clock Out,No Exception
2434,2025-01-15,06:53,Clock In,No Exception
2434,2025-01-15,14:23,Clock Out,No Exception
2434,2025-01-16,06:38,Clock In,No Exception
2434,2025-01-16,14:22,Clock Out,No Exception
2434,2025-01-17,09:06,Clock In,No Exception
2434,2025-01-17,17:20,Clock Out,No Exception
2434,2025-01-20,06:22,Clock In,No Exception
2434,2025-01-20,14:17,Clock Out,No Exception
2434,2025-01-21,07:43,Clock In,No Exception
2434,2025-01-21,15:23,Clock Out,No Exception
2434,2025-01-22,06:56,Clock In,No Exception
2434,2025-01-22,16:05,Clock Out,No Exception
2434,2025-01-23,07:21,Clock In,No Exception
2434,2025-01-23,16:15,Clock Out,No Exception
2434,2025-01-24,08:47,Clock In,No Exception
2434,2025-01-24,16:38,Clock Out,No Exception
2434,2025-01-26,07:54,Clock In,No Exception
2434,2025-01-26,15:46,Clock Out,No Exception
2434,2025-01-27,09:54,Clock In,No Exception
2434,2025-01-27,19:07,Clock Out,No Exception
2434,2025-01-28,07:43,Clock In,No Exception
2434,2025-01-28,15:55,Clock Out,No Exception
2434,2025-01-29,06:44,Clock In,No Exception
2434,2025-01-29,14:58,Clock Out,No Exception
2434,2025-01-30,08:34,Clock In,No Exception
2434,2025-01-30,16:10,Clock Out,No Exception
2434,2025-01-31,07:50,Clock In,No Exception
2434,2025-01-31,16:13,Clock Out,No Exception
2434,2025-02-01,06:45,Clock In,No Exception
2434,2025-02-01,15:16,Clock Out,No Exception
2434,2025-02-03,07:38,Clock In,No Exception
2434,2025-02-03,17:06,Clock Out,No Exception
2434,2025-02-04,07:53,Clock In,No Exception
2434,2025-02-04,16:58,Clock Out,No Exception
2434,2025-02-05,09:27,Clock In,No Exception
2434,2025-02-05,18:36,Clock Out,No Exception
2434,2025-02-06,08:28,Clock In,No Exception
2434,2025-02-06,17:18,Clock Out,No Exception
2434,2025-02-07,09:44,Clock In,No Exception
2434,2025-02-07,18:31,Clock Out,No Exception
2434,2025-02-10,08:28,Clock In,No Exception
2434,2025-02-10,17:10,Clock Out,No Exception
2434,2025-02-11,07:18,Clock In,No Exception
2434,2025-02-11,16:10,Clock Out,No Exception
2434,2025-02-12,08:18,Clock In,No Exception
2434,2025-02-12,16:48,Clock Out,No Exception
2434,2025-02-13,07:52,Clock In,No Exception
2434,2025-02-13,17:24,Clock Out,No Exception
2434,2025-02-14,06:57,Clock In,No Exception
2434,2025-02-14,15:47,Clock Out,No Exception
2434,2025-02-15,09:46,Clock In,No Exception
2434,2025-02-15,17:21,Clock Out,No Exception
2434,2025-02-17,07:06,Clock In,No Exception
2434,2025-02-17,15:23,Clock Out,No Exception
2434,2025-02-18,06:29,Clock In,No Exception
2434,2025-02-18,16:17,Clock Out,No Exception
2434,2025-02-19,06:09,Clock In,No Exception
2434,2025-02-19,14:26,Clock Out,No Exception
2434,2025-02-20,09:39,Clock In,No Exception
2434,2025-02-20,17:16,Clock Out,No Exception
2434,2025-02-21,07:39,Clock In,No Exception
2434,2025-02-21,15:52,Clock Out,No Exception
2434,2025-02-24,07:56,Clock In,No Exception
2434,2025-02-24,16:07,Clock Out,No Exception
2434,2025-02-25,06:20,Clock In,No Exception
2434,2025-02-25,16:11,Clock Out,No Exception
2434,2025-02-26,07:10,Clock In,No Exception
2434,2025-02-26,16:03,Clock Out,No Exception
2434,2025-02-27,09:53,Clock In,No Exception
2434,2025-02-27,17:56,Clock Out,No Exception
2434,2025-02-28,06:02,Clock In,No Exception
2434,2025-02-28,15:20,Clock Out,No Exception
3728,2025-01-01,06:46,Clock In,No Exception
3728,2025-01-01,16:19,Clock Out,No Exception
3728,2025-01-02,07:42,Clock In,No Exception
3728,2025-01-02,17:33,Clock Out,No Exception
3728,2025-01-03,06:54,Clock In,No Exception
3728,2025-01-03,16:08,Clock Out,No Exception
3728,2025-01-06,07:23,Clock In,No Exception
3728,2025-01-06,16:20,Clock Out,No Exception
3728,2025-01-07,08:04,Clock In,No Exception
3728,2025-01-07,16:32,Clock Out,No Exception
3728,2025-01-08,06:10,Clock In,No Exception
3728,2025-01-08,16:00,Clock Out,No Exception
3728,2025-01-09,08:09,Clock In,No Exception
3728,2025-01-09,17:30,Clock Out,No Exception
3728,2025-01-10,07:25,Clock In,No Exception
3728,2025-01-10,15:51,Clock Out,No Exception
3728,2025-01-13,08:29,Clock In,No Exception
3728,2025-01-13,17:39,Clock Out,No Exception
3728,2025-01-14,07:38,Clock In,No Exception
3728,2025-01-14,15:42,Clock Out,No Exception
3728,2025-01-15,06:50,Clock In,No Exception
3728,2025-01-15,16:37,Clock Out,No Exception
3728,2025-01-16,09:30,Clock In,No Exception
3728,2025-01-16,18:17,Clock Out,No Exception
3728,2025-01-17,09:13,Clock In,No Exception
3728,2025-01-17,18:44,Clock Out,No Exception
3728,2025-01-20,09:29,Clock In,No Exception
3728,2025-01-20,18:31,Clock Out,No Exception
3728,2025-01-21,06:38,Clock In,No Exception
3728,2025-01-21,16:19,Clock Out,No Exception
3728,2025-01-22,07:08,Clock In,No Exception
3728,2025-01-22,16:03,Clock Out,No Exception
3728,2025-01-23,07:03,Clock In,No Exception
3728,2025-01-23,16:10,Clock Out,No Exception
3728,2025-01-24,08:23,Clock In,No Exception
3728,2025-01-24,16:36,Clock Out,No Exception
3728,2025-01-27,09:21,Clock In,No Exception
3728,2025-01-27,16:53,Clock Out,No Exception
3728,2025-01-28,07:25,Clock In,No Exception
3728,2025-01-28,16:59,Clock Out,No Exception
3728,2025-01-29,06:45,Clock In,No Exception
3728,2025-01-29,15:43,Clock Out,No Exception
3728,2025-01-30,07:35,Clock In,No Exception
3728,2025-01-30,16:48,Clock Out,No Exception
3728,2025-01-31,06:41,Clock In,No Exception
3728,2025-01-31,14:41,Clock Out,No Exception
3728,2025-02-03,09:01,Clock In,No Exception
3728,2025-02-03,18:21,Clock Out,No Exception
3728,2025-02-04,06:32,Clock In,No Exception
3728,2025-02-04,14:36,Clock Out,No Exception
3728,2025-02-05,07:41,Clock In,No Exception
3728,2025-02-05,16:37,Clock Out,No Exception
3728,2025-02-06,08:07,Clock In,No Exception
3728,2025-02-06,16:05,Clock Out,No Exception
3728,2025-02-07,07:30,Clock In,No Exception
3728,2025-02-07,17:19,Clock Out,No Exception
3728,2025-02-09,06:59,Clock In,No Exception
3728,2025-02-09,16:29,Clock Out,No Exception
3728,2025-02-10,07:12,Clock In,No Exception
3728,2025-02-10,16:08,Clock Out,No Exception
3728,2025-02-11,09:47,Clock In,No Exception
3728,2025-02-11,18:11,Clock Out,No Exception
3728,2025-02-12,07:01,Clock In,No Exception
3728,2025-02-12,16:51,Clock Out,No Exception
3728,2025-02-13,09:08,Clock In,No Exception
3728,2025-02-13,17:07,Clock Out,No Exception
3728,2025-02-14,07:07,Clock In,No Exception
3728,2025-02-14,15:05,Clock Out,Missing Clock Out
3728,2025-02-16,08:58,Clock In,No Exception
3728,2025-02-16,17:23,Clock Out,No Exception
3728,2025-02-17,08:45,Clock In,No Exception
3728,2025-02-17,16:42,Clock Out,No Exception
3728,2025-02-18,09:09,Clock In,No Exception
3728,2025-02-18,17:43,Clock Out,No Exception
3728,2025-02-19,08:37,Clock In,No Exception
3728,2025-02-19,18:06,Clock Out,No Exception
3728,2025-02-20,09:25,Clock In,No Exception
3728,2025-02-20,17:59,Clock Out,No Exception
3728,2025-02-21,09:18,Clock In,No Exception
3728,2025-02-21,17:51,Clock Out,No Exception
3728,2025-02-24,06:41,Clock In,No Exception
3728,2025-02-24,16:32,Clock Out,No Exception
3728,2025-02-25,06:32,Clock In,No Exception
3728,2025-02-25,14:39,Clock Out,No Exception
3728,2025-02-26,08:17,Clock In,No Exception
3728,2025-02-26,16:58,Clock Out,No Exception
3728,2025-02-27,06:36,Clock In,No Exception
3728,2025-02-27,15:20,Clock Out,No Exception
3728,2025-02-28,09:37,Clock In,No Exception
3728,2025-02-28,17:41,Clock Out,No Exception
2759,2025-01-01,09:13,Clock In,No Exception
2759,2025-01-01,19:03,Clock Out,No Exception
2759,2025-01-02,08:52,Clock In,No Exception
2759,2025-01-02,17:06,Clock Out,No Exception
2759,2025-01-03,06:12,Clock In,No Exception
2759,2025-01-03,14:04,Clock Out,No Exception
2759,2025-01-06,06:57,Clock In,No Exception
2759,2025-01-06,15:29,Clock Out,No Exception
2759,2025-01-07,08:45,Clock In,No Exception
2759,2025-01-07,18:30,Clock Out,No Exception
2759,2025-01-08,07:55,Clock In,No Exception
2759,2025-01-08,17:09,Clock Out,No Exception
2759,2025-01-09,09:16,Clock In,No Exception
2759,2025-01-09,18:03,Clock Out,No Exception
2759,2025-01-10,08:43,Clock In,No Exception
2759,2025-01-10,16:53,Clock Out,No Exception
2759,2025-01-11,06:09,Clock In,No Exception
2759,2025-01-11,14:34,Clock Out,No Exception
2759,2025-01-13,06:20,Clock In,No Exception
2759,2025-01-13,15:06,Clock Out,No Exception
2759,2025-01-14,07:24,Clock In,No Exception
2759,2025-01-14,15:55,Clock Out,No Exception
2759,2025-01-15,08:08,Clock In,No Exception
2759,2025-01-15,16:45,Clock Out,No Exception
2759,2025-01-16,06:29,Clock In,No Exception
2759,2025-01-16,15:16,Clock Out,No Exception
2759,2025-01-17,06:24,Clock In,No Exception
2759,2025-01-17,15:30,Clock Out,Missing Clock Out
2759,2025-01-20,09:08,Clock In,No Exception
2759,2025-01-20,17:37,Clock Out,No Exception
2759,2025-01-21,07:58,Clock In,No Exception
2759,2025-01-21,16:43,Clock Out,No Exception
2759,2025-01-22,07:34,Clock In,No Exception
2759,2025-01-22,16:25,Clock Out,No Exception
2759,2025-01-23,07:51,Clock In,No Exception
2759,2025-01-23,16:32,Clock Out,No Exception
2759,2025-01-24,06:50,Clock In,No Exception
2759,2025-01-24,16:45,Clock Out,No Exception
2759,2025-01-26,07:04,Clock In,No Exception
2759,2025-01-26,16:34,Clock Out,No Exception
2759,2025-01-27,08:15,Clock In,No Exception
2759,2025-01-27,15:58,Clock Out,No Exception
2759,2025-01-28,06:23,Clock In,No Exception
2759,2025-01-28,14:53,Clock Out,No Exception
2759,2025-01-29,08:34,Clock In,No Exception
2759,2025-01-29,18:31,Clock Out,No Exception
2759,2025-01-30,09:12,Clock In,No Exception
2759,2025-01-30,17:25,Clock Out,No Exception
2759,2025-01-31,08:18,Clock In,No Exception
2759,2025-01-31,18:13,Clock Out,No Exception
2759,2025-02-03,08:46,Clock In,No Exception
2759,2025-02-03,17:18,Clock Out,No Exception
2759,2025-02-04,08:19,Clock In,No Exception
2759,2025-02-04,16:58,Clock Out,No Exception
2759,2025-02-05,08:07,Clock In,No Exception
2759,2025-02-05,15:50,Clock Out,No Exception
2759,2025-02-06,07:22,Clock In,No Exception
2759,2025-02-06,15:57,Clock Out,No Exception
2759,2025-02-07,07:43,Clock In,No Exception
2759,2025-02-07,16:15,Clock Out,No Exception
2759,2025-02-08,06:25,Clock In,No Exception
2759,2025-02-08,15:10,Clock Out,No Exception
2759,2025-02-10,07:43,Clock In,No Exception
2759,2025-02-10,15:43,Clock Out,No Exception
2759,2025-02-11,06:28,Clock In,No Exception
2759,2025-02-11,16:07,Clock Out,No Exception
2759,2025-02-12,06:18,Clock In,No Exception
2759,2025-02-12,14:35,Clock Out,No Exception
2759,2025-02-13,08:24,Clock In,No Exception
2759,2025-02-13,18:16,Clock Out,No Exception
2759,2025-02-14,07:53,Clock In,No Exception
2759,2025-02-14,17:53,Clock Out,No Exception
2759,2025-02-16,08:10,Clock In,No Exception
2759,2025-02-16,17:06,Clock Out,No Exception
2759,2025-02-17,07:19,Clock In,No Exception
2759,2025-02-17,16:57,Clock Out,No Exception
2759,2025-02-18,07:52,Clock In,No Exception
2759,2025-02-18,16:50,Clock Out,No Exception
2759,2025-02-19,09:03,Clock In,No Exception
2759,2025-02-19,18:51,Clock Out,No Exception
2759,2025-02-20,06:25,Clock In,No Exception
2759,2025-02-20,14:24,Clock Out,No Exception
2759,2025-02-21,09:18,Clock In,No Exception
2759,2025-02-21,18:16,Clock Out,No Exception
2759,2025-02-23,08:08,Clock In,No Exception
2759,2025-02-23,16:51,Clock Out,No Exception
2759,2025-02-24,07:52,Clock In,No Exception
2759,2025-02-24,16:04,Clock Out,No Exception
2759,2025-02-25,09:13,Clock In,No Exception
2759,2025-02-25,18:35,Clock Out,No Exception
2759,2025-02-26,07:39,Clock In,No Exception
2759,2025-02-26,16:11,Clock Out,No Exception
2759,2025-02-27,06:30,Clock In,No Exception
2759,2025-02-27,14:09,Clock Out,No Exception
2759,2025-02-28,09:40,Clock In,No Exception
2759,2025-02-28,17:16,Clock Out,No Exception
2760,2025-01-01,09:16,Clock In,No Exception
2760,2025-01-01,16:59,Clock Out,No Exception
2760,2025-01-02,06:15,Clock In,No Exception
2760,2025-01-02,15:05,Clock Out,No Exception
2760,2025-01-03,09:18,Clock In,No Exception
2760,2025-01-03,17:20,Clock Out,No Exception
2760,2025-01-06,07:50,Clock In,No Exception
2760,2025-01-06,17:41,Clock Out,No Exception
2760,2025-01-07,08:53,Clock In,No Exception
2760,2025-01-07,16:41,Clock Out,No Exception
2760,2025-01-08,07:38,Clock In,No Exception
2760,2025-01-08,15:38,Clock Out,No Exception
2760,2025-01-09,07:21,Clock In,No Exception
2760,2025-01-09,16:59,Clock Out,No Exception
2760,2025-01-10,06:17,Clock In,No Exception
2760,2025-01-10,16:03,Clock Out,No Exception
2760,2025-01-11,09:28,Clock In,No Exception
2760,2025-01-11,17:58,Clock Out,No Exception
2760,2025-01-13,06:20,Clock In,No Exception
2760,2025-01-13,14:51,Clock Out,No Exception
2760,2025-01-14,07:05,Clock In,No Exception
2760,2025-01-14,16:18,Clock Out,No Exception
2760,2025-01-15,06:03,Clock In,No Exception
2760,2025-01-15,14:31,Clock Out,No Exception
2760,2025-01-16,09:37,Clock In,No Exception
2760,2025-01-16,18:49,Clock Out,No Exception
2760,2025-01-17,07:04,Clock In,No Exception
2760,2025-01-17,15:01,Clock Out,No Exception
2760,2025-01-20,07:18,Clock In,No Exception
2760,2025-01-20,15:33,Clock Out,No Exception
2760,2025-01-21,08:10,Clock In,No Exception
2760,2025-01-21,16:37,Clock Out,No Exception
2760,2025-01-22,06:45,Clock In,No Exception
2760,2025-01-22,15:02,Clock Out,No Exception
2760,2025-01-23,07:50,Clock In,No Exception
2760,2025-01-23,16:54,Clock Out,No Exception
2760,2025-01-24,08:30,Clock In,No Exception
2760,2025-01-24,16:39,Clock Out,No Exception
2760,2025-01-25,08:27,Clock In,Missing Clock Out
2760,2025-01-25,17:06,Clock Out,No Exception
2760,2025-01-27,08:36,Clock In,No Exception
2760,2025-01-27,16:26,Clock Out,No Exception
2760,2025-01-28,07:26,Clock In,No Exception
2760,2025-01-28,15:00,Clock Out,No Exception
2760,2025-01-29,09:45,Clock In,No Exception
2760,2025-01-29,18:04,Clock Out,No Exception
2760,2025-01-30,08:18,Clock In,No Exception
2760,2025-01-30,18:03,Clock Out,No Exception
2760,2025-01-31,08:44,Clock In,No Exception
2760,2025-01-31,17:08,Clock Out,No Exception
2760,2025-02-01,07:25,Clock In,No Exception
2760,2025-02-01,15:46,Clock Out,No Exception
2760,2025-02-03,07:36,Clock In,No Exception
2760,2025-02-03,15:45,Clock Out,No Exception
2760,2025-02-04,08:58,Clock In,No Exception
2760,2025-02-04,18:52,Clock Out,No Exception
2760,2025-02-05,09:05,Clock In,No Exception
2760,2025-02-05,17:40,Clock Out,No Exception
2760,2025-02-06,09:50,Clock In,No Exception
2760,2025-02-06,17:20,Clock Out,No Exception
2760,2025-02-07,06:40,Clock In,No Exception
2760,2025-02-07,16:25,Clock Out,No Exception
2760,2025-02-09,08:02,Clock In,No Exception
2760,2025-02-09,15:45,Clock Out,No Exception
2760,2025-02-10,06:01,Clock In,No Exception
2760,2025-02-10,15:58,Clock Out,No Exception
2760,2025-02-11,08:24,Clock In,No Exception
2760,2025-02-11,17:50,Clock Out,No Exception
2760,2025-02-12,06:40,Clock In,No Exception
2760,2025-02-12,15:18,Clock Out,No Exception
2760,2025-02-13,08:15,Clock In,No Exception
2760,2025-02-13,16:11,Clock Out,No Exception
2760,2025-02-14,07:24,Clock In,No Exception
2760,2025-02-14,15:52,Clock Out,No Exception
2760,2025-02-17,06:08,Clock In,No Exception
2760,2025-02-17,14:40,Clock Out,No Exception
2760,2025-02-18,08:34,Clock In,No Exception
2760,2025-02-18,18:02,Clock Out,No Exception
2760,2025-02-19,07:34,Clock In,No Exception
2760,2025-02-19,15:42,Clock Out,No Exception
2760,2025-02-20,09:30,Clock In,No Exception
2760,2025-02-20,18:31,Clock Out,No Exception
2760,2025-02-21,07:54,Clock In,No Exception
2760,2025-02-21,17:20,Clock Out,No Exception
2760,2025-02-23,06:38,Clock In,No Exception
2760,2025-02-23,16:37,Clock Out,No Exception
2760,2025-02-24,06:31,Clock In,No Exception
2760,2025-02-24,16:18,Clock Out,No Exception
2760,2025-02-25,08:51,Clock In,No Exception
2760,2025-02-25,17:46,Clock Out,No Exception
2760,2025-02-26,06:01,Clock In,No Exception
2760,2025-02-26,13:53,Clock Out,No Exception
2760,2025-02-27,08:25,Clock In,No Exception
2760,2025-02-27,17:41,Clock Out,No Exception
2760,2025-02-28,09:33,Clock In,No Exception
2760,2025-02-28,19:12,Clock Out,No Exception
2956,2025-01-01,09:52,Clock In,No Exception
2956,2025-01-01,19:39,Clock Out,No Exception
2956,2025-01-02,07:07,Clock In,No Exception
2956,2025-01-02,15:57,Clock Out,No Exception
2956,2025-01-03,09:57,Clock In,No Exception
2956,2025-01-03,17:36,Clock Out,No Exception
2956,2025-01-04,08:04,Clock In,No Exception
2956,2025-01-04,17:22,Clock Out,Missing Clock Out
2956,2025-01-06,08:35,Clock In,No Exception
2956,2025-01-06,17:40,Clock Out,No Exception
2956,2025-01-07,06:33,Clock In,No Exception
2956,2025-01-07,15:24,Clock Out,No Exception
2956,2025-01-08,08:35,Clock In,No Exception
2956,2025-01-08,16:58,Clock Out,No Exception
2956,2025-01-09,07:00,Clock In,No Exception
2956,2025-01-09,14:49,Clock Out,No Exception
2956,2025-01-10,06:04,Clock In,No Exception
2956,2025-01-10,13:34,Clock Out,No Exception
2956,2025-01-12,09:30,Clock In,No Exception
2956,2025-01-12,19:15,Clock Out,No Exception
2956,2025-01-13,06:59,Clock In,No Exception
2956,2025-01-13,15:41,Clock Out,No Exception
2956,2025-01-14,08:29,Clock In,No Exception
2956,2025-01-14,17:53,Clock Out,No Exception
2956,2025-01-15,08:00,Clock In,No Exception
2956,2025-01-15,17:36,Clock Out,No Exception
2956,2025-01-16,08:46,Clock In,No Exception
2956,2025-01-16,17:01,Clock Out,No Exception
2956,2025-01-17,06:07,Clock In,No Exception
2956,2025-01-17,14:25,Clock Out,No Exception
2956,2025-01-20,08:28,Clock In,No Exception
2956,2025-01-20,17:56,Clock Out,No Exception
2956,2025-01-21,07:20,Clock In,No Exception
2956,2025-01-21,15:41,Clock Out,No Exception
2956,2025-01-22,08:54,Clock In,No Exception
2956,2025-01-22,18:54,Clock Out,No Exception
2956,2025-01-23,07:49,Clock In,No Exception
2956,2025-01-23,17:16,Clock Out,No Exception
2956,2025-01-24,06:25,Clock In,No Exception
2956,2025-01-24,16:14,Clock Out,No Exception
2956,2025-01-27,08:49,Clock In,No Exception
2956,2025-01-27,17:41,Clock Out,No Exception
2956,2025-01-28,07:52,Clock In,No Exception
2956,2025-01-28,16:36,Clock Out,No Exception
2956,2025-01-29,06:18,Clock In,No Exception
2956,2025-01-29,13:51,Clock Out,No Exception
2956,2025-01-30,09:32,Clock In,No Exception
2956,2025-01-30,18:29,Clock Out,No Exception
2956,2025-01-31,07:02,Clock In,No Exception
2956,2025-01-31,15:00,Clock Out,No Exception
2956,2025-02-03,07:04,Clock In,No Exception
2956,2025-02-03,15:07,Clock Out,No Exception
2956,2025-02-04,09:17,Clock In,No Exception
2956,2025-02-04,17:17,Clock Out,No Exception
2956,2025-02-05,06:10,Clock In,No Exception
2956,2025-02-05,15:32,Clock Out,No Exception
2956,2025-02-06,06:49,Clock In,No Exception
2956,2025-02-06,14:23,Clock Out,No Exception
2956,2025-02-07,09:33,Clock In,No Exception
2956,2025-02-07,19:17,Clock Out,No Exception
2956,2025-02-10,06:07,Clock In,No Exception
2956,2025-02-10,15:09,Clock Out,No Exception
2956,2025-02-11,08:23,Clock In,No Exception
2956,2025-02-11,16:39,Clock Out,No Exception
2956,2025-02-12,08:05,Clock In,No Exception
2956,2025-02-12,17:31,Clock Out,No Exception
2956,2025-02-13,07:22,Clock In,No Exception
2956,2025-02-13,15:39,Clock Out,No Exception
2956,2025-02-14,07:38,Clock In,No Exception
2956,2025-02-14,15:44,Clock Out,No Exception
2956,2025-02-17,09:06,Clock In,No Exception
2956,2025-02-17,18:10,Clock Out,No Exception
2956,2025-02-18,06:17,Clock In,No Exception
2956,2025-02-18,14:01,Clock Out,No Exception
2956,2025-02-19,06:23,Clock In,No Exception
2956,2025-02-19,15:54,Clock Out,No Exception
2956,2025-02-20,08:30,Clock In,No Exception
2956,2025-02-20,16:42,Clock Out,No Exception
2956,2025-02-21,06:34,Clock In,No Exception
2956,2025-02-21,16:03,Clock Out,No Exception
2956,2025-02-24,06:34,Clock In,No Exception
2956,2025-02-24,14:32,Clock Out,No Exception
2956,2025-02-25,09:59,Clock In,No Exception
2956,2025-02-25,18:13,Clock Out,No Exception
2956,2025-02-26,08:03,Clock In,No Exception
2956,2025-02-26,16:00,Clock Out,No Exception
2956,2025-02-27,08:06,Clock In,No Exception
2956,2025-02-27,16:41,Clock Out,No Exception
2956,2025-02-28,06:39,Clock In,No Exception
2956,2025-02-28,16:34,Clock Out,No Exception
2956,2025-03-01,08:00,Clock In,No Exception
2956,2025-03-01,15:40,Clock Out,No Exception
2585,2025-01-01,09:42,Clock In,No Exception
2585,2025-01-01,18:26,Clock Out,No Exception
2585,2025-01-02,08:14,Clock In,No Exception
2585,2025-01-02,16:25,Clock Out,No Exception
2585,2025-01-03,06:01,Clock In,No Exception
2585,2025-01-03,13:51,Clock Out,No Exception
2585,2025-01-06,09:13,Clock In,No Exception
2585,2025-01-06,18:00,Clock Out,No Exception
2585,2025-01-07,06:07,Clock In,No Exception
2585,2025-01-07,15:36,Clock Out,No Exception
2585,2025-01-08,09:49,Clock In,No Exception
2585,2025-01-08,18:55,Clock Out,No Exception
2585,2025-01-09,06:31,Clock In,No Exception
2585,2025-01-09,14:59,Clock Out,No Exception
2585,2025-01-10,08:12,Clock In,No Exception
2585,2025-01-10,16:13,Clock Out,No Exception
2585,2025-01-11,07:14,Clock In,No Exception
2585,2025-01-11,16:10,Clock Out,No Exception
2585,2025-01-13,07:52,Clock In,No Exception
2585,2025-01-13,16:34,Clock Out,No Exception
2585,2025-01-14,08:33,Clock In,No Exception
2585,2025-01-14,17:30,Clock Out,No Exception
2585,2025-01-15,08:07,Clock In,No Exception
2585,2025-01-15,15:52,Clock Out,No Exception
2585,2025-01-16,08:36,Clock In,No Exception
2585,2025-01-16,16:20,Clock Out,No Exception
2585,2025-01-17,06:10,Clock In,No Exception
2585,2025-01-17,14:10,Clock Out,No Exception
2585,2025-01-20,07:39,Clock In,No Exception
2585,2025-01-20,15:17,Clock Out,No Exception
2585,2025-01-21,09:17,Clock In,No Exception
2585,2025-01-21,18:54,Clock Out,No Exception
2585,2025-01-22,07:38,Clock In,No Exception
2585,2025-01-22,16:35,Clock Out,No Exception
2585,2025-01-23,06:12,Clock In,No Exception
2585,2025-01-23,14:48,Clock Out,No Exception
2585,2025-01-24,06:04,Clock In,No Exception
2585,2025-01-24,15:40,Clock Out,No Exception
2585,2025-01-27,08:10,Clock In,No Exception
2585,2025-01-27,17:34,Clock Out,No Exception
2585,2025-01-28,09:11,Clock In,No Exception
2585,2025-01-28,19:05,Clock Out,No Exception
2585,2025-01-29,07:24,Clock In,No Exception
2585,2025-01-29,17:04,Clock Out,No Exception
2585,2025-01-30,06:56,Clock In,No Exception
2585,2025-01-30,15:50,Clock Out,No Exception
2585,2025-01-31,06:23,Clock In,No Exception
2585,2025-01-31,16:16,Clock Out,No Exception
2585,2025-02-03,07:14,Clock In,No Exception
2585,2025-02-03,16:33,Clock Out,No Exception
2585,2025-02-04,09:46,Clock In,No Exception
2585,2025-02-04,17:45,Clock Out,No Exception
2585,2025-02-05,06:39,Clock In,No Exception
2585,2025-02-05,14:24,Clock Out,No Exception
2585,2025-02-06,09:24,Clock In,No Exception
2585,2025-02-06,18:21,Clock Out,No Exception
2585,2025-02-07,07:51,Clock In,No Exception
2585,2025-02-07,15:59,Clock Out,No Exception
2585,2025-02-10,06:56,Clock In,No Exception
2585,2025-02-10,14:47,Clock Out,No Exception
2585,2025-02-11,07:50,Clock In,No Exception
2585,2025-02-11,16:31,Clock Out,No Exception
2585,2025-02-12,06:31,Clock In,No Exception
2585,2025-02-12,15:10,Clock Out,No Exception
2585,2025-02-13,08:58,Clock In,No Exception
2585,2025-02-13,18:09,Clock Out,No Exception
2585,2025-02-14,09:46,Clock In,No Exception
2585,2025-02-14,17:25,Clock Out,No Exception
2585,2025-02-17,06:53,Clock In,No Exception
2585,2025-02-17,16:30,Clock Out,No Exception
2585,2025-02-18,06:37,Clock In,No Exception
2585,2025-02-18,16:35,Clock Out,No Exception
2585,2025-02-19,06:04,Clock In,No Exception
2585,2025-02-19,13:56,Clock Out,No Exception
2585,2025-02-20,09:29,Clock In,No Exception
2585,2025-02-20,19:10,Clock Out,No Exception
2585,2025-02-21,08:50,Clock In,No Exception
2585,2025-02-21,18:23,Clock Out,No Exception
2585,2025-02-22,08:06,Clock In,No Exception
2585,2025-02-22,16:46,Clock Out,No Exception
2585,2025-02-24,08:58,Clock In,No Exception
2585,2025-02-24,17:26,Clock Out,No Exception
2585,2025-02-25,07:59,Clock In,No Exception
2585,2025-02-25,17:13,Clock Out,No Exception
2585,2025-02-26,08:22,Clock In,No Exception
2585,2025-02-26,16:23,Clock Out,No Exception
2585,2025-02-27,07:44,Clock In,No Exception
2585,2025-02-27,15:54,Clock Out,No Exception
2585,2025-02-28,09:51,Clock In,No Exception
2585,2025-02-28,17:30,Clock Out,No Exception
3984,2025-01-01,08:23,Clock In,No Exception
3984,2025-01-01,17:54,Clock Out,No Exception
3984,2025-01-02,06:53,Clock In,No Exception
3984,2025-01-02,14:30,Clock Out,No Exception
3984,2025-01-03,06:48,Clock In,No Exception
3984,2025-01-03,16:04,Clock Out,No Exception
3984,2025-01-06,06:13,Clock In,No Exception
3984,2025-01-06,16:02,Clock Out,No Exception
3984,2025-01-07,06:57,Clock In,No Exception
3984,2025-01-07,16:21,Clock Out,No Exception
3984,2025-01-08,07:29,Clock In,No Exception
3984,2025-01-08,17:15,Clock Out,No Exception
3984,2025-01-09,09:03,Clock In,No Exception
3984,2025-01-09,18:31,Clock Out,No Exception
3984,2025-01-10,07:04,Clock In,No Exception
3984,2025-01-10,16:33,Clock Out,No Exception
3984,2025-01-13,07:00,Clock In,No Exception
3984,2025-01-13,15:35,Clock Out,No Exception
3984,2025-01-14,08:11,Clock In,No Exception
3984,2025-01-14,16:05,Clock Out,No Exception
3984,2025-01-15,07:59,Clock In,No Exception
3984,2025-01-15,15:41,Clock Out,No Exception
3984,2025-01-16,08:33,Clock In,No Exception
3984,2025-01-16,18:11,Clock Out,No Exception
3984,2025-01-17,08:09,Clock In,No Exception
3984,2025-01-17,17:33,Clock Out,No Exception
3984,2025-01-20,06:19,Clock In,No Exception
3984,2025-01-20,15:42,Clock Out,No Exception
3984,2025-01-21,08:53,Clock In,No Exception
3984,2025-01-21,16:56,Clock Out,No Exception
3984,2025-01-22,06:14,Clock In,No Exception
3984,2025-01-22,15:59,Clock Out,No Exception
3984,2025-01-23,08:32,Clock In,No Exception
3984,2025-01-23,16:35,Clock Out,No Exception
3984,2025-01-24,06:51,Clock In,No Exception
3984,2025-01-24,16:27,Clock Out,No Exception
3984,2025-01-27,08:29,Clock In,No Exception
3984,2025-01-27,18:26,Clock Out,No Exception
3984,2025-01-28,07:06,Clock In,No Exception
3984,2025-01-28,15:00,Clock Out,No Exception
3984,2025-01-29,07:33,Clock In,No Exception
3984,2025-01-29,17:30,Clock Out,No Exception
3984,2025-01-30,09:20,Clock In,No Exception
3984,2025-01-30,17:52,Clock Out,No Exception
3984,2025-01-31,08:19,Clock In,No Exception
3984,2025-01-31,17:44,Clock Out,No Exception
3984,2025-02-01,06:05,Clock In,No Exception
3984,2025-02-01,14:30,Clock Out,No Exception
3984,2025-02-02,07:58,Clock In,No Exception
3984,2025-02-02,15:59,Clock Out,No Exception
3984,2025-02-03,09:34,Clock In,No Exception
3984,2025-02-03,18:07,Clock Out,No Exception
3984,2025-02-04,09:30,Clock In,No Exception
3984,2025-02-04,19:23,Clock Out,No Exception
3984,2025-02-05,07:50,Clock In,No Exception
3984,2025-02-05,15:33,Clock Out,No Exception
3984,2025-02-06,07:45,Clock In,No Exception
3984,2025-02-06,16:46,Clock Out,No Exception
3984,2025-02-07,09:52,Clock In,No Exception
3984,2025-02-07,17:50,Clock Out,No Exception
3984,2025-02-08,08:20,Clock In,No Exception
3984,2025-02-08,16:14,Clock Out,No Exception
3984,2025-02-10,08:33,Clock In,No Exception
3984,2025-02-10,17:59,Clock Out,No Exception
3984,2025-02-11,07:56,Clock In,No Exception
3984,2025-02-11,16:06,Clock Out,No Exception
3984,2025-02-12,07:18,Clock In,No Exception
3984,2025-02-12,16:43,Clock Out,No Exception
3984,2025-02-13,08:48,Clock In,No Exception
3984,2025-02-13,17:37,Clock Out,No Exception
3984,2025-02-14,08:28,Clock In,No Exception
3984,2025-02-14,16:21,Clock Out,No Exception
3984,2025-02-15,08:06,Clock In,No Exception
3984,2025-02-15,17:31,Clock Out,No Exception
3984,2025-02-17,06:41,Clock In,No Exception
3984,2025-02-17,16:32,Clock Out,No Exception
3984,2025-02-18,08:54,Clock In,No Exception
3984,2025-02-18,16:48,Clock Out,No Exception
3984,2025-02-19,09:42,Clock In,No Exception
3984,2025-02-19,18:28,Clock Out,No Exception
3984,2025-02-20,08:13,Clock In,No Exception
3984,2025-02-20,17:39,Clock Out,No Exception
3984,2025-02-21,07:20,Clock In,No Exception
3984,2025-02-21,15:07,Clock Out,No Exception
3984,2025-02-24,08:22,Clock In,No Exception
3984,2025-02-24,17:38,Clock Out,No Exception
3984,2025-02-25,08:22,Clock In,No Exception
3984,2025-02-25,18:18,Clock Out,No Exception
3984,2025-02-26,07:17,Clock In,No Exception
3984,2025-02-26,15:13,Clock Out,No Exception
3984,2025-02-27,07:07,Clock In,No Exception
3984,2025-02-27,14:37,Clock Out,No Exception
3984,2025-02-28,06:21,Clock In,No Exception
3984,2025-02-28,14:21,Clock Out,No Exception
2619,2025-01-01,08:15,Clock In,No Exception
2619,2025-01-01,16:37,Clock Out,No Exception
2619,2025-01-02,06:45,Clock In,No Exception
2619,2025-01-02,14:18,Clock Out,No Exception
2619,2025-01-03,08:03,Clock In,No Exception
2619,2025-01-03,18:03,Clock Out,No Exception
2619,2025-01-06,07:27,Clock In,No Exception
2619,2025-01-06,16:33,Clock Out,No Exception
2619,2025-01-07,06:23,Clock In,No Exception
2619,2025-01-07,14:56,Clock Out,No Exception
2619,2025-01-08,07:22,Clock In,No Exception
2619,2025-01-08,16:03,Clock Out,No Exception
2619,2025-01-09,07:48,Clock In,No Exception
2619,2025-01-09,15:28,Clock Out,No Exception
2619,2025-01-10,06:42,Clock In,No Exception
2619,2025-01-10,16:23,Clock Out,No Exception
2619,2025-01-13,09:53,Clock In,No Exception
2619,2025-01-13,18:58,Clock Out,No Exception
2619,2025-01-14,09:49,Clock In,No Exception
2619,2025-01-14,19:25,Clock Out,No Exception
2619,2025-01-15,06:26,Clock In,No Exception
2619,2025-01-15,15:09,Clock Out,No Exception
2619,2025-01-16,06:40,Clock In,No Exception
2619,2025-01-16,14:51,Clock Out,No Exception
2619,2025-01-17,08:15,Clock In,No Exception
2619,2025-01-17,17:57,Clock Out,No Exception
2619,2025-01-20,07:37,Clock In,No Exception
2619,2025-01-20,15:11,Clock Out,No Exception
2619,2025-01-21,09:08,Clock In,No Exception
2619,2025-01-21,18:27,Clock Out,No Exception
2619,2025-01-22,09:56,Clock In,No Exception
2619,2025-01-22,19:02,Clock Out,No Exception
2619,2025-01-23,09:20,Clock In,No Exception
2619,2025-01-23,17:54,Clock Out,No Exception
2619,2025-01-24,09:56,Clock In,No Exception
2619,2025-01-24,19:25,Clock Out,No Exception
2619,2025-01-25,07:00,Clock In,No Exception
2619,2025-01-25,15:50,Clock Out,No Exception
2619,2025-01-26,06:40,Clock In,No Exception
2619,2025-01-26,14:41,Clock Out,No Exception
2619,2025-01-27,06:34,Clock In,No Exception
2619,2025-01-27,15:59,Clock Out,No Exception
2619,2025-01-28,06:16,Clock In,No Exception
2619,2025-01-28,14:30,Clock Out,No Exception
2619,2025-01-29,09:58,Clock In,No Exception
2619,2025-01-29,19:22,Clock Out,No Exception
2619,2025-01-30,06:27,Clock In,No Exception
2619,2025-01-30,15:37,Clock Out,No Exception
2619,2025-01-31,07:56,Clock In,No Exception
2619,2025-01-31,16:15,Clock Out,No Exception
2619,2025-02-01,08:55,Clock In,No Exception
2619,2025-02-01,16:29,Clock Out,No Exception
2619,2025-02-03,08:13,Clock In,No Exception
2619,2025-02-03,17:51,Clock Out,No Exception
2619,2025-02-04,06:55,Clock In,No Exception
2619,2025-02-04,16:38,Clock Out,No Exception
2619,2025-02-05,07:38,Clock In,No Exception
2619,2025-02-05,17:32,Clock Out,No Exception
2619,2025-02-06,08:14,Clock In,No Exception
2619,2025-02-06,15:45,Clock Out,No Exception
2619,2025-02-07,09:52,Clock In,No Exception
2619,2025-02-07,17:22,Clock Out,No Exception
2619,2025-02-08,06:41,Clock In,No Exception
2619,2025-02-08,15:06,Clock Out,No Exception
2619,2025-02-10,08:43,Clock In,No Exception
2619,2025-02-10,17:25,Clock Out,No Exception
2619,2025-02-11,07:40,Clock In,No Exception
2619,2025-02-11,15:46,Clock Out,No Exception
2619,2025-02-12,06:48,Clock In,No Exception
2619,2025-02-12,15:44,Clock Out,No Exception
2619,2025-02-13,07:45,Clock In,No Exception
2619,2025-02-13,17:35,Clock Out,No Exception
2619,2025-02-14,09:17,Clock In,No Exception
2619,2025-02-14,16:53,Clock Out,No Exception
2619,2025-02-15,08:41,Clock In,No Exception
2619,2025-02-15,17:10,Clock Out,No Exception
2619,2025-02-17,07:45,Clock In,No Exception
2619,2025-02-17,16:17,Clock Out,No Exception
2619,2025-02-18,06:04,Clock In,No Exception
2619,2025-02-18,14:22,Clock Out,No Exception
2619,2025-02-19,08:28,Clock In,No Exception
2619,2025-02-19,18:11,Clock Out,No Exception
2619,2025-02-20,07:47,Clock In,No Exception
2619,2025-02-20,17:01,Clock Out,No Exception
2619,2025-02-21,07:00,Clock In,No Exception
2619,2025-02-21,16:47,Clock Out,No Exception
2619,2025-02-22,07:30,Clock In,No Exception
2619,2025-02-22,15:41,Clock Out,No Exception
2619,2025-02-23,08:07,Clock In,No Exception
2619,2025-02-23,15:42,Clock Out,No Exception
2619,2025-02-24,09:33,Clock In,No Exception
2619,2025-02-24,18:23,Clock Out,No Exception
2619,2025-02-25,07:52,Clock In,No Exception
2619,2025-02-25,16:30,Clock Out,No Exception
2619,2025-02-26,08:23,Clock In,No Exception
2619,2025-02-26,16:27,Clock Out,No Exception
2619,2025-02-27,08:02,Clock In,No Exception
2619,2025-02-27,15:48,Clock Out,No Exception
2619,2025-02-28,06:01,Clock In,No Exception
2619,2025-02-28,14:43,Clock Out,No Exception
2221,2025-01-01,09:23,Clock In,No Exception
2221,2025-01-01,19:07,Clock Out,No Exception
2221,2025-01-02,08:57,Clock In,No Exception
2221,2025-01-02,18:32,Clock Out,No Exception
2221,2025-01-03,09:58,Clock In,No Exception
2221,2025-01-03,17:37,Clock Out,No Exception
2221,2025-01-06,08:22,Clock In,No Exception
2221,2025-01-06,16:24,Clock Out,No Exception
2221,2025-01-07,09:21,Clock In,No Exception
2221,2025-01-07,17:15,Clock Out,No Exception
2221,2025-01-08,07:45,Clock In,No Exception
2221,2025-01-08,16:18,Clock Out,No Exception
2221,2025-01-09,08:22,Clock In,No Exception
2221,2025-01-09,15:52,Clock Out,Duplicate Punch
2221,2025-01-10,08:02,Clock In,No Exception
2221,2025-01-10,17:20,Clock Out,No Exception
2221,2025-01-13,07:28,Clock In,No Exception
2221,2025-01-13,17:12,Clock Out,No Exception
2221,2025-01-14,07:06,Clock In,No Exception
2221,2025-01-14,16:42,Clock Out,No Exception
2221,2025-01-15,06:50,Clock In,No Exception
2221,2025-01-15,16:44,Clock Out,No Exception
2221,2025-01-16,08:59,Clock In,No Exception
2221,2025-01-16,18:46,Clock Out,No Exception
2221,2025-01-17,08:01,Clock In,No Exception
2221,2025-01-17,16:11,Clock Out,No Exception
2221,2025-01-20,06:58,Clock In,No Exception
2221,2025-01-20,14:34,Clock Out,No Exception
2221,2025-01-21,07:40,Clock In,No Exception
2221,2025-01-21,17:09,Clock Out,No Exception
2221,2025-01-22,07:24,Clock In,No Exception
2221,2025-01-22,17:18,Clock Out,No Exception
2221,2025-01-23,08:17,Clock In,No Exception
2221,2025-01-23,16:12,Clock Out,No Exception
2221,2025-01-24,09:11,Clock In,No Exception
2221,2025-01-24,18:03,Clock Out,No Exception
2221,2025-01-25,06:47,Clock In,No Exception
2221,2025-01-25,15:36,Clock Out,No Exception
2221,2025-01-26,06:44,Clock In,No Exception
2221,2025-01-26,16:24,Clock Out,No Exception
2221,2025-01-27,06:26,Clock In,No Exception
2221,2025-01-27,14:38,Clock Out,No Exception
2221,2025-01-28,09:17,Clock In,No Exception
2221,2025-01-28,18:06,Clock Out,No Exception
2221,2025-01-29,08:47,Clock In,No Exception
2221,2025-01-29,17:34,Clock Out,No Exception
2221,2025-01-30,06:22,Clock In,No Exception
2221,2025-01-30,15:55,Clock Out,No Exception
2221,2025-01-31,09:24,Clock In,No Exception
2221,2025-01-31,17:40,Clock Out,No Exception
2221,2025-02-03,08:33,Clock In,No Exception
2221,2025-02-03,17:15,Clock Out,No Exception
2221,2025-02-04,07:25,Clock In,No Exception
2221,2025-02-04,16:24,Clock Out,No Exception
2221,2025-02-05,06:42,Clock In,No Exception
2221,2025-02-05,15:57,Clock Out,No Exception
2221,2025-02-06,06:23,Clock In,No Exception
2221,2025-02-06,14:32,Clock Out,No Exception
2221,2025-02-07,07:00,Clock In,No Exception
2221,2025-02-07,15:18,Clock Out,No Exception
2221,2025-02-10,08:26,Clock In,No Exception
2221,2025-02-10,16:06,Clock Out,No Exception
2221,2025-02-11,08:13,Clock In,No Exception
2221,2025-02-11,17:02,Clock Out,No Exception
2221,2025-02-12,09:14,Clock In,No Exception
2221,2025-02-12,18:12,Clock Out,No Exception
2221,2025-02-13,06:18,Clock In,No Exception
2221,2025-02-13,16:12,Clock Out,No Exception
2221,2025-02-14,07:23,Clock In,No Exception
2221,2025-02-14,16:57,Clock Out,No Exception
2221,2025-02-15,09:41,Clock In,No Exception
2221,2025-02-15,18:09,Clock Out,No Exception
2221,2025-02-16,09:58,Clock In,No Exception
2221,2025-02-16,19:55,Clock Out,No Exception
2221,2025-02-17,07:10,Clock In,No Exception
2221,2025-02-17,16:18,Clock Out,No Exception
2221,2025-02-18,08:54,Clock In,No Exception
2221,2025-02-18,17:24,Clock Out,No Exception
2221,2025-02-19,06:17,Clock In,No Exception
2221,2025-02-19,14:38,Clock Out,No Exception
2221,2025-02-20,08:41,Clock In,No Exception
2221,2025-02-20,18:06,Clock Out,No Exception
2221,2025-02-21,07:51,Clock In,No Exception
2221,2025-02-21,16:58,Clock Out,No Exception
2221,2025-02-24,08:02,Clock In,No Exception
2221,2025-02-24,16:54,Clock Out,No Exception
2221,2025-02-25,06:54,Clock In,No Exception
2221,2025-02-25,14:47,Clock Out,No Exception
2221,2025-02-26,07:07,Clock In,No Exception
2221,2025-02-26,15:48,Clock Out,No Exception
2221,2025-02-27,09:21,Clock In,No Exception
2221,2025-02-27,16:54,Clock Out,No Exception
2221,2025-02-28,06:35,Clock In,No Exception
2221,2025-02-28,14:05,Clock Out,No Exception
1967,2025-01-01,07:41,Clock In,No Exception
1967,2025-01-01,16:46,Clock Out,No Exception
1967,2025-01-02,07:43,Clock In,No Exception
1967,2025-01-02,16:22,Clock Out,No Exception
1967,2025-01-03,07:10,Clock In,No Exception
1967,2025-01-03,17:08,Clock Out,No Exception
1967,2025-01-06,06:25,Clock In,No Exception
1967,2025-01-06,14:15,Clock Out,No Exception
1967,2025-01-07,06:55,Clock In,No Exception
1967,2025-01-07,16:27,Clock Out,No Exception
1967,2025-01-08,07:35,Clock In,No Exception
1967,2025-01-08,15:52,Clock Out,No Exception
1967,2025-01-09,07:37,Clock In,No Exception
1967,2025-01-09,15:30,Clock Out,No Exception
1967,2025-01-10,08:18,Clock In,No Exception
1967,2025-01-10,18:13,Clock Out,No Exception
1967,2025-01-11,07:12,Clock In,No Exception
1967,2025-01-11,16:34,Clock Out,No Exception
1967,2025-01-13,06:08,Clock In,No Exception
1967,2025-01-13,15:07,Clock Out,No Exception
1967,2025-01-14,08:10,Clock In,No Exception
1967,2025-01-14,16:47,Clock Out,No Exception
1967,2025-01-15,07:21,Clock In,No Exception
1967,2025-01-15,17:07,Clock Out,No Exception
1967,2025-01-16,09:59,Clock In,No Exception
1967,2025-01-16,18:30,Clock Out,No Exception
1967,2025-01-17,09:00,Clock In,No Exception
1967,2025-01-17,18:17,Clock Out,No Exception
1967,2025-01-20,07:01,Clock In,No Exception
1967,2025-01-20,15:36,Clock Out,No Exception
1967,2025-01-21,09:46,Clock In,No Exception
1967,2025-01-21,17:23,Clock Out,No Exception
1967,2025-01-22,07:04,Clock In,No Exception
1967,2025-01-22,16:57,Clock Out,No Exception
1967,2025-01-23,09:02,Clock In,No Exception
1967,2025-01-23,16:50,Clock Out,No Exception
1967,2025-01-24,06:22,Clock In,No Exception
1967,2025-01-24,14:38,Clock Out,No Exception
1967,2025-01-27,09:39,Clock In,No Exception
1967,2025-01-27,17:22,Clock Out,No Exception
1967,2025-01-28,09:14,Clock In,No Exception
1967,2025-01-28,17:07,Clock Out,No Exception
1967,2025-01-29,07:16,Clock In,No Exception
1967,2025-01-29,15:08,Clock Out,No Exception
1967,2025-01-30,07:19,Clock In,No Exception
1967,2025-01-30,16:48,Clock Out,No Exception
1967,2025-01-31,06:04,Clock In,No Exception
1967,2025-01-31,14:35,Clock Out,No Exception
1967,2025-02-03,06:27,Clock In,No Exception
1967,2025-02-03,16:04,Clock Out,No Exception
1967,2025-02-04,08:23,Clock In,No Exception
1967,2025-02-04,17:12,Clock Out,No Exception
1967,2025-02-05,06:22,Clock In,No Exception
1967,2025-02-05,15:28,Clock Out,No Exception
1967,2025-02-06,09:21,Clock In,No Exception
1967,2025-02-06,19:05,Clock Out,No Exception
1967,2025-02-07,07:45,Clock In,No Exception
1967,2025-02-07,16:37,Clock Out,No Exception
1967,2025-02-09,08:16,Clock In,No Exception
1967,2025-02-09,17:02,Clock Out,No Exception
1967,2025-02-10,08:04,Clock In,No Exception
1967,2025-02-10,16:04,Clock Out,No Exception
1967,2025-02-11,06:47,Clock In,No Exception
1967,2025-02-11,15:51,Clock Out,No Exception
1967,2025-02-12,06:41,Clock In,No Exception
1967,2025-02-12,14:33,Clock Out,No Exception
1967,2025-02-13,06:17,Clock In,No Exception
1967,2025-02-13,15:41,Clock Out,No Exception
1967,2025-02-14,08:22,Clock In,No Exception
1967,2025-02-14,17:18,Clock Out,No Exception
1967,2025-02-15,08:07,Clock In,No Exception
1967,2025-02-15,17:43,Clock Out,No Exception
1967,2025-02-16,06:40,Clock In,No Exception
1967,2025-02-16,16:30,Clock Out,No Exception
1967,2025-02-17,09:57,Clock In,No Exception
1967,2025-02-17,18:11,Clock Out,No Exception
1967,2025-02-18,09:45,Clock In,No Exception
1967,2025-02-18,19:37,Clock Out,No Exception
1967,2025-02-19,08:55,Clock In,No Exception
1967,2025-02-19,18:02,Clock Out,No Exception
1967,2025-02-20,06:00,Clock In,No Exception
1967,2025-02-20,14:42,Clock Out,No Exception
1967,2025-02-21,07:35,Clock In,No Exception
1967,2025-02-21,17:27,Clock Out,No Exception
1967,2025-02-24,06:52,Clock In,No Exception
1967,2025-02-24,14:51,Clock Out,No Exception
1967,2025-02-25,09:43,Clock In,No Exception
1967,2025-02-25,18:22,Clock Out,No Exception
1967,2025-02-26,06:48,Clock In,No Exception
1967,2025-02-26,16:06,Clock Out,No Exception
1967,2025-02-27,08:22,Clock In,No Exception
1967,2025-02-27,17:06,Clock Out,No Exception
1967,2025-02-28,07:10,Clock In,No Exception
1967,2025-02-28,17:04,Clock Out,No Exception
2792,2025-01-01,06:57,Clock In,No Exception
2792,2025-01-01,16:14,Clock Out,No Exception
2792,2025-01-02,08:17,Clock In,No Exception
2792,2025-01-02,17:22,Clock Out,No Exception
2792,2025-01-03,08:26,Clock In,No Exception
2792,2025-01-03,16:26,Clock Out,No Exception
2792,2025-01-05,07:55,Clock In,No Exception
2792,2025-01-05,17:18,Clock Out,No Exception
2792,2025-01-06,07:08,Clock In,No Exception
2792,2025-01-06,14:53,Clock Out,No Exception
2792,2025-01-07,06:23,Clock In,No Exception
2792,2025-01-07,14:45,Clock Out,No Exception
2792,2025-01-08,08:02,Clock In,No Exception
2792,2025-01-08,15:41,Clock Out,No Exception
2792,2025-01-09,06:36,Clock In,No Exception
2792,2025-01-09,15:30,Clock Out,No Exception
2792,2025-01-10,09:50,Clock In,No Exception
2792,2025-01-10,19:25,Clock Out,No Exception
2792,2025-01-12,06:08,Clock In,No Exception
2792,2025-01-12,14:29,Clock Out,No Exception
2792,2025-01-13,08:24,Clock In,No Exception
2792,2025-01-13,16:53,Clock Out,No Exception
2792,2025-01-14,06:46,Clock In,No Exception
2792,2025-01-14,15:53,Clock Out,No Exception
2792,2025-01-15,07:48,Clock In,No Exception
2792,2025-01-15,17:16,Clock Out,No Exception
2792,2025-01-16,07:25,Clock In,No Exception
2792,2025-01-16,16:59,Clock Out,No Exception
2792,2025-01-17,06:24,Clock In,No Exception
2792,2025-01-17,15:04,Clock Out,No Exception
2792,2025-01-19,09:10,Clock In,No Exception
2792,2025-01-19,17:31,Clock Out,No Exception
2792,2025-01-20,06:42,Clock In,No Exception
2792,2025-01-20,15:58,Clock Out,No Exception
2792,2025-01-21,08:51,Clock In,No Exception
2792,2025-01-21,17:01,Clock Out,No Exception
2792,2025-01-22,07:26,Clock In,No Exception
2792,2025-01-22,15:28,Clock Out,No Exception
2792,2025-01-23,08:55,Clock In,No Exception
2792,2025-01-23,17:44,Clock Out,No Exception
2792,2025-01-24,07:03,Clock In,No Exception
2792,2025-01-24,16:05,Clock Out,No Exception
2792,2025-01-25,08:01,Clock In,No Exception
2792,2025-01-25,15:45,Clock Out,No Exception
2792,2025-01-27,09:03,Clock In,No Exception
2792,2025-01-27,17:22,Clock Out,No Exception
2792,2025-01-28,07:42,Clock In,No Exception
2792,2025-01-28,15:43,Clock Out,No Exception
2792,2025-01-29,07:20,Clock In,No Exception
2792,2025-01-29,16:35,Clock Out,No Exception
2792,2025-01-30,09:32,Clock In,No Exception
2792,2025-01-30,19:19,Clock Out,No Exception
2792,2025-01-31,08:33,Clock In,No Exception
2792,2025-01-31,16:34,Clock Out,No Exception
2792,2025-02-02,06:23,Clock In,No Exception
2792,2025-02-02,14:53,Clock Out,No Exception
2792,2025-02-03,08:15,Clock In,No Exception
2792,2025-02-03,17:42,Clock Out,No Exception
2792,2025-02-04,06:07,Clock In,No Exception
2792,2025-02-04,15:57,Clock Out,No Exception
2792,2025-02-05,06:23,Clock In,No Exception
2792,2025-02-05,16:04,Clock Out,No Exception
2792,2025-02-06,07:47,Clock In,No Exception
2792,2025-02-06,15:29,Clock Out,No Exception
2792,2025-02-07,07:05,Clock In,No Exception
2792,2025-02-07,15:09,Clock Out,No Exception
2792,2025-02-08,07:53,Clock In,No Exception
2792,2025-02-08,16:19,Clock Out,No Exception
2792,2025-02-10,07:20,Clock In,No Exception
2792,2025-02-10,15:27,Clock Out,No Exception
2792,2025-02-11,08:56,Clock In,No Exception
2792,2025-02-11,17:49,Clock Out,No Exception
2792,2025-02-12,07:35,Clock In,No Exception
2792,2025-02-12,15:57,Clock Out,No Exception
2792,2025-02-13,08:57,Clock In,No Exception
2792,2025-02-13,18:04,Clock Out,No Exception
2792,2025-02-14,06:55,Clock In,No Exception
2792,2025-02-14,15:11,Clock Out,No Exception
2792,2025-02-17,07:28,Clock In,No Exception
2792,2025-02-17,17:01,Clock Out,No Exception
2792,2025-02-18,07:30,Clock In,No Exception
2792,2025-02-18,16:24,Clock Out,No Exception
2792,2025-02-19,06:44,Clock In,No Exception
2792,2025-02-19,14:43,Clock Out,No Exception
2792,2025-02-20,06:01,Clock In,No Exception
2792,2025-02-20,13:40,Clock Out,No Exception
2792,2025-02-21,09:48,Clock In,No Exception
2792,2025-02-21,18:26,Clock Out,No Exception
2792,2025-02-22,07:30,Clock In,No Exception
2792,2025-02-22,16:06,Clock Out,No Exception
2792,2025-02-24,07:58,Clock In,No Exception
2792,2025-02-24,17:26,Clock Out,No Exception
2792,2025-02-25,09:28,Clock In,No Exception
2792,2025-02-25,18:49,Clock Out,No Exception
2792,2025-02-26,07:51,Clock In,No Exception
2792,2025-02-26,17:42,Clock Out,No Exception
2792,2025-02-27,06:40,Clock In,No Exception
2792,2025-02-27,16:25,Clock Out,No Exception
2792,2025-02-28,09:11,Clock In,No Exception
2792,2025-02-28,17:30,Clock Out,No Exception
1077,2025-01-01,08:12,Clock In,No Exception
1077,2025-01-01,16:45,Clock Out,No Exception
1077,2025-01-02,09:19,Clock In,No Exception
1077,2025-01-02,17:20,Clock Out,No Exception
1077,2025-01-03,09:15,Clock In,No Exception
1077,2025-01-03,18:08,Clock Out,No Exception
1077,2025-01-06,06:50,Clock In,No Exception
1077,2025-01-06,16:48,Clock Out,No Exception
1077,2025-01-07,09:57,Clock In,No Exception
1077,2025-01-07,19:27,Clock Out,No Exception
1077,2025-01-08,09:33,Clock In,No Exception
1077,2025-01-08,17:53,Clock Out,No Exception
1077,2025-01-09,08:42,Clock In,No Exception
1077,2025-01-09,18:25,Clock Out,No Exception
1077,2025-01-10,07:02,Clock In,No Exception
1077,2025-01-10,16:41,Clock Out,No Exception
1077,2025-01-11,08:05,Clock In,No Exception
1077,2025-01-11,17:52,Clock Out,No Exception
1077,2025-01-13,08:52,Clock In,No Exception
1077,2025-01-13,18:21,Clock Out,No Exception
1077,2025-01-14,08:26,Clock In,No Exception
1077,2025-01-14,16:53,Clock Out,No Exception
1077,2025-01-15,08:18,Clock In,No Exception
1077,2025-01-15,17:37,Clock Out,No Exception
1077,2025-01-16,06:48,Clock In,No Exception
1077,2025-01-16,15:45,Clock Out,No Exception
1077,2025-01-17,06:40,Clock In,No Exception
1077,2025-01-17,15:45,Clock Out,No Exception
1077,2025-01-18,06:57,Clock In,No Exception
1077,2025-01-18,15:51,Clock Out,No Exception
1077,2025-01-20,09:53,Clock In,No Exception
1077,2025-01-20,19:10,Clock Out,No Exception
1077,2025-01-21,07:44,Clock In,No Exception
1077,2025-01-21,17:29,Clock Out,No Exception
1077,2025-01-22,08:17,Clock In,No Exception
1077,2025-01-22,18:12,Clock Out,No Exception
1077,2025-01-23,06:31,Clock In,No Exception
1077,2025-01-23,14:45,Clock Out,No Exception
1077,2025-01-24,08:32,Clock In,No Exception
1077,2025-01-24,16:05,Clock Out,No Exception
1077,2025-01-25,09:30,Clock In,No Exception
1077,2025-01-25,19:27,Clock Out,No Exception
1077,2025-01-27,06:30,Clock In,No Exception
1077,2025-01-27,14:01,Clock Out,No Exception
1077,2025-01-28,07:27,Clock In,No Exception
1077,2025-01-28,15:52,Clock Out,No Exception
1077,2025-01-29,07:11,Clock In,No Exception
1077,2025-01-29,16:53,Clock Out,No Exception
1077,2025-01-30,08:31,Clock In,No Exception
1077,2025-01-30,17:10,Clock Out,No Exception
1077,2025-01-31,08:28,Clock In,No Exception
1077,2025-01-31,18:25,Clock Out,No Exception
1077,2025-02-03,07:07,Clock In,No Exception
1077,2025-02-03,15:43,Clock Out,No Exception
1077,2025-02-04,08:51,Clock In,No Exception
1077,2025-02-04,18:44,Clock Out,No Exception
1077,2025-02-05,09:41,Clock In,No Exception
1077,2025-02-05,19:05,Clock Out,No Exception
1077,2025-02-06,06:18,Clock In,No Exception
1077,2025-02-06,16:12,Clock Out,No Exception
1077,2025-02-07,06:44,Clock In,No Exception
1077,2025-02-07,15:36,Clock Out,No Exception
1077,2025-02-08,07:23,Clock In,No Exception
1077,2025-02-08,15:04,Clock Out,No Exception
1077,2025-02-09,06:57,Clock In,No Exception
1077,2025-02-09,16:16,Clock Out,No Exception
1077,2025-02-10,08:14,Clock In,No Exception
1077,2025-02-10,18:04,Clock Out,No Exception
1077,2025-02-11,09:18,Clock In,No Exception
1077,2025-02-11,17:01,Clock Out,No Exception
1077,2025-02-12,07:05,Clock In,No Exception
1077,2025-02-12,14:54,Clock Out,No Exception
1077,2025-02-13,06:31,Clock In,No Exception
1077,2025-02-13,14:02,Clock Out,No Exception
1077,2025-02-14,08:01,Clock In,No Exception
1077,2025-02-14,16:14,Clock Out,No Exception
1077,2025-02-17,09:10,Clock In,No Exception
1077,2025-02-17,19:04,Clock Out,No Exception
1077,2025-02-18,07:40,Clock In,No Exception
1077,2025-02-18,16:37,Clock Out,No Exception
1077,2025-02-19,08:04,Clock In,No Exception
1077,2025-02-19,16:56,Clock Out,No Exception
1077,2025-02-20,07:11,Clock In,No Exception
1077,2025-02-20,14:42,Clock Out,No Exception
1077,2025-02-21,08:43,Clock In,No Exception
1077,2025-02-21,18:21,Clock Out,No Exception
1077,2025-02-24,06:40,Clock In,No Exception
1077,2025-02-24,15:48,Clock Out,No Exception
1077,2025-02-25,07:04,Clock In,No Exception
1077,2025-02-25,16:47,Clock Out,No Exception
1077,2025-02-26,06:13,Clock In,No Exception
1077,2025-02-26,14:17,Clock Out,No Exception
1077,2025-02-27,06:35,Clock In,No Exception
1077,2025-02-27,15:30,Clock Out,No Exception
1077,2025-02-28,09:07,Clock In,No Exception
1077,2025-02-28,17:40,Clock Out,No Exception
2399,2025-01-01,09:36,Clock In,No Exception
2399,2025-01-01,19:34,Clock Out,No Exception
2399,2025-01-02,08:13,Clock In,No Exception
2399,2025-01-02,17:15,Clock Out,No Exception
2399,2025-01-03,09:54,Clock In,No Exception
2399,2025-01-03,17:47,Clock Out,No Exception
2399,2025-01-06,08:56,Clock In,No Exception
2399,2025-01-06,17:23,Clock Out,No Exception
2399,2025-01-07,08:10,Clock In,No Exception
2399,2025-01-07,17:25,Clock Out,No Exception
2399,2025-01-08,07:30,Clock In,No Exception
2399,2025-01-08,16:03,Clock Out,No Exception
2399,2025-01-09,09:03,Clock In,No Exception
2399,2025-01-09,17:05,Clock Out,No Exception
2399,2025-01-10,06:07,Clock In,No Exception
2399,2025-01-10,15:41,Clock Out,No Exception
2399,2025-01-11,06:54,Clock In,No Exception
2399,2025-01-11,16:19,Clock Out,No Exception
2399,2025-01-13,06:35,Clock In,No Exception
2399,2025-01-13,15:30,Clock Out,No Exception
2399,2025-01-14,06:02,Clock In,No Exception
2399,2025-01-14,15:14,Clock Out,No Exception
2399,2025-01-15,06:06,Clock In,No Exception
2399,2025-01-15,13:49,Clock Out,No Exception
2399,2025-01-16,06:03,Clock In,No Exception
2399,2025-01-16,14:44,Clock Out,No Exception
2399,2025-01-17,06:46,Clock In,No Exception
2399,2025-01-17,15:20,Clock Out,No Exception
2399,2025-01-18,06:51,Clock In,No Exception
2399,2025-01-18,16:43,Clock Out,No Exception
2399,2025-01-20,07:42,Clock In,No Exception
2399,2025-01-20,15:29,Clock Out,No Exception
2399,2025-01-21,09:09,Clock In,No Exception
2399,2025-01-21,17:12,Clock Out,No Exception
2399,2025-01-22,06:26,Clock In,No Exception
2399,2025-01-22,14:23,Clock Out,No Exception
2399,2025-01-23,09:25,Clock In,No Exception
2399,2025-01-23,19:04,Clock Out,No Exception
2399,2025-01-24,07:55,Clock In,No Exception
2399,2025-01-24,17:49,Clock Out,No Exception
2399,2025-01-27,09:57,Clock In,No Exception
2399,2025-01-27,18:25,Clock Out,No Exception
2399,2025-01-28,08:42,Clock In,No Exception
2399,2025-01-28,18:25,Clock Out,No Exception
2399,2025-01-29,06:10,Clock In,No Exception
2399,2025-01-29,13:57,Clock Out,No Exception
2399,2025-01-30,07:16,Clock In,No Exception
2399,2025-01-30,16:43,Clock Out,No Exception
2399,2025-01-31,06:30,Clock In,No Exception
2399,2025-01-31,15:05,Clock Out,No Exception
2399,2025-02-02,06:47,Clock In,No Exception
2399,2025-02-02,15:12,Clock Out,No Exception
2399,2025-02-03,07:48,Clock In,No Exception
2399,2025-02-03,15:59,Clock Out,No Exception
2399,2025-02-04,06:57,Clock In,No Exception
2399,2025-02-04,16:14,Clock Out,No Exception
2399,2025-02-05,09:15,Clock In,No Exception
2399,2025-02-05,18:45,Clock Out,No Exception
2399,2025-02-06,06:42,Clock In,No Exception
2399,2025-02-06,14:52,Clock Out,No Exception
2399,2025-02-07,07:37,Clock In,No Exception
2399,2025-02-07,15:26,Clock Out,No Exception
2399,2025-02-08,08:38,Clock In,No Exception
2399,2025-02-08,18:11,Clock Out,No Exception
2399,2025-02-10,09:48,Clock In,No Exception
2399,2025-02-10,19:44,Clock Out,No Exception
2399,2025-02-11,07:08,Clock In,No Exception
2399,2025-02-11,15:28,Clock Out,No Exception
2399,2025-02-12,08:37,Clock In,No Exception
2399,2025-02-12,16:39,Clock Out,No Exception
2399,2025-02-13,08:49,Clock In,No Exception
2399,2025-02-13,18:34,Clock Out,No Exception
2399,2025-02-14,07:57,Clock In,No Exception
2399,2025-02-14,16:29,Clock Out,No Exception
2399,2025-02-17,06:15,Clock In,No Exception
2399,2025-02-17,16:13,Clock Out,No Exception
2399,2025-02-18,06:55,Clock In,No Exception
2399,2025-02-18,15:54,Clock Out,No Exception
2399,2025-02-19,07:26,Clock In,No Exception
2399,2025-02-19,17:07,Clock Out,No Exception
2399,2025-02-20,07:53,Clock In,No Exception
2399,2025-02-20,17:22,Clock Out,No Exception
2399,2025-02-21,07:55,Clock In,No Exception
2399,2025-02-21,16:37,Clock Out,No Exception
2399,2025-02-24,07:00,Clock In,No Exception
2399,2025-02-24,16:09,Clock Out,No Exception
2399,2025-02-25,08:15,Clock In,No Exception
2399,2025-02-25,17:33,Clock Out,No Exception
2399,2025-02-26,06:33,Clock In,No Exception
2399,2025-02-26,14:27,Clock Out,No Exception
2399,2025-02-27,06:54,Clock In,No Exception
2399,2025-02-27,15:01,Clock Out,No Exception
2399,2025-02-28,09:21,Clock In,No Exception
2399,2025-02-28,18:27,Clock Out,No Exception
3266,2025-01-01,06:11,Clock In,No Exception
3266,2025-01-01,14:07,Clock Out,No Exception
3266,2025-01-02,08:43,Clock In,No Exception
3266,2025-01-02,18:28,Clock Out,No Exception
3266,2025-01-03,09:53,Clock In,No Exception
3266,2025-01-03,17:29,Clock Out,No Exception
3266,2025-01-06,07:49,Clock In,No Exception
3266,2025-01-06,16:37,Clock Out,No Exception
3266,2025-01-07,06:18,Clock In,No Exception
3266,2025-01-07,16:10,Clock Out,No Exception
3266,2025-01-08,07:39,Clock In,No Exception
3266,2025-01-08,15:13,Clock Out,No Exception
3266,2025-01-09,07:31,Clock In,No Exception
3266,2025-01-09,15:33,Clock Out,No Exception
3266,2025-01-10,08:24,Clock In,No Exception
3266,2025-01-10,17:22,Clock Out,No Exception
3266,2025-01-12,06:54,Clock In,No Exception
3266,2025-01-12,14:49,Clock Out,No Exception
3266,2025-01-13,08:37,Clock In,No Exception
3266,2025-01-13,16:11,Clock Out,No Exception
3266,2025-01-14,06:03,Clock In,No Exception
3266,2025-01-14,15:43,Clock Out,No Exception
3266,2025-01-15,07:56,Clock In,No Exception
3266,2025-01-15,17:04,Clock Out,No Exception
3266,2025-01-16,06:50,Clock In,No Exception
3266,2025-01-16,15:51,Clock Out,No Exception
3266,2025-01-17,07:54,Clock In,No Exception
3266,2025-01-17,15:38,Clock Out,No Exception
3266,2025-01-20,09:23,Clock In,No Exception
3266,2025-01-20,18:57,Clock Out,No Exception
3266,2025-01-21,08:30,Clock In,No Exception
3266,2025-01-21,17:38,Clock Out,No Exception
3266,2025-01-22,07:33,Clock In,No Exception
3266,2025-01-22,16:02,Clock Out,No Exception
3266,2025-01-23,07:28,Clock In,No Exception
3266,2025-01-23,14:59,Clock Out,No Exception
3266,2025-01-24,08:40,Clock In,No Exception
3266,2025-01-24,16:28,Clock Out,No Exception
3266,2025-01-27,08:41,Clock In,No Exception
3266,2025-01-27,16:45,Clock Out,No Exception
3266,2025-01-28,06:51,Clock In,No Exception
3266,2025-01-28,15:53,Clock Out,No Exception
3266,2025-01-29,06:32,Clock In,No Exception
3266,2025-01-29,14:51,Clock Out,No Exception
3266,2025-01-30,08:43,Clock In,No Exception
3266,2025-01-30,17:12,Clock Out,No Exception
3266,2025-01-31,09:38,Clock In,No Exception
3266,2025-01-31,19:15,Clock Out,No Exception
3266,2025-02-01,08:56,Clock In,No Exception
3266,2025-02-01,18:50,Clock Out,No Exception
3266,2025-02-03,07:15,Clock In,No Exception
3266,2025-02-03,17:00,Clock Out,No Exception
3266,2025-02-04,09:18,Clock In,No Exception
3266,2025-02-04,19:09,Clock Out,No Exception
3266,2025-02-05,09:01,Clock In,No Exception
3266,2025-02-05,18:10,Clock Out,No Exception
3266,2025-02-06,06:32,Clock In,No Exception
3266,2025-02-06,15:27,Clock Out,No Exception
3266,2025-02-07,09:00,Clock In,No Exception
3266,2025-02-07,18:24,Clock Out,No Exception
3266,2025-02-10,06:53,Clock In,No Exception
3266,2025-02-10,14:56,Clock Out,No Exception
3266,2025-02-11,09:14,Clock In,No Exception
3266,2025-02-11,18:53,Clock Out,No Exception
3266,2025-02-12,08:45,Clock In,No Exception
3266,2025-02-12,17:02,Clock Out,No Exception
3266,2025-02-13,08:25,Clock In,No Exception
3266,2025-02-13,16:15,Clock Out,No Exception
3266,2025-02-14,08:06,Clock In,No Exception
3266,2025-02-14,15:59,Clock Out,No Exception
3266,2025-02-17,08:28,Clock In,No Exception
3266,2025-02-17,16:45,Clock Out,No Exception
3266,2025-02-18,09:26,Clock In,No Exception
3266,2025-02-18,16:59,Clock Out,No Exception
3266,2025-02-19,09:53,Clock In,No Exception
3266,2025-02-19,18:12,Clock Out,No Exception
3266,2025-02-20,08:45,Clock In,No Exception
3266,2025-02-20,18:03,Clock Out,No Exception
3266,2025-02-21,08:01,Clock In,No Exception
3266,2025-02-21,16:14,Clock Out,No Exception
3266,2025-02-22,08:20,Clock In,No Exception
3266,2025-02-22,18:17,Clock Out,No Exception
3266,2025-02-24,06:05,Clock In,No Exception
3266,2025-02-24,14:53,Clock Out,No Exception
3266,2025-02-25,08:44,Clock In,No Exception
3266,2025-02-25,18:44,Clock Out,No Exception
3266,2025-02-26,09:52,Clock In,No Exception
3266,2025-02-26,17:31,Clock Out,No Exception
3266,2025-02-27,08:38,Clock In,No Exception
3266,2025-02-27,18:28,Clock Out,No Exception
3266,2025-02-28,06:16,Clock In,No Exception
3266,2025-02-28,14:22,Clock Out,No Exception
1038,2025-01-01,08:51,Clock In,No Exception
1038,2025-01-01,17:26,Clock Out,No Exception
1038,2025-01-02,06:07,Clock In,No Exception
1038,2025-01-02,14:07,Clock Out,No Exception
1038,2025-01-03,08:59,Clock In,No Exception
1038,2025-01-03,16:49,Clock Out,No Exception
1038,2025-01-05,08:20,Clock In,No Exception
1038,2025-01-05,16:14,Clock Out,No Exception
1038,2025-01-06,06:12,Clock In,No Exception
1038,2025-01-06,15:08,Clock Out,No Exception
1038,2025-01-07,08:08,Clock In,No Exception
1038,2025-01-07,15:55,Clock Out,No Exception
1038,2025-01-08,07:19,Clock In,No Exception
1038,2025-01-08,16:21,Clock Out,No Exception
1038,2025-01-09,06:30,Clock In,No Exception
1038,2025-01-09,15:41,Clock Out,No Exception
1038,2025-01-10,07:38,Clock In,No Exception
1038,2025-01-10,17:36,Clock Out,No Exception
1038,2025-01-13,07:18,Clock In,No Exception
1038,2025-01-13,14:57,Clock Out,No Exception
1038,2025-01-14,08:22,Clock In,No Exception
1038,2025-01-14,17:49,Clock Out,No Exception
1038,2025-01-15,07:18,Clock In,No Exception
1038,2025-01-15,16:46,Clock Out,No Exception
1038,2025-01-16,08:39,Clock In,No Exception
1038,2025-01-16,16:21,Clock Out,No Exception
1038,2025-01-17,09:34,Clock In,No Exception
1038,2025-01-17,18:42,Clock Out,No Exception
1038,2025-01-20,09:45,Clock In,No Exception
1038,2025-01-20,19:13,Clock Out,No Exception
1038,2025-01-21,08:06,Clock In,No Exception
1038,2025-01-21,17:10,Clock Out,No Exception
1038,2025-01-22,09:25,Clock In,No Exception
1038,2025-01-22,18:23,Clock Out,No Exception
1038,2025-01-23,09:37,Clock In,No Exception
1038,2025-01-23,17:10,Clock Out,No Exception
1038,2025-01-24,07:21,Clock In,No Exception
1038,2025-01-24,14:54,Clock Out,No Exception
1038,2025-01-27,07:34,Clock In,No Exception
1038,2025-01-27,17:18,Clock Out,No Exception
1038,2025-01-28,09:11,Clock In,No Exception
1038,2025-01-28,19:10,Clock Out,No Exception
1038,2025-01-29,09:23,Clock In,No Exception
1038,2025-01-29,18:30,Clock Out,No Exception
1038,2025-01-30,07:50,Clock In,No Exception
1038,2025-01-30,16:04,Clock Out,No Exception
1038,2025-01-31,08:57,Clock In,No Exception
1038,2025-01-31,17:37,Clock Out,No Exception
1038,2025-02-03,08:28,Clock In,No Exception
1038,2025-02-03,18:20,Clock Out,No Exception
1038,2025-02-04,07:11,Clock In,No Exception
1038,2025-02-04,16:52,Clock Out,No Exception
1038,2025-02-05,06:22,Clock In,No Exception
1038,2025-02-05,15:31,Clock Out,No Exception
1038,2025-02-06,08:35,Clock In,No Exception
1038,2025-02-06,16:09,Clock Out,No Exception
1038,2025-02-07,09:21,Clock In,No Exception
1038,2025-02-07,17:17,Clock Out,No Exception
1038,2025-02-09,09:11,Clock In,No Exception
1038,2025-02-09,17:11,Clock Out,No Exception
1038,2025-02-10,08:59,Clock In,No Exception
1038,2025-02-10,18:14,Clock Out,No Exception
1038,2025-02-11,07:13,Clock In,No Exception
1038,2025-02-11,15:10,Clock Out,No Exception
1038,2025-02-12,08:15,Clock In,No Exception
1038,2025-02-12,16:02,Clock Out,No Exception
1038,2025-02-13,08:25,Clock In,No Exception
1038,2025-02-13,17:38,Clock Out,No Exception
1038,2025-02-14,09:56,Clock In,No Exception
1038,2025-02-14,18:44,Clock Out,No Exception
1038,2025-02-17,06:48,Clock In,No Exception
1038,2025-02-17,16:36,Clock Out,No Exception
1038,2025-02-18,09:14,Clock In,No Exception
1038,2025-02-18,17:05,Clock Out,No Exception
1038,2025-02-19,07:59,Clock In,No Exception
1038,2025-02-19,15:32,Clock Out,No Exception
1038,2025-02-20,09:56,Clock In,No Exception
1038,2025-02-20,19:18,Clock Out,No Exception
1038,2025-02-21,09:21,Clock In,No Exception
1038,2025-02-21,18:06,Clock Out,No Exception
1038,2025-02-24,09:22,Clock In,No Exception
1038,2025-02-24,18:35,Clock Out,No Exception
1038,2025-02-25,07:06,Clock In,No Exception
1038,2025-02-25,14:50,Clock Out,No Exception
1038,2025-02-26,08:20,Clock In,No Exception
1038,2025-02-26,17:37,Clock Out,No Exception
1038,2025-02-27,07:33,Clock In,No Exception
1038,2025-02-27,16:13,Clock Out,No Exception
1038,2025-02-28,07:16,Clock In,No Exception
1038,2025-02-28,16:02,Clock Out,No Exception
3384,2025-01-01,07:15,Clock In,No Exception
3384,2025-01-01,15:33,Clock Out,No Exception
3384,2025-01-02,08:27,Clock In,No Exception
3384,2025-01-02,16:15,Clock Out,No Exception
3384,2025-01-03,09:52,Clock In,No Exception
3384,2025-01-03,18:27,Clock Out,No Exception
3384,2025-01-04,07:13,Clock In,No Exception
3384,2025-01-04,15:05,Clock Out,No Exception
3384,2025-01-06,06:07,Clock In,No Exception
3384,2025-01-06,15:23,Clock Out,No Exception
3384,2025-01-07,06:28,Clock In,No Exception
3384,2025-01-07,14:30,Clock Out,No Exception
3384,2025-01-08,09:20,Clock In,No Exception
3384,2025-01-08,19:14,Clock Out,No Exception
3384,2025-01-09,06:35,Clock In,No Exception
3384,2025-01-09,15:50,Clock Out,No Exception
3384,2025-01-10,06:58,Clock In,No Exception
3384,2025-01-10,16:14,Clock Out,No Exception
3384,2025-01-13,07:55,Clock In,No Exception
3384,2025-01-13,15:41,Clock Out,No Exception
3384,2025-01-14,09:14,Clock In,No Exception
3384,2025-01-14,18:51,Clock Out,No Exception
3384,2025-01-15,07:07,Clock In,No Exception
3384,2025-01-15,15:55,Clock Out,No Exception
3384,2025-01-16,09:57,Clock In,No Exception
3384,2025-01-16,17:43,Clock Out,No Exception
3384,2025-01-17,09:14,Clock In,No Exception
3384,2025-01-17,17:00,Clock Out,No Exception
3384,2025-01-20,06:50,Clock In,No Exception
3384,2025-01-20,16:01,Clock Out,No Exception
3384,2025-01-21,09:22,Clock In,No Exception
3384,2025-01-21,18:01,Clock Out,No Exception
3384,2025-01-22,08:09,Clock In,No Exception
3384,2025-01-22,16:43,Clock Out,No Exception
3384,2025-01-23,09:58,Clock In,No Exception
3384,2025-01-23,19:29,Clock Out,No Exception
3384,2025-01-24,08:09,Clock In,No Exception
3384,2025-01-24,18:04,Clock Out,No Exception
3384,2025-01-27,07:06,Clock In,No Exception
3384,2025-01-27,15:46,Clock Out,No Exception
3384,2025-01-28,07:01,Clock In,No Exception
3384,2025-01-28,15:18,Clock Out,No Exception
3384,2025-01-29,06:01,Clock In,No Exception
3384,2025-01-29,14:07,Clock Out,No Exception
3384,2025-01-30,09:46,Clock In,No Exception
3384,2025-01-30,17:55,Clock Out,No Exception
3384,2025-01-31,06:03,Clock In,No Exception
3384,2025-01-31,14:47,Clock Out,No Exception
3384,2025-02-01,09:44,Clock In,No Exception
3384,2025-02-01,17:42,Clock Out,No Exception
3384,2025-02-03,07:55,Clock In,No Exception
3384,2025-02-03,16:08,Clock Out,No Exception
3384,2025-02-04,06:49,Clock In,No Exception
3384,2025-02-04,14:43,Clock Out,No Exception
3384,2025-02-05,08:26,Clock In,No Exception
3384,2025-02-05,16:39,Clock Out,No Exception
3384,2025-02-06,08:26,Clock In,No Exception
3384,2025-02-06,16:59,Clock Out,No Exception
3384,2025-02-07,06:56,Clock In,No Exception
3384,2025-02-07,15:09,Clock Out,No Exception
3384,2025-02-08,06:28,Clock In,No Exception
3384,2025-02-08,14:46,Clock Out,No Exception
3384,2025-02-10,08:26,Clock In,No Exception
3384,2025-02-10,16:21,Clock Out,No Exception
3384,2025-02-11,06:59,Clock In,No Exception
3384,2025-02-11,16:12,Clock Out,No Exception
3384,2025-02-12,07:24,Clock In,No Exception
3384,2025-02-12,16:27,Clock Out,No Exception
3384,2025-02-13,06:52,Clock In,No Exception
3384,2025-02-13,14:51,Clock Out,No Exception
3384,2025-02-14,06:51,Clock In,No Exception
3384,2025-02-14,15:06,Clock Out,No Exception
3384,2025-02-15,09:24,Clock In,No Exception
3384,2025-02-15,18:11,Clock Out,No Exception
3384,2025-02-16,07:36,Clock In,No Exception
3384,2025-02-16,17:15,Clock Out,No Exception
3384,2025-02-17,09:09,Clock In,No Exception
3384,2025-02-17,17:15,Clock Out,No Exception
3384,2025-02-18,09:29,Clock In,No Exception
3384,2025-02-18,19:26,Clock Out,No Exception
3384,2025-02-19,06:45,Clock In,No Exception
3384,2025-02-19,16:17,Clock Out,No Exception
3384,2025-02-20,08:15,Clock In,No Exception
3384,2025-02-20,17:40,Clock Out,No Exception
3384,2025-02-21,08:32,Clock In,No Exception
3384,2025-02-21,16:46,Clock Out,No Exception
3384,2025-02-22,06:46,Clock In,No Exception
3384,2025-02-22,14:37,Clock Out,No Exception
3384,2025-02-24,08:08,Clock In,No Exception
3384,2025-02-24,16:44,Clock Out,No Exception
3384,2025-02-25,06:43,Clock In,No Exception
3384,2025-02-25,15:46,Clock Out,No Exception
3384,2025-02-26,08:28,Clock In,No Exception
3384,2025-02-26,17:18,Clock Out,No Exception
3384,2025-02-27,06:15,Clock In,No Exception
3384,2025-02-27,14:53,Clock Out,No Exception
3384,2025-02-28,08:38,Clock In,No Exception
3384,2025-02-28,16:49,Clock Out,No Exception
2645,2025-01-01,06:53,Clock In,No Exception
2645,2025-01-01,14:32,Clock Out,No Exception
2645,2025-01-02,06:34,Clock In,No Exception
2645,2025-01-02,16:13,Clock Out,No Exception
2645,2025-01-03,06:02,Clock In,No Exception
2645,2025-01-03,16:02,Clock Out,No Exception
2645,2025-01-05,07:24,Clock In,No Exception
2645,2025-01-05,15:57,Clock Out,No Exception
2645,2025-01-06,07:48,Clock In,No Exception
2645,2025-01-06,16:45,Clock Out,No Exception
2645,2025-01-07,09:27,Clock In,No Exception
2645,2025-01-07,16:59,Clock Out,No Exception
2645,2025-01-08,06:38,Clock In,No Exception
2645,2025-01-08,14:43,Clock Out,No Exception
2645,2025-01-09,07:02,Clock In,No Exception
2645,2025-01-09,16:24,Clock Out,No Exception
2645,2025-01-10,07:31,Clock In,No Exception
2645,2025-01-10,17:26,Clock Out,No Exception
2645,2025-01-12,07:14,Clock In,No Exception
2645,2025-01-12,15:39,Clock Out,No Exception
2645,2025-01-13,09:19,Clock In,No Exception
2645,2025-01-13,17:08,Clock Out,No Exception
2645,2025-01-14,06:40,Clock In,No Exception
2645,2025-01-14,16:02,Clock Out,No Exception
2645,2025-01-15,08:15,Clock In,No Exception
2645,2025-01-15,16:40,Clock Out,No Exception
2645,2025-01-16,09:44,Clock In,No Exception
2645,2025-01-16,18:32,Clock Out,No Exception
2645,2025-01-17,09:07,Clock In,No Exception
2645,2025-01-17,18:48,Clock Out,No Exception
2645,2025-01-20,06:57,Clock In,No Exception
2645,2025-01-20,16:41,Clock Out,No Exception
2645,2025-01-21,09:03,Clock In,No Exception
2645,2025-01-21,17:01,Clock Out,No Exception
2645,2025-01-22,06:41,Clock In,No Exception
2645,2025-01-22,15:56,Clock Out,No Exception
2645,2025-01-23,09:24,Clock In,No Exception
2645,2025-01-23,18:04,Clock Out,No Exception
2645,2025-01-24,08:10,Clock In,No Exception
2645,2025-01-24,16:33,Clock Out,No Exception
2645,2025-01-25,07:50,Clock In,No Exception
2645,2025-01-25,15:31,Clock Out,No Exception
2645,2025-01-27,07:57,Clock In,No Exception
2645,2025-01-27,17:15,Clock Out,No Exception
2645,2025-01-28,07:49,Clock In,No Exception
2645,2025-01-28,16:25,Clock Out,No Exception
2645,2025-01-29,07:55,Clock In,No Exception
2645,2025-01-29,15:54,Clock Out,No Exception
2645,2025-01-30,07:48,Clock In,No Exception
2645,2025-01-30,16:29,Clock Out,No Exception
2645,2025-01-31,08:14,Clock In,No Exception
2645,2025-01-31,17:28,Clock Out,No Exception
2645,2025-02-01,07:46,Clock In,No Exception
2645,2025-02-01,15:53,Clock Out,No Exception
2645,2025-02-03,06:42,Clock In,No Exception
2645,2025-02-03,15:16,Clock Out,No Exception
2645,2025-02-04,06:20,Clock In,No Exception
2645,2025-02-04,15:48,Clock Out,No Exception
2645,2025-02-05,08:52,Clock In,No Exception
2645,2025-02-05,18:14,Clock Out,No Exception
2645,2025-02-06,07:41,Clock In,No Exception
2645,2025-02-06,17:27,Clock Out,No Exception
2645,2025-02-07,06:20,Clock In,No Exception
2645,2025-02-07,14:04,Clock Out,No Exception
2645,2025-02-10,08:38,Clock In,No Exception
2645,2025-02-10,16:25,Clock Out,No Exception
2645,2025-02-11,06:32,Clock In,No Exception
2645,2025-02-11,15:38,Clock Out,No Exception
2645,2025-02-12,07:47,Clock In,No Exception
2645,2025-02-12,15:46,Clock Out,No Exception
2645,2025-02-13,07:07,Clock In,No Exception
2645,2025-02-13,14:54,Clock Out,No Exception
2645,2025-02-14,09:34,Clock In,No Exception
2645,2025-02-14,17:52,Clock Out,No Exception
2645,2025-02-17,08:36,Clock In,No Exception
2645,2025-02-17,16:32,Clock Out,No Exception
2645,2025-02-18,07:12,Clock In,No Exception
2645,2025-02-18,16:26,Clock Out,No Exception
2645,2025-02-19,09:24,Clock In,No Exception
2645,2025-02-19,17:09,Clock Out,No Exception
2645,2025-02-20,06:13,Clock In,No Exception
2645,2025-02-20,15:29,Clock Out,No Exception
2645,2025-02-21,08:48,Clock In,No Exception
2645,2025-02-21,18:10,Clock Out,No Exception
2645,2025-02-22,08:09,Clock In,No Exception
2645,2025-02-22,17:14,Clock Out,No Exception
2645,2025-02-24,08:40,Clock In,No Exception
2645,2025-02-24,17:22,Clock Out,No Exception
2645,2025-02-25,06:02,Clock In,No Exception
2645,2025-02-25,14:22,Clock Out,No Exception
2645,2025-02-26,08:19,Clock In,No Exception
2645,2025-02-26,17:58,Clock Out,No Exception
2645,2025-02-27,08:34,Clock In,No Exception
2645,2025-02-27,17:45,Clock Out,No Exception
2645,2025-02-28,06:24,Clock In,No Exception
2645,2025-02-28,14:16,Clock Out,No Exception
3742,2025-01-01,07:20,Clock In,No Exception
3742,2025-01-01,15:52,Clock Out,No Exception
3742,2025-01-02,07:05,Clock In,No Exception
3742,2025-01-02,15:07,Clock Out,No Exception
3742,2025-01-03,09:43,Clock In,No Exception
3742,2025-01-03,19:20,Clock Out,No Exception
3742,2025-01-06,06:36,Clock In,No Exception
3742,2025-01-06,15:13,Clock Out,No Exception
3742,2025-01-07,06:34,Clock In,No Exception
3742,2025-01-07,14:39,Clock Out,No Exception
3742,2025-01-08,06:44,Clock In,No Exception
3742,2025-01-08,16:11,Clock Out,No Exception
3742,2025-01-09,07:31,Clock In,No Exception
3742,2025-01-09,16:45,Clock Out,No Exception
3742,2025-01-10,06:26,Clock In,No Exception
3742,2025-01-10,14:52,Clock Out,No Exception
3742,2025-01-12,08:25,Clock In,No Exception
3742,2025-01-12,18:19,Clock Out,No Exception
3742,2025-01-13,06:03,Clock In,No Exception
3742,2025-01-13,15:13,Clock Out,No Exception
3742,2025-01-14,08:41,Clock In,No Exception
3742,2025-01-14,16:31,Clock Out,No Exception
3742,2025-01-15,08:24,Clock In,No Exception
3742,2025-01-15,16:18,Clock Out,No Exception
3742,2025-01-16,09:53,Clock In,No Exception
3742,2025-01-16,19:14,Clock Out,No Exception
3742,2025-01-17,06:12,Clock In,No Exception
3742,2025-01-17,13:47,Clock Out,No Exception
3742,2025-01-20,08:47,Clock In,No Exception
3742,2025-01-20,16:45,Clock Out,No Exception
3742,2025-01-21,09:34,Clock In,No Exception
3742,2025-01-21,18:15,Clock Out,No Exception
3742,2025-01-22,06:46,Clock In,No Exception
3742,2025-01-22,15:38,Clock Out,No Exception
3742,2025-01-23,09:23,Clock In,No Exception
3742,2025-01-23,17:45,Clock Out,No Exception
3742,2025-01-24,08:53,Clock In,No Exception
3742,2025-01-24,16:26,Clock Out,No Exception
3742,2025-01-27,07:37,Clock In,No Exception
3742,2025-01-27,16:13,Clock Out,No Exception
3742,2025-01-28,07:34,Clock In,No Exception
3742,2025-01-28,16:31,Clock Out,No Exception
3742,2025-01-29,09:57,Clock In,No Exception
3742,2025-01-29,18:56,Clock Out,No Exception
3742,2025-01-30,09:27,Clock In,No Exception
3742,2025-01-30,17:11,Clock Out,No Exception
3742,2025-01-31,07:41,Clock In,No Exception
3742,2025-01-31,16:35,Clock Out,No Exception
3742,2025-02-03,06:10,Clock In,No Exception
3742,2025-02-03,15:51,Clock Out,No Exception
3742,2025-02-04,06:33,Clock In,No Exception
3742,2025-02-04,15:47,Clock Out,No Exception
3742,2025-02-05,07:22,Clock In,No Exception
3742,2025-02-05,16:01,Clock Out,No Exception
3742,2025-02-06,08:27,Clock In,No Exception
3742,2025-02-06,17:54,Clock Out,No Exception
3742,2025-02-07,08:45,Clock In,No Exception
3742,2025-02-07,16:29,Clock Out,No Exception
3742,2025-02-08,09:29,Clock In,No Exception
3742,2025-02-08,17:53,Clock Out,No Exception
3742,2025-02-10,06:47,Clock In,No Exception
3742,2025-02-10,14:39,Clock Out,No Exception
3742,2025-02-11,09:14,Clock In,No Exception
3742,2025-02-11,17:24,Clock Out,No Exception
3742,2025-02-12,06:18,Clock In,No Exception
3742,2025-02-12,15:31,Clock Out,No Exception
3742,2025-02-13,08:09,Clock In,No Exception
3742,2025-02-13,18:02,Clock Out,No Exception
3742,2025-02-14,09:06,Clock In,No Exception
3742,2025-02-14,16:57,Clock Out,No Exception
3742,2025-02-16,07:37,Clock In,No Exception
3742,2025-02-16,15:14,Clock Out,No Exception
3742,2025-02-17,09:13,Clock In,No Exception
3742,2025-02-17,18:02,Clock Out,No Exception
3742,2025-02-18,08:51,Clock In,No Exception
3742,2025-02-18,17:14,Clock Out,No Exception
3742,2025-02-19,08:26,Clock In,No Exception
3742,2025-02-19,17:43,Clock Out,No Exception
3742,2025-02-20,06:09,Clock In,No Exception
3742,2025-02-20,13:47,Clock Out,No Exception
3742,2025-02-21,06:24,Clock In,No Exception
3742,2025-02-21,14:17,Clock Out,No Exception
3742,2025-02-24,07:26,Clock In,No Exception
3742,2025-02-24,16:06,Clock Out,No Exception
3742,2025-02-25,08:56,Clock In,No Exception
3742,2025-02-25,17:32,Clock Out,No Exception
3742,2025-02-26,08:18,Clock In,No Exception
3742,2025-02-26,17:35,Clock Out,No Exception
3742,2025-02-27,06:32,Clock In,No Exception
3742,2025-02-27,14:31,Clock Out,No Exception
3742,2025-02-28,06:48,Clock In,No Exception
3742,2025-02-28,14:22,Clock Out,No Exception
2548,2025-01-01,09:15,Clock In,No Exception
2548,2025-01-01,17:32,Clock Out,No Exception
2548,2025-01-02,08:16,Clock In,No Exception
2548,2025-01-02,17:33,Clock Out,No Exception
2548,2025-01-03,07:40,Clock In,No Exception
2548,2025-01-03,17:17,Clock Out,No Exception
2548,2025-01-06,07:16,Clock In,No Exception
2548,2025-01-06,16:57,Clock Out,No Exception
2548,2025-01-07,08:48,Clock In,No Exception
2548,2025-01-07,17:42,Clock Out,No Exception
2548,2025-01-08,09:40,Clock In,No Exception
2548,2025-01-08,18:55,Clock Out,No Exception
2548,2025-01-09,08:02,Clock In,No Exception
2548,2025-01-09,17:44,Clock Out,No Exception
2548,2025-01-10,08:45,Clock In,No Exception
2548,2025-01-10,18:16,Clock Out,No Exception
2548,2025-01-13,07:56,Clock In,No Exception
2548,2025-01-13,16:47,Clock Out,No Exception
2548,2025-01-14,09:40,Clock In,No Exception
2548,2025-01-14,19:17,Clock Out,No Exception
2548,2025-01-15,07:43,Clock In,No Exception
2548,2025-01-15,15:35,Clock Out,No Exception
2548,2025-01-16,06:54,Clock In,No Exception
2548,2025-01-16,16:48,Clock Out,No Exception
2548,2025-01-17,06:07,Clock In,No Exception
2548,2025-01-17,14:47,Clock Out,No Exception
2548,2025-01-20,09:53,Clock In,No Exception
2548,2025-01-20,17:31,Clock Out,No Exception
2548,2025-01-21,08:52,Clock In,No Exception
2548,2025-01-21,17:40,Clock Out,No Exception
2548,2025-01-22,07:22,Clock In,No Exception
2548,2025-01-22,15:30,Clock Out,No Exception
2548,2025-01-23,07:44,Clock In,No Exception
2548,2025-01-23,15:47,Clock Out,No Exception
2548,2025-01-24,06:29,Clock In,No Exception
2548,2025-01-24,14:51,Clock Out,No Exception
2548,2025-01-27,08:26,Clock In,No Exception
2548,2025-01-27,16:28,Clock Out,No Exception
2548,2025-01-28,09:15,Clock In,No Exception
2548,2025-01-28,18:03,Clock Out,No Exception
2548,2025-01-29,08:26,Clock In,No Exception
2548,2025-01-29,17:43,Clock Out,No Exception
2548,2025-01-30,06:24,Clock In,No Exception
2548,2025-01-30,15:08,Clock Out,No Exception
2548,2025-01-31,07:20,Clock In,No Exception
2548,2025-01-31,17:18,Clock Out,No Exception
2548,2025-02-01,07:23,Clock In,No Exception
2548,2025-02-01,15:51,Clock Out,No Exception
2548,2025-02-02,06:10,Clock In,No Exception
2548,2025-02-02,15:17,Clock Out,No Exception
2548,2025-02-03,09:26,Clock In,No Exception
2548,2025-02-03,19:03,Clock Out,No Exception
2548,2025-02-04,08:52,Clock In,No Exception
2548,2025-02-04,18:39,Clock Out,No Exception
2548,2025-02-05,09:42,Clock In,No Exception
2548,2025-02-05,18:32,Clock Out,No Exception
2548,2025-02-06,07:01,Clock In,No Exception
2548,2025-02-06,16:37,Clock Out,No Exception
2548,2025-02-07,07:18,Clock In,No Exception
2548,2025-02-07,16:10,Clock Out,No Exception
2548,2025-02-09,07:06,Clock In,No Exception
2548,2025-02-09,14:50,Clock Out,No Exception
2548,2025-02-10,08:04,Clock In,No Exception
2548,2025-02-10,17:43,Clock Out,No Exception
2548,2025-02-11,07:16,Clock In,No Exception
2548,2025-02-11,17:09,Clock Out,No Exception
2548,2025-02-12,06:16,Clock In,No Exception
2548,2025-02-12,14:58,Clock Out,No Exception
2548,2025-02-13,09:18,Clock In,No Exception
2548,2025-02-13,17:10,Clock Out,No Exception
2548,2025-02-14,09:09,Clock In,No Exception
2548,2025-02-14,17:29,Clock Out,No Exception
2548,2025-02-17,06:15,Clock In,No Exception
2548,2025-02-17,15:47,Clock Out,No Exception
2548,2025-02-18,07:57,Clock In,No Exception
2548,2025-02-18,15:48,Clock Out,No Exception
2548,2025-02-19,07:22,Clock In,No Exception
2548,2025-02-19,15:46,Clock Out,No Exception
2548,2025-02-20,07:28,Clock In,No Exception
2548,2025-02-20,15:45,Clock Out,No Exception
2548,2025-02-21,08:39,Clock In,No Exception
2548,2025-02-21,16:12,Clock Out,No Exception
2548,2025-02-24,08:36,Clock In,No Exception
2548,2025-02-24,16:24,Clock Out,No Exception
2548,2025-02-25,08:55,Clock In,No Exception
2548,2025-02-25,17:02,Clock Out,No Exception
2548,2025-02-26,09:08,Clock In,No Exception
2548,2025-02-26,17:27,Clock Out,No Exception
2548,2025-02-27,06:17,Clock In,No Exception
2548,2025-02-27,16:08,Clock Out,No Exception
2548,2025-02-28,07:00,Clock In,No Exception
2548,2025-02-28,14:32,Clock Out,No Exception
2548,2025-03-01,07:45,Clock In,No Exception
2548,2025-03-01,17:10,Clock Out,No Exception
1227,2025-01-01,09:42,Clock In,No Exception
1227,2025-01-01,17:16,Clock Out,No Exception
1227,2025-01-02,06:19,Clock In,No Exception
1227,2025-01-02,15:39,Clock Out,No Exception
1227,2025-01-03,08:29,Clock In,No Exception
1227,2025-01-03,16:57,Clock Out,No Exception
1227,2025-01-06,08:24,Clock In,No Exception
1227,2025-01-06,16:17,Clock Out,No Exception
1227,2025-01-07,07:25,Clock In,No Exception
1227,2025-01-07,15:22,Clock Out,No Exception
1227,2025-01-08,09:17,Clock In,No Exception
1227,2025-01-08,17:28,Clock Out,No Exception
1227,2025-01-09,09:56,Clock In,No Exception
1227,2025-01-09,17:44,Clock Out,No Exception
1227,2025-01-10,08:55,Clock In,No Exception
1227,2025-01-10,16:50,Clock Out,No Exception
1227,2025-01-11,09:57,Clock In,No Exception
1227,2025-01-11,19:04,Clock Out,No Exception
1227,2025-01-13,06:54,Clock In,No Exception
1227,2025-01-13,16:52,Clock Out,No Exception
1227,2025-01-14,07:04,Clock In,No Exception
1227,2025-01-14,15:18,Clock Out,No Exception
1227,2025-01-15,08:36,Clock In,No Exception
1227,2025-01-15,16:42,Clock Out,No Exception
1227,2025-01-16,09:42,Clock In,No Exception
1227,2025-01-16,19:23,Clock Out,No Exception
1227,2025-01-17,08:16,Clock In,No Exception
1227,2025-01-17,15:50,Clock Out,No Exception
1227,2025-01-20,09:48,Clock In,No Exception
1227,2025-01-20,18:58,Clock Out,No Exception
1227,2025-01-21,08:32,Clock In,No Exception
1227,2025-01-21,17:36,Clock Out,No Exception
1227,2025-01-22,07:13,Clock In,No Exception
1227,2025-01-22,16:24,Clock Out,No Exception
1227,2025-01-23,06:37,Clock In,No Exception
1227,2025-01-23,15:21,Clock Out,No Exception
1227,2025-01-24,09:24,Clock In,No Exception
1227,2025-01-24,17:55,Clock Out,No Exception
1227,2025-01-27,07:14,Clock In,No Exception
1227,2025-01-27,17:10,Clock Out,No Exception
1227,2025-01-28,07:39,Clock In,No Exception
1227,2025-01-28,15:30,Clock Out,No Exception
1227,2025-01-29,09:36,Clock In,No Exception
1227,2025-01-29,17:33,Clock Out,No Exception
1227,2025-01-30,07:52,Clock In,No Exception
1227,2025-01-30,16:59,Clock Out,No Exception
1227,2025-01-31,09:07,Clock In,No Exception
1227,2025-01-31,17:14,Clock Out,No Exception
1227,2025-02-03,06:17,Clock In,No Exception
1227,2025-02-03,14:51,Clock Out,No Exception
1227,2025-02-04,07:33,Clock In,No Exception
1227,2025-02-04,16:47,Clock Out,No Exception
1227,2025-02-05,07:25,Clock In,No Exception
1227,2025-02-05,15:03,Clock Out,No Exception
1227,2025-02-06,06:30,Clock In,No Exception
1227,2025-02-06,15:31,Clock Out,No Exception
1227,2025-02-07,07:26,Clock In,No Exception
1227,2025-02-07,16:00,Clock Out,No Exception
1227,2025-02-10,08:45,Clock In,No Exception
1227,2025-02-10,17:06,Clock Out,No Exception
1227,2025-02-11,09:56,Clock In,No Exception
1227,2025-02-11,18:31,Clock Out,No Exception
1227,2025-02-12,08:53,Clock In,No Exception
1227,2025-02-12,16:26,Clock Out,No Exception
1227,2025-02-13,08:38,Clock In,No Exception
1227,2025-02-13,17:59,Clock Out,No Exception
1227,2025-02-14,09:50,Clock In,No Exception
1227,2025-02-14,19:10,Clock Out,No Exception
1227,2025-02-17,08:15,Clock In,No Exception
1227,2025-02-17,16:48,Clock Out,No Exception
1227,2025-02-18,08:07,Clock In,No Exception
1227,2025-02-18,17:49,Clock Out,No Exception
1227,2025-02-19,07:03,Clock In,No Exception
1227,2025-02-19,14:47,Clock Out,No Exception
1227,2025-02-20,07:53,Clock In,No Exception
1227,2025-02-20,17:29,Clock Out,No Exception
1227,2025-02-21,06:26,Clock In,No Exception
1227,2025-02-21,14:47,Clock Out,No Exception
1227,2025-02-24,08:35,Clock In,No Exception
1227,2025-02-24,16:12,Clock Out,No Exception
1227,2025-02-25,06:52,Clock In,No Exception
1227,2025-02-25,16:32,Clock Out,No Exception
1227,2025-02-26,07:31,Clock In,No Exception
1227,2025-02-26,16:18,Clock Out,No Exception
1227,2025-02-27,06:09,Clock In,No Exception
1227,2025-02-27,14:20,Clock Out,No Exception
1227,2025-02-28,09:18,Clock In,No Exception
1227,2025-02-28,18:34,Clock Out,No Exception
3938,2025-01-01,09:39,Clock In,No Exception
3938,2025-01-01,17:47,Clock Out,No Exception
3938,2025-01-02,09:16,Clock In,No Exception
3938,2025-01-02,16:53,Clock Out,No Exception
3938,2025-01-03,07:16,Clock In,No Exception
3938,2025-01-03,15:58,Clock Out,No Exception
3938,2025-01-06,06:18,Clock In,No Exception
3938,2025-01-06,16:18,Clock Out,No Exception
3938,2025-01-07,09:02,Clock In,No Exception
3938,2025-01-07,16:40,Clock Out,No Exception
3938,2025-01-08,08:05,Clock In,No Exception
3938,2025-01-08,17:32,Clock Out,No Exception
3938,2025-01-09,07:14,Clock In,No Exception
3938,2025-01-09,16:25,Clock Out,No Exception
3938,2025-01-10,07:28,Clock In,No Exception
3938,2025-01-10,15:28,Clock Out,No Exception
3938,2025-01-12,06:10,Clock In,No Exception
3938,2025-01-12,15:22,Clock Out,No Exception
3938,2025-01-13,08:17,Clock In,No Exception
3938,2025-01-13,17:51,Clock Out,No Exception
3938,2025-01-14,08:30,Clock In,No Exception
3938,2025-01-14,16:18,Clock Out,No Exception
3938,2025-01-15,09:16,Clock In,No Exception
3938,2025-01-15,18:21,Clock Out,No Exception
3938,2025-01-16,09:30,Clock In,No Exception
3938,2025-01-16,17:32,Clock Out,No Exception
3938,2025-01-17,08:55,Clock In,No Exception
3938,2025-01-17,18:41,Clock Out,No Exception
3938,2025-01-19,07:44,Clock In,No Exception
3938,2025-01-19,17:15,Clock Out,No Exception
3938,2025-01-20,07:02,Clock In,No Exception
3938,2025-01-20,14:43,Clock Out,No Exception
3938,2025-01-21,06:32,Clock In,No Exception
3938,2025-01-21,16:16,Clock Out,No Exception
3938,2025-01-22,07:00,Clock In,No Exception
3938,2025-01-22,16:48,Clock Out,No Exception
3938,2025-01-23,06:10,Clock In,No Exception
3938,2025-01-23,16:10,Clock Out,No Exception
3938,2025-01-24,09:52,Clock In,No Exception
3938,2025-01-24,18:10,Clock Out,No Exception
3938,2025-01-27,08:05,Clock In,No Exception
3938,2025-01-27,16:20,Clock Out,No Exception
3938,2025-01-28,08:22,Clock In,No Exception
3938,2025-01-28,17:25,Clock Out,No Exception
3938,2025-01-29,09:27,Clock In,No Exception
3938,2025-01-29,16:58,Clock Out,No Exception
3938,2025-01-30,09:41,Clock In,No Exception
3938,2025-01-30,17:18,Clock Out,No Exception
3938,2025-01-31,07:24,Clock In,No Exception
3938,2025-01-31,16:48,Clock Out,No Exception
3938,2025-02-02,09:46,Clock In,No Exception
3938,2025-02-02,17:37,Clock Out,No Exception
3938,2025-02-03,09:05,Clock In,No Exception
3938,2025-02-03,16:47,Clock Out,No Exception
3938,2025-02-04,06:19,Clock In,No Exception
3938,2025-02-04,15:28,Clock Out,No Exception
3938,2025-02-05,06:30,Clock In,No Exception
3938,2025-02-05,16:30,Clock Out,No Exception
3938,2025-02-06,06:03,Clock In,No Exception
3938,2025-02-06,15:49,Clock Out,No Exception
3938,2025-02-07,07:08,Clock In,No Exception
3938,2025-02-07,16:28,Clock Out,No Exception
3938,2025-02-10,06:54,Clock In,No Exception
3938,2025-02-10,15:51,Clock Out,No Exception
3938,2025-02-11,08:31,Clock In,No Exception
3938,2025-02-11,18:05,Clock Out,No Exception
3938,2025-02-12,08:50,Clock In,No Exception
3938,2025-02-12,17:27,Clock Out,No Exception
3938,2025-02-13,07:30,Clock In,No Exception
3938,2025-02-13,15:04,Clock Out,No Exception
3938,2025-02-14,07:02,Clock In,No Exception
3938,2025-02-14,17:02,Clock Out,No Exception
3938,2025-02-17,06:39,Clock In,No Exception
3938,2025-02-17,14:21,Clock Out,No Exception
3938,2025-02-18,09:31,Clock In,No Exception
3938,2025-02-18,17:57,Clock Out,No Exception
3938,2025-02-19,08:12,Clock In,No Exception
3938,2025-02-19,17:47,Clock Out,No Exception
3938,2025-02-20,06:46,Clock In,No Exception
3938,2025-02-20,14:43,Clock Out,No Exception
3938,2025-02-21,07:29,Clock In,No Exception
3938,2025-02-21,16:18,Clock Out,No Exception
3938,2025-02-24,08:40,Clock In,No Exception
3938,2025-02-24,17:57,Clock Out,No Exception
3938,2025-02-25,09:35,Clock In,No Exception
3938,2025-02-25,18:57,Clock Out,No Exception
3938,2025-02-26,07:57,Clock In,No Exception
3938,2025-02-26,16:03,Clock Out,No Exception
3938,2025-02-27,08:49,Clock In,No Exception
3938,2025-02-27,17:35,Clock Out,No Exception
3938,2025-02-28,08:04,Clock In,No Exception
3938,2025-02-28,18:01,Clock Out,No Exception
3938,2025-03-01,09:29,Clock In,No Exception
3938,2025-03-01,18:22,Clock Out,No Exception
3076,2025-01-01,09:43,Clock In,No Exception
3076,2025-01-01,17:41,Clock Out,No Exception
3076,2025-01-02,08:50,Clock In,No Exception
3076,2025-01-02,16:27,Clock Out,No Exception
3076,2025-01-03,06:16,Clock In,No Exception
3076,2025-01-03,15:23,Clock Out,No Exception
3076,2025-01-04,08:11,Clock In,No Exception
3076,2025-01-04,16:18,Clock Out,No Exception
3076,2025-01-06,09:03,Clock In,No Exception
3076,2025-01-06,18:08,Clock Out,No Exception
3076,2025-01-07,08:59,Clock In,No Exception
3076,2025-01-07,18:06,Clock Out,No Exception
3076,2025-01-08,07:05,Clock In,No Exception
3076,2025-01-08,16:41,Clock Out,No Exception
3076,2025-01-09,06:45,Clock In,No Exception
3076,2025-01-09,16:28,Clock Out,No Exception
3076,2025-01-10,07:14,Clock In,No Exception
3076,2025-01-10,16:02,Clock Out,No Exception
3076,2025-01-13,07:45,Clock In,No Exception
3076,2025-01-13,15:17,Clock Out,No Exception
3076,2025-01-14,07:59,Clock In,No Exception
3076,2025-01-14,17:48,Clock Out,No Exception
3076,2025-01-15,09:51,Clock In,No Exception
3076,2025-01-15,18:26,Clock Out,No Exception
3076,2025-01-16,07:01,Clock In,No Exception
3076,2025-01-16,15:46,Clock Out,No Exception
3076,2025-01-17,07:34,Clock In,No Exception
3076,2025-01-17,16:36,Clock Out,No Exception
3076,2025-01-19,06:19,Clock In,No Exception
3076,2025-01-19,14:46,Clock Out,No Exception
3076,2025-01-20,08:28,Clock In,No Exception
3076,2025-01-20,16:51,Clock Out,No Exception
3076,2025-01-21,08:52,Clock In,No Exception
3076,2025-01-21,18:10,Clock Out,No Exception
3076,2025-01-22,09:48,Clock In,No Exception
3076,2025-01-22,17:34,Clock Out,No Exception
3076,2025-01-23,06:38,Clock In,No Exception
3076,2025-01-23,15:08,Clock Out,No Exception
3076,2025-01-24,09:13,Clock In,No Exception
3076,2025-01-24,19:13,Clock Out,No Exception
3076,2025-01-26,07:40,Clock In,No Exception
3076,2025-01-26,17:11,Clock Out,No Exception
3076,2025-01-27,06:37,Clock In,No Exception
3076,2025-01-27,15:24,Clock Out,No Exception
3076,2025-01-28,09:41,Clock In,No Exception
3076,2025-01-28,18:17,Clock Out,No Exception
3076,2025-01-29,08:16,Clock In,No Exception
3076,2025-01-29,16:18,Clock Out,No Exception
3076,2025-01-30,07:35,Clock In,No Exception
3076,2025-01-30,16:28,Clock Out,No Exception
3076,2025-01-31,06:14,Clock In,No Exception
3076,2025-01-31,14:06,Clock Out,No Exception
3076,2025-02-03,06:36,Clock In,No Exception
3076,2025-02-03,15:21,Clock Out,No Exception
3076,2025-02-04,09:23,Clock In,No Exception
3076,2025-02-04,18:43,Clock Out,No Exception
3076,2025-02-05,06:01,Clock In,No Exception
3076,2025-02-05,13:56,Clock Out,No Exception
3076,2025-02-06,06:00,Clock In,No Exception
3076,2025-02-06,13:30,Clock Out,No Exception
3076,2025-02-07,08:59,Clock In,No Exception
3076,2025-02-07,16:50,Clock Out,No Exception
3076,2025-02-10,08:41,Clock In,No Exception
3076,2025-02-10,16:34,Clock Out,No Exception
3076,2025-02-11,07:52,Clock In,No Exception
3076,2025-02-11,16:13,Clock Out,No Exception
3076,2025-02-12,07:07,Clock In,No Exception
3076,2025-02-12,16:12,Clock Out,No Exception
3076,2025-02-13,06:09,Clock In,No Exception
3076,2025-02-13,14:05,Clock Out,No Exception
3076,2025-02-14,06:47,Clock In,No Exception
3076,2025-02-14,15:46,Clock Out,No Exception
3076,2025-02-16,08:27,Clock In,No Exception
3076,2025-02-16,16:36,Clock Out,No Exception
3076,2025-02-17,07:22,Clock In,No Exception
3076,2025-02-17,17:10,Clock Out,No Exception
3076,2025-02-18,07:02,Clock In,No Exception
3076,2025-02-18,16:43,Clock Out,No Exception
3076,2025-02-19,08:09,Clock In,No Exception
3076,2025-02-19,16:45,Clock Out,No Exception
3076,2025-02-20,06:41,Clock In,No Exception
3076,2025-02-20,14:56,Clock Out,No Exception
3076,2025-02-21,09:05,Clock In,No Exception
3076,2025-02-21,17:34,Clock Out,No Exception
3076,2025-02-22,09:40,Clock In,No Exception
3076,2025-02-22,17:35,Clock Out,No Exception
3076,2025-02-24,06:52,Clock In,No Exception
3076,2025-02-24,14:41,Clock Out,No Exception
3076,2025-02-25,08:06,Clock In,No Exception
3076,2025-02-25,15:55,Clock Out,No Exception
3076,2025-02-26,08:21,Clock In,No Exception
3076,2025-02-26,17:57,Clock Out,No Exception
3076,2025-02-27,09:39,Clock In,No Exception
3076,2025-02-27,18:20,Clock Out,No Exception
3076,2025-02-28,07:19,Clock In,No Exception
3076,2025-02-28,16:46,Clock Out,No Exception
1526,2025-01-01,07:43,Clock In,No Exception
1526,2025-01-01,15:25,Clock Out,No Exception
1526,2025-01-02,08:48,Clock In,No Exception
1526,2025-01-02,16:26,Clock Out,No Exception
1526,2025-01-03,07:49,Clock In,No Exception
1526,2025-01-03,16:50,Clock Out,No Exception
1526,2025-01-05,07:08,Clock In,No Exception
1526,2025-01-05,16:02,Clock Out,No Exception
1526,2025-01-06,06:34,Clock In,No Exception
1526,2025-01-06,16:16,Clock Out,No Exception
1526,2025-01-07,06:37,Clock In,No Exception
1526,2025-01-07,14:56,Clock Out,No Exception
1526,2025-01-08,08:04,Clock In,No Exception
1526,2025-01-08,16:38,Clock Out,No Exception
1526,2025-01-09,09:09,Clock In,No Exception
1526,2025-01-09,17:36,Clock Out,No Exception
1526,2025-01-10,07:36,Clock In,No Exception
1526,2025-01-10,16:08,Clock Out,No Exception
1526,2025-01-13,06:12,Clock In,No Exception
1526,2025-01-13,15:36,Clock Out,No Exception
1526,2025-01-14,06:35,Clock In,No Exception
1526,2025-01-14,14:19,Clock Out,No Exception
1526,2025-01-15,07:27,Clock In,No Exception
1526,2025-01-15,16:54,Clock Out,No Exception
1526,2025-01-16,07:10,Clock In,No Exception
1526,2025-01-16,16:30,Clock Out,No Exception
1526,2025-01-17,07:56,Clock In,No Exception
1526,2025-01-17,17:43,Clock Out,No Exception
1526,2025-01-19,08:22,Clock In,No Exception
1526,2025-01-19,16:41,Clock Out,No Exception
1526,2025-01-20,09:00,Clock In,No Exception
1526,2025-01-20,17:20,Clock Out,No Exception
1526,2025-01-21,09:20,Clock In,No Exception
1526,2025-01-21,18:54,Clock Out,No Exception
1526,2025-01-22,09:52,Clock In,No Exception
1526,2025-01-22,18:59,Clock Out,No Exception
1526,2025-01-23,08:01,Clock In,No Exception
1526,2025-01-23,15:50,Clock Out,No Exception
1526,2025-01-24,07:22,Clock In,No Exception
1526,2025-01-24,14:59,Clock Out,No Exception
1526,2025-01-26,08:59,Clock In,No Exception
1526,2025-01-26,17:49,Clock Out,No Exception
1526,2025-01-27,07:56,Clock In,No Exception
1526,2025-01-27,15:53,Clock Out,No Exception
1526,2025-01-28,06:56,Clock In,No Exception
1526,2025-01-28,15:02,Clock Out,No Exception
1526,2025-01-29,09:52,Clock In,No Exception
1526,2025-01-29,19:00,Clock Out,No Exception
1526,2025-01-30,08:26,Clock In,No Exception
1526,2025-01-30,17:02,Clock Out,No Exception
1526,2025-01-31,07:32,Clock In,No Exception
1526,2025-01-31,17:17,Clock Out,No Exception
1526,2025-02-03,07:26,Clock In,No Exception
1526,2025-02-03,15:45,Clock Out,No Exception
1526,2025-02-04,06:39,Clock In,No Exception
1526,2025-02-04,15:18,Clock Out,No Exception
1526,2025-02-05,08:07,Clock In,No Exception
1526,2025-02-05,17:02,Clock Out,No Exception
1526,2025-02-06,06:26,Clock In,No Exception
1526,2025-02-06,14:18,Clock Out,No Exception
1526,2025-02-07,08:29,Clock In,No Exception
1526,2025-02-07,18:06,Clock Out,No Exception
1526,2025-02-10,07:53,Clock In,No Exception
1526,2025-02-10,15:57,Clock Out,No Exception
1526,2025-02-11,06:25,Clock In,No Exception
1526,2025-02-11,14:23,Clock Out,No Exception
1526,2025-02-12,06:03,Clock In,No Exception
1526,2025-02-12,14:18,Clock Out,No Exception
1526,2025-02-13,08:49,Clock In,No Exception
1526,2025-02-13,18:40,Clock Out,No Exception
1526,2025-02-14,07:34,Clock In,No Exception
1526,2025-02-14,16:17,Clock Out,No Exception
1526,2025-02-17,06:00,Clock In,No Exception
1526,2025-02-17,14:48,Clock Out,No Exception
1526,2025-02-18,06:36,Clock In,No Exception
1526,2025-02-18,15:35,Clock Out,No Exception
1526,2025-02-19,06:53,Clock In,No Exception
1526,2025-02-19,16:08,Clock Out,No Exception
1526,2025-02-20,07:17,Clock In,No Exception
1526,2025-02-20,15:42,Clock Out,No Exception
1526,2025-02-21,07:45,Clock In,No Exception
1526,2025-02-21,16:00,Clock Out,No Exception
1526,2025-02-23,08:10,Clock In,No Exception
1526,2025-02-23,16:28,Clock Out,No Exception
1526,2025-02-24,08:04,Clock In,No Exception
1526,2025-02-24,16:29,Clock Out,No Exception
1526,2025-02-25,07:12,Clock In,No Exception
1526,2025-02-25,15:28,Clock Out,No Exception
1526,2025-02-26,07:07,Clock In,No Exception
1526,2025-02-26,16:49,Clock Out,No Exception
1526,2025-02-27,08:22,Clock In,No Exception
1526,2025-02-27,17:22,Clock Out,No Exception
1526,2025-02-28,07:03,Clock In,No Exception
1526,2025-02-28,15:07,Clock Out,No Exception
2990,2025-01-01,06:43,Clock In,No Exception
2990,2025-01-01,15:15,Clock Out,No Exception
2990,2025-01-02,07:47,Clock In,No Exception
2990,2025-01-02,17:01,Clock Out,No Exception
2990,2025-01-03,09:01,Clock In,No Exception
2990,2025-01-03,18:51,Clock Out,No Exception
2990,2025-01-04,09:04,Clock In,No Exception
2990,2025-01-04,18:10,Clock Out,No Exception
2990,2025-01-05,09:03,Clock In,No Exception
2990,2025-01-05,17:31,Clock Out,No Exception
2990,2025-01-06,08:06,Clock In,No Exception
2990,2025-01-06,16:33,Clock Out,No Exception
2990,2025-01-07,08:11,Clock In,No Exception
2990,2025-01-07,17:11,Clock Out,No Exception
2990,2025-01-08,08:37,Clock In,No Exception
2990,2025-01-08,16:45,Clock Out,No Exception
2990,2025-01-09,06:50,Clock In,No Exception
2990,2025-01-09,14:45,Clock Out,No Exception
2990,2025-01-10,07:21,Clock In,No Exception
2990,2025-01-10,15:54,Clock Out,No Exception
2990,2025-01-12,07:49,Clock In,No Exception
2990,2025-01-12,17:38,Clock Out,No Exception
2990,2025-01-13,06:08,Clock In,No Exception
2990,2025-01-13,16:06,Clock Out,No Exception
2990,2025-01-14,06:43,Clock In,No Exception
2990,2025-01-14,16:14,Clock Out,No Exception
2990,2025-01-15,08:45,Clock In,Missing Clock Out
2990,2025-01-15,16:27,Clock Out,No Exception
2990,2025-01-16,06:44,Clock In,No Exception
2990,2025-01-16,14:25,Clock Out,No Exception
2990,2025-01-17,07:30,Clock In,No Exception
2990,2025-01-17,17:07,Clock Out,No Exception
2990,2025-01-20,07:49,Clock In,No Exception
2990,2025-01-20,17:01,Clock Out,No Exception
2990,2025-01-21,09:59,Clock In,No Exception
2990,2025-01-21,18:57,Clock Out,No Exception
2990,2025-01-22,08:50,Clock In,No Exception
2990,2025-01-22,17:21,Clock Out,No Exception
2990,2025-01-23,08:20,Clock In,No Exception
2990,2025-01-23,16:53,Clock Out,No Exception
2990,2025-01-24,06:28,Clock In,No Exception
2990,2025-01-24,14:28,Clock Out,No Exception
2990,2025-01-27,07:24,Clock In,No Exception
2990,2025-01-27,15:03,Clock Out,No Exception
2990,2025-01-28,09:03,Clock In,No Exception
2990,2025-01-28,18:43,Clock Out,No Exception
2990,2025-01-29,09:32,Clock In,No Exception
2990,2025-01-29,17:05,Clock Out,No Exception
2990,2025-01-30,08:57,Clock In,No Exception
2990,2025-01-30,18:50,Clock Out,No Exception
2990,2025-01-31,08:37,Clock In,No Exception
2990,2025-01-31,16:25,Clock Out,No Exception
2990,2025-02-03,09:28,Clock In,No Exception
2990,2025-02-03,17:58,Clock Out,No Exception
2990,2025-02-04,08:40,Clock In,No Exception
2990,2025-02-04,17:41,Clock Out,No Exception
2990,2025-02-05,08:58,Clock In,No Exception
2990,2025-02-05,17:05,Clock Out,No Exception
2990,2025-02-06,08:45,Clock In,No Exception
2990,2025-02-06,16:32,Clock Out,No Exception
2990,2025-02-07,07:08,Clock In,No Exception
2990,2025-02-07,16:43,Clock Out,No Exception
2990,2025-02-08,07:41,Clock In,No Exception
2990,2025-02-08,15:20,Clock Out,No Exception
2990,2025-02-10,07:53,Clock In,No Exception
2990,2025-02-10,17:26,Clock Out,No Exception
2990,2025-02-11,06:26,Clock In,No Exception
2990,2025-02-11,16:11,Clock Out,No Exception
2990,2025-02-12,06:13,Clock In,No Exception
2990,2025-02-12,13:47,Clock Out,No Exception
2990,2025-02-13,08:22,Clock In,No Exception
2990,2025-02-13,18:14,Clock Out,No Exception
2990,2025-02-14,06:18,Clock In,No Exception
2990,2025-02-14,14:19,Clock Out,No Exception
2990,2025-02-17,09:33,Clock In,No Exception
2990,2025-02-17,17:23,Clock Out,No Exception
2990,2025-02-18,07:13,Clock In,No Exception
2990,2025-02-18,16:06,Clock Out,No Exception
2990,2025-02-19,06:49,Clock In,No Exception
2990,2025-02-19,15:09,Clock Out,No Exception
2990,2025-02-20,09:55,Clock In,No Exception
2990,2025-02-20,18:33,Clock Out,No Exception
2990,2025-02-21,09:31,Clock In,No Exception
2990,2025-02-21,17:15,Clock Out,No Exception
2990,2025-02-24,06:31,Clock In,No Exception
2990,2025-02-24,14:57,Clock Out,No Exception
2990,2025-02-25,07:20,Clock In,No Exception
2990,2025-02-25,15:09,Clock Out,No Exception
2990,2025-02-26,07:51,Clock In,No Exception
2990,2025-02-26,17:13,Clock Out,No Exception
2990,2025-02-27,06:14,Clock In,No Exception
2990,2025-02-27,16:05,Clock Out,No Exception
2990,2025-02-28,09:06,Clock In,No Exception
2990,2025-02-28,17:40,Clock Out,No Exception
3542,2025-01-01,08:48,Clock In,No Exception
3542,2025-01-01,17:08,Clock Out,No Exception
3542,2025-01-02,08:19,Clock In,No Exception
3542,2025-01-02,15:52,Clock Out,No Exception
3542,2025-01-03,09:25,Clock In,No Exception
3542,2025-01-03,18:11,Clock Out,No Exception
3542,2025-01-06,07:28,Clock In,No Exception
3542,2025-01-06,16:53,Clock Out,No Exception
3542,2025-01-07,08:14,Clock In,No Exception
3542,2025-01-07,16:10,Clock Out,No Exception
3542,2025-01-08,09:33,Clock In,No Exception
3542,2025-01-08,17:55,Clock Out,No Exception
3542,2025-01-09,09:33,Clock In,No Exception
3542,2025-01-09,18:42,Clock Out,No Exception
3542,2025-01-10,06:22,Clock In,No Exception
3542,2025-01-10,15:43,Clock Out,No Exception
3542,2025-01-13,08:49,Clock In,No Exception
3542,2025-01-13,16:19,Clock Out,No Exception
3542,2025-01-14,07:02,Clock In,No Exception
3542,2025-01-14,16:11,Clock Out,No Exception
3542,2025-01-15,09:41,Clock In,No Exception
3542,2025-01-15,17:15,Clock Out,No Exception
3542,2025-01-16,06:50,Clock In,No Exception
3542,2025-01-16,15:52,Clock Out,No Exception
3542,2025-01-17,08:54,Clock In,No Exception
3542,2025-01-17,18:23,Clock Out,No Exception
3542,2025-01-20,08:58,Clock In,No Exception
3542,2025-01-20,18:51,Clock Out,No Exception
3542,2025-01-21,09:24,Clock In,No Exception
3542,2025-01-21,18:00,Clock Out,No Exception
3542,2025-01-22,07:45,Clock In,No Exception
3542,2025-01-22,16:01,Clock Out,No Exception
3542,2025-01-23,06:14,Clock In,No Exception
3542,2025-01-23,14:43,Clock Out,No Exception
3542,2025-01-24,09:08,Clock In,No Exception
3542,2025-01-24,16:56,Clock Out,No Exception
3542,2025-01-27,06:09,Clock In,No Exception
3542,2025-01-27,15:20,Clock Out,No Exception
3542,2025-01-28,06:30,Clock In,No Exception
3542,2025-01-28,16:00,Clock Out,No Exception
3542,2025-01-29,09:36,Clock In,No Exception
3542,2025-01-29,18:54,Clock Out,No Exception
3542,2025-01-30,08:15,Clock In,No Exception
3542,2025-01-30,16:17,Clock Out,No Exception
3542,2025-01-31,07:25,Clock In,No Exception
3542,2025-01-31,15:19,Clock Out,No Exception
3542,2025-02-03,09:09,Clock In,No Exception
3542,2025-02-03,16:45,Clock Out,No Exception
3542,2025-02-04,08:37,Clock In,No Exception
3542,2025-02-04,16:29,Clock Out,No Exception
3542,2025-02-05,09:48,Clock In,No Exception
3542,2025-02-05,17:52,Clock Out,No Exception
3542,2025-02-06,08:22,Clock In,No Exception
3542,2025-02-06,16:36,Clock Out,No Exception
3542,2025-02-07,06:48,Clock In,No Exception
3542,2025-02-07,16:04,Clock Out,No Exception
3542,2025-02-10,06:56,Clock In,No Exception
3542,2025-02-10,16:18,Clock Out,No Exception
3542,2025-02-11,06:14,Clock In,No Exception
3542,2025-02-11,14:07,Clock Out,No Exception
3542,2025-02-12,09:47,Clock In,No Exception
3542,2025-02-12,17:56,Clock Out,No Exception
3542,2025-02-13,07:09,Clock In,No Exception
3542,2025-02-13,15:53,Clock Out,No Exception
3542,2025-02-14,06:30,Clock In,No Exception
3542,2025-02-14,15:50,Clock Out,No Exception
3542,2025-02-17,06:31,Clock In,No Exception
3542,2025-02-17,14:03,Clock Out,No Exception
3542,2025-02-18,08:34,Clock In,No Exception
3542,2025-02-18,17:24,Clock Out,No Exception
3542,2025-02-19,07:40,Clock In,No Exception
3542,2025-02-19,15:30,Clock Out,No Exception
3542,2025-02-20,08:34,Clock In,No Exception
3542,2025-02-20,17:20,Clock Out,No Exception
3542,2025-02-21,06:19,Clock In,No Exception
3542,2025-02-21,14:13,Clock Out,No Exception
3542,2025-02-22,09:49,Clock In,No Exception
3542,2025-02-22,17:41,Clock Out,No Exception
3542,2025-02-24,07:00,Clock In,No Exception
3542,2025-02-24,16:56,Clock Out,No Exception
3542,2025-02-25,08:18,Clock In,No Exception
3542,2025-02-25,16:03,Clock Out,No Exception
3542,2025-02-26,09:54,Clock In,No Exception
3542,2025-02-26,19:35,Clock Out,No Exception
3542,2025-02-27,06:07,Clock In,No Exception
3542,2025-02-27,15:53,Clock Out,No Exception
3542,2025-02-28,08:15,Clock In,No Exception
3542,2025-02-28,16:53,Clock Out,No Exception
1042,2025-01-01,08:36,Clock In,No Exception
1042,2025-01-01,16:35,Clock Out,No Exception
1042,2025-01-02,08:18,Clock In,No Exception
1042,2025-01-02,18:17,Clock Out,No Exception
1042,2025-01-03,06:31,Clock In,No Exception
1042,2025-01-03,14:52,Clock Out,No Exception
1042,2025-01-04,09:37,Clock In,No Exception
1042,2025-01-04,18:19,Clock Out,No Exception
1042,2025-01-05,06:35,Clock In,No Exception
1042,2025-01-05,15:39,Clock Out,No Exception
1042,2025-01-06,09:43,Clock In,No Exception
1042,2025-01-06,17:46,Clock Out,No Exception
1042,2025-01-07,06:29,Clock In,No Exception
1042,2025-01-07,15:08,Clock Out,No Exception
1042,2025-01-08,08:25,Clock In,No Exception
1042,2025-01-08,17:35,Clock Out,No Exception
1042,2025-01-09,07:11,Clock In,No Exception
1042,2025-01-09,17:11,Clock Out,No Exception
1042,2025-01-10,07:35,Clock In,No Exception
1042,2025-01-10,15:55,Clock Out,No Exception
1042,2025-01-13,06:13,Clock In,No Exception
1042,2025-01-13,15:56,Clock Out,No Exception
1042,2025-01-14,06:57,Clock In,No Exception
1042,2025-01-14,16:35,Clock Out,No Exception
1042,2025-01-15,06:27,Clock In,No Exception
1042,2025-01-15,15:31,Clock Out,No Exception
1042,2025-01-16,06:12,Clock In,No Exception
1042,2025-01-16,14:38,Clock Out,No Exception
1042,2025-01-17,07:37,Clock In,No Exception
1042,2025-01-17,17:33,Clock Out,No Exception
1042,2025-01-18,07:43,Clock In,No Exception
1042,2025-01-18,17:09,Clock Out,No Exception
1042,2025-01-20,07:55,Clock In,No Exception
1042,2025-01-20,16:42,Clock Out,No Exception
1042,2025-01-21,09:03,Clock In,No Exception
1042,2025-01-21,17:49,Clock Out,Duplicate Punch
1042,2025-01-22,09:03,Clock In,No Exception
1042,2025-01-22,16:44,Clock Out,No Exception
1042,2025-01-23,07:20,Clock In,No Exception
1042,2025-01-23,16:12,Clock Out,No Exception
1042,2025-01-24,09:12,Clock In,No Exception
1042,2025-01-24,18:41,Clock Out,No Exception
1042,2025-01-27,06:56,Clock In,No Exception
1042,2025-01-27,14:57,Clock Out,No Exception
1042,2025-01-28,06:50,Clock In,No Exception
1042,2025-01-28,14:42,Clock Out,No Exception
1042,2025-01-29,06:07,Clock In,No Exception
1042,2025-01-29,13:44,Clock Out,No Exception
1042,2025-01-30,07:14,Clock In,No Exception
1042,2025-01-30,17:02,Clock Out,No Exception
1042,2025-01-31,09:19,Clock In,No Exception
1042,2025-01-31,17:25,Clock Out,No Exception
1042,2025-02-02,09:26,Clock In,No Exception
1042,2025-02-02,18:34,Clock Out,No Exception
1042,2025-02-03,09:52,Clock In,No Exception
1042,2025-02-03,19:45,Clock Out,No Exception
1042,2025-02-04,08:44,Clock In,No Exception
1042,2025-02-04,16:52,Clock Out,No Exception
1042,2025-02-05,07:36,Clock In,No Exception
1042,2025-02-05,16:57,Clock Out,No Exception
1042,2025-02-06,06:13,Clock In,No Exception
1042,2025-02-06,16:10,Clock Out,No Exception
1042,2025-02-07,08:39,Clock In,No Exception
1042,2025-02-07,17:54,Clock Out,No Exception
1042,2025-02-10,06:21,Clock In,No Exception
1042,2025-02-10,14:30,Clock Out,No Exception
1042,2025-02-11,06:14,Clock In,Missing Clock Out
1042,2025-02-11,14:41,Clock Out,No Exception
1042,2025-02-12,06:06,Clock In,No Exception
1042,2025-02-12,14:20,Clock Out,No Exception
1042,2025-02-13,09:03,Clock In,No Exception
1042,2025-02-13,17:45,Clock Out,No Exception
1042,2025-02-14,07:06,Clock In,No Exception
1042,2025-02-14,14:44,Clock Out,No Exception
1042,2025-02-17,08:08,Clock In,No Exception
1042,2025-02-17,16:56,Clock Out,No Exception
1042,2025-02-18,07:44,Clock In,No Exception
1042,2025-02-18,16:35,Clock Out,No Exception
1042,2025-02-19,09:24,Clock In,No Exception
1042,2025-02-19,18:57,Clock Out,No Exception
1042,2025-02-20,09:15,Clock In,No Exception
1042,2025-02-20,19:03,Clock Out,No Exception
1042,2025-02-21,07:50,Clock In,No Exception
1042,2025-02-21,15:33,Clock Out,No Exception
1042,2025-02-24,06:17,Clock In,No Exception
1042,2025-02-24,15:38,Clock Out,No Exception
1042,2025-02-25,07:06,Clock In,No Exception
1042,2025-02-25,16:05,Clock Out,No Exception
1042,2025-02-26,09:19,Clock In,No Exception
1042,2025-02-26,18:51,Clock Out,No Exception
1042,2025-02-27,08:56,Clock In,No Exception
1042,2025-02-27,17:36,Clock Out,No Exception
1042,2025-02-28,09:26,Clock In,No Exception
1042,2025-02-28,19:03,Clock Out,No Exception
1353,2025-01-01,08:42,Clock In,No Exception
1353,2025-01-01,17:19,Clock Out,No Exception
1353,2025-01-02,07:17,Clock In,No Exception
1353,2025-01-02,17:15,Clock Out,No Exception
1353,2025-01-03,08:02,Clock In,No Exception
1353,2025-01-03,15:39,Clock Out,No Exception
1353,2025-01-04,09:16,Clock In,No Exception
1353,2025-01-04,17:37,Clock Out,No Exception
1353,2025-01-06,07:31,Clock In,No Exception
1353,2025-01-06,17:21,Clock Out,No Exception
1353,2025-01-07,08:43,Clock In,No Exception
1353,2025-01-07,17:52,Clock Out,No Exception
1353,2025-01-08,08:03,Clock In,No Exception
1353,2025-01-08,16:22,Clock Out,No Exception
1353,2025-01-09,09:28,Clock In,No Exception
1353,2025-01-09,17:34,Clock Out,No Exception
1353,2025-01-10,07:39,Clock In,No Exception
1353,2025-01-10,15:49,Clock Out,No Exception
1353,2025-01-13,07:34,Clock In,No Exception
1353,2025-01-13,16:28,Clock Out,No Exception
1353,2025-01-14,09:13,Clock In,No Exception
1353,2025-01-14,17:08,Clock Out,No Exception
1353,2025-01-15,07:04,Clock In,No Exception
1353,2025-01-15,14:41,Clock Out,No Exception
1353,2025-01-16,09:45,Clock In,No Exception
1353,2025-01-16,19:13,Clock Out,No Exception
1353,2025-01-17,09:51,Clock In,No Exception
1353,2025-01-17,17:22,Clock Out,No Exception
1353,2025-01-19,07:08,Clock In,No Exception
1353,2025-01-19,16:48,Clock Out,No Exception
1353,2025-01-20,09:02,Clock In,No Exception
1353,2025-01-20,18:57,Clock Out,No Exception
1353,2025-01-21,08:49,Clock In,No Exception
1353,2025-01-21,17:00,Clock Out,No Exception
1353,2025-01-22,08:30,Clock In,No Exception
1353,2025-01-22,18:13,Clock Out,No Exception
1353,2025-01-23,09:46,Clock In,No Exception
1353,2025-01-23,18:51,Clock Out,No Exception
1353,2025-01-24,09:25,Clock In,No Exception
1353,2025-01-24,18:28,Clock Out,No Exception
1353,2025-01-27,07:14,Clock In,No Exception
1353,2025-01-27,16:59,Clock Out,No Exception
1353,2025-01-28,07:29,Clock In,No Exception
1353,2025-01-28,17:06,Clock Out,No Exception
1353,2025-01-29,06:34,Clock In,No Exception
1353,2025-01-29,15:42,Clock Out,No Exception
1353,2025-01-30,09:46,Clock In,No Exception
1353,2025-01-30,18:57,Clock Out,No Exception
1353,2025-01-31,09:49,Clock In,No Exception
1353,2025-01-31,19:09,Clock Out,No Exception
1353,2025-02-03,07:03,Clock In,No Exception
1353,2025-02-03,16:34,Clock Out,No Exception
1353,2025-02-04,08:17,Clock In,No Exception
1353,2025-02-04,17:50,Clock Out,No Exception
1353,2025-02-05,09:50,Clock In,No Exception
1353,2025-02-05,18:56,Clock Out,No Exception
1353,2025-02-06,09:54,Clock In,No Exception
1353,2025-02-06,19:35,Clock Out,No Exception
1353,2025-02-07,08:32,Clock In,No Exception
1353,2025-02-07,17:31,Clock Out,No Exception
1353,2025-02-10,09:54,Clock In,No Exception
1353,2025-02-10,18:02,Clock Out,No Exception
1353,2025-02-11,09:33,Clock In,No Exception
1353,2025-02-11,18:09,Clock Out,No Exception
1353,2025-02-12,08:35,Clock In,No Exception
1353,2025-02-12,17:56,Clock Out,No Exception
1353,2025-02-13,09:52,Clock In,No Exception
1353,2025-02-13,19:26,Clock Out,No Exception
1353,2025-02-14,07:03,Clock In,No Exception
1353,2025-02-14,16:07,Clock Out,No Exception
1353,2025-02-17,06:06,Clock In,No Exception
1353,2025-02-17,14:44,Clock Out,Duplicate Punch
1353,2025-02-18,09:36,Clock In,No Exception
1353,2025-02-18,17:48,Clock Out,No Exception
1353,2025-02-19,09:11,Clock In,No Exception
1353,2025-02-19,16:45,Clock Out,No Exception
1353,2025-02-20,07:32,Clock In,No Exception
1353,2025-02-20,16:23,Clock Out,No Exception
1353,2025-02-21,08:18,Clock In,No Exception
1353,2025-02-21,18:05,Clock Out,No Exception
1353,2025-02-24,07:35,Clock In,No Exception
1353,2025-02-24,15:08,Clock Out,No Exception
1353,2025-02-25,08:38,Clock In,No Exception
1353,2025-02-25,17:43,Clock Out,No Exception
1353,2025-02-26,09:41,Clock In,No Exception
1353,2025-02-26,18:54,Clock Out,No Exception
1353,2025-02-27,06:02,Clock In,No Exception
1353,2025-02-27,14:12,Clock Out,No Exception
1353,2025-02-28,06:28,Clock In,No Exception
1353,2025-02-28,14:50,Clock Out,No Exception
3661,2025-01-01,08:31,Clock In,No Exception
3661,2025-01-01,18:22,Clock Out,No Exception
3661,2025-01-02,08:35,Clock In,No Exception
3661,2025-01-02,18:29,Clock Out,No Exception
3661,2025-01-03,09:25,Clock In,No Exception
3661,2025-01-03,17:57,Clock Out,No Exception
3661,2025-01-06,08:59,Clock In,No Exception
3661,2025-01-06,17:26,Clock Out,No Exception
3661,2025-01-07,06:43,Clock In,No Exception
3661,2025-01-07,14:55,Clock Out,No Exception
3661,2025-01-08,06:43,Clock In,No Exception
3661,2025-01-08,15:01,Clock Out,No Exception
3661,2025-01-09,07:07,Clock In,No Exception
3661,2025-01-09,15:43,Clock Out,No Exception
3661,2025-01-10,07:32,Clock In,No Exception
3661,2025-01-10,17:21,Clock Out,No Exception
3661,2025-01-11,07:05,Clock In,No Exception
3661,2025-01-11,15:08,Clock Out,No Exception
3661,2025-01-12,08:14,Clock In,No Exception
3661,2025-01-12,15:52,Clock Out,No Exception
3661,2025-01-13,08:23,Clock In,No Exception
3661,2025-01-13,16:47,Clock Out,No Exception
3661,2025-01-14,06:01,Clock In,No Exception
3661,2025-01-14,14:13,Clock Out,No Exception
3661,2025-01-15,09:26,Clock In,No Exception
3661,2025-01-15,19:07,Clock Out,No Exception
3661,2025-01-16,07:59,Clock In,No Exception
3661,2025-01-16,17:07,Clock Out,No Exception
3661,2025-01-17,07:58,Clock In,No Exception
3661,2025-01-17,15:29,Clock Out,No Exception
3661,2025-01-19,09:44,Clock In,No Exception
3661,2025-01-19,19:33,Clock Out,No Exception
3661,2025-01-20,08:57,Clock In,No Exception
3661,2025-01-20,16:47,Clock Out,No Exception
3661,2025-01-21,09:27,Clock In,No Exception
3661,2025-01-21,19:24,Clock Out,No Exception
3661,2025-01-22,08:07,Clock In,No Exception
3661,2025-01-22,17:23,Clock Out,No Exception
3661,2025-01-23,09:41,Clock In,No Exception
3661,2025-01-23,18:46,Clock Out,No Exception
3661,2025-01-24,07:08,Clock In,No Exception
3661,2025-01-24,15:04,Clock Out,No Exception
3661,2025-01-26,07:48,Clock In,No Exception
3661,2025-01-26,17:37,Clock Out,No Exception
3661,2025-01-27,08:32,Clock In,No Exception
3661,2025-01-27,16:34,Clock Out,No Exception
3661,2025-01-28,07:28,Clock In,No Exception
3661,2025-01-28,16:50,Clock Out,No Exception
3661,2025-01-29,08:37,Clock In,No Exception
3661,2025-01-29,18:23,Clock Out,No Exception
3661,2025-01-30,09:16,Clock In,No Exception
3661,2025-01-30,19:08,Clock Out,No Exception
3661,2025-01-31,08:30,Clock In,No Exception
3661,2025-01-31,17:32,Clock Out,No Exception
3661,2025-02-01,08:57,Clock In,No Exception
3661,2025-02-01,17:16,Clock Out,No Exception
3661,2025-02-02,06:23,Clock In,No Exception
3661,2025-02-02,16:06,Clock Out,No Exception
3661,2025-02-03,09:47,Clock In,No Exception
3661,2025-02-03,19:39,Clock Out,No Exception
3661,2025-02-04,07:07,Clock In,No Exception
3661,2025-02-04,15:06,Clock Out,No Exception
3661,2025-02-05,07:29,Clock In,No Exception
3661,2025-02-05,15:52,Clock Out,No Exception
3661,2025-02-06,09:05,Clock In,No Exception
3661,2025-02-06,18:22,Clock Out,No Exception
3661,2025-02-07,07:15,Clock In,No Exception
3661,2025-02-07,16:57,Clock Out,No Exception
3661,2025-02-08,07:10,Clock In,No Exception
3661,2025-02-08,15:07,Clock Out,No Exception
3661,2025-02-09,09:55,Clock In,No Exception
3661,2025-02-09,19:28,Clock Out,No Exception
3661,2025-02-10,09:20,Clock In,No Exception
3661,2025-02-10,17:01,Clock Out,No Exception
3661,2025-02-11,09:58,Clock In,No Exception
3661,2025-02-11,19:24,Clock Out,No Exception
3661,2025-02-12,09:08,Clock In,No Exception
3661,2025-02-12,17:48,Clock Out,No Exception
3661,2025-02-13,06:00,Clock In,No Exception
3661,2025-02-13,15:39,Clock Out,No Exception
3661,2025-02-14,07:32,Clock In,No Exception
3661,2025-02-14,15:32,Clock Out,No Exception
3661,2025-02-15,08:47,Clock In,No Exception
3661,2025-02-15,16:18,Clock Out,No Exception
3661,2025-02-16,09:04,Clock In,No Exception
3661,2025-02-16,16:52,Clock Out,No Exception
3661,2025-02-17,07:16,Clock In,No Exception
3661,2025-02-17,15:42,Clock Out,No Exception
3661,2025-02-18,06:53,Clock In,No Exception
3661,2025-02-18,14:25,Clock Out,No Exception
3661,2025-02-19,07:36,Clock In,No Exception
3661,2025-02-19,17:11,Clock Out,No Exception
3661,2025-02-20,08:50,Clock In,No Exception
3661,2025-02-20,17:57,Clock Out,No Exception
3661,2025-02-21,08:12,Clock In,No Exception
3661,2025-02-21,17:21,Clock Out,No Exception
3661,2025-02-24,08:28,Clock In,No Exception
3661,2025-02-24,17:54,Clock Out,No Exception
3661,2025-02-25,08:48,Clock In,No Exception
3661,2025-02-25,17:40,Clock Out,No Exception
3661,2025-02-26,08:06,Clock In,No Exception
3661,2025-02-26,16:40,Clock Out,No Exception
3661,2025-02-27,09:33,Clock In,No Exception
3661,2025-02-27,19:11,Clock Out,No Exception
3661,2025-02-28,09:18,Clock In,No Exception
3661,2025-02-28,17:01,Clock Out,No Exception
3661,2025-03-01,07:47,Clock In,No Exception
3661,2025-03-01,16:12,Clock Out,No Exception
2220,2025-01-01,07:44,Clock In,No Exception
2220,2025-01-01,17:03,Clock Out,No Exception
2220,2025-01-02,08:01,Clock In,No Exception
2220,2025-01-02,17:31,Clock Out,No Exception
2220,2025-01-03,09:06,Clock In,No Exception
2220,2025-01-03,17:27,Clock Out,No Exception
2220,2025-01-06,08:01,Clock In,No Exception
2220,2025-01-06,16:42,Clock Out,No Exception
2220,2025-01-07,09:12,Clock In,No Exception
2220,2025-01-07,18:58,Clock Out,No Exception
2220,2025-01-08,06:05,Clock In,No Exception
2220,2025-01-08,13:46,Clock Out,No Exception
2220,2025-01-09,08:17,Clock In,No Exception
2220,2025-01-09,18:01,Clock Out,No Exception
2220,2025-01-10,06:45,Clock In,No Exception
2220,2025-01-10,15:50,Clock Out,No Exception
2220,2025-01-12,08:24,Clock In,No Exception
2220,2025-01-12,17:53,Clock Out,No Exception
2220,2025-01-13,08:23,Clock In,No Exception
2220,2025-01-13,17:41,Clock Out,No Exception
2220,2025-01-14,06:28,Clock In,No Exception
2220,2025-01-14,16:16,Clock Out,No Exception
2220,2025-01-15,06:37,Clock In,No Exception
2220,2025-01-15,16:11,Clock Out,No Exception
2220,2025-01-16,07:40,Clock In,No Exception
2220,2025-01-16,17:08,Clock Out,No Exception
2220,2025-01-17,06:03,Clock In,No Exception
2220,2025-01-17,15:39,Clock Out,No Exception
2220,2025-01-18,08:14,Clock In,No Exception
2220,2025-01-18,16:55,Clock Out,No Exception
2220,2025-01-19,07:08,Clock In,No Exception
2220,2025-01-19,15:09,Clock Out,No Exception
2220,2025-01-20,08:06,Clock In,No Exception
2220,2025-01-20,16:58,Clock Out,No Exception
2220,2025-01-21,08:06,Clock In,No Exception
2220,2025-01-21,16:14,Clock Out,No Exception
2220,2025-01-22,09:29,Clock In,No Exception
2220,2025-01-22,17:39,Clock Out,No Exception
2220,2025-01-23,07:17,Clock In,No Exception
2220,2025-01-23,17:01,Clock Out,No Exception
2220,2025-01-24,08:59,Clock In,No Exception
2220,2025-01-24,18:17,Clock Out,No Exception
2220,2025-01-25,09:46,Clock In,No Exception
2220,2025-01-25,18:18,Clock Out,No Exception
2220,2025-01-27,07:38,Clock In,No Exception
2220,2025-01-27,15:26,Clock Out,No Exception
2220,2025-01-28,09:35,Clock In,No Exception
2220,2025-01-28,19:11,Clock Out,No Exception
2220,2025-01-29,08:31,Clock In,No Exception
2220,2025-01-29,17:06,Clock Out,No Exception
2220,2025-01-30,09:26,Clock In,No Exception
2220,2025-01-30,17:12,Clock Out,No Exception
2220,2025-01-31,07:51,Clock In,No Exception
2220,2025-01-31,17:11,Clock Out,Duplicate Punch
2220,2025-02-03,09:47,Clock In,No Exception
2220,2025-02-03,17:22,Clock Out,No Exception
2220,2025-02-04,07:17,Clock In,No Exception
2220,2025-02-04,15:28,Clock Out,No Exception
2220,2025-02-05,08:49,Clock In,No Exception
2220,2025-02-05,16:58,Clock Out,No Exception
2220,2025-02-06,08:05,Clock In,No Exception
2220,2025-02-06,18:04,Clock Out,No Exception
2220,2025-02-07,06:44,Clock In,Missing Clock Out
2220,2025-02-07,14:23,Clock Out,No Exception
2220,2025-02-08,07:57,Clock In,No Exception
2220,2025-02-08,16:01,Clock Out,No Exception
2220,2025-02-10,06:25,Clock In,No Exception
2220,2025-02-10,15:51,Clock Out,No Exception
2220,2025-02-11,08:50,Clock In,No Exception
2220,2025-02-11,17:15,Clock Out,No Exception
2220,2025-02-12,06:24,Clock In,No Exception
2220,2025-02-12,16:16,Clock Out,No Exception
2220,2025-02-13,08:46,Clock In,No Exception
2220,2025-02-13,16:42,Clock Out,No Exception
2220,2025-02-14,06:44,Clock In,No Exception
2220,2025-02-14,15:01,Clock Out,No Exception
2220,2025-02-17,07:23,Clock In,No Exception
2220,2025-02-17,15:36,Clock Out,No Exception
2220,2025-02-18,08:27,Clock In,No Exception
2220,2025-02-18,18:01,Clock Out,No Exception
2220,2025-02-19,09:43,Clock In,No Exception
2220,2025-02-19,17:45,Clock Out,No Exception
2220,2025-02-20,09:04,Clock In,No Exception
2220,2025-02-20,18:37,Clock Out,No Exception
2220,2025-02-21,09:40,Clock In,No Exception
2220,2025-02-21,18:13,Clock Out,No Exception
2220,2025-02-24,09:34,Clock In,No Exception
2220,2025-02-24,19:27,Clock Out,No Exception
2220,2025-02-25,08:29,Clock In,No Exception
2220,2025-02-25,17:01,Clock Out,No Exception
2220,2025-02-26,06:00,Clock In,No Exception
2220,2025-02-26,13:53,Clock Out,No Exception
2220,2025-02-27,06:00,Clock In,No Exception
2220,2025-02-27,15:37,Clock Out,No Exception
2220,2025-02-28,07:14,Clock In,No Exception
2220,2025-02-28,17:06,Clock Out,No Exception
2409,2025-01-01,09:46,Clock In,No Exception
2409,2025-01-01,18:58,Clock Out,No Exception
2409,2025-01-02,08:50,Clock In,No Exception
2409,2025-01-02,16:42,Clock Out,No Exception
2409,2025-01-03,08:08,Clock In,No Exception
2409,2025-01-03,16:24,Clock Out,No Exception
2409,2025-01-06,06:58,Clock In,No Exception
2409,2025-01-06,15:21,Clock Out,No Exception
2409,2025-01-07,08:11,Clock In,No Exception
2409,2025-01-07,16:39,Clock Out,No Exception
2409,2025-01-08,07:46,Clock In,No Exception
2409,2025-01-08,15:44,Clock Out,No Exception
2409,2025-01-09,07:32,Clock In,No Exception
2409,2025-01-09,15:50,Clock Out,No Exception
2409,2025-01-10,08:52,Clock In,No Exception
2409,2025-01-10,18:06,Clock Out,No Exception
2409,2025-01-13,07:44,Clock In,No Exception
2409,2025-01-13,17:00,Clock Out,No Exception
2409,2025-01-14,06:35,Clock In,No Exception
2409,2025-01-14,14:30,Clock Out,No Exception
2409,2025-01-15,09:26,Clock In,No Exception
2409,2025-01-15,18:05,Clock Out,No Exception
2409,2025-01-16,07:18,Clock In,No Exception
2409,2025-01-16,17:13,Clock Out,No Exception
2409,2025-01-17,08:33,Clock In,No Exception
2409,2025-01-17,17:38,Clock Out,No Exception
2409,2025-01-18,07:50,Clock In,No Exception
2409,2025-01-18,17:33,Clock Out,No Exception
2409,2025-01-20,07:54,Clock In,No Exception
2409,2025-01-20,17:22,Clock Out,No Exception
2409,2025-01-21,07:16,Clock In,No Exception
2409,2025-01-21,15:11,Clock Out,No Exception
2409,2025-01-22,07:18,Clock In,No Exception
2409,2025-01-22,15:07,Clock Out,No Exception
2409,2025-01-23,08:20,Clock In,No Exception
2409,2025-01-23,16:30,Clock Out,No Exception
2409,2025-01-24,09:08,Clock In,No Exception
2409,2025-01-24,16:51,Clock Out,No Exception
2409,2025-01-27,06:05,Clock In,No Exception
2409,2025-01-27,15:18,Clock Out,No Exception
2409,2025-01-28,06:23,Clock In,No Exception
2409,2025-01-28,15:51,Clock Out,No Exception
2409,2025-01-29,06:00,Clock In,No Exception
2409,2025-01-29,13:43,Clock Out,No Exception
2409,2025-01-30,09:31,Clock In,No Exception
2409,2025-01-30,19:27,Clock Out,No Exception
2409,2025-01-31,08:17,Clock In,No Exception
2409,2025-01-31,16:53,Clock Out,No Exception
2409,2025-02-01,06:59,Clock In,No Exception
2409,2025-02-01,15:45,Clock Out,No Exception
2409,2025-02-03,06:57,Clock In,No Exception
2409,2025-02-03,15:45,Clock Out,No Exception
2409,2025-02-04,07:17,Clock In,No Exception
2409,2025-02-04,16:22,Clock Out,No Exception
2409,2025-02-05,06:13,Clock In,No Exception
2409,2025-02-05,16:06,Clock Out,No Exception
2409,2025-02-06,09:51,Clock In,No Exception
2409,2025-02-06,18:00,Clock Out,No Exception
2409,2025-02-07,07:23,Clock In,No Exception
2409,2025-02-07,16:46,Clock Out,No Exception
2409,2025-02-10,07:34,Clock In,No Exception
2409,2025-02-10,17:26,Clock Out,No Exception
2409,2025-02-11,08:50,Clock In,No Exception
2409,2025-02-11,18:34,Clock Out,No Exception
2409,2025-02-12,08:22,Clock In,No Exception
2409,2025-02-12,17:03,Clock Out,No Exception
2409,2025-02-13,08:52,Clock In,No Exception
2409,2025-02-13,16:41,Clock Out,No Exception
2409,2025-02-14,08:53,Clock In,No Exception
2409,2025-02-14,18:37,Clock Out,No Exception
2409,2025-02-15,08:18,Clock In,No Exception
2409,2025-02-15,16:28,Clock Out,No Exception
2409,2025-02-16,08:27,Clock In,No Exception
2409,2025-02-16,17:55,Clock Out,No Exception
2409,2025-02-17,06:30,Clock In,No Exception
2409,2025-02-17,15:52,Clock Out,No Exception
2409,2025-02-18,06:33,Clock In,No Exception
2409,2025-02-18,15:19,Clock Out,No Exception
2409,2025-02-19,07:40,Clock In,No Exception
2409,2025-02-19,17:16,Clock Out,No Exception
2409,2025-02-20,09:45,Clock In,No Exception
2409,2025-02-20,18:15,Clock Out,No Exception
2409,2025-02-21,06:25,Clock In,No Exception
2409,2025-02-21,14:08,Clock Out,No Exception
2409,2025-02-22,09:22,Clock In,No Exception
2409,2025-02-22,19:11,Clock Out,No Exception
2409,2025-02-24,06:54,Clock In,No Exception
2409,2025-02-24,14:38,Clock Out,No Exception
2409,2025-02-25,07:32,Clock In,No Exception
2409,2025-02-25,15:08,Clock Out,No Exception
2409,2025-02-26,08:46,Clock In,No Exception
2409,2025-02-26,17:45,Clock Out,No Exception
2409,2025-02-27,06:00,Clock In,No Exception
2409,2025-02-27,15:44,Clock Out,No Exception
2409,2025-02-28,09:40,Clock In,No Exception
2409,2025-02-28,19:40,Clock Out,No Exception
2409,2025-03-01,07:09,Clock In,No Exception
2409,2025-03-01,17:02,Clock Out,No Exception
1797,2025-01-01,07:58,Clock In,No Exception
1797,2025-01-01,17:40,Clock Out,No Exception
1797,2025-01-02,07:41,Clock In,No Exception
1797,2025-01-02,16:48,Clock Out,No Exception
1797,2025-01-03,09:17,Clock In,No Exception
1797,2025-01-03,18:49,Clock Out,No Exception
1797,2025-01-06,07:16,Clock In,No Exception
1797,2025-01-06,17:11,Clock Out,No Exception
1797,2025-01-07,07:09,Clock In,No Exception
1797,2025-01-07,16:32,Clock Out,No Exception
1797,2025-01-08,07:01,Clock In,No Exception
1797,2025-01-08,16:17,Clock Out,No Exception
1797,2025-01-09,09:59,Clock In,No Exception
1797,2025-01-09,19:09,Clock Out,No Exception
1797,2025-01-10,08:14,Clock In,No Exception
1797,2025-01-10,16:47,Clock Out,No Exception
1797,2025-01-11,08:13,Clock In,No Exception
1797,2025-01-11,18:06,Clock Out,No Exception
1797,2025-01-13,08:16,Clock In,No Exception
1797,2025-01-13,16:48,Clock Out,No Exception
1797,2025-01-14,09:12,Clock In,No Exception
1797,2025-01-14,17:01,Clock Out,No Exception
1797,2025-01-15,08:38,Clock In,No Exception
1797,2025-01-15,17:36,Clock Out,No Exception
1797,2025-01-16,08:04,Clock In,No Exception
1797,2025-01-16,16:51,Clock Out,No Exception
1797,2025-01-17,07:24,Clock In,No Exception
1797,2025-01-17,17:16,Clock Out,No Exception
1797,2025-01-18,08:33,Clock In,No Exception
1797,2025-01-18,18:08,Clock Out,No Exception
1797,2025-01-20,06:37,Clock In,No Exception
1797,2025-01-20,14:38,Clock Out,No Exception
1797,2025-01-21,06:09,Clock In,No Exception
1797,2025-01-21,15:04,Clock Out,No Exception
1797,2025-01-22,06:32,Clock In,No Exception
1797,2025-01-22,14:51,Clock Out,No Exception
1797,2025-01-23,06:52,Clock In,No Exception
1797,2025-01-23,15:13,Clock Out,No Exception
1797,2025-01-24,08:14,Clock In,No Exception
1797,2025-01-24,15:51,Clock Out,No Exception
1797,2025-01-27,06:58,Clock In,No Exception
1797,2025-01-27,14:41,Clock Out,No Exception
1797,2025-01-28,09:07,Clock In,No Exception
1797,2025-01-28,17:03,Clock Out,No Exception
1797,2025-01-29,07:21,Clock In,No Exception
1797,2025-01-29,16:49,Clock Out,No Exception
1797,2025-01-30,08:02,Clock In,No Exception
1797,2025-01-30,17:42,Clock Out,No Exception
1797,2025-01-31,09:24,Clock In,No Exception
1797,2025-01-31,17:40,Clock Out,No Exception
1797,2025-02-03,09:39,Clock In,No Exception
1797,2025-02-03,19:09,Clock Out,No Exception
1797,2025-02-04,07:16,Clock In,No Exception
1797,2025-02-04,14:55,Clock Out,No Exception
1797,2025-02-05,09:37,Clock In,No Exception
1797,2025-02-05,17:54,Clock Out,No Exception
1797,2025-02-06,06:00,Clock In,No Exception
1797,2025-02-06,15:01,Clock Out,No Exception
1797,2025-02-07,07:29,Clock In,No Exception
1797,2025-02-07,15:52,Clock Out,No Exception
1797,2025-02-10,09:37,Clock In,No Exception
1797,2025-02-10,18:22,Clock Out,No Exception
1797,2025-02-11,08:52,Clock In,No Exception
1797,2025-02-11,17:24,Clock Out,No Exception
1797,2025-02-12,07:36,Clock In,No Exception
1797,2025-02-12,15:58,Clock Out,No Exception
1797,2025-02-13,06:18,Clock In,No Exception
1797,2025-02-13,14:04,Clock Out,No Exception
1797,2025-02-14,06:44,Clock In,No Exception
1797,2025-02-14,16:18,Clock Out,No Exception
1797,2025-02-17,07:14,Clock In,No Exception
1797,2025-02-17,17:05,Clock Out,No Exception
1797,2025-02-18,09:19,Clock In,No Exception
1797,2025-02-18,17:14,Clock Out,No Exception
1797,2025-02-19,07:43,Clock In,No Exception
1797,2025-02-19,16:20,Clock Out,No Exception
1797,2025-02-20,08:15,Clock In,No Exception
1797,2025-02-20,18:01,Clock Out,No Exception
1797,2025-02-21,08:34,Clock In,No Exception
1797,2025-02-21,17:16,Clock Out,No Exception
1797,2025-02-22,08:00,Clock In,No Exception
1797,2025-02-22,16:38,Clock Out,No Exception
1797,2025-02-24,09:52,Clock In,No Exception
1797,2025-02-24,19:22,Clock Out,No Exception
1797,2025-02-25,06:55,Clock In,No Exception
1797,2025-02-25,14:55,Clock Out,No Exception
1797,2025-02-26,09:47,Clock In,No Exception
1797,2025-02-26,17:44,Clock Out,No Exception
1797,2025-02-27,09:51,Clock In,No Exception
1797,2025-02-27,18:33,Clock Out,No Exception
1797,2025-02-28,07:30,Clock In,No Exception
1797,2025-02-28,16:58,Clock Out,No Exception
1797,2025-03-01,09:08,Clock In,No Exception
1797,2025-03-01,16:45,Clock Out,No Exception
3300,2025-01-01,08:55,Clock In,No Exception
3300,2025-01-01,17:22,Clock Out,No Exception
3300,2025-01-02,09:35,Clock In,No Exception
3300,2025-01-02,18:48,Clock Out,No Exception
3300,2025-01-03,07:28,Clock In,No Exception
3300,2025-01-03,16:46,Clock Out,No Exception
3300,2025-01-06,08:53,Clock In,No Exception
3300,2025-01-06,18:14,Clock Out,No Exception
3300,2025-01-07,07:23,Clock In,No Exception
3300,2025-01-07,16:16,Clock Out,No Exception
3300,2025-01-08,06:54,Clock In,No Exception
3300,2025-01-08,16:37,Clock Out,No Exception
3300,2025-01-09,08:07,Clock In,No Exception
3300,2025-01-09,17:40,Clock Out,No Exception
3300,2025-01-10,06:58,Clock In,No Exception
3300,2025-01-10,14:37,Clock Out,No Exception
3300,2025-01-11,07:44,Clock In,No Exception
3300,2025-01-11,16:26,Clock Out,No Exception
3300,2025-01-13,08:26,Clock In,No Exception
3300,2025-01-13,16:26,Clock Out,No Exception
3300,2025-01-14,08:29,Clock In,No Exception
3300,2025-01-14,16:29,Clock Out,No Exception
3300,2025-01-15,07:58,Clock In,No Exception
3300,2025-01-15,17:36,Clock Out,No Exception
3300,2025-01-16,07:53,Clock In,No Exception
3300,2025-01-16,17:47,Clock Out,No Exception
3300,2025-01-17,06:56,Clock In,No Exception
3300,2025-01-17,16:08,Clock Out,No Exception
3300,2025-01-19,07:25,Clock In,No Exception
3300,2025-01-19,14:55,Clock Out,No Exception
3300,2025-01-20,08:31,Clock In,No Exception
3300,2025-01-20,17:54,Clock Out,No Exception
3300,2025-01-21,09:25,Clock In,No Exception
3300,2025-01-21,17:24,Clock Out,No Exception
3300,2025-01-22,08:01,Clock In,No Exception
3300,2025-01-22,16:54,Clock Out,No Exception
3300,2025-01-23,08:23,Clock In,No Exception
3300,2025-01-23,16:10,Clock Out,No Exception
3300,2025-01-24,07:57,Clock In,No Exception
3300,2025-01-24,17:37,Clock Out,No Exception
3300,2025-01-27,07:19,Clock In,No Exception
3300,2025-01-27,15:29,Clock Out,No Exception
3300,2025-01-28,07:20,Clock In,No Exception
3300,2025-01-28,15:25,Clock Out,No Exception
3300,2025-01-29,09:53,Clock In,No Exception
3300,2025-01-29,18:01,Clock Out,No Exception
3300,2025-01-30,09:27,Clock In,No Exception
3300,2025-01-30,17:17,Clock Out,No Exception
3300,2025-01-31,08:19,Clock In,No Exception
3300,2025-01-31,16:24,Clock Out,No Exception
3300,2025-02-03,09:48,Clock In,No Exception
3300,2025-02-03,19:10,Clock Out,No Exception
3300,2025-02-04,08:32,Clock In,No Exception
3300,2025-02-04,17:46,Clock Out,No Exception
3300,2025-02-05,08:27,Clock In,No Exception
3300,2025-02-05,16:18,Clock Out,No Exception
3300,2025-02-06,07:00,Clock In,No Exception
3300,2025-02-06,16:15,Clock Out,No Exception
3300,2025-02-07,06:07,Clock In,No Exception
3300,2025-02-07,16:04,Clock Out,No Exception
3300,2025-02-09,07:57,Clock In,No Exception
3300,2025-02-09,16:19,Clock Out,No Exception
3300,2025-02-10,08:15,Clock In,No Exception
3300,2025-02-10,17:39,Clock Out,No Exception
3300,2025-02-11,07:18,Clock In,Missing Clock Out
3300,2025-02-11,15:22,Clock Out,No Exception
3300,2025-02-12,07:07,Clock In,No Exception
3300,2025-02-12,16:01,Clock Out,No Exception
3300,2025-02-13,07:15,Clock In,No Exception
3300,2025-02-13,16:49,Clock Out,No Exception
3300,2025-02-14,09:31,Clock In,No Exception
3300,2025-02-14,19:30,Clock Out,No Exception
3300,2025-02-17,06:01,Clock In,No Exception
3300,2025-02-17,15:53,Clock Out,No Exception
3300,2025-02-18,08:00,Clock In,No Exception
3300,2025-02-18,17:29,Clock Out,No Exception
3300,2025-02-19,06:24,Clock In,No Exception
3300,2025-02-19,15:47,Clock Out,No Exception
3300,2025-02-20,08:33,Clock In,No Exception
3300,2025-02-20,16:40,Clock Out,No Exception
3300,2025-02-21,06:02,Clock In,No Exception
3300,2025-02-21,15:45,Clock Out,No Exception
3300,2025-02-23,07:02,Clock In,No Exception
3300,2025-02-23,15:35,Clock Out,No Exception
3300,2025-02-24,07:59,Clock In,No Exception
3300,2025-02-24,16:55,Clock Out,No Exception
3300,2025-02-25,06:47,Clock In,No Exception
3300,2025-02-25,14:50,Clock Out,No Exception
3300,2025-02-26,06:25,Clock In,No Exception
3300,2025-02-26,14:36,Clock Out,No Exception
3300,2025-02-27,07:33,Clock In,No Exception
3300,2025-02-27,17:22,Clock Out,No Exception
3300,2025-02-28,09:39,Clock In,No Exception
3300,2025-02-28,17:09,Clock Out,No Exception
2646,2025-01-01,09:28,Clock In,No Exception
2646,2025-01-01,18:00,Clock Out,No Exception
2646,2025-01-02,09:19,Clock In,No Exception
2646,2025-01-02,16:56,Clock Out,No Exception
2646,2025-01-03,08:15,Clock In,No Exception
2646,2025-01-03,17:30,Clock Out,No Exception
2646,2025-01-05,06:02,Clock In,No Exception
2646,2025-01-05,15:28,Clock Out,No Exception
2646,2025-01-06,09:01,Clock In,No Exception
2646,2025-01-06,18:41,Clock Out,No Exception
2646,2025-01-07,08:14,Clock In,No Exception
2646,2025-01-07,16:53,Clock Out,No Exception
2646,2025-01-08,09:18,Clock In,No Exception
2646,2025-01-08,19:13,Clock Out,No Exception
2646,2025-01-09,09:37,Clock In,No Exception
2646,2025-01-09,19:09,Clock Out,No Exception
2646,2025-01-10,09:11,Clock In,No Exception
2646,2025-01-10,18:08,Clock Out,No Exception
2646,2025-01-13,08:00,Clock In,No Exception
2646,2025-01-13,15:34,Clock Out,No Exception
2646,2025-01-14,06:16,Clock In,No Exception
2646,2025-01-14,15:33,Clock Out,No Exception
2646,2025-01-15,09:28,Clock In,No Exception
2646,2025-01-15,19:16,Clock Out,No Exception
2646,2025-01-16,09:26,Clock In,No Exception
2646,2025-01-16,17:34,Clock Out,No Exception
2646,2025-01-17,09:49,Clock In,No Exception
2646,2025-01-17,18:46,Clock Out,No Exception
2646,2025-01-20,09:16,Clock In,No Exception
2646,2025-01-20,18:43,Clock Out,No Exception
2646,2025-01-21,07:46,Clock In,No Exception
2646,2025-01-21,15:36,Clock Out,No Exception
2646,2025-01-22,07:24,Clock In,No Exception
2646,2025-01-22,15:44,Clock Out,No Exception
2646,2025-01-23,06:24,Clock In,No Exception
2646,2025-01-23,15:31,Clock Out,No Exception
2646,2025-01-24,09:02,Clock In,No Exception
2646,2025-01-24,17:11,Clock Out,No Exception
2646,2025-01-26,08:45,Clock In,No Exception
2646,2025-01-26,17:12,Clock Out,No Exception
2646,2025-01-27,06:10,Clock In,No Exception
2646,2025-01-27,14:27,Clock Out,No Exception
2646,2025-01-28,09:38,Clock In,No Exception
2646,2025-01-28,18:17,Clock Out,No Exception
2646,2025-01-29,08:45,Clock In,No Exception
2646,2025-01-29,17:36,Clock Out,No Exception
2646,2025-01-30,09:27,Clock In,No Exception
2646,2025-01-30,17:09,Clock Out,No Exception
2646,2025-01-31,08:43,Clock In,No Exception
2646,2025-01-31,16:27,Clock Out,No Exception
2646,2025-02-03,09:14,Clock In,No Exception
2646,2025-02-03,16:56,Clock Out,No Exception
2646,2025-02-04,09:58,Clock In,No Exception
2646,2025-02-04,18:46,Clock Out,No Exception
2646,2025-02-05,09:17,Clock In,No Exception
2646,2025-02-05,18:26,Clock Out,No Exception
2646,2025-02-06,08:40,Clock In,No Exception
2646,2025-02-06,17:31,Clock Out,No Exception
2646,2025-02-07,09:34,Clock In,No Exception
2646,2025-02-07,19:05,Clock Out,No Exception
2646,2025-02-08,06:08,Clock In,No Exception
2646,2025-02-08,15:27,Clock Out,No Exception
2646,2025-02-09,09:39,Clock In,No Exception
2646,2025-02-09,18:04,Clock Out,No Exception
2646,2025-02-10,06:28,Clock In,No Exception
2646,2025-02-10,15:48,Clock Out,No Exception
2646,2025-02-11,07:30,Clock In,No Exception
2646,2025-02-11,16:45,Clock Out,No Exception
2646,2025-02-12,08:26,Clock In,No Exception
2646,2025-02-12,16:21,Clock Out,No Exception
2646,2025-02-13,08:40,Clock In,No Exception
2646,2025-02-13,17:22,Clock Out,No Exception
2646,2025-02-14,07:51,Clock In,No Exception
2646,2025-02-14,16:26,Clock Out,No Exception
2646,2025-02-16,08:26,Clock In,No Exception
2646,2025-02-16,16:16,Clock Out,No Exception
2646,2025-02-17,06:57,Clock In,No Exception
2646,2025-02-17,15:26,Clock Out,No Exception
2646,2025-02-18,07:56,Clock In,No Exception
2646,2025-02-18,16:44,Clock Out,No Exception
2646,2025-02-19,07:56,Clock In,No Exception
2646,2025-02-19,15:28,Clock Out,No Exception
2646,2025-02-20,06:24,Clock In,No Exception
2646,2025-02-20,16:04,Clock Out,No Exception
2646,2025-02-21,08:41,Clock In,No Exception
2646,2025-02-21,18:22,Clock Out,No Exception
2646,2025-02-24,07:14,Clock In,No Exception
2646,2025-02-24,16:29,Clock Out,No Exception
2646,2025-02-25,09:30,Clock In,No Exception
2646,2025-02-25,18:33,Clock Out,No Exception
2646,2025-02-26,08:06,Clock In,No Exception
2646,2025-02-26,16:22,Clock Out,No Exception
2646,2025-02-27,09:54,Clock In,No Exception
2646,2025-02-27,19:16,Clock Out,No Exception
2646,2025-02-28,08:46,Clock In,No Exception
2646,2025-02-28,16:37,Clock Out,No Exception
2646,2025-03-01,06:37,Clock In,No Exception
2646,2025-03-01,15:15,Clock Out,No Exception
2778,2025-01-01,06:36,Clock In,No Exception
2778,2025-01-01,14:06,Clock Out,No Exception
2778,2025-01-02,09:23,Clock In,No Exception
2778,2025-01-02,17:25,Clock Out,No Exception
2778,2025-01-03,07:25,Clock In,No Exception
2778,2025-01-03,16:38,Clock Out,No Exception
2778,2025-01-06,07:15,Clock In,No Exception
2778,2025-01-06,15:48,Clock Out,No Exception
2778,2025-01-07,09:52,Clock In,No Exception
2778,2025-01-07,19:28,Clock Out,No Exception
2778,2025-01-08,06:57,Clock In,No Exception
2778,2025-01-08,15:38,Clock Out,No Exception
2778,2025-01-09,08:07,Clock In,No Exception
2778,2025-01-09,17:51,Clock Out,No Exception
2778,2025-01-10,08:42,Clock In,No Exception
2778,2025-01-10,17:03,Clock Out,No Exception
2778,2025-01-13,09:24,Clock In,No Exception
2778,2025-01-13,18:54,Clock Out,No Exception
2778,2025-01-14,09:07,Clock In,No Exception
2778,2025-01-14,17:36,Clock Out,No Exception
2778,2025-01-15,06:33,Clock In,No Exception
2778,2025-01-15,15:26,Clock Out,No Exception
2778,2025-01-16,06:22,Clock In,No Exception
2778,2025-01-16,15:03,Clock Out,No Exception
2778,2025-01-17,06:16,Clock In,No Exception
2778,2025-01-17,14:36,Clock Out,No Exception
2778,2025-01-18,08:35,Clock In,No Exception
2778,2025-01-18,18:30,Clock Out,No Exception
2778,2025-01-20,06:01,Clock In,No Exception
2778,2025-01-20,15:52,Clock Out,No Exception
2778,2025-01-21,07:41,Clock In,No Exception
2778,2025-01-21,16:25,Clock Out,No Exception
2778,2025-01-22,06:47,Clock In,No Exception
2778,2025-01-22,15:29,Clock Out,No Exception
2778,2025-01-23,07:42,Clock In,No Exception
2778,2025-01-23,15:12,Clock Out,No Exception
2778,2025-01-24,08:44,Clock In,No Exception
2778,2025-01-24,17:22,Clock Out,No Exception
2778,2025-01-27,07:07,Clock In,No Exception
2778,2025-01-27,15:11,Clock Out,No Exception
2778,2025-01-28,09:49,Clock In,No Exception
2778,2025-01-28,19:19,Clock Out,No Exception
2778,2025-01-29,09:43,Clock In,No Exception
2778,2025-01-29,19:24,Clock Out,No Exception
2778,2025-01-30,07:58,Clock In,No Exception
2778,2025-01-30,17:05,Clock Out,No Exception
2778,2025-01-31,09:44,Clock In,No Exception
2778,2025-01-31,17:53,Clock Out,No Exception
2778,2025-02-03,08:27,Clock In,No Exception
2778,2025-02-03,17:17,Clock Out,No Exception
2778,2025-02-04,08:00,Clock In,No Exception
2778,2025-02-04,16:09,Clock Out,No Exception
2778,2025-02-05,09:07,Clock In,No Exception
2778,2025-02-05,18:32,Clock Out,No Exception
2778,2025-02-06,08:43,Clock In,No Exception
2778,2025-02-06,18:33,Clock Out,No Exception
2778,2025-02-07,08:44,Clock In,No Exception
2778,2025-02-07,17:42,Clock Out,No Exception
2778,2025-02-08,06:22,Clock In,No Exception
2778,2025-02-08,14:12,Clock Out,No Exception
2778,2025-02-10,08:41,Clock In,No Exception
2778,2025-02-10,16:43,Clock Out,No Exception
2778,2025-02-11,09:33,Clock In,No Exception
2778,2025-02-11,17:33,Clock Out,No Exception
2778,2025-02-12,08:09,Clock In,No Exception
2778,2025-02-12,15:55,Clock Out,No Exception
2778,2025-02-13,07:59,Clock In,No Exception
2778,2025-02-13,16:11,Clock Out,No Exception
2778,2025-02-14,08:56,Clock In,No Exception
2778,2025-02-14,16:37,Clock Out,No Exception
2778,2025-02-17,08:04,Clock In,No Exception
2778,2025-02-17,17:37,Clock Out,No Exception
2778,2025-02-18,07:00,Clock In,No Exception
2778,2025-02-18,16:49,Clock Out,No Exception
2778,2025-02-19,07:00,Clock In,No Exception
2778,2025-02-19,15:17,Clock Out,No Exception
2778,2025-02-20,09:54,Clock In,No Exception
2778,2025-02-20,17:44,Clock Out,No Exception
2778,2025-02-21,08:32,Clock In,No Exception
2778,2025-02-21,17:03,Clock Out,No Exception
2778,2025-02-24,08:17,Clock In,No Exception
2778,2025-02-24,17:30,Clock Out,No Exception
2778,2025-02-25,06:58,Clock In,No Exception
2778,2025-02-25,15:18,Clock Out,No Exception
2778,2025-02-26,07:39,Clock In,No Exception
2778,2025-02-26,17:08,Clock Out,No Exception
2778,2025-02-27,08:24,Clock In,No Exception
2778,2025-02-27,16:35,Clock Out,No Exception
2778,2025-02-28,08:46,Clock In,No Exception
2778,2025-02-28,18:38,Clock Out,No Exception
2567,2025-01-01,09:27,Clock In,No Exception
2567,2025-01-01,17:22,Clock Out,No Exception
2567,2025-01-02,07:19,Clock In,No Exception
2567,2025-01-02,15:39,Clock Out,No Exception
2567,2025-01-03,09:02,Clock In,No Exception
2567,2025-01-03,17:05,Clock Out,No Exception
2567,2025-01-06,09:04,Clock In,No Exception
2567,2025-01-06,18:21,Clock Out,No Exception
2567,2025-01-07,06:20,Clock In,No Exception
2567,2025-01-07,15:36,Clock Out,No Exception
2567,2025-01-08,07:46,Clock In,No Exception
2567,2025-01-08,15:44,Clock Out,No Exception
2567,2025-01-09,08:37,Clock In,No Exception
2567,2025-01-09,16:40,Clock Out,No Exception
2567,2025-01-10,07:24,Clock In,No Exception
2567,2025-01-10,15:49,Clock Out,No Exception
2567,2025-01-13,06:02,Clock In,No Exception
2567,2025-01-13,15:42,Clock Out,No Exception
2567,2025-01-14,06:19,Clock In,No Exception
2567,2025-01-14,15:32,Clock Out,No Exception
2567,2025-01-15,06:13,Clock In,No Exception
2567,2025-01-15,15:08,Clock Out,No Exception
2567,2025-01-16,07:13,Clock In,No Exception
2567,2025-01-16,15:30,Clock Out,No Exception
2567,2025-01-17,06:40,Clock In,No Exception
2567,2025-01-17,15:27,Clock Out,No Exception
2567,2025-01-20,08:58,Clock In,No Exception
2567,2025-01-20,18:42,Clock Out,No Exception
2567,2025-01-21,07:38,Clock In,No Exception
2567,2025-01-21,16:14,Clock Out,No Exception
2567,2025-01-22,08:34,Clock In,No Exception
2567,2025-01-22,16:48,Clock Out,No Exception
2567,2025-01-23,08:19,Clock In,No Exception
2567,2025-01-23,17:07,Clock Out,No Exception
2567,2025-01-24,06:10,Clock In,No Exception
2567,2025-01-24,16:02,Clock Out,No Exception
2567,2025-01-26,09:24,Clock In,No Exception
2567,2025-01-26,18:10,Clock Out,No Exception
2567,2025-01-27,09:45,Clock In,No Exception
2567,2025-01-27,18:04,Clock Out,No Exception
2567,2025-01-28,06:58,Clock In,No Exception
2567,2025-01-28,15:38,Clock Out,No Exception
2567,2025-01-29,07:39,Clock In,No Exception
2567,2025-01-29,16:57,Clock Out,No Exception
2567,2025-01-30,09:05,Clock In,No Exception
2567,2025-01-30,17:13,Clock Out,No Exception
2567,2025-01-31,09:55,Clock In,No Exception
2567,2025-01-31,19:31,Clock Out,No Exception
2567,2025-02-03,08:31,Clock In,No Exception
2567,2025-02-03,16:22,Clock Out,No Exception
2567,2025-02-04,07:14,Clock In,No Exception
2567,2025-02-04,15:47,Clock Out,No Exception
2567,2025-02-05,08:13,Clock In,No Exception
2567,2025-02-05,17:09,Clock Out,No Exception
2567,2025-02-06,08:01,Clock In,No Exception
2567,2025-02-06,16:19,Clock Out,No Exception
2567,2025-02-07,06:47,Clock In,No Exception
2567,2025-02-07,16:28,Clock Out,No Exception
2567,2025-02-10,09:43,Clock In,No Exception
2567,2025-02-10,18:37,Clock Out,No Exception
2567,2025-02-11,07:07,Clock In,No Exception
2567,2025-02-11,16:19,Clock Out,No Exception
2567,2025-02-12,09:21,Clock In,No Exception
2567,2025-02-12,19:17,Clock Out,No Exception
2567,2025-02-13,08:23,Clock In,No Exception
2567,2025-02-13,18:21,Clock Out,No Exception
2567,2025-02-14,08:58,Clock In,No Exception
2567,2025-02-14,18:12,Clock Out,No Exception
2567,2025-02-17,07:12,Clock In,No Exception
2567,2025-02-17,16:41,Clock Out,No Exception
2567,2025-02-18,08:40,Clock In,No Exception
2567,2025-02-18,16:49,Clock Out,No Exception
2567,2025-02-19,08:04,Clock In,No Exception
2567,2025-02-19,17:34,Clock Out,No Exception
2567,2025-02-20,08:03,Clock In,No Exception
2567,2025-02-20,16:26,Clock Out,No Exception
2567,2025-02-21,07:25,Clock In,No Exception
2567,2025-02-21,15:24,Clock Out,No Exception
2567,2025-02-24,09:55,Clock In,No Exception
2567,2025-02-24,18:53,Clock Out,No Exception
2567,2025-02-25,07:34,Clock In,No Exception
2567,2025-02-25,16:44,Clock Out,No Exception
2567,2025-02-26,09:21,Clock In,No Exception
2567,2025-02-26,18:33,Clock Out,No Exception
2567,2025-02-27,06:17,Clock In,No Exception
2567,2025-02-27,15:03,Clock Out,No Exception
2567,2025-02-28,09:14,Clock In,No Exception
2567,2025-02-28,18:02,Clock Out,No Exception
1402,2025-01-01,09:47,Clock In,No Exception
1402,2025-01-01,18:00,Clock Out,No Exception
1402,2025-01-02,06:02,Clock In,No Exception
1402,2025-01-02,15:56,Clock Out,No Exception
1402,2025-01-03,08:56,Clock In,No Exception
1402,2025-01-03,17:40,Clock Out,No Exception
1402,2025-01-06,06:10,Clock In,No Exception
1402,2025-01-06,15:27,Clock Out,No Exception
1402,2025-01-07,07:21,Clock In,No Exception
1402,2025-01-07,16:18,Clock Out,No Exception
1402,2025-01-08,06:56,Clock In,No Exception
1402,2025-01-08,15:12,Clock Out,No Exception
1402,2025-01-09,09:56,Clock In,No Exception
1402,2025-01-09,18:56,Clock Out,No Exception
1402,2025-01-10,09:59,Clock In,No Exception
1402,2025-01-10,19:15,Clock Out,No Exception
1402,2025-01-11,08:15,Clock In,No Exception
1402,2025-01-11,17:31,Clock Out,No Exception
1402,2025-01-13,08:35,Clock In,No Exception
1402,2025-01-13,18:18,Clock Out,No Exception
1402,2025-01-14,08:22,Clock In,No Exception
1402,2025-01-14,15:55,Clock Out,No Exception
1402,2025-01-15,07:53,Clock In,No Exception
1402,2025-01-15,16:15,Clock Out,No Exception
1402,2025-01-16,08:22,Clock In,No Exception
1402,2025-01-16,16:28,Clock Out,No Exception
1402,2025-01-17,09:35,Clock In,No Exception
1402,2025-01-17,19:20,Clock Out,No Exception
1402,2025-01-18,09:56,Clock In,No Exception
1402,2025-01-18,18:56,Clock Out,No Exception
1402,2025-01-19,06:31,Clock In,No Exception
1402,2025-01-19,16:25,Clock Out,No Exception
1402,2025-01-20,08:30,Clock In,No Exception
1402,2025-01-20,16:50,Clock Out,No Exception
1402,2025-01-21,06:04,Clock In,No Exception
1402,2025-01-21,15:11,Clock Out,No Exception
1402,2025-01-22,09:21,Clock In,No Exception
1402,2025-01-22,18:01,Clock Out,No Exception
1402,2025-01-23,06:32,Clock In,No Exception
1402,2025-01-23,15:40,Clock Out,No Exception
1402,2025-01-24,06:06,Clock In,No Exception
1402,2025-01-24,14:44,Clock Out,No Exception
1402,2025-01-27,09:04,Clock In,No Exception
1402,2025-01-27,17:12,Clock Out,No Exception
1402,2025-01-28,06:57,Clock In,No Exception
1402,2025-01-28,16:50,Clock Out,No Exception
1402,2025-01-29,09:12,Clock In,No Exception
1402,2025-01-29,16:45,Clock Out,No Exception
1402,2025-01-30,06:40,Clock In,No Exception
1402,2025-01-30,14:25,Clock Out,No Exception
1402,2025-01-31,08:36,Clock In,No Exception
1402,2025-01-31,16:16,Clock Out,No Exception
1402,2025-02-03,06:29,Clock In,No Exception
1402,2025-02-03,15:42,Clock Out,No Exception
1402,2025-02-04,08:35,Clock In,No Exception
1402,2025-02-04,16:28,Clock Out,No Exception
1402,2025-02-05,06:14,Clock In,No Exception
1402,2025-02-05,14:39,Clock Out,No Exception
1402,2025-02-06,06:27,Clock In,No Exception
1402,2025-02-06,15:42,Clock Out,No Exception
1402,2025-02-07,09:36,Clock In,No Exception
1402,2025-02-07,17:40,Clock Out,No Exception
1402,2025-02-10,07:28,Clock In,No Exception
1402,2025-02-10,15:13,Clock Out,No Exception
1402,2025-02-11,06:07,Clock In,No Exception
1402,2025-02-11,13:53,Clock Out,No Exception
1402,2025-02-12,06:33,Clock In,No Exception
1402,2025-02-12,15:32,Clock Out,No Exception
1402,2025-02-13,09:51,Clock In,No Exception
1402,2025-02-13,17:47,Clock Out,No Exception
1402,2025-02-14,08:55,Clock In,No Exception
1402,2025-02-14,18:01,Clock Out,No Exception
1402,2025-02-16,07:11,Clock In,No Exception
1402,2025-02-16,15:30,Clock Out,No Exception
1402,2025-02-17,09:51,Clock In,No Exception
1402,2025-02-17,19:48,Clock Out,No Exception
1402,2025-02-18,07:07,Clock In,No Exception
1402,2025-02-18,14:45,Clock Out,No Exception
1402,2025-02-19,06:51,Clock In,No Exception
1402,2025-02-19,15:52,Clock Out,No Exception
1402,2025-02-20,07:26,Clock In,No Exception
1402,2025-02-20,16:16,Clock Out,No Exception
1402,2025-02-21,09:29,Clock In,No Exception
1402,2025-02-21,18:36,Clock Out,No Exception
1402,2025-02-24,08:28,Clock In,No Exception
1402,2025-02-24,18:10,Clock Out,No Exception
1402,2025-02-25,09:54,Clock In,No Exception
1402,2025-02-25,18:51,Clock Out,No Exception
1402,2025-02-26,08:14,Clock In,No Exception
1402,2025-02-26,18:07,Clock Out,No Exception
1402,2025-02-27,09:18,Clock In,No Exception
1402,2025-02-27,16:53,Clock Out,No Exception
1402,2025-02-28,07:28,Clock In,No Exception
1402,2025-02-28,16:12,Clock Out,No Exception
3494,2025-01-01,09:40,Clock In,No Exception
3494,2025-01-01,18:16,Clock Out,No Exception
3494,2025-01-02,07:30,Clock In,No Exception
3494,2025-01-02,15:21,Clock Out,No Exception
3494,2025-01-03,09:26,Clock In,No Exception
3494,2025-01-03,19:16,Clock Out,No Exception
3494,2025-01-06,09:27,Clock In,No Exception
3494,2025-01-06,18:32,Clock Out,No Exception
3494,2025-01-07,07:43,Clock In,No Exception
3494,2025-01-07,15:24,Clock Out,No Exception
3494,2025-01-08,08:48,Clock In,No Exception
3494,2025-01-08,18:38,Clock Out,No Exception
3494,2025-01-09,08:08,Clock In,No Exception
3494,2025-01-09,16:36,Clock Out,No Exception
3494,2025-01-10,08:34,Clock In,No Exception
3494,2025-01-10,18:08,Clock Out,No Exception
3494,2025-01-12,08:06,Clock In,No Exception
3494,2025-01-12,16:45,Clock Out,No Exception
3494,2025-01-13,06:08,Clock In,No Exception
3494,2025-01-13,15:03,Clock Out,No Exception
3494,2025-01-14,09:50,Clock In,No Exception
3494,2025-01-14,19:12,Clock Out,No Exception
3494,2025-01-15,09:31,Clock In,No Exception
3494,2025-01-15,18:54,Clock Out,No Exception
3494,2025-01-16,06:44,Clock In,No Exception
3494,2025-01-16,15:02,Clock Out,No Exception
3494,2025-01-17,07:53,Clock In,No Exception
3494,2025-01-17,15:57,Clock Out,No Exception
3494,2025-01-20,07:27,Clock In,No Exception
3494,2025-01-20,15:08,Clock Out,No Exception
3494,2025-01-21,09:30,Clock In,No Exception
3494,2025-01-21,17:52,Clock Out,No Exception
3494,2025-01-22,07:39,Clock In,No Exception
3494,2025-01-22,17:31,Clock Out,No Exception
3494,2025-01-23,09:03,Clock In,No Exception
3494,2025-01-23,16:55,Clock Out,No Exception
3494,2025-01-24,07:13,Clock In,No Exception
3494,2025-01-24,16:13,Clock Out,No Exception
3494,2025-01-26,09:09,Clock In,No Exception
3494,2025-01-26,19:02,Clock Out,No Exception
3494,2025-01-27,08:45,Clock In,No Exception
3494,2025-01-27,18:28,Clock Out,No Exception
3494,2025-01-28,07:12,Clock In,No Exception
3494,2025-01-28,15:19,Clock Out,No Exception
3494,2025-01-29,09:27,Clock In,No Exception
3494,2025-01-29,17:33,Clock Out,No Exception
3494,2025-01-30,08:59,Clock In,No Exception
3494,2025-01-30,17:48,Clock Out,No Exception
3494,2025-01-31,08:33,Clock In,No Exception
3494,2025-01-31,16:25,Clock Out,No Exception
3494,2025-02-03,08:06,Clock In,No Exception
3494,2025-02-03,16:22,Clock Out,No Exception
3494,2025-02-04,08:34,Clock In,No Exception
3494,2025-02-04,16:17,Clock Out,No Exception
3494,2025-02-05,09:00,Clock In,No Exception
3494,2025-02-05,17:04,Clock Out,No Exception
3494,2025-02-06,07:00,Clock In,No Exception
3494,2025-02-06,15:08,Clock Out,No Exception
3494,2025-02-07,06:33,Clock In,No Exception
3494,2025-02-07,16:02,Clock Out,No Exception
3494,2025-02-09,09:59,Clock In,No Exception
3494,2025-02-09,18:51,Clock Out,No Exception
3494,2025-02-10,07:05,Clock In,No Exception
3494,2025-02-10,15:11,Clock Out,No Exception
3494,2025-02-11,09:25,Clock In,No Exception
3494,2025-02-11,19:24,Clock Out,No Exception
3494,2025-02-12,07:40,Clock In,No Exception
3494,2025-02-12,16:59,Clock Out,No Exception
3494,2025-02-13,06:52,Clock In,No Exception
3494,2025-02-13,16:52,Clock Out,No Exception
3494,2025-02-14,07:48,Clock In,No Exception
3494,2025-02-14,17:32,Clock Out,No Exception
3494,2025-02-17,06:03,Clock In,No Exception
3494,2025-02-17,15:47,Clock Out,No Exception
3494,2025-02-18,09:15,Clock In,No Exception
3494,2025-02-18,17:56,Clock Out,No Exception
3494,2025-02-19,07:04,Clock In,No Exception
3494,2025-02-19,14:41,Clock Out,No Exception
3494,2025-02-20,08:54,Clock In,No Exception
3494,2025-02-20,16:53,Clock Out,No Exception
3494,2025-02-21,07:22,Clock In,No Exception
3494,2025-02-21,17:06,Clock Out,No Exception
3494,2025-02-24,09:13,Clock In,No Exception
3494,2025-02-24,18:35,Clock Out,No Exception
3494,2025-02-25,09:15,Clock In,No Exception
3494,2025-02-25,18:10,Clock Out,No Exception
3494,2025-02-26,06:29,Clock In,No Exception
3494,2025-02-26,16:16,Clock Out,No Exception
3494,2025-02-27,09:32,Clock In,No Exception
3494,2025-02-27,19:28,Clock Out,No Exception
3494,2025-02-28,06:24,Clock In,No Exception
3494,2025-02-28,15:56,Clock Out,No Exception
3558,2025-01-01,08:03,Clock In,No Exception
3558,2025-01-01,15:49,Clock Out,No Exception
3558,2025-01-02,06:58,Clock In,No Exception
3558,2025-01-02,16:21,Clock Out,No Exception
3558,2025-01-03,06:56,Clock In,No Exception
3558,2025-01-03,16:49,Clock Out,No Exception
3558,2025-01-05,09:31,Clock In,No Exception
3558,2025-01-05,18:34,Clock Out,No Exception
3558,2025-01-06,07:02,Clock In,No Exception
3558,2025-01-06,16:18,Clock Out,No Exception
3558,2025-01-07,08:54,Clock In,No Exception
3558,2025-01-07,17:47,Clock Out,No Exception
3558,2025-01-08,09:21,Clock In,No Exception
3558,2025-01-08,18:08,Clock Out,No Exception
3558,2025-01-09,08:43,Clock In,No Exception
3558,2025-01-09,17:08,Clock Out,No Exception
3558,2025-01-10,06:10,Clock In,No Exception
3558,2025-01-10,15:03,Clock Out,No Exception
3558,2025-01-13,09:32,Clock In,No Exception
3558,2025-01-13,17:14,Clock Out,No Exception
3558,2025-01-14,08:27,Clock In,No Exception
3558,2025-01-14,17:18,Clock Out,No Exception
3558,2025-01-15,09:17,Clock In,No Exception
3558,2025-01-15,17:30,Clock Out,No Exception
3558,2025-01-16,06:58,Clock In,No Exception
3558,2025-01-16,16:44,Clock Out,No Exception
3558,2025-01-17,08:04,Clock In,No Exception
3558,2025-01-17,17:36,Clock Out,No Exception
3558,2025-01-20,06:16,Clock In,No Exception
3558,2025-01-20,16:15,Clock Out,No Exception
3558,2025-01-21,08:01,Clock In,No Exception
3558,2025-01-21,15:34,Clock Out,No Exception
3558,2025-01-22,09:06,Clock In,No Exception
3558,2025-01-22,18:04,Clock Out,No Exception
3558,2025-01-23,07:19,Clock In,No Exception
3558,2025-01-23,17:17,Clock Out,No Exception
3558,2025-01-24,07:07,Clock In,No Exception
3558,2025-01-24,16:00,Clock Out,No Exception
3558,2025-01-27,08:56,Clock In,No Exception
3558,2025-01-27,17:40,Clock Out,No Exception
3558,2025-01-28,07:55,Clock In,No Exception
3558,2025-01-28,16:57,Clock Out,No Exception
3558,2025-01-29,08:11,Clock In,No Exception
3558,2025-01-29,16:03,Clock Out,No Exception
3558,2025-01-30,08:58,Clock In,No Exception
3558,2025-01-30,17:29,Clock Out,No Exception
3558,2025-01-31,07:25,Clock In,No Exception
3558,2025-01-31,17:02,Clock Out,No Exception
3558,2025-02-03,08:56,Clock In,No Exception
3558,2025-02-03,18:06,Clock Out,No Exception
3558,2025-02-04,09:06,Clock In,No Exception
3558,2025-02-04,16:42,Clock Out,No Exception
3558,2025-02-05,06:25,Clock In,No Exception
3558,2025-02-05,14:03,Clock Out,No Exception
3558,2025-02-06,08:34,Clock In,No Exception
3558,2025-02-06,17:18,Clock Out,No Exception
3558,2025-02-07,06:47,Clock In,No Exception
3558,2025-02-07,15:11,Clock Out,No Exception
3558,2025-02-09,09:50,Clock In,No Exception
3558,2025-02-09,19:46,Clock Out,No Exception
3558,2025-02-10,07:10,Clock In,No Exception
3558,2025-02-10,15:30,Clock Out,No Exception
3558,2025-02-11,09:11,Clock In,No Exception
3558,2025-02-11,18:13,Clock Out,No Exception
3558,2025-02-12,07:41,Clock In,No Exception
3558,2025-02-12,16:29,Clock Out,No Exception
3558,2025-02-13,08:54,Clock In,No Exception
3558,2025-02-13,16:43,Clock Out,No Exception
3558,2025-02-14,06:09,Clock In,No Exception
3558,2025-02-14,14:28,Clock Out,No Exception
3558,2025-02-15,07:50,Clock In,No Exception
3558,2025-02-15,16:18,Clock Out,No Exception
3558,2025-02-17,06:17,Clock In,No Exception
3558,2025-02-17,15:35,Clock Out,No Exception
3558,2025-02-18,09:32,Clock In,No Exception
3558,2025-02-18,18:56,Clock Out,No Exception
3558,2025-02-19,07:52,Clock In,No Exception
3558,2025-02-19,16:37,Clock Out,No Exception
3558,2025-02-20,07:39,Clock In,No Exception
3558,2025-02-20,15:27,Clock Out,No Exception
3558,2025-02-21,09:19,Clock In,No Exception
3558,2025-02-21,17:50,Clock Out,No Exception
3558,2025-02-24,06:27,Clock In,No Exception
3558,2025-02-24,15:04,Clock Out,No Exception
3558,2025-02-25,07:13,Clock In,No Exception
3558,2025-02-25,15:54,Clock Out,No Exception
3558,2025-02-26,09:07,Clock In,No Exception
3558,2025-02-26,19:01,Clock Out,No Exception
3558,2025-02-27,08:54,Clock In,No Exception
3558,2025-02-27,17:18,Clock Out,No Exception
3558,2025-02-28,08:31,Clock In,No Exception
3558,2025-02-28,18:15,Clock Out,No Exception
3884,2025-01-01,06:37,Clock In,No Exception
3884,2025-01-01,15:58,Clock Out,No Exception
3884,2025-01-02,06:47,Clock In,No Exception
3884,2025-01-02,15:45,Clock Out,No Exception
3884,2025-01-03,09:18,Clock In,No Exception
3884,2025-01-03,16:48,Clock Out,No Exception
3884,2025-01-06,09:06,Clock In,No Exception
3884,2025-01-06,19:03,Clock Out,No Exception
3884,2025-01-07,06:33,Clock In,No Exception
3884,2025-01-07,15:08,Clock Out,No Exception
3884,2025-01-08,08:24,Clock In,No Exception
3884,2025-01-08,17:13,Clock Out,No Exception
3884,2025-01-09,09:10,Clock In,No Exception
3884,2025-01-09,17:58,Clock Out,No Exception
3884,2025-01-10,07:39,Clock In,No Exception
3884,2025-01-10,16:57,Clock Out,No Exception
3884,2025-01-13,06:47,Clock In,No Exception
3884,2025-01-13,16:10,Clock Out,No Exception
3884,2025-01-14,06:55,Clock In,No Exception
3884,2025-01-14,16:24,Clock Out,No Exception
3884,2025-01-15,07:46,Clock In,No Exception
3884,2025-01-15,16:24,Clock Out,No Exception
3884,2025-01-16,06:34,Clock In,No Exception
3884,2025-01-16,16:15,Clock Out,No Exception
3884,2025-01-17,06:49,Clock In,No Exception
3884,2025-01-17,16:04,Clock Out,No Exception
3884,2025-01-18,08:35,Clock In,No Exception
3884,2025-01-18,16:59,Clock Out,No Exception
3884,2025-01-20,06:17,Clock In,No Exception
3884,2025-01-20,14:34,Clock Out,No Exception
3884,2025-01-21,08:31,Clock In,No Exception
3884,2025-01-21,17:33,Clock Out,No Exception
3884,2025-01-22,08:24,Clock In,No Exception
3884,2025-01-22,17:21,Clock Out,No Exception
3884,2025-01-23,06:27,Clock In,No Exception
3884,2025-01-23,16:24,Clock Out,No Exception
3884,2025-01-24,08:51,Clock In,No Exception
3884,2025-01-24,18:34,Clock Out,No Exception
3884,2025-01-27,07:50,Clock In,No Exception
3884,2025-01-27,17:48,Clock Out,No Exception
3884,2025-01-28,09:26,Clock In,No Exception
3884,2025-01-28,18:44,Clock Out,No Exception
3884,2025-01-29,08:07,Clock In,No Exception
3884,2025-01-29,17:01,Clock Out,No Exception
3884,2025-01-30,06:47,Clock In,No Exception
3884,2025-01-30,14:55,Clock Out,No Exception
3884,2025-01-31,06:09,Clock In,No Exception
3884,2025-01-31,14:38,Clock Out,No Exception
3884,2025-02-03,07:34,Clock In,No Exception
3884,2025-02-03,17:25,Clock Out,No Exception
3884,2025-02-04,07:58,Clock In,No Exception
3884,2025-02-04,17:02,Clock Out,No Exception
3884,2025-02-05,08:14,Clock In,No Exception
3884,2025-02-05,17:20,Clock Out,No Exception
3884,2025-02-06,07:14,Clock In,No Exception
3884,2025-02-06,15:30,Clock Out,No Exception
3884,2025-02-07,06:36,Clock In,No Exception
3884,2025-02-07,15:49,Clock Out,No Exception
3884,2025-02-08,09:12,Clock In,No Exception
3884,2025-02-08,16:42,Clock Out,No Exception
3884,2025-02-09,06:52,Clock In,No Exception
3884,2025-02-09,15:50,Clock Out,No Exception
3884,2025-02-10,09:07,Clock In,No Exception
3884,2025-02-10,19:06,Clock Out,No Exception
3884,2025-02-11,08:20,Clock In,No Exception
3884,2025-02-11,16:11,Clock Out,No Exception
3884,2025-02-12,07:52,Clock In,No Exception
3884,2025-02-12,16:33,Clock Out,No Exception
3884,2025-02-13,08:51,Clock In,No Exception
3884,2025-02-13,16:52,Clock Out,No Exception
3884,2025-02-14,08:35,Clock In,No Exception
3884,2025-02-14,18:21,Clock Out,No Exception
3884,2025-02-17,06:54,Clock In,No Exception
3884,2025-02-17,15:22,Clock Out,No Exception
3884,2025-02-18,09:22,Clock In,No Exception
3884,2025-02-18,17:57,Clock Out,No Exception
3884,2025-02-19,08:45,Clock In,No Exception
3884,2025-02-19,16:36,Clock Out,No Exception
3884,2025-02-20,08:46,Clock In,No Exception
3884,2025-02-20,16:22,Clock Out,No Exception
3884,2025-02-21,08:25,Clock In,No Exception
3884,2025-02-21,16:08,Clock Out,No Exception
3884,2025-02-24,07:06,Clock In,No Exception
3884,2025-02-24,15:51,Clock Out,No Exception
3884,2025-02-25,07:33,Clock In,No Exception
3884,2025-02-25,15:20,Clock Out,No Exception
3884,2025-02-26,06:18,Clock In,No Exception
3884,2025-02-26,15:13,Clock Out,No Exception
3884,2025-02-27,09:14,Clock In,No Exception
3884,2025-02-27,18:02,Clock Out,No Exception
3884,2025-02-28,06:16,Clock In,No Exception
3884,2025-02-28,15:44,Clock Out,No Exception
2503,2025-01-01,06:45,Clock In,No Exception
2503,2025-01-01,16:00,Clock Out,No Exception
2503,2025-01-02,09:24,Clock In,No Exception
2503,2025-01-02,17:40,Clock Out,No Exception
2503,2025-01-03,07:02,Clock In,No Exception
2503,2025-01-03,15:50,Clock Out,No Exception
2503,2025-01-06,06:04,Clock In,No Exception
2503,2025-01-06,13:41,Clock Out,No Exception
2503,2025-01-07,09:50,Clock In,No Exception
2503,2025-01-07,18:15,Clock Out,No Exception
2503,2025-01-08,08:49,Clock In,No Exception
2503,2025-01-08,17:34,Clock Out,No Exception
2503,2025-01-09,06:30,Clock In,No Exception
2503,2025-01-09,15:41,Clock Out,No Exception
2503,2025-01-10,06:30,Clock In,No Exception
2503,2025-01-10,14:31,Clock Out,No Exception
2503,2025-01-13,06:20,Clock In,No Exception
2503,2025-01-13,15:06,Clock Out,No Exception
2503,2025-01-14,08:31,Clock In,No Exception
2503,2025-01-14,16:05,Clock Out,No Exception
2503,2025-01-15,07:42,Clock In,No Exception
2503,2025-01-15,16:33,Clock Out,No Exception
2503,2025-01-16,08:21,Clock In,No Exception
2503,2025-01-16,17:31,Clock Out,No Exception
2503,2025-01-17,06:42,Clock In,No Exception
2503,2025-01-17,14:51,Clock Out,No Exception
2503,2025-01-20,08:28,Clock In,No Exception
2503,2025-01-20,17:31,Clock Out,No Exception
2503,2025-01-21,06:42,Clock In,No Exception
2503,2025-01-21,16:03,Clock Out,No Exception
2503,2025-01-22,06:31,Clock In,No Exception
2503,2025-01-22,15:20,Clock Out,No Exception
2503,2025-01-23,08:52,Clock In,No Exception
2503,2025-01-23,17:57,Clock Out,No Exception
2503,2025-01-24,08:03,Clock In,No Exception
2503,2025-01-24,17:06,Clock Out,No Exception
2503,2025-01-27,06:14,Clock In,No Exception
2503,2025-01-27,14:05,Clock Out,No Exception
2503,2025-01-28,06:13,Clock In,No Exception
2503,2025-01-28,14:28,Clock Out,No Exception
2503,2025-01-29,06:03,Clock In,No Exception
2503,2025-01-29,15:05,Clock Out,No Exception
2503,2025-01-30,06:26,Clock In,No Exception
2503,2025-01-30,13:56,Clock Out,No Exception
2503,2025-01-31,07:31,Clock In,No Exception
2503,2025-01-31,16:41,Clock Out,No Exception
2503,2025-02-03,06:51,Clock In,No Exception
2503,2025-02-03,15:52,Clock Out,No Exception
2503,2025-02-04,09:42,Clock In,No Exception
2503,2025-02-04,17:23,Clock Out,No Exception
2503,2025-02-05,06:10,Clock In,No Exception
2503,2025-02-05,15:16,Clock Out,No Exception
2503,2025-02-06,06:12,Clock In,No Exception
2503,2025-02-06,13:57,Clock Out,No Exception
2503,2025-02-07,08:49,Clock In,No Exception
2503,2025-02-07,16:28,Clock Out,No Exception
2503,2025-02-09,08:30,Clock In,No Exception
2503,2025-02-09,16:43,Clock Out,No Exception
2503,2025-02-10,09:01,Clock In,No Exception
2503,2025-02-10,17:32,Clock Out,No Exception
2503,2025-02-11,06:28,Clock In,No Exception
2503,2025-02-11,15:33,Clock Out,No Exception
2503,2025-02-12,07:59,Clock In,No Exception
2503,2025-02-12,16:17,Clock Out,No Exception
2503,2025-02-13,06:25,Clock In,No Exception
2503,2025-02-13,15:40,Clock Out,No Exception
2503,2025-02-14,07:15,Clock In,No Exception
2503,2025-02-14,16:02,Clock Out,No Exception
2503,2025-02-16,09:55,Clock In,No Exception
2503,2025-02-16,18:16,Clock Out,No Exception
2503,2025-02-17,09:30,Clock In,No Exception
2503,2025-02-17,18:11,Clock Out,No Exception
2503,2025-02-18,09:35,Clock In,No Exception
2503,2025-02-18,17:13,Clock Out,No Exception
2503,2025-02-19,09:32,Clock In,No Exception
2503,2025-02-19,18:29,Clock Out,No Exception
2503,2025-02-20,08:45,Clock In,No Exception
2503,2025-02-20,16:52,Clock Out,No Exception
2503,2025-02-21,06:46,Clock In,No Exception
2503,2025-02-21,14:29,Clock Out,No Exception
2503,2025-02-23,08:10,Clock In,No Exception
2503,2025-02-23,17:12,Clock Out,No Exception
2503,2025-02-24,07:02,Clock In,No Exception
2503,2025-02-24,16:00,Clock Out,No Exception
2503,2025-02-25,08:10,Clock In,No Exception
2503,2025-02-25,17:22,Clock Out,No Exception
2503,2025-02-26,07:43,Clock In,No Exception
2503,2025-02-26,17:12,Clock Out,No Exception
2503,2025-02-27,07:38,Clock In,No Exception
2503,2025-02-27,16:06,Clock Out,No Exception
2503,2025-02-28,09:36,Clock In,No Exception
2503,2025-02-28,19:31,Clock Out,No Exception
2008,2025-01-01,09:24,Clock In,No Exception
2008,2025-01-01,16:54,Clock Out,No Exception
2008,2025-01-02,09:58,Clock In,No Exception
2008,2025-01-02,18:52,Clock Out,No Exception
2008,2025-01-03,07:46,Clock In,No Exception
2008,2025-01-03,17:36,Clock Out,No Exception
2008,2025-01-06,07:17,Clock In,No Exception
2008,2025-01-06,16:12,Clock Out,No Exception
2008,2025-01-07,09:11,Clock In,No Exception
2008,2025-01-07,17:31,Clock Out,No Exception
2008,2025-01-08,08:53,Clock In,No Exception
2008,2025-01-08,17:23,Clock Out,No Exception
2008,2025-01-09,08:12,Clock In,No Exception
2008,2025-01-09,16:40,Clock Out,No Exception
2008,2025-01-10,08:51,Clock In,No Exception
2008,2025-01-10,18:24,Clock Out,No Exception
2008,2025-01-13,09:07,Clock In,No Exception
2008,2025-01-13,18:40,Clock Out,No Exception
2008,2025-01-14,09:31,Clock In,No Exception
2008,2025-01-14,18:33,Clock Out,No Exception
2008,2025-01-15,09:15,Clock In,No Exception
2008,2025-01-15,16:45,Clock Out,No Exception
2008,2025-01-16,06:38,Clock In,No Exception
2008,2025-01-16,14:17,Clock Out,No Exception
2008,2025-01-17,06:21,Clock In,No Exception
2008,2025-01-17,14:37,Clock Out,No Exception
2008,2025-01-18,07:33,Clock In,No Exception
2008,2025-01-18,17:11,Clock Out,No Exception
2008,2025-01-20,07:53,Clock In,No Exception
2008,2025-01-20,16:17,Clock Out,No Exception
2008,2025-01-21,06:38,Clock In,No Exception
2008,2025-01-21,16:25,Clock Out,No Exception
2008,2025-01-22,07:32,Clock In,No Exception
2008,2025-01-22,16:19,Clock Out,No Exception
2008,2025-01-23,07:10,Clock In,No Exception
2008,2025-01-23,16:29,Clock Out,No Exception
2008,2025-01-24,07:00,Clock In,No Exception
2008,2025-01-24,14:46,Clock Out,No Exception
2008,2025-01-27,08:23,Clock In,No Exception
2008,2025-01-27,16:29,Clock Out,No Exception
2008,2025-01-28,07:10,Clock In,No Exception
2008,2025-01-28,16:35,Clock Out,No Exception
2008,2025-01-29,08:09,Clock In,No Exception
2008,2025-01-29,16:44,Clock Out,No Exception
2008,2025-01-30,06:59,Clock In,No Exception
2008,2025-01-30,15:59,Clock Out,No Exception
2008,2025-01-31,08:48,Clock In,No Exception
2008,2025-01-31,18:40,Clock Out,No Exception
2008,2025-02-01,09:43,Clock In,No Exception
2008,2025-02-01,19:27,Clock Out,No Exception
2008,2025-02-02,06:10,Clock In,No Exception
2008,2025-02-02,14:41,Clock Out,No Exception
2008,2025-02-03,06:19,Clock In,No Exception
2008,2025-02-03,14:40,Clock Out,No Exception
2008,2025-02-04,07:12,Clock In,No Exception
2008,2025-02-04,14:42,Clock Out,No Exception
2008,2025-02-05,07:05,Clock In,No Exception
2008,2025-02-05,16:44,Clock Out,No Exception
2008,2025-02-06,06:39,Clock In,No Exception
2008,2025-02-06,14:19,Clock Out,No Exception
2008,2025-02-07,09:34,Clock In,No Exception
2008,2025-02-07,18:47,Clock Out,No Exception
2008,2025-02-10,09:32,Clock In,No Exception
2008,2025-02-10,18:13,Clock Out,No Exception
2008,2025-02-11,09:50,Clock In,No Exception
2008,2025-02-11,18:36,Clock Out,No Exception
2008,2025-02-12,06:09,Clock In,No Exception
2008,2025-02-12,14:49,Clock Out,No Exception
2008,2025-02-13,06:02,Clock In,No Exception
2008,2025-02-13,14:40,Clock Out,No Exception
2008,2025-02-14,06:01,Clock In,No Exception
2008,2025-02-14,14:02,Clock Out,No Exception
2008,2025-02-16,07:13,Clock In,No Exception
2008,2025-02-16,16:35,Clock Out,No Exception
2008,2025-02-17,06:10,Clock In,No Exception
2008,2025-02-17,13:47,Clock Out,No Exception
2008,2025-02-18,08:20,Clock In,No Exception
2008,2025-02-18,16:23,Clock Out,No Exception
2008,2025-02-19,08:59,Clock In,No Exception
2008,2025-02-19,17:34,Clock Out,No Exception
2008,2025-02-20,07:52,Clock In,No Exception
2008,2025-02-20,16:56,Clock Out,No Exception
2008,2025-02-21,08:44,Clock In,No Exception
2008,2025-02-21,16:50,Clock Out,No Exception
2008,2025-02-24,06:10,Clock In,No Exception
2008,2025-02-24,15:06,Clock Out,No Exception
2008,2025-02-25,06:26,Clock In,No Exception
2008,2025-02-25,14:14,Clock Out,No Exception
2008,2025-02-26,08:18,Clock In,No Exception
2008,2025-02-26,15:59,Clock Out,No Exception
2008,2025-02-27,09:41,Clock In,No Exception
2008,2025-02-27,17:59,Clock Out,No Exception
2008,2025-02-28,08:14,Clock In,No Exception
2008,2025-02-28,17:14,Clock Out,No Exception
3991,2025-01-01,06:38,Clock In,No Exception
3991,2025-01-01,14:44,Clock Out,No Exception
3991,2025-01-02,09:29,Clock In,No Exception
3991,2025-01-02,17:15,Clock Out,No Exception
3991,2025-01-03,09:10,Clock In,No Exception
3991,2025-01-03,18:44,Clock Out,No Exception
3991,2025-01-06,06:27,Clock In,No Exception
3991,2025-01-06,15:12,Clock Out,No Exception
3991,2025-01-07,08:17,Clock In,No Exception
3991,2025-01-07,15:51,Clock Out,No Exception
3991,2025-01-08,06:53,Clock In,No Exception
3991,2025-01-08,15:53,Clock Out,No Exception
3991,2025-01-09,08:15,Clock In,No Exception
3991,2025-01-09,16:44,Clock Out,No Exception
3991,2025-01-10,08:59,Clock In,No Exception
3991,2025-01-10,18:45,Clock Out,No Exception
3991,2025-01-12,07:23,Clock In,No Exception
3991,2025-01-12,15:58,Clock Out,No Exception
3991,2025-01-13,09:59,Clock In,No Exception
3991,2025-01-13,19:28,Clock Out,No Exception
3991,2025-01-14,09:28,Clock In,No Exception
3991,2025-01-14,17:21,Clock Out,No Exception
3991,2025-01-15,07:29,Clock In,No Exception
3991,2025-01-15,15:22,Clock Out,No Exception
3991,2025-01-16,09:08,Clock In,No Exception
3991,2025-01-16,17:13,Clock Out,No Exception
3991,2025-01-17,08:10,Clock In,No Exception
3991,2025-01-17,17:10,Clock Out,No Exception
3991,2025-01-20,09:30,Clock In,No Exception
3991,2025-01-20,18:21,Clock Out,No Exception
3991,2025-01-21,06:37,Clock In,No Exception
3991,2025-01-21,14:10,Clock Out,No Exception
3991,2025-01-22,06:04,Clock In,No Exception
3991,2025-01-22,15:02,Clock Out,No Exception
3991,2025-01-23,06:06,Clock In,No Exception
3991,2025-01-23,14:27,Clock Out,No Exception
3991,2025-01-24,06:35,Clock In,No Exception
3991,2025-01-24,15:02,Clock Out,No Exception
3991,2025-01-27,09:07,Clock In,No Exception
3991,2025-01-27,17:06,Clock Out,No Exception
3991,2025-01-28,08:20,Clock In,No Exception
3991,2025-01-28,18:14,Clock Out,No Exception
3991,2025-01-29,08:49,Clock In,No Exception
3991,2025-01-29,18:38,Clock Out,No Exception
3991,2025-01-30,06:27,Clock In,No Exception
3991,2025-01-30,14:51,Clock Out,No Exception
3991,2025-01-31,08:45,Clock In,No Exception
3991,2025-01-31,16:57,Clock Out,No Exception
3991,2025-02-03,07:14,Clock In,No Exception
3991,2025-02-03,17:05,Clock Out,No Exception
3991,2025-02-04,07:45,Clock In,No Exception
3991,2025-02-04,16:22,Clock Out,No Exception
3991,2025-02-05,08:17,Clock In,No Exception
3991,2025-02-05,15:57,Clock Out,No Exception
3991,2025-02-06,06:15,Clock In,No Exception
3991,2025-02-06,15:48,Clock Out,No Exception
3991,2025-02-07,09:02,Clock In,No Exception
3991,2025-02-07,18:29,Clock Out,No Exception
3991,2025-02-09,07:05,Clock In,No Exception
3991,2025-02-09,15:34,Clock Out,No Exception
3991,2025-02-10,08:25,Clock In,No Exception
3991,2025-02-10,17:56,Clock Out,No Exception
3991,2025-02-11,07:41,Clock In,Missing Clock Out
3991,2025-02-11,16:36,Clock Out,No Exception
3991,2025-02-12,07:32,Clock In,No Exception
3991,2025-02-12,15:35,Clock Out,No Exception
3991,2025-02-13,08:15,Clock In,No Exception
3991,2025-02-13,17:38,Clock Out,No Exception
3991,2025-02-14,08:42,Clock In,No Exception
3991,2025-02-14,17:37,Clock Out,No Exception
3991,2025-02-15,09:09,Clock In,No Exception
3991,2025-02-15,17:31,Clock Out,No Exception
3991,2025-02-16,08:38,Clock In,No Exception
3991,2025-02-16,17:51,Clock Out,No Exception
3991,2025-02-17,08:29,Clock In,No Exception
3991,2025-02-17,18:05,Clock Out,No Exception
3991,2025-02-18,06:22,Clock In,No Exception
3991,2025-02-18,15:51,Clock Out,No Exception
3991,2025-02-19,08:21,Clock In,No Exception
3991,2025-02-19,18:13,Clock Out,No Exception
3991,2025-02-20,06:07,Clock In,No Exception
3991,2025-02-20,16:06,Clock Out,No Exception
3991,2025-02-21,07:00,Clock In,No Exception
3991,2025-02-21,15:49,Clock Out,No Exception
3991,2025-02-22,07:57,Clock In,No Exception
3991,2025-02-22,17:31,Clock Out,No Exception
3991,2025-02-24,07:01,Clock In,No Exception
3991,2025-02-24,15:50,Clock Out,No Exception
3991,2025-02-25,06:54,Clock In,No Exception
3991,2025-02-25,14:56,Clock Out,No Exception
3991,2025-02-26,06:28,Clock In,No Exception
3991,2025-02-26,14:23,Clock Out,No Exception
3991,2025-02-27,08:49,Clock In,No Exception
3991,2025-02-27,16:35,Clock Out,No Exception
3991,2025-02-28,08:15,Clock In,No Exception
3991,2025-02-28,17:29,Clock Out,No Exception
3991,2025-03-01,09:57,Clock In,No Exception
3991,2025-03-01,19:38,Clock Out,No Exception
2861,2025-01-01,09:05,Clock In,No Exception
2861,2025-01-01,18:24,Clock Out,No Exception
2861,2025-01-02,08:43,Clock In,No Exception
2861,2025-01-02,16:14,Clock Out,No Exception
2861,2025-01-03,08:56,Clock In,No Exception
2861,2025-01-03,18:22,Clock Out,No Exception
2861,2025-01-05,07:52,Clock In,No Exception
2861,2025-01-05,15:53,Clock Out,No Exception
2861,2025-01-06,08:41,Clock In,No Exception
2861,2025-01-06,17:28,Clock Out,No Exception
2861,2025-01-07,08:57,Clock In,No Exception
2861,2025-01-07,17:45,Clock Out,No Exception
2861,2025-01-08,08:57,Clock In,No Exception
2861,2025-01-08,17:56,Clock Out,No Exception
2861,2025-01-09,07:32,Clock In,No Exception
2861,2025-01-09,16:43,Clock Out,No Exception
2861,2025-01-10,06:35,Clock In,No Exception
2861,2025-01-10,15:13,Clock Out,No Exception
2861,2025-01-12,08:32,Clock In,No Exception
2861,2025-01-12,16:29,Clock Out,No Exception
2861,2025-01-13,09:52,Clock In,No Exception
2861,2025-01-13,17:32,Clock Out,No Exception
2861,2025-01-14,08:51,Clock In,No Exception
2861,2025-01-14,17:34,Clock Out,No Exception
2861,2025-01-15,06:25,Clock In,No Exception
2861,2025-01-15,14:36,Clock Out,No Exception
2861,2025-01-16,06:06,Clock In,No Exception
2861,2025-01-16,14:35,Clock Out,No Exception
2861,2025-01-17,06:26,Clock In,No Exception
2861,2025-01-17,16:20,Clock Out,No Exception
2861,2025-01-20,09:13,Clock In,No Exception
2861,2025-01-20,18:40,Clock Out,No Exception
2861,2025-01-21,06:08,Clock In,No Exception
2861,2025-01-21,14:53,Clock Out,No Exception
2861,2025-01-22,08:26,Clock In,No Exception
2861,2025-01-22,16:02,Clock Out,No Exception
2861,2025-01-23,09:59,Clock In,No Exception
2861,2025-01-23,19:53,Clock Out,No Exception
2861,2025-01-24,06:58,Clock In,No Exception
2861,2025-01-24,14:37,Clock Out,No Exception
2861,2025-01-27,08:58,Clock In,No Exception
2861,2025-01-27,17:56,Clock Out,No Exception
2861,2025-01-28,07:14,Clock In,No Exception
2861,2025-01-28,16:22,Clock Out,No Exception
2861,2025-01-29,08:14,Clock In,No Exception
2861,2025-01-29,16:16,Clock Out,No Exception
2861,2025-01-30,08:37,Clock In,No Exception
2861,2025-01-30,17:10,Clock Out,No Exception
2861,2025-01-31,09:20,Clock In,No Exception
2861,2025-01-31,19:20,Clock Out,No Exception
2861,2025-02-01,06:01,Clock In,No Exception
2861,2025-02-01,13:58,Clock Out,No Exception
2861,2025-02-03,08:18,Clock In,No Exception
2861,2025-02-03,17:09,Clock Out,No Exception
2861,2025-02-04,06:40,Clock In,No Exception
2861,2025-02-04,15:01,Clock Out,No Exception
2861,2025-02-05,09:29,Clock In,No Exception
2861,2025-02-05,17:36,Clock Out,No Exception
2861,2025-02-06,09:15,Clock In,No Exception
2861,2025-02-06,16:47,Clock Out,No Exception
2861,2025-02-07,08:02,Clock In,No Exception
2861,2025-02-07,15:54,Clock Out,No Exception
2861,2025-02-09,08:53,Clock In,No Exception
2861,2025-02-09,18:49,Clock Out,No Exception
2861,2025-02-10,09:58,Clock In,No Exception
2861,2025-02-10,19:31,Clock Out,No Exception
2861,2025-02-11,08:26,Clock In,No Exception
2861,2025-02-11,16:24,Clock Out,No Exception
2861,2025-02-12,07:08,Clock In,No Exception
2861,2025-02-12,17:04,Clock Out,No Exception
2861,2025-02-13,07:15,Clock In,No Exception
2861,2025-02-13,15:09,Clock Out,No Exception
2861,2025-02-14,07:13,Clock In,No Exception
2861,2025-02-14,16:47,Clock Out,No Exception
2861,2025-02-15,07:22,Clock In,No Exception
2861,2025-02-15,14:55,Clock Out,No Exception
2861,2025-02-17,08:08,Clock In,No Exception
2861,2025-02-17,16:41,Clock Out,No Exception
2861,2025-02-18,08:12,Clock In,No Exception
2861,2025-02-18,18:08,Clock Out,No Exception
2861,2025-02-19,07:54,Clock In,No Exception
2861,2025-02-19,16:29,Clock Out,No Exception
2861,2025-02-20,08:22,Clock In,No Exception
2861,2025-02-20,17:56,Clock Out,No Exception
2861,2025-02-21,07:00,Clock In,No Exception
2861,2025-02-21,15:08,Clock Out,No Exception
2861,2025-02-24,06:49,Clock In,No Exception
2861,2025-02-24,16:47,Clock Out,No Exception
2861,2025-02-25,07:18,Clock In,No Exception
2861,2025-02-25,16:38,Clock Out,No Exception
2861,2025-02-26,09:56,Clock In,No Exception
2861,2025-02-26,19:06,Clock Out,No Exception
2861,2025-02-27,06:38,Clock In,No Exception
2861,2025-02-27,15:48,Clock Out,No Exception
2861,2025-02-28,09:49,Clock In,No Exception
2861,2025-02-28,19:37,Clock Out,No Exception
2598,2025-01-01,08:28,Clock In,No Exception
2598,2025-01-01,17:19,Clock Out,No Exception
2598,2025-01-02,07:40,Clock In,No Exception
2598,2025-01-02,16:16,Clock Out,No Exception
2598,2025-01-03,07:07,Clock In,No Exception
2598,2025-01-03,15:21,Clock Out,No Exception
2598,2025-01-06,09:12,Clock In,No Exception
2598,2025-01-06,17:14,Clock Out,No Exception
2598,2025-01-07,06:28,Clock In,No Exception
2598,2025-01-07,15:53,Clock Out,No Exception
2598,2025-01-08,09:22,Clock In,No Exception
2598,2025-01-08,16:56,Clock Out,No Exception
2598,2025-01-09,07:44,Clock In,No Exception
2598,2025-01-09,17:38,Clock Out,No Exception
2598,2025-01-10,08:18,Clock In,No Exception
2598,2025-01-10,16:11,Clock Out,No Exception
2598,2025-01-12,06:58,Clock In,No Exception
2598,2025-01-12,14:42,Clock Out,No Exception
2598,2025-01-13,09:44,Clock In,No Exception
2598,2025-01-13,19:23,Clock Out,No Exception
2598,2025-01-14,08:32,Clock In,No Exception
2598,2025-01-14,17:33,Clock Out,No Exception
2598,2025-01-15,06:28,Clock In,No Exception
2598,2025-01-15,15:49,Clock Out,No Exception
2598,2025-01-16,07:11,Clock In,No Exception
2598,2025-01-16,16:57,Clock Out,No Exception
2598,2025-01-17,07:48,Clock In,No Exception
2598,2025-01-17,16:29,Clock Out,No Exception
2598,2025-01-20,06:10,Clock In,No Exception
2598,2025-01-20,16:08,Clock Out,No Exception
2598,2025-01-21,07:13,Clock In,No Exception
2598,2025-01-21,16:57,Clock Out,No Exception
2598,2025-01-22,06:14,Clock In,No Exception
2598,2025-01-22,14:41,Clock Out,No Exception
2598,2025-01-23,06:45,Clock In,No Exception
2598,2025-01-23,14:53,Clock Out,No Exception
2598,2025-01-24,06:40,Clock In,No Exception
2598,2025-01-24,15:39,Clock Out,No Exception
2598,2025-01-26,07:24,Clock In,No Exception
2598,2025-01-26,16:43,Clock Out,No Exception
2598,2025-01-27,08:09,Clock In,No Exception
2598,2025-01-27,18:00,Clock Out,No Exception
2598,2025-01-28,07:15,Clock In,No Exception
2598,2025-01-28,15:04,Clock Out,No Exception
2598,2025-01-29,07:02,Clock In,No Exception
2598,2025-01-29,15:44,Clock Out,No Exception
2598,2025-01-30,09:46,Clock In,No Exception
2598,2025-01-30,19:11,Clock Out,No Exception
2598,2025-01-31,08:42,Clock In,No Exception
2598,2025-01-31,16:58,Clock Out,No Exception
2598,2025-02-01,09:16,Clock In,No Exception
2598,2025-02-01,17:57,Clock Out,No Exception
2598,2025-02-03,09:46,Clock In,No Exception
2598,2025-02-03,19:39,Clock Out,No Exception
2598,2025-02-04,08:38,Clock In,No Exception
2598,2025-02-04,18:25,Clock Out,No Exception
2598,2025-02-05,08:59,Clock In,No Exception
2598,2025-02-05,18:30,Clock Out,No Exception
2598,2025-02-06,09:35,Clock In,No Exception
2598,2025-02-06,18:27,Clock Out,No Exception
2598,2025-02-07,06:58,Clock In,No Exception
2598,2025-02-07,14:55,Clock Out,No Exception
2598,2025-02-09,07:21,Clock In,No Exception
2598,2025-02-09,15:46,Clock Out,No Exception
2598,2025-02-10,06:41,Clock In,No Exception
2598,2025-02-10,15:37,Clock Out,No Exception
2598,2025-02-11,08:50,Clock In,No Exception
2598,2025-02-11,18:06,Clock Out,No Exception
2598,2025-02-12,06:38,Clock In,No Exception
2598,2025-02-12,16:23,Clock Out,No Exception
2598,2025-02-13,08:32,Clock In,No Exception
2598,2025-02-13,18:26,Clock Out,No Exception
2598,2025-02-14,07:19,Clock In,No Exception
2598,2025-02-14,16:08,Clock Out,No Exception
2598,2025-02-17,07:02,Clock In,No Exception
2598,2025-02-17,15:13,Clock Out,No Exception
2598,2025-02-18,07:58,Clock In,No Exception
2598,2025-02-18,17:06,Clock Out,No Exception
2598,2025-02-19,09:56,Clock In,No Exception
2598,2025-02-19,17:33,Clock Out,No Exception
2598,2025-02-20,07:36,Clock In,No Exception
2598,2025-02-20,16:18,Clock Out,No Exception
2598,2025-02-21,06:26,Clock In,No Exception
2598,2025-02-21,14:41,Clock Out,No Exception
2598,2025-02-24,08:42,Clock In,No Exception
2598,2025-02-24,17:50,Clock Out,No Exception
2598,2025-02-25,07:57,Clock In,No Exception
2598,2025-02-25,16:46,Clock Out,No Exception
2598,2025-02-26,09:54,Clock In,No Exception
2598,2025-02-26,19:35,Clock Out,No Exception
2598,2025-02-27,08:17,Clock In,No Exception
2598,2025-02-27,17:17,Clock Out,No Exception
2598,2025-02-28,06:28,Clock In,No Exception
2598,2025-02-28,15:26,Clock Out,No Exception
1338,2025-01-01,06:07,Clock In,No Exception
1338,2025-01-01,14:22,Clock Out,No Exception
1338,2025-01-02,09:27,Clock In,No Exception
1338,2025-01-02,19:17,Clock Out,No Exception
1338,2025-01-03,08:18,Clock In,No Exception
1338,2025-01-03,17:18,Clock Out,No Exception
1338,2025-01-06,06:29,Clock In,No Exception
1338,2025-01-06,15:29,Clock Out,No Exception
1338,2025-01-07,07:20,Clock In,No Exception
1338,2025-01-07,16:18,Clock Out,No Exception
1338,2025-01-08,09:11,Clock In,No Exception
1338,2025-01-08,18:43,Clock Out,No Exception
1338,2025-01-09,08:07,Clock In,No Exception
1338,2025-01-09,16:58,Clock Out,No Exception
1338,2025-01-10,06:18,Clock In,No Exception
1338,2025-01-10,13:55,Clock Out,No Exception
1338,2025-01-13,07:07,Clock In,No Exception
1338,2025-01-13,17:00,Clock Out,No Exception
1338,2025-01-14,07:55,Clock In,No Exception
1338,2025-01-14,15:46,Clock Out,No Exception
1338,2025-01-15,07:31,Clock In,No Exception
1338,2025-01-15,15:56,Clock Out,No Exception
1338,2025-01-16,07:54,Clock In,No Exception
1338,2025-01-16,17:20,Clock Out,No Exception
1338,2025-01-17,07:22,Clock In,No Exception
1338,2025-01-17,15:40,Clock Out,No Exception
1338,2025-01-20,08:29,Clock In,No Exception
1338,2025-01-20,17:40,Clock Out,No Exception
1338,2025-01-21,09:15,Clock In,No Exception
1338,2025-01-21,18:08,Clock Out,No Exception
1338,2025-01-22,06:11,Clock In,No Exception
1338,2025-01-22,15:07,Clock Out,No Exception
1338,2025-01-23,08:29,Clock In,No Exception
1338,2025-01-23,18:04,Clock Out,No Exception
1338,2025-01-24,07:25,Clock In,No Exception
1338,2025-01-24,16:05,Clock Out,No Exception
1338,2025-01-27,06:11,Clock In,No Exception
1338,2025-01-27,14:29,Clock Out,No Exception
1338,2025-01-28,07:08,Clock In,No Exception
1338,2025-01-28,15:57,Clock Out,No Exception
1338,2025-01-29,09:02,Clock In,No Exception
1338,2025-01-29,17:27,Clock Out,No Exception
1338,2025-01-30,06:50,Clock In,No Exception
1338,2025-01-30,16:26,Clock Out,No Exception
1338,2025-01-31,07:50,Clock In,No Exception
1338,2025-01-31,16:59,Clock Out,No Exception
1338,2025-02-03,06:34,Clock In,No Exception
1338,2025-02-03,15:19,Clock Out,No Exception
1338,2025-02-04,08:07,Clock In,No Exception
1338,2025-02-04,15:49,Clock Out,No Exception
1338,2025-02-05,08:26,Clock In,No Exception
1338,2025-02-05,16:08,Clock Out,No Exception
1338,2025-02-06,06:20,Clock In,No Exception
1338,2025-02-06,13:59,Clock Out,No Exception
1338,2025-02-07,07:42,Clock In,No Exception
1338,2025-02-07,15:42,Clock Out,No Exception
1338,2025-02-10,07:05,Clock In,No Exception
1338,2025-02-10,16:58,Clock Out,No Exception
1338,2025-02-11,06:39,Clock In,No Exception
1338,2025-02-11,15:18,Clock Out,No Exception
1338,2025-02-12,06:22,Clock In,No Exception
1338,2025-02-12,16:21,Clock Out,No Exception
1338,2025-02-13,06:05,Clock In,No Exception
1338,2025-02-13,15:16,Clock Out,No Exception
1338,2025-02-14,09:10,Clock In,No Exception
1338,2025-02-14,19:00,Clock Out,No Exception
1338,2025-02-17,06:06,Clock In,No Exception
1338,2025-02-17,14:55,Clock Out,No Exception
1338,2025-02-18,08:33,Clock In,No Exception
1338,2025-02-18,18:03,Clock Out,No Exception
1338,2025-02-19,07:00,Clock In,No Exception
1338,2025-02-19,14:32,Clock Out,No Exception
1338,2025-02-20,07:46,Clock In,No Exception
1338,2025-02-20,16:37,Clock Out,No Exception
1338,2025-02-21,09:15,Clock In,No Exception
1338,2025-02-21,18:32,Clock Out,No Exception
1338,2025-02-22,07:52,Clock In,No Exception
1338,2025-02-22,16:19,Clock Out,No Exception
1338,2025-02-24,09:58,Clock In,No Exception
1338,2025-02-24,18:38,Clock Out,No Exception
1338,2025-02-25,06:03,Clock In,No Exception
1338,2025-02-25,15:39,Clock Out,No Exception
1338,2025-02-26,08:51,Clock In,No Exception
1338,2025-02-26,17:30,Clock Out,No Exception
1338,2025-02-27,06:52,Clock In,No Exception
1338,2025-02-27,16:37,Clock Out,No Exception
1338,2025-02-28,08:44,Clock In,No Exception
1338,2025-02-28,17:40,Clock Out,No Exception
2636,2025-01-01,08:08,Clock In,No Exception
2636,2025-01-01,16:06,Clock Out,No Exception
2636,2025-01-02,07:24,Clock In,No Exception
2636,2025-01-02,15:43,Clock Out,No Exception
2636,2025-01-03,07:15,Clock In,No Exception
2636,2025-01-03,15:06,Clock Out,No Exception
2636,2025-01-06,06:59,Clock In,No Exception
2636,2025-01-06,16:32,Clock Out,No Exception
2636,2025-01-07,06:52,Clock In,No Exception
2636,2025-01-07,15:27,Clock Out,No Exception
2636,2025-01-08,08:46,Clock In,No Exception
2636,2025-01-08,16:34,Clock Out,No Exception
2636,2025-01-09,09:02,Clock In,No Exception
2636,2025-01-09,18:28,Clock Out,No Exception
2636,2025-01-10,07:30,Clock In,No Exception
2636,2025-01-10,16:24,Clock Out,No Exception
2636,2025-01-11,08:08,Clock In,No Exception
2636,2025-01-11,16:47,Clock Out,No Exception
2636,2025-01-13,09:15,Clock In,No Exception
2636,2025-01-13,18:17,Clock Out,No Exception
2636,2025-01-14,08:12,Clock In,No Exception
2636,2025-01-14,16:30,Clock Out,No Exception
2636,2025-01-15,07:08,Clock In,No Exception
2636,2025-01-15,16:16,Clock Out,No Exception
2636,2025-01-16,06:19,Clock In,No Exception
2636,2025-01-16,13:52,Clock Out,No Exception
2636,2025-01-17,07:26,Clock In,No Exception
2636,2025-01-17,15:07,Clock Out,No Exception
2636,2025-01-20,09:53,Clock In,No Exception
2636,2025-01-20,17:31,Clock Out,No Exception
2636,2025-01-21,09:53,Clock In,No Exception
2636,2025-01-21,19:37,Clock Out,No Exception
2636,2025-01-22,09:48,Clock In,No Exception
2636,2025-01-22,17:40,Clock Out,No Exception
2636,2025-01-23,07:25,Clock In,No Exception
2636,2025-01-23,15:05,Clock Out,No Exception
2636,2025-01-24,07:52,Clock In,No Exception
2636,2025-01-24,16:40,Clock Out,No Exception
2636,2025-01-27,07:43,Clock In,No Exception
2636,2025-01-27,17:20,Clock Out,No Exception
2636,2025-01-28,08:41,Clock In,No Exception
2636,2025-01-28,17:09,Clock Out,No Exception
2636,2025-01-29,06:52,Clock In,No Exception
2636,2025-01-29,16:38,Clock Out,No Exception
2636,2025-01-30,08:56,Clock In,No Exception
2636,2025-01-30,16:40,Clock Out,No Exception
2636,2025-01-31,09:45,Clock In,No Exception
2636,2025-01-31,17:24,Clock Out,No Exception
2636,2025-02-02,06:16,Clock In,No Exception
2636,2025-02-02,14:08,Clock Out,No Exception
2636,2025-02-03,07:08,Clock In,No Exception
2636,2025-02-03,14:43,Clock Out,No Exception
2636,2025-02-04,06:51,Clock In,No Exception
2636,2025-02-04,15:49,Clock Out,No Exception
2636,2025-02-05,08:16,Clock In,No Exception
2636,2025-02-05,16:22,Clock Out,No Exception
2636,2025-02-06,08:32,Clock In,No Exception
2636,2025-02-06,17:40,Clock Out,No Exception
2636,2025-02-07,06:04,Clock In,No Exception
2636,2025-02-07,13:35,Clock Out,No Exception
2636,2025-02-10,08:39,Clock In,No Exception
2636,2025-02-10,17:22,Clock Out,No Exception
2636,2025-02-11,09:26,Clock In,No Exception
2636,2025-02-11,17:28,Clock Out,No Exception
2636,2025-02-12,08:45,Clock In,No Exception
2636,2025-02-12,16:49,Clock Out,No Exception
2636,2025-02-13,09:57,Clock In,No Exception
2636,2025-02-13,17:41,Clock Out,No Exception
2636,2025-02-14,06:49,Clock In,No Exception
2636,2025-02-14,14:41,Clock Out,No Exception
2636,2025-02-17,08:25,Clock In,No Exception
2636,2025-02-17,17:17,Clock Out,No Exception
2636,2025-02-18,07:14,Clock In,No Exception
2636,2025-02-18,16:05,Clock Out,No Exception
2636,2025-02-19,06:49,Clock In,No Exception
2636,2025-02-19,15:43,Clock Out,No Exception
2636,2025-02-20,09:09,Clock In,No Exception
2636,2025-02-20,18:04,Clock Out,No Exception
2636,2025-02-21,06:22,Clock In,No Exception
2636,2025-02-21,16:16,Clock Out,No Exception
2636,2025-02-22,08:49,Clock In,No Exception
2636,2025-02-22,17:40,Clock Out,No Exception
2636,2025-02-23,08:46,Clock In,No Exception
2636,2025-02-23,18:18,Clock Out,No Exception
2636,2025-02-24,06:14,Clock In,No Exception
2636,2025-02-24,15:23,Clock Out,No Exception
2636,2025-02-25,08:06,Clock In,No Exception
2636,2025-02-25,16:50,Clock Out,No Exception
2636,2025-02-26,08:42,Clock In,No Exception
2636,2025-02-26,17:09,Clock Out,No Exception
2636,2025-02-27,09:34,Clock In,No Exception
2636,2025-02-27,17:42,Clock Out,No Exception
2636,2025-02-28,09:03,Clock In,No Exception
2636,2025-02-28,18:39,Clock Out,No Exception
3160,2025-01-01,06:18,Clock In,No Exception
3160,2025-01-01,16:13,Clock Out,No Exception
3160,2025-01-02,09:00,Clock In,No Exception
3160,2025-01-02,18:10,Clock Out,No Exception
3160,2025-01-03,09:17,Clock In,No Exception
3160,2025-01-03,16:48,Clock Out,No Exception
3160,2025-01-06,06:06,Clock In,No Exception
3160,2025-01-06,15:55,Clock Out,No Exception
3160,2025-01-07,07:47,Clock In,No Exception
3160,2025-01-07,16:22,Clock Out,No Exception
3160,2025-01-08,07:54,Clock In,No Exception
3160,2025-01-08,17:29,Clock Out,No Exception
3160,2025-01-09,06:27,Clock In,No Exception
3160,2025-01-09,15:49,Clock Out,No Exception
3160,2025-01-10,08:47,Clock In,No Exception
3160,2025-01-10,17:10,Clock Out,No Exception
3160,2025-01-13,08:22,Clock In,No Exception
3160,2025-01-13,16:39,Clock Out,No Exception
3160,2025-01-14,06:52,Clock In,No Exception
3160,2025-01-14,16:10,Clock Out,No Exception
3160,2025-01-15,07:36,Clock In,No Exception
3160,2025-01-15,17:03,Clock Out,No Exception
3160,2025-01-16,07:50,Clock In,No Exception
3160,2025-01-16,17:15,Clock Out,No Exception
3160,2025-01-17,09:19,Clock In,No Exception
3160,2025-01-17,17:18,Clock Out,No Exception
3160,2025-01-18,09:36,Clock In,No Exception
3160,2025-01-18,17:13,Clock Out,No Exception
3160,2025-01-19,06:11,Clock In,No Exception
3160,2025-01-19,13:48,Clock Out,No Exception
3160,2025-01-20,07:20,Clock In,No Exception
3160,2025-01-20,16:16,Clock Out,No Exception
3160,2025-01-21,07:01,Clock In,No Exception
3160,2025-01-21,16:04,Clock Out,No Exception
3160,2025-01-22,09:05,Clock In,No Exception
3160,2025-01-22,16:46,Clock Out,No Exception
3160,2025-01-23,06:09,Clock In,No Exception
3160,2025-01-23,14:56,Clock Out,No Exception
3160,2025-01-24,06:34,Clock In,No Exception
3160,2025-01-24,14:10,Clock Out,No Exception
3160,2025-01-27,09:33,Clock In,No Exception
3160,2025-01-27,17:41,Clock Out,No Exception
3160,2025-01-28,07:46,Clock In,No Exception
3160,2025-01-28,16:52,Clock Out,No Exception
3160,2025-01-29,09:58,Clock In,No Exception
3160,2025-01-29,17:55,Clock Out,No Exception
3160,2025-01-30,09:55,Clock In,No Exception
3160,2025-01-30,18:15,Clock Out,No Exception
3160,2025-01-31,06:46,Clock In,No Exception
3160,2025-01-31,14:35,Clock Out,No Exception
3160,2025-02-03,09:38,Clock In,No Exception
3160,2025-02-03,17:57,Clock Out,No Exception
3160,2025-02-04,09:18,Clock In,No Exception
3160,2025-02-04,19:08,Clock Out,No Exception
3160,2025-02-05,06:38,Clock In,No Exception
3160,2025-02-05,16:19,Clock Out,No Exception
3160,2025-02-06,08:35,Clock In,No Exception
3160,2025-02-06,18:01,Clock Out,No Exception
3160,2025-02-07,06:33,Clock In,No Exception
3160,2025-02-07,14:43,Clock Out,No Exception
3160,2025-02-08,06:51,Clock In,No Exception
3160,2025-02-08,15:43,Clock Out,No Exception
3160,2025-02-09,06:33,Clock In,No Exception
3160,2025-02-09,14:23,Clock Out,No Exception
3160,2025-02-10,08:40,Clock In,No Exception
3160,2025-02-10,18:19,Clock Out,No Exception
3160,2025-02-11,08:03,Clock In,No Exception
3160,2025-02-11,15:47,Clock Out,No Exception
3160,2025-02-12,08:06,Clock In,No Exception
3160,2025-02-12,17:03,Clock Out,No Exception
3160,2025-02-13,08:58,Clock In,No Exception
3160,2025-02-13,18:05,Clock Out,No Exception
3160,2025-02-14,09:57,Clock In,No Exception
3160,2025-02-14,17:35,Clock Out,No Exception
3160,2025-02-15,09:09,Clock In,No Exception
3160,2025-02-15,17:24,Clock Out,No Exception
3160,2025-02-17,08:15,Clock In,No Exception
3160,2025-02-17,18:07,Clock Out,No Exception
3160,2025-02-18,08:30,Clock In,No Exception
3160,2025-02-18,16:58,Clock Out,No Exception
3160,2025-02-19,08:19,Clock In,No Exception
3160,2025-02-19,16:15,Clock Out,No Exception
3160,2025-02-20,07:49,Clock In,No Exception
3160,2025-02-20,17:17,Clock Out,No Exception
3160,2025-02-21,06:43,Clock In,No Exception
3160,2025-02-21,15:21,Clock Out,No Exception
3160,2025-02-24,08:20,Clock In,No Exception
3160,2025-02-24,16:06,Clock Out,No Exception
3160,2025-02-25,06:59,Clock In,No Exception
3160,2025-02-25,14:31,Clock Out,No Exception
3160,2025-02-26,08:10,Clock In,No Exception
3160,2025-02-26,17:41,Clock Out,No Exception
3160,2025-02-27,07:58,Clock In,No Exception
3160,2025-02-27,17:58,Clock Out,No Exception
3160,2025-02-28,08:29,Clock In,No Exception
3160,2025-02-28,16:07,Clock Out,No Exception
1254,2025-01-01,06:17,Clock In,No Exception
1254,2025-01-01,13:57,Clock Out,No Exception
1254,2025-01-02,07:38,Clock In,No Exception
1254,2025-01-02,17:28,Clock Out,No Exception
1254,2025-01-03,08:06,Clock In,No Exception
1254,2025-01-03,17:25,Clock Out,No Exception
1254,2025-01-06,07:03,Clock In,No Exception
1254,2025-01-06,15:33,Clock Out,No Exception
1254,2025-01-07,07:51,Clock In,No Exception
1254,2025-01-07,17:02,Clock Out,No Exception
1254,2025-01-08,08:35,Clock In,No Exception
1254,2025-01-08,17:24,Clock Out,No Exception
1254,2025-01-09,08:26,Clock In,No Exception
1254,2025-01-09,17:00,Clock Out,No Exception
1254,2025-01-10,08:21,Clock In,No Exception
1254,2025-01-10,15:57,Clock Out,No Exception
1254,2025-01-12,09:21,Clock In,No Exception
1254,2025-01-12,17:10,Clock Out,No Exception
1254,2025-01-13,06:11,Clock In,Device Failure
1254,2025-01-13,15:58,Clock Out,No Exception
1254,2025-01-14,07:25,Clock In,No Exception
1254,2025-01-14,16:16,Clock Out,No Exception
1254,2025-01-15,08:07,Clock In,No Exception
1254,2025-01-15,16:02,Clock Out,No Exception
1254,2025-01-16,08:24,Clock In,No Exception
1254,2025-01-16,17:21,Clock Out,No Exception
1254,2025-01-17,06:35,Clock In,No Exception
1254,2025-01-17,15:30,Clock Out,No Exception
1254,2025-01-20,06:11,Clock In,No Exception
1254,2025-01-20,15:26,Clock Out,No Exception
1254,2025-01-21,06:53,Clock In,No Exception
1254,2025-01-21,16:16,Clock Out,No Exception
1254,2025-01-22,06:31,Clock In,No Exception
1254,2025-01-22,15:08,Clock Out,No Exception
1254,2025-01-23,08:05,Clock In,No Exception
1254,2025-01-23,15:52,Clock Out,No Exception
1254,2025-01-24,08:13,Clock In,No Exception
1254,2025-01-24,16:41,Clock Out,No Exception
1254,2025-01-27,09:44,Clock In,No Exception
1254,2025-01-27,17:25,Clock Out,No Exception
1254,2025-01-28,09:00,Clock In,No Exception
1254,2025-01-28,16:56,Clock Out,No Exception
1254,2025-01-29,08:36,Clock In,No Exception
1254,2025-01-29,16:54,Clock Out,No Exception
1254,2025-01-30,09:26,Clock In,No Exception
1254,2025-01-30,17:48,Clock Out,No Exception
1254,2025-01-31,09:05,Clock In,No Exception
1254,2025-01-31,17:22,Clock Out,No Exception
1254,2025-02-03,07:52,Clock In,No Exception
1254,2025-02-03,16:09,Clock Out,No Exception
1254,2025-02-04,06:57,Clock In,No Exception
1254,2025-02-04,14:46,Clock Out,No Exception
1254,2025-02-05,07:26,Clock In,No Exception
1254,2025-02-05,15:45,Clock Out,No Exception
1254,2025-02-06,06:25,Clock In,No Exception
1254,2025-02-06,15:55,Clock Out,No Exception
1254,2025-02-07,07:55,Clock In,No Exception
1254,2025-02-07,17:13,Clock Out,No Exception
1254,2025-02-09,06:31,Clock In,No Exception
1254,2025-02-09,14:37,Clock Out,No Exception
1254,2025-02-10,08:45,Clock In,No Exception
1254,2025-02-10,17:14,Clock Out,No Exception
1254,2025-02-11,06:50,Clock In,No Exception
1254,2025-02-11,16:46,Clock Out,No Exception
1254,2025-02-12,08:34,Clock In,No Exception
1254,2025-02-12,16:48,Clock Out,No Exception
1254,2025-02-13,09:00,Clock In,No Exception
1254,2025-02-13,17:37,Clock Out,No Exception
1254,2025-02-14,07:16,Clock In,No Exception
1254,2025-02-14,14:53,Clock Out,No Exception
1254,2025-02-16,08:31,Clock In,No Exception
1254,2025-02-16,18:19,Clock Out,No Exception
1254,2025-02-17,07:43,Clock In,No Exception
1254,2025-02-17,15:16,Clock Out,No Exception
1254,2025-02-18,07:06,Clock In,No Exception
1254,2025-02-18,15:46,Clock Out,No Exception
1254,2025-02-19,09:53,Clock In,No Exception
1254,2025-02-19,18:29,Clock Out,No Exception
1254,2025-02-20,07:19,Clock In,No Exception
1254,2025-02-20,16:18,Clock Out,No Exception
1254,2025-02-21,06:36,Clock In,No Exception
1254,2025-02-21,14:48,Clock Out,No Exception
1254,2025-02-22,06:17,Clock In,No Exception
1254,2025-02-22,14:36,Clock Out,No Exception
1254,2025-02-24,07:01,Clock In,No Exception
1254,2025-02-24,15:23,Clock Out,No Exception
1254,2025-02-25,06:45,Clock In,No Exception
1254,2025-02-25,15:58,Clock Out,No Exception
1254,2025-02-26,09:48,Clock In,No Exception
1254,2025-02-26,19:15,Clock Out,No Exception
1254,2025-02-27,08:54,Clock In,No Exception
1254,2025-02-27,17:23,Clock Out,No Exception
1254,2025-02-28,07:29,Clock In,No Exception
1254,2025-02-28,16:25,Clock Out,No Exception
2991,2025-01-01,06:02,Clock In,No Exception
2991,2025-01-01,14:51,Clock Out,No Exception
2991,2025-01-02,07:53,Clock In,No Exception
2991,2025-01-02,17:00,Clock Out,No Exception
2991,2025-01-03,09:33,Clock In,No Exception
2991,2025-01-03,17:54,Clock Out,No Exception
2991,2025-01-05,09:29,Clock In,No Exception
2991,2025-01-05,17:52,Clock Out,No Exception
2991,2025-01-06,09:42,Clock In,No Exception
2991,2025-01-06,19:23,Clock Out,No Exception
2991,2025-01-07,09:21,Clock In,No Exception
2991,2025-01-07,17:06,Clock Out,No Exception
2991,2025-01-08,08:43,Clock In,No Exception
2991,2025-01-08,16:24,Clock Out,No Exception
2991,2025-01-09,08:11,Clock In,No Exception
2991,2025-01-09,18:08,Clock Out,No Exception
2991,2025-01-10,09:07,Clock In,No Exception
2991,2025-01-10,18:27,Clock Out,No Exception
2991,2025-01-12,09:11,Clock In,No Exception
2991,2025-01-12,18:39,Clock Out,No Exception
2991,2025-01-13,07:05,Clock In,No Exception
2991,2025-01-13,14:50,Clock Out,No Exception
2991,2025-01-14,07:25,Clock In,No Exception
2991,2025-01-14,15:00,Clock Out,No Exception
2991,2025-01-15,09:35,Clock In,No Exception
2991,2025-01-15,18:23,Clock Out,No Exception
2991,2025-01-16,07:04,Clock In,No Exception
2991,2025-01-16,15:45,Clock Out,No Exception
2991,2025-01-17,09:31,Clock In,No Exception
2991,2025-01-17,18:37,Clock Out,No Exception
2991,2025-01-20,07:30,Clock In,No Exception
2991,2025-01-20,16:53,Clock Out,No Exception
2991,2025-01-21,07:22,Clock In,No Exception
2991,2025-01-21,15:53,Clock Out,No Exception
2991,2025-01-22,07:50,Clock In,No Exception
2991,2025-01-22,15:44,Clock Out,No Exception
2991,2025-01-23,07:26,Clock In,No Exception
2991,2025-01-23,17:25,Clock Out,No Exception
2991,2025-01-24,08:09,Clock In,No Exception
2991,2025-01-24,16:06,Clock Out,No Exception
2991,2025-01-27,06:31,Clock In,No Exception
2991,2025-01-27,14:18,Clock Out,No Exception
2991,2025-01-28,08:19,Clock In,No Exception
2991,2025-01-28,18:18,Clock Out,No Exception
2991,2025-01-29,07:02,Clock In,No Exception
2991,2025-01-29,14:53,Clock Out,No Exception
2991,2025-01-30,06:16,Clock In,No Exception
2991,2025-01-30,16:12,Clock Out,No Exception
2991,2025-01-31,06:19,Clock In,No Exception
2991,2025-01-31,16:14,Clock Out,No Exception
2991,2025-02-03,08:19,Clock In,No Exception
2991,2025-02-03,17:59,Clock Out,No Exception
2991,2025-02-04,09:10,Clock In,No Exception
2991,2025-02-04,18:12,Clock Out,No Exception
2991,2025-02-05,07:50,Clock In,No Exception
2991,2025-02-05,15:53,Clock Out,No Exception
2991,2025-02-06,08:09,Clock In,No Exception
2991,2025-02-06,15:52,Clock Out,No Exception
2991,2025-02-07,08:19,Clock In,No Exception
2991,2025-02-07,17:27,Clock Out,No Exception
2991,2025-02-08,09:08,Clock In,No Exception
2991,2025-02-08,18:22,Clock Out,Device Failure
2991,2025-02-10,09:19,Clock In,No Exception
2991,2025-02-10,18:16,Clock Out,No Exception
2991,2025-02-11,09:26,Clock In,No Exception
2991,2025-02-11,19:13,Clock Out,No Exception
2991,2025-02-12,07:59,Clock In,No Exception
2991,2025-02-12,17:45,Clock Out,No Exception
2991,2025-02-13,06:38,Clock In,No Exception
2991,2025-02-13,15:40,Clock Out,No Exception
2991,2025-02-14,06:10,Clock In,No Exception
2991,2025-02-14,15:02,Clock Out,No Exception
2991,2025-02-15,07:15,Clock In,No Exception
2991,2025-02-15,15:19,Clock Out,No Exception
2991,2025-02-17,06:12,Clock In,No Exception
2991,2025-02-17,13:44,Clock Out,No Exception
2991,2025-02-18,07:53,Clock In,No Exception
2991,2025-02-18,16:06,Clock Out,No Exception
2991,2025-02-19,06:11,Clock In,No Exception
2991,2025-02-19,14:18,Clock Out,No Exception
2991,2025-02-20,06:11,Clock In,No Exception
2991,2025-02-20,15:57,Clock Out,No Exception
2991,2025-02-21,06:00,Clock In,No Exception
2991,2025-02-21,13:39,Clock Out,No Exception
2991,2025-02-24,08:55,Clock In,No Exception
2991,2025-02-24,17:38,Clock Out,No Exception
2991,2025-02-25,08:08,Clock In,No Exception
2991,2025-02-25,17:30,Clock Out,No Exception
2991,2025-02-26,06:27,Clock In,No Exception
2991,2025-02-26,14:26,Clock Out,No Exception
2991,2025-02-27,06:50,Clock In,No Exception
2991,2025-02-27,16:13,Clock Out,No Exception
2991,2025-02-28,08:05,Clock In,No Exception
2991,2025-02-28,16:43,Clock Out,No Exception
1486,2025-01-01,09:17,Clock In,No Exception
1486,2025-01-01,19:11,Clock Out,No Exception
1486,2025-01-02,07:13,Clock In,No Exception
1486,2025-01-02,16:02,Clock Out,No Exception
1486,2025-01-03,08:50,Clock In,No Exception
1486,2025-01-03,17:27,Clock Out,No Exception
1486,2025-01-05,07:50,Clock In,No Exception
1486,2025-01-05,16:28,Clock Out,No Exception
1486,2025-01-06,09:36,Clock In,No Exception
1486,2025-01-06,17:51,Clock Out,No Exception
1486,2025-01-07,06:49,Clock In,No Exception
1486,2025-01-07,16:39,Clock Out,No Exception
1486,2025-01-08,07:06,Clock In,No Exception
1486,2025-01-08,16:50,Clock Out,No Exception
1486,2025-01-09,08:50,Clock In,No Exception
1486,2025-01-09,17:22,Clock Out,No Exception
1486,2025-01-10,08:01,Clock In,No Exception
1486,2025-01-10,16:36,Clock Out,No Exception
1486,2025-01-12,08:12,Clock In,No Exception
1486,2025-01-12,15:50,Clock Out,No Exception
1486,2025-01-13,06:45,Clock In,No Exception
1486,2025-01-13,16:09,Clock Out,No Exception
1486,2025-01-14,07:00,Clock In,No Exception
1486,2025-01-14,16:47,Clock Out,No Exception
1486,2025-01-15,07:11,Clock In,No Exception
1486,2025-01-15,15:26,Clock Out,No Exception
1486,2025-01-16,09:24,Clock In,No Exception
1486,2025-01-16,18:36,Clock Out,No Exception
1486,2025-01-17,06:37,Clock In,No Exception
1486,2025-01-17,15:45,Clock Out,No Exception
1486,2025-01-18,08:44,Clock In,No Exception
1486,2025-01-18,17:37,Clock Out,No Exception
1486,2025-01-20,09:41,Clock In,No Exception
1486,2025-01-20,19:12,Clock Out,No Exception
1486,2025-01-21,06:09,Clock In,No Exception
1486,2025-01-21,15:52,Clock Out,No Exception
1486,2025-01-22,09:38,Clock In,No Exception
1486,2025-01-22,17:54,Clock Out,No Exception
1486,2025-01-23,07:05,Clock In,No Exception
1486,2025-01-23,15:25,Clock Out,No Exception
1486,2025-01-24,06:41,Clock In,No Exception
1486,2025-01-24,15:25,Clock Out,No Exception
1486,2025-01-27,06:42,Clock In,No Exception
1486,2025-01-27,14:57,Clock Out,No Exception
1486,2025-01-28,09:43,Clock In,No Exception
1486,2025-01-28,19:36,Clock Out,No Exception
1486,2025-01-29,08:33,Clock In,No Exception
1486,2025-01-29,17:49,Clock Out,No Exception
1486,2025-01-30,08:56,Clock In,No Exception
1486,2025-01-30,18:22,Clock Out,No Exception
1486,2025-01-31,07:13,Clock In,No Exception
1486,2025-01-31,15:38,Clock Out,No Exception
1486,2025-02-03,07:06,Clock In,No Exception
1486,2025-02-03,15:41,Clock Out,No Exception
1486,2025-02-04,06:26,Clock In,No Exception
1486,2025-02-04,14:51,Clock Out,No Exception
1486,2025-02-05,06:57,Clock In,No Exception
1486,2025-02-05,15:17,Clock Out,No Exception
1486,2025-02-06,07:23,Clock In,No Exception
1486,2025-02-06,15:56,Clock Out,No Exception
1486,2025-02-07,09:06,Clock In,No Exception
1486,2025-02-07,18:25,Clock Out,No Exception
1486,2025-02-10,08:35,Clock In,No Exception
1486,2025-02-10,18:14,Clock Out,No Exception
1486,2025-02-11,08:05,Clock In,No Exception
1486,2025-02-11,17:03,Clock Out,No Exception
1486,2025-02-12,08:27,Clock In,No Exception
1486,2025-02-12,16:46,Clock Out,No Exception
1486,2025-02-13,08:05,Clock In,No Exception
1486,2025-02-13,17:30,Clock Out,No Exception
1486,2025-02-14,06:13,Clock In,No Exception
1486,2025-02-14,16:13,Clock Out,No Exception
1486,2025-02-17,08:19,Clock In,No Exception
1486,2025-02-17,16:50,Clock Out,No Exception
1486,2025-02-18,08:19,Clock In,No Exception
1486,2025-02-18,16:07,Clock Out,No Exception
1486,2025-02-19,09:49,Clock In,No Exception
1486,2025-02-19,18:20,Clock Out,No Exception
1486,2025-02-20,07:27,Clock In,No Exception
1486,2025-02-20,16:16,Clock Out,No Exception
1486,2025-02-21,06:01,Clock In,No Exception
1486,2025-02-21,15:23,Clock Out,No Exception
1486,2025-02-24,09:12,Clock In,No Exception
1486,2025-02-24,18:12,Clock Out,No Exception
1486,2025-02-25,08:28,Clock In,No Exception
1486,2025-02-25,18:17,Clock Out,No Exception
1486,2025-02-26,09:48,Clock In,No Exception
1486,2025-02-26,19:42,Clock Out,No Exception
1486,2025-02-27,08:54,Clock In,No Exception
1486,2025-02-27,18:16,Clock Out,No Exception
1486,2025-02-28,07:02,Clock In,No Exception
1486,2025-02-28,15:41,Clock Out,No Exception
1486,2025-03-01,06:43,Clock In,No Exception
1486,2025-03-01,15:48,Clock Out,No Exception
1050,2025-01-01,07:48,Clock In,No Exception
1050,2025-01-01,16:47,Clock Out,No Exception
1050,2025-01-02,09:27,Clock In,No Exception
1050,2025-01-02,17:58,Clock Out,No Exception
1050,2025-01-03,09:30,Clock In,No Exception
1050,2025-01-03,17:13,Clock Out,No Exception
1050,2025-01-06,08:37,Clock In,No Exception
1050,2025-01-06,17:43,Clock Out,No Exception
1050,2025-01-07,08:02,Clock In,No Exception
1050,2025-01-07,15:38,Clock Out,No Exception
1050,2025-01-08,06:27,Clock In,No Exception
1050,2025-01-08,15:10,Clock Out,No Exception
1050,2025-01-09,07:55,Clock In,No Exception
1050,2025-01-09,17:45,Clock Out,No Exception
1050,2025-01-10,07:43,Clock In,No Exception
1050,2025-01-10,16:38,Clock Out,No Exception
1050,2025-01-13,06:10,Clock In,No Exception
1050,2025-01-13,14:50,Clock Out,No Exception
1050,2025-01-14,06:09,Clock In,No Exception
1050,2025-01-14,15:27,Clock Out,No Exception
1050,2025-01-15,06:57,Clock In,No Exception
1050,2025-01-15,15:48,Clock Out,No Exception
1050,2025-01-16,09:23,Clock In,No Exception
1050,2025-01-16,18:16,Clock Out,No Exception
1050,2025-01-17,09:02,Clock In,No Exception
1050,2025-01-17,17:44,Clock Out,No Exception
1050,2025-01-18,06:42,Clock In,No Exception
1050,2025-01-18,15:17,Clock Out,No Exception
1050,2025-01-19,07:52,Clock In,No Exception
1050,2025-01-19,17:15,Clock Out,No Exception
1050,2025-01-20,06:46,Clock In,No Exception
1050,2025-01-20,15:14,Clock Out,No Exception
1050,2025-01-21,08:24,Clock In,No Exception
1050,2025-01-21,16:56,Clock Out,No Exception
1050,2025-01-22,09:32,Clock In,No Exception
1050,2025-01-22,18:02,Clock Out,No Exception
1050,2025-01-23,06:56,Clock In,No Exception
1050,2025-01-23,15:17,Clock Out,No Exception
1050,2025-01-24,08:36,Clock In,No Exception
1050,2025-01-24,17:42,Clock Out,No Exception
1050,2025-01-25,06:29,Clock In,No Exception
1050,2025-01-25,15:29,Clock Out,No Exception
1050,2025-01-27,09:05,Clock In,No Exception
1050,2025-01-27,16:47,Clock Out,No Exception
1050,2025-01-28,07:43,Clock In,No Exception
1050,2025-01-28,17:38,Clock Out,No Exception
1050,2025-01-29,06:19,Clock In,No Exception
1050,2025-01-29,15:05,Clock Out,No Exception
1050,2025-01-30,08:10,Clock In,No Exception
1050,2025-01-30,17:21,Clock Out,No Exception
1050,2025-01-31,07:54,Clock In,No Exception
1050,2025-01-31,16:54,Clock Out,No Exception
1050,2025-02-01,06:16,Clock In,No Exception
1050,2025-02-01,16:00,Clock Out,No Exception
1050,2025-02-03,09:32,Clock In,No Exception
1050,2025-02-03,18:04,Clock Out,No Exception
1050,2025-02-04,08:00,Clock In,No Exception
1050,2025-02-04,17:39,Clock Out,No Exception
1050,2025-02-05,08:51,Clock In,No Exception
1050,2025-02-05,17:45,Clock Out,No Exception
1050,2025-02-06,07:41,Clock In,No Exception
1050,2025-02-06,16:25,Clock Out,No Exception
1050,2025-02-07,07:22,Clock In,No Exception
1050,2025-02-07,15:18,Clock Out,No Exception
1050,2025-02-10,07:07,Clock In,No Exception
1050,2025-02-10,15:17,Clock Out,No Exception
1050,2025-02-11,07:27,Clock In,No Exception
1050,2025-02-11,17:20,Clock Out,No Exception
1050,2025-02-12,07:26,Clock In,No Exception
1050,2025-02-12,17:19,Clock Out,No Exception
1050,2025-02-13,08:37,Clock In,No Exception
1050,2025-02-13,18:18,Clock Out,No Exception
1050,2025-02-14,08:36,Clock In,No Exception
1050,2025-02-14,17:11,Clock Out,No Exception
1050,2025-02-16,06:44,Clock In,No Exception
1050,2025-02-16,14:29,Clock Out,No Exception
1050,2025-02-17,08:58,Clock In,No Exception
1050,2025-02-17,18:25,Clock Out,No Exception
1050,2025-02-18,06:46,Clock In,No Exception
1050,2025-02-18,14:44,Clock Out,No Exception
1050,2025-02-19,08:18,Clock In,No Exception
1050,2025-02-19,17:24,Clock Out,No Exception
1050,2025-02-20,08:56,Clock In,No Exception
1050,2025-02-20,18:55,Clock Out,No Exception
1050,2025-02-21,08:36,Clock In,No Exception
1050,2025-02-21,17:18,Clock Out,No Exception
1050,2025-02-22,08:40,Clock In,No Exception
1050,2025-02-22,17:17,Clock Out,No Exception
1050,2025-02-24,08:55,Clock In,No Exception
1050,2025-02-24,17:25,Clock Out,No Exception
1050,2025-02-25,07:45,Clock In,No Exception
1050,2025-02-25,17:39,Clock Out,No Exception
1050,2025-02-26,08:07,Clock In,No Exception
1050,2025-02-26,17:43,Clock Out,No Exception
1050,2025-02-27,09:32,Clock In,No Exception
1050,2025-02-27,19:21,Clock Out,No Exception
1050,2025-02-28,09:38,Clock In,No Exception
1050,2025-02-28,18:21,Clock Out,No Exception
2657,2025-01-01,08:00,Clock In,No Exception
2657,2025-01-01,17:13,Clock Out,No Exception
2657,2025-01-02,09:26,Clock In,No Exception
2657,2025-01-02,18:54,Clock Out,No Exception
2657,2025-01-03,06:22,Clock In,No Exception
2657,2025-01-03,15:12,Clock Out,No Exception
2657,2025-01-04,08:33,Clock In,No Exception
2657,2025-01-04,17:42,Clock Out,No Exception
2657,2025-01-06,09:55,Clock In,No Exception
2657,2025-01-06,18:16,Clock Out,No Exception
2657,2025-01-07,08:49,Clock In,No Exception
2657,2025-01-07,16:36,Clock Out,No Exception
2657,2025-01-08,09:03,Clock In,No Exception
2657,2025-01-08,16:41,Clock Out,No Exception
2657,2025-01-09,09:17,Clock In,No Exception
2657,2025-01-09,18:45,Clock Out,No Exception
2657,2025-01-10,06:03,Clock In,No Exception
2657,2025-01-10,15:53,Clock Out,No Exception
2657,2025-01-11,08:03,Clock In,No Exception
2657,2025-01-11,17:22,Clock Out,No Exception
2657,2025-01-12,07:14,Clock In,No Exception
2657,2025-01-12,15:20,Clock Out,No Exception
2657,2025-01-13,07:47,Clock In,No Exception
2657,2025-01-13,16:38,Clock Out,No Exception
2657,2025-01-14,07:29,Clock In,No Exception
2657,2025-01-14,15:01,Clock Out,No Exception
2657,2025-01-15,06:52,Clock In,No Exception
2657,2025-01-15,16:42,Clock Out,No Exception
2657,2025-01-16,09:05,Clock In,No Exception
2657,2025-01-16,17:59,Clock Out,No Exception
2657,2025-01-17,06:47,Clock In,No Exception
2657,2025-01-17,15:55,Clock Out,No Exception
2657,2025-01-20,06:39,Clock In,No Exception
2657,2025-01-20,15:28,Clock Out,No Exception
2657,2025-01-21,07:38,Clock In,No Exception
2657,2025-01-21,17:18,Clock Out,No Exception
2657,2025-01-22,06:39,Clock In,No Exception
2657,2025-01-22,16:08,Clock Out,No Exception
2657,2025-01-23,08:50,Clock In,No Exception
2657,2025-01-23,18:34,Clock Out,No Exception
2657,2025-01-24,06:53,Clock In,No Exception
2657,2025-01-24,16:48,Clock Out,No Exception
2657,2025-01-27,06:08,Clock In,No Exception
2657,2025-01-27,15:29,Clock Out,No Exception
2657,2025-01-28,06:01,Clock In,No Exception
2657,2025-01-28,15:03,Clock Out,No Exception
2657,2025-01-29,06:22,Clock In,No Exception
2657,2025-01-29,15:16,Clock Out,No Exception
2657,2025-01-30,08:49,Clock In,No Exception
2657,2025-01-30,16:43,Clock Out,No Exception
2657,2025-01-31,09:28,Clock In,No Exception
2657,2025-01-31,17:50,Clock Out,No Exception
2657,2025-02-01,06:06,Clock In,No Exception
2657,2025-02-01,15:58,Clock Out,No Exception
2657,2025-02-02,07:27,Clock In,No Exception
2657,2025-02-02,15:31,Clock Out,No Exception
2657,2025-02-03,08:02,Clock In,No Exception
2657,2025-02-03,16:45,Clock Out,No Exception
2657,2025-02-04,08:27,Clock In,No Exception
2657,2025-02-04,16:36,Clock Out,No Exception
2657,2025-02-05,08:51,Clock In,No Exception
2657,2025-02-05,16:31,Clock Out,No Exception
2657,2025-02-06,06:57,Clock In,No Exception
2657,2025-02-06,16:14,Clock Out,No Exception
2657,2025-02-07,09:52,Clock In,No Exception
2657,2025-02-07,18:12,Clock Out,No Exception
2657,2025-02-10,06:09,Clock In,No Exception
2657,2025-02-10,14:59,Clock Out,No Exception
2657,2025-02-11,06:00,Clock In,No Exception
2657,2025-02-11,15:05,Clock Out,No Exception
2657,2025-02-12,07:36,Clock In,No Exception
2657,2025-02-12,16:26,Clock Out,No Exception
2657,2025-02-13,08:26,Clock In,No Exception
2657,2025-02-13,17:15,Clock Out,No Exception
2657,2025-02-14,07:28,Clock In,No Exception
2657,2025-02-14,16:04,Clock Out,No Exception
2657,2025-02-15,09:28,Clock In,No Exception
2657,2025-02-15,18:12,Clock Out,No Exception
2657,2025-02-17,07:46,Clock In,No Exception
2657,2025-02-17,16:07,Clock Out,No Exception
2657,2025-02-18,07:35,Clock In,No Exception
2657,2025-02-18,16:00,Clock Out,No Exception
2657,2025-02-19,08:50,Clock In,No Exception
2657,2025-02-19,16:39,Clock Out,No Exception
2657,2025-02-20,07:22,Clock In,No Exception
2657,2025-02-20,15:43,Clock Out,No Exception
2657,2025-02-21,07:24,Clock In,No Exception
2657,2025-02-21,15:52,Clock Out,No Exception
2657,2025-02-24,09:37,Clock In,No Exception
2657,2025-02-24,18:17,Clock Out,No Exception
2657,2025-02-25,08:32,Clock In,No Exception
2657,2025-02-25,16:53,Clock Out,No Exception
2657,2025-02-26,08:47,Clock In,No Exception
2657,2025-02-26,18:47,Clock Out,No Exception
2657,2025-02-27,07:23,Clock In,No Exception
2657,2025-02-27,15:04,Clock Out,No Exception
2657,2025-02-28,07:02,Clock In,No Exception
2657,2025-02-28,16:41,Clock Out,No Exception
3479,2025-01-01,09:10,Clock In,No Exception
3479,2025-01-01,18:48,Clock Out,No Exception
3479,2025-01-02,07:27,Clock In,No Exception
3479,2025-01-02,16:00,Clock Out,No Exception
3479,2025-01-03,07:01,Clock In,No Exception
3479,2025-01-03,16:29,Clock Out,No Exception
3479,2025-01-05,09:06,Clock In,No Exception
3479,2025-01-05,17:02,Clock Out,No Exception
3479,2025-01-06,09:29,Clock In,No Exception
3479,2025-01-06,17:23,Clock Out,No Exception
3479,2025-01-07,09:05,Clock In,No Exception
3479,2025-01-07,18:52,Clock Out,No Exception
3479,2025-01-08,07:12,Clock In,No Exception
3479,2025-01-08,15:55,Clock Out,No Exception
3479,2025-01-09,07:37,Clock In,No Exception
3479,2025-01-09,16:19,Clock Out,No Exception
3479,2025-01-10,06:48,Clock In,No Exception
3479,2025-01-10,14:49,Clock Out,No Exception
3479,2025-01-13,09:40,Clock In,No Exception
3479,2025-01-13,17:49,Clock Out,No Exception
3479,2025-01-14,07:10,Clock In,No Exception
3479,2025-01-14,16:07,Clock Out,No Exception
3479,2025-01-15,08:43,Clock In,No Exception
3479,2025-01-15,16:54,Clock Out,No Exception
3479,2025-01-16,09:08,Clock In,No Exception
3479,2025-01-16,17:23,Clock Out,No Exception
3479,2025-01-17,06:00,Clock In,No Exception
3479,2025-01-17,15:35,Clock Out,No Exception
3479,2025-01-20,09:57,Clock In,No Exception
3479,2025-01-20,19:55,Clock Out,No Exception
3479,2025-01-21,09:45,Clock In,No Exception
3479,2025-01-21,19:08,Clock Out,No Exception
3479,2025-01-22,08:27,Clock In,No Exception
3479,2025-01-22,17:02,Clock Out,No Exception
3479,2025-01-23,06:43,Clock In,No Exception
3479,2025-01-23,15:37,Clock Out,No Exception
3479,2025-01-24,09:10,Clock In,No Exception
3479,2025-01-24,18:34,Clock Out,No Exception
3479,2025-01-27,06:02,Clock In,No Exception
3479,2025-01-27,13:42,Clock Out,No Exception
3479,2025-01-28,07:36,Clock In,No Exception
3479,2025-01-28,17:33,Clock Out,No Exception
3479,2025-01-29,06:35,Clock In,No Exception
3479,2025-01-29,16:34,Clock Out,No Exception
3479,2025-01-30,06:20,Clock In,No Exception
3479,2025-01-30,15:55,Clock Out,No Exception
3479,2025-01-31,08:44,Clock In,No Exception
3479,2025-01-31,17:56,Clock Out,No Exception
3479,2025-02-03,08:08,Clock In,No Exception
3479,2025-02-03,16:17,Clock Out,No Exception
3479,2025-02-04,09:20,Clock In,No Exception
3479,2025-02-04,17:24,Clock Out,No Exception
3479,2025-02-05,09:16,Clock In,No Exception
3479,2025-02-05,17:48,Clock Out,No Exception
3479,2025-02-06,08:11,Clock In,No Exception
3479,2025-02-06,18:08,Clock Out,No Exception
3479,2025-02-07,07:53,Clock In,No Exception
3479,2025-02-07,17:15,Clock Out,No Exception
3479,2025-02-09,07:54,Clock In,No Exception
3479,2025-02-09,16:03,Clock Out,No Exception
3479,2025-02-10,08:57,Clock In,No Exception
3479,2025-02-10,18:44,Clock Out,No Exception
3479,2025-02-11,09:01,Clock In,No Exception
3479,2025-02-11,16:59,Clock Out,No Exception
3479,2025-02-12,08:09,Clock In,No Exception
3479,2025-02-12,15:45,Clock Out,No Exception
3479,2025-02-13,06:09,Clock In,No Exception
3479,2025-02-13,14:52,Clock Out,No Exception
3479,2025-02-14,09:21,Clock In,No Exception
3479,2025-02-14,17:11,Clock Out,No Exception
3479,2025-02-17,06:36,Clock In,No Exception
3479,2025-02-17,15:22,Clock Out,No Exception
3479,2025-02-18,08:22,Clock In,No Exception
3479,2025-02-18,16:24,Clock Out,No Exception
3479,2025-02-19,06:07,Clock In,No Exception
3479,2025-02-19,13:46,Clock Out,No Exception
3479,2025-02-20,08:58,Clock In,No Exception
3479,2025-02-20,18:54,Clock Out,No Exception
3479,2025-02-21,08:31,Clock In,No Exception
3479,2025-02-21,18:24,Clock Out,No Exception
3479,2025-02-23,06:05,Clock In,No Exception
3479,2025-02-23,14:12,Clock Out,No Exception
3479,2025-02-24,06:41,Clock In,No Exception
3479,2025-02-24,14:56,Clock Out,No Exception
3479,2025-02-25,08:38,Clock In,No Exception
3479,2025-02-25,17:31,Clock Out,No Exception
3479,2025-02-26,09:58,Clock In,No Exception
3479,2025-02-26,17:40,Clock Out,No Exception
3479,2025-02-27,09:58,Clock In,No Exception
3479,2025-02-27,17:55,Clock Out,No Exception
3479,2025-02-28,06:53,Clock In,No Exception
3479,2025-02-28,14:49,Clock Out,No Exception
1092,2025-01-01,06:00,Clock In,No Exception
1092,2025-01-01,13:52,Clock Out,No Exception
1092,2025-01-02,06:13,Clock In,No Exception
1092,2025-01-02,15:01,Clock Out,No Exception
1092,2025-01-03,07:11,Clock In,No Exception
1092,2025-01-03,15:49,Clock Out,No Exception
1092,2025-01-06,08:36,Clock In,No Exception
1092,2025-01-06,17:39,Clock Out,No Exception
1092,2025-01-07,07:56,Clock In,No Exception
1092,2025-01-07,16:45,Clock Out,No Exception
1092,2025-01-08,09:41,Clock In,No Exception
1092,2025-01-08,18:39,Clock Out,No Exception
1092,2025-01-09,07:33,Clock In,No Exception
1092,2025-01-09,15:12,Clock Out,No Exception
1092,2025-01-10,06:13,Clock In,No Exception
1092,2025-01-10,14:51,Clock Out,No Exception
1092,2025-01-13,09:03,Clock In,No Exception
1092,2025-01-13,17:49,Clock Out,No Exception
1092,2025-01-14,08:51,Clock In,No Exception
1092,2025-01-14,18:47,Clock Out,No Exception
1092,2025-01-15,09:53,Clock In,No Exception
1092,2025-01-15,19:17,Clock Out,No Exception
1092,2025-01-16,07:52,Clock In,No Exception
1092,2025-01-16,16:56,Clock Out,No Exception
1092,2025-01-17,06:22,Clock In,No Exception
1092,2025-01-17,15:22,Clock Out,No Exception
1092,2025-01-20,09:52,Clock In,No Exception
1092,2025-01-20,18:58,Clock Out,No Exception
1092,2025-01-21,07:16,Clock In,No Exception
1092,2025-01-21,15:43,Clock Out,No Exception
1092,2025-01-22,07:24,Clock In,No Exception
1092,2025-01-22,15:36,Clock Out,No Exception
1092,2025-01-23,09:31,Clock In,No Exception
1092,2025-01-23,18:14,Clock Out,No Exception
1092,2025-01-24,09:50,Clock In,No Exception
1092,2025-01-24,17:31,Clock Out,No Exception
1092,2025-01-25,08:57,Clock In,No Exception
1092,2025-01-25,17:56,Clock Out,No Exception
1092,2025-01-27,09:41,Clock In,No Exception
1092,2025-01-27,17:54,Clock Out,No Exception
1092,2025-01-28,07:35,Clock In,No Exception
1092,2025-01-28,15:28,Clock Out,No Exception
1092,2025-01-29,08:52,Clock In,No Exception
1092,2025-01-29,17:34,Clock Out,No Exception
1092,2025-01-30,08:33,Clock In,No Exception
1092,2025-01-30,16:16,Clock Out,No Exception
1092,2025-01-31,08:23,Clock In,No Exception
1092,2025-01-31,16:02,Clock Out,No Exception
1092,2025-02-03,09:31,Clock In,No Exception
1092,2025-02-03,17:45,Clock Out,No Exception
1092,2025-02-04,09:00,Clock In,No Exception
1092,2025-02-04,17:54,Clock Out,No Exception
1092,2025-02-05,08:35,Clock In,No Exception
1092,2025-02-05,17:15,Clock Out,No Exception
1092,2025-02-06,09:56,Clock In,No Exception
1092,2025-02-06,19:20,Clock Out,No Exception
1092,2025-02-07,07:24,Clock In,No Exception
1092,2025-02-07,15:02,Clock Out,No Exception
1092,2025-02-10,09:03,Clock In,No Exception
1092,2025-02-10,17:07,Clock Out,No Exception
1092,2025-02-11,08:27,Clock In,No Exception
1092,2025-02-11,16:09,Clock Out,No Exception
1092,2025-02-12,07:48,Clock In,No Exception
1092,2025-02-12,17:43,Clock Out,No Exception
1092,2025-02-13,06:38,Clock In,No Exception
1092,2025-02-13,15:45,Clock Out,No Exception
1092,2025-02-14,09:28,Clock In,No Exception
1092,2025-02-14,18:03,Clock Out,No Exception
1092,2025-02-17,07:32,Clock In,No Exception
1092,2025-02-17,17:13,Clock Out,No Exception
1092,2025-02-18,09:47,Clock In,No Exception
1092,2025-02-18,17:43,Clock Out,No Exception
1092,2025-02-19,08:44,Clock In,No Exception
1092,2025-02-19,17:16,Clock Out,No Exception
1092,2025-02-20,06:09,Clock In,No Exception
1092,2025-02-20,15:27,Clock Out,No Exception
1092,2025-02-21,09:46,Clock In,No Exception
1092,2025-02-21,17:25,Clock Out,No Exception
1092,2025-02-23,07:40,Clock In,No Exception
1092,2025-02-23,16:17,Clock Out,No Exception
1092,2025-02-24,07:35,Clock In,No Exception
1092,2025-02-24,16:57,Clock Out,No Exception
1092,2025-02-25,06:19,Clock In,No Exception
1092,2025-02-25,15:24,Clock Out,No Exception
1092,2025-02-26,06:04,Clock In,No Exception
1092,2025-02-26,13:34,Clock Out,No Exception
1092,2025-02-27,08:18,Clock In,No Exception
1092,2025-02-27,17:52,Clock Out,No Exception
1092,2025-02-28,07:21,Clock In,No Exception
1092,2025-02-28,16:58,Clock Out,No Exception
1092,2025-03-01,06:24,Clock In,No Exception
1092,2025-03-01,16:23,Clock Out,No Exception
2407,2025-01-01,06:06,Clock In,No Exception
2407,2025-01-01,15:22,Clock Out,No Exception
2407,2025-01-02,07:19,Clock In,No Exception
2407,2025-01-02,17:00,Clock Out,No Exception
2407,2025-01-03,06:50,Clock In,No Exception
2407,2025-01-03,14:49,Clock Out,No Exception
2407,2025-01-05,08:55,Clock In,No Exception
2407,2025-01-05,18:38,Clock Out,No Exception
2407,2025-01-06,09:34,Clock In,No Exception
2407,2025-01-06,17:31,Clock Out,No Exception
2407,2025-01-07,06:08,Clock In,No Exception
2407,2025-01-07,13:46,Clock Out,No Exception
2407,2025-01-08,08:39,Clock In,No Exception
2407,2025-01-08,16:50,Clock Out,No Exception
2407,2025-01-09,09:05,Clock In,No Exception
2407,2025-01-09,17:09,Clock Out,No Exception
2407,2025-01-10,08:15,Clock In,No Exception
2407,2025-01-10,16:45,Clock Out,No Exception
2407,2025-01-11,08:22,Clock In,No Exception
2407,2025-01-11,16:18,Clock Out,No Exception
2407,2025-01-12,07:44,Clock In,No Exception
2407,2025-01-12,16:31,Clock Out,No Exception
2407,2025-01-13,08:55,Clock In,No Exception
2407,2025-01-13,17:52,Clock Out,No Exception
2407,2025-01-14,06:37,Clock In,No Exception
2407,2025-01-14,16:09,Clock Out,No Exception
2407,2025-01-15,07:54,Clock In,No Exception
2407,2025-01-15,15:53,Clock Out,No Exception
2407,2025-01-16,07:03,Clock In,No Exception
2407,2025-01-16,16:25,Clock Out,No Exception
2407,2025-01-17,08:26,Clock In,No Exception
2407,2025-01-17,18:24,Clock Out,No Exception
2407,2025-01-20,08:32,Clock In,No Exception
2407,2025-01-20,18:21,Clock Out,No Exception
2407,2025-01-21,07:07,Clock In,No Exception
2407,2025-01-21,15:22,Clock Out,No Exception
2407,2025-01-22,07:18,Clock In,No Exception
2407,2025-01-22,16:32,Clock Out,No Exception
2407,2025-01-23,07:32,Clock In,No Exception
2407,2025-01-23,16:17,Clock Out,No Exception
2407,2025-01-24,09:11,Clock In,No Exception
2407,2025-01-24,17:18,Clock Out,No Exception
2407,2025-01-27,06:51,Clock In,No Exception
2407,2025-01-27,15:16,Clock Out,No Exception
2407,2025-01-28,09:05,Clock In,No Exception
2407,2025-01-28,17:21,Clock Out,No Exception
2407,2025-01-29,07:23,Clock In,No Exception
2407,2025-01-29,16:46,Clock Out,No Exception
2407,2025-01-30,09:32,Clock In,No Exception
2407,2025-01-30,17:55,Clock Out,No Exception
2407,2025-01-31,09:44,Clock In,No Exception
2407,2025-01-31,19:01,Clock Out,No Exception
2407,2025-02-03,07:49,Clock In,No Exception
2407,2025-02-03,15:23,Clock Out,No Exception
2407,2025-02-04,09:22,Clock In,No Exception
2407,2025-02-04,19:09,Clock Out,No Exception
2407,2025-02-05,08:52,Clock In,No Exception
2407,2025-02-05,17:31,Clock Out,No Exception
2407,2025-02-06,09:46,Clock In,No Exception
2407,2025-02-06,19:35,Clock Out,No Exception
2407,2025-02-07,09:05,Clock In,No Exception
2407,2025-02-07,18:54,Clock Out,No Exception
2407,2025-02-08,08:22,Clock In,No Exception
2407,2025-02-08,16:13,Clock Out,No Exception
2407,2025-02-09,06:49,Clock In,No Exception
2407,2025-02-09,14:31,Clock Out,No Exception
2407,2025-02-10,07:11,Clock In,No Exception
2407,2025-02-10,14:52,Clock Out,No Exception
2407,2025-02-11,08:09,Clock In,No Exception
2407,2025-02-11,17:46,Clock Out,No Exception
2407,2025-02-12,08:45,Clock In,No Exception
2407,2025-02-12,16:30,Clock Out,No Exception
2407,2025-02-13,06:07,Clock In,No Exception
2407,2025-02-13,15:25,Clock Out,No Exception
2407,2025-02-14,06:40,Clock In,No Exception
2407,2025-02-14,15:25,Clock Out,No Exception
2407,2025-02-16,09:43,Clock In,No Exception
2407,2025-02-16,17:32,Clock Out,No Exception
2407,2025-02-17,07:21,Clock In,No Exception
2407,2025-02-17,16:04,Clock Out,No Exception
2407,2025-02-18,07:59,Clock In,No Exception
2407,2025-02-18,17:51,Clock Out,No Exception
2407,2025-02-19,06:22,Clock In,No Exception
2407,2025-02-19,15:18,Clock Out,No Exception
2407,2025-02-20,08:42,Clock In,No Exception
2407,2025-02-20,18:00,Clock Out,No Exception
2407,2025-02-21,09:57,Clock In,No Exception
2407,2025-02-21,17:37,Clock Out,No Exception
2407,2025-02-24,09:38,Clock In,No Exception
2407,2025-02-24,18:49,Clock Out,No Exception
2407,2025-02-25,07:49,Clock In,No Exception
2407,2025-02-25,16:07,Clock Out,No Exception
2407,2025-02-26,07:32,Clock In,No Exception
2407,2025-02-26,15:11,Clock Out,No Exception
2407,2025-02-27,08:45,Clock In,No Exception
2407,2025-02-27,17:36,Clock Out,No Exception
2407,2025-02-28,07:46,Clock In,No Exception
2407,2025-02-28,17:20,Clock Out,No Exception
2407,2025-03-01,06:59,Clock In,No Exception
2407,2025-03-01,14:38,Clock Out,No Exception
1746,2025-01-01,08:54,Clock In,No Exception
1746,2025-01-01,17:43,Clock Out,No Exception
1746,2025-01-02,08:22,Clock In,No Exception
1746,2025-01-02,16:27,Clock Out,No Exception
1746,2025-01-03,07:22,Clock In,No Exception
1746,2025-01-03,15:28,Clock Out,No Exception
1746,2025-01-06,07:24,Clock In,No Exception
1746,2025-01-06,14:55,Clock Out,No Exception
1746,2025-01-07,08:04,Clock In,No Exception
1746,2025-01-07,17:17,Clock Out,No Exception
1746,2025-01-08,09:56,Clock In,No Exception
1746,2025-01-08,18:42,Clock Out,No Exception
1746,2025-01-09,06:26,Clock In,No Exception
1746,2025-01-09,14:54,Clock Out,No Exception
1746,2025-01-10,06:30,Clock In,No Exception
1746,2025-01-10,14:16,Clock Out,No Exception
1746,2025-01-13,08:14,Clock In,No Exception
1746,2025-01-13,16:31,Clock Out,No Exception
1746,2025-01-14,09:56,Clock In,No Exception
1746,2025-01-14,18:16,Clock Out,No Exception
1746,2025-01-15,07:39,Clock In,No Exception
1746,2025-01-15,15:53,Clock Out,No Exception
1746,2025-01-16,06:13,Clock In,No Exception
1746,2025-01-16,15:22,Clock Out,No Exception
1746,2025-01-17,06:38,Clock In,No Exception
1746,2025-01-17,15:15,Clock Out,No Exception
1746,2025-01-18,09:49,Clock In,No Exception
1746,2025-01-18,17:48,Clock Out,No Exception
1746,2025-01-19,06:13,Clock In,No Exception
1746,2025-01-19,14:10,Clock Out,No Exception
1746,2025-01-20,08:59,Clock In,No Exception
1746,2025-01-20,18:08,Clock Out,No Exception
1746,2025-01-21,09:11,Clock In,No Exception
1746,2025-01-21,18:31,Clock Out,No Exception
1746,2025-01-22,06:39,Clock In,No Exception
1746,2025-01-22,15:49,Clock Out,No Exception
1746,2025-01-23,07:51,Clock In,No Exception
1746,2025-01-23,16:56,Clock Out,No Exception
1746,2025-01-24,06:45,Clock In,No Exception
1746,2025-01-24,16:38,Clock Out,No Exception
1746,2025-01-27,06:17,Clock In,No Exception
1746,2025-01-27,15:09,Clock Out,No Exception
1746,2025-01-28,09:29,Clock In,No Exception
1746,2025-01-28,17:24,Clock Out,No Exception
1746,2025-01-29,06:26,Clock In,No Exception
1746,2025-01-29,16:15,Clock Out,No Exception
1746,2025-01-30,09:39,Clock In,No Exception
1746,2025-01-30,19:34,Clock Out,No Exception
1746,2025-01-31,08:14,Clock In,No Exception
1746,2025-01-31,17:46,Clock Out,No Exception
1746,2025-02-01,09:32,Clock In,No Exception
1746,2025-02-01,18:25,Clock Out,No Exception
1746,2025-02-03,09:49,Clock In,No Exception
1746,2025-02-03,18:52,Clock Out,No Exception
1746,2025-02-04,06:20,Clock In,No Exception
1746,2025-02-04,15:05,Clock Out,No Exception
1746,2025-02-05,08:12,Clock In,No Exception
1746,2025-02-05,16:56,Clock Out,No Exception
1746,2025-02-06,09:29,Clock In,No Exception
1746,2025-02-06,17:01,Clock Out,No Exception
1746,2025-02-07,09:55,Clock In,No Exception
1746,2025-02-07,18:43,Clock Out,No Exception
1746,2025-02-08,07:31,Clock In,No Exception
1746,2025-02-08,15:16,Clock Out,No Exception
1746,2025-02-09,07:55,Clock In,No Exception
1746,2025-02-09,16:52,Clock Out,No Exception
1746,2025-02-10,07:45,Clock In,No Exception
1746,2025-02-10,17:06,Clock Out,No Exception
1746,2025-02-11,08:31,Clock In,No Exception
1746,2025-02-11,16:41,Clock Out,No Exception
1746,2025-02-12,09:24,Clock In,No Exception
1746,2025-02-12,19:16,Clock Out,No Exception
1746,2025-02-13,08:14,Clock In,No Exception
1746,2025-02-13,17:26,Clock Out,No Exception
1746,2025-02-14,06:32,Clock In,No Exception
1746,2025-02-14,15:17,Clock Out,No Exception
1746,2025-02-17,08:19,Clock In,No Exception
1746,2025-02-17,16:51,Clock Out,No Exception
1746,2025-02-18,09:08,Clock In,No Exception
1746,2025-02-18,17:06,Clock Out,No Exception
1746,2025-02-19,06:30,Clock In,No Exception
1746,2025-02-19,15:29,Clock Out,No Exception
1746,2025-02-20,09:59,Clock In,No Exception
1746,2025-02-20,18:02,Clock Out,No Exception
1746,2025-02-21,06:36,Clock In,No Exception
1746,2025-02-21,14:11,Clock Out,No Exception
1746,2025-02-22,07:30,Clock In,No Exception
1746,2025-02-22,16:31,Clock Out,No Exception
1746,2025-02-24,07:51,Clock In,No Exception
1746,2025-02-24,17:24,Clock Out,No Exception
1746,2025-02-25,07:01,Clock In,No Exception
1746,2025-02-25,15:53,Clock Out,No Exception
1746,2025-02-26,08:06,Clock In,No Exception
1746,2025-02-26,17:55,Clock Out,No Exception
1746,2025-02-27,08:49,Clock In,No Exception
1746,2025-02-27,16:41,Clock Out,No Exception
1746,2025-02-28,08:26,Clock In,No Exception
1746,2025-02-28,15:58,Clock Out,No Exception
1746,2025-03-01,09:45,Clock In,No Exception
1746,2025-03-01,19:25,Clock Out,No Exception
2246,2025-01-01,06:39,Clock In,No Exception
2246,2025-01-01,14:29,Clock Out,No Exception
2246,2025-01-02,06:06,Clock In,No Exception
2246,2025-01-02,16:03,Clock Out,No Exception
2246,2025-01-03,09:36,Clock In,No Exception
2246,2025-01-03,17:43,Clock Out,No Exception
2246,2025-01-06,08:04,Clock In,No Exception
2246,2025-01-06,15:54,Clock Out,No Exception
2246,2025-01-07,09:50,Clock In,No Exception
2246,2025-01-07,17:20,Clock Out,No Exception
2246,2025-01-08,07:55,Clock In,No Exception
2246,2025-01-08,16:36,Clock Out,No Exception
2246,2025-01-09,06:09,Clock In,No Exception
2246,2025-01-09,15:41,Clock Out,No Exception
2246,2025-01-10,07:50,Clock In,No Exception
2246,2025-01-10,16:24,Clock Out,No Exception
2246,2025-01-13,07:26,Clock In,No Exception
2246,2025-01-13,15:18,Clock Out,No Exception
2246,2025-01-14,09:02,Clock In,No Exception
2246,2025-01-14,17:39,Clock Out,No Exception
2246,2025-01-15,06:59,Clock In,No Exception
2246,2025-01-15,14:45,Clock Out,No Exception
2246,2025-01-16,09:27,Clock In,No Exception
2246,2025-01-16,18:22,Clock Out,No Exception
2246,2025-01-17,08:14,Clock In,No Exception
2246,2025-01-17,16:23,Clock Out,No Exception
2246,2025-01-18,08:07,Clock In,No Exception
2246,2025-01-18,16:23,Clock Out,No Exception
2246,2025-01-20,07:23,Clock In,No Exception
2246,2025-01-20,16:01,Clock Out,No Exception
2246,2025-01-21,09:22,Clock In,No Exception
2246,2025-01-21,17:50,Clock Out,No Exception
2246,2025-01-22,06:54,Clock In,No Exception
2246,2025-01-22,15:25,Clock Out,No Exception
2246,2025-01-23,08:03,Clock In,No Exception
2246,2025-01-23,16:08,Clock Out,No Exception
2246,2025-01-24,08:39,Clock In,No Exception
2246,2025-01-24,18:02,Clock Out,No Exception
2246,2025-01-26,08:32,Clock In,No Exception
2246,2025-01-26,18:01,Clock Out,No Exception
2246,2025-01-27,07:26,Clock In,No Exception
2246,2025-01-27,17:26,Clock Out,No Exception
2246,2025-01-28,09:38,Clock In,No Exception
2246,2025-01-28,18:59,Clock Out,No Exception
2246,2025-01-29,06:05,Clock In,No Exception
2246,2025-01-29,15:12,Clock Out,No Exception
2246,2025-01-30,06:11,Clock In,No Exception
2246,2025-01-30,13:56,Clock Out,No Exception
2246,2025-01-31,09:37,Clock In,No Exception
2246,2025-01-31,17:36,Clock Out,No Exception
2246,2025-02-03,08:32,Clock In,No Exception
2246,2025-02-03,17:37,Clock Out,No Exception
2246,2025-02-04,07:38,Clock In,No Exception
2246,2025-02-04,17:28,Clock Out,No Exception
2246,2025-02-05,06:50,Clock In,No Exception
2246,2025-02-05,14:43,Clock Out,No Exception
2246,2025-02-06,08:20,Clock In,No Exception
2246,2025-02-06,17:50,Clock Out,No Exception
2246,2025-02-07,07:06,Clock In,No Exception
2246,2025-02-07,15:49,Clock Out,No Exception
2246,2025-02-09,08:22,Clock In,No Exception
2246,2025-02-09,16:21,Clock Out,No Exception
2246,2025-02-10,09:30,Clock In,No Exception
2246,2025-02-10,18:32,Clock Out,No Exception
2246,2025-02-11,07:28,Clock In,No Exception
2246,2025-02-11,15:06,Clock Out,No Exception
2246,2025-02-12,08:37,Clock In,No Exception
2246,2025-02-12,17:24,Clock Out,No Exception
2246,2025-02-13,08:44,Clock In,No Exception
2246,2025-02-13,16:37,Clock Out,No Exception
2246,2025-02-14,08:35,Clock In,No Exception
2246,2025-02-14,16:38,Clock Out,No Exception
2246,2025-02-17,09:51,Clock In,No Exception
2246,2025-02-17,19:29,Clock Out,No Exception
2246,2025-02-18,08:12,Clock In,No Exception
2246,2025-02-18,17:45,Clock Out,No Exception
2246,2025-02-19,06:35,Clock In,No Exception
2246,2025-02-19,14:08,Clock Out,No Exception
2246,2025-02-20,08:07,Clock In,No Exception
2246,2025-02-20,17:34,Clock Out,No Exception
2246,2025-02-21,09:40,Clock In,No Exception
2246,2025-02-21,17:12,Clock Out,No Exception
2246,2025-02-24,06:32,Clock In,No Exception
2246,2025-02-24,14:30,Clock Out,No Exception
2246,2025-02-25,09:38,Clock In,No Exception
2246,2025-02-25,19:23,Clock Out,No Exception
2246,2025-02-26,06:58,Clock In,No Exception
2246,2025-02-26,15:23,Clock Out,No Exception
2246,2025-02-27,07:59,Clock In,No Exception
2246,2025-02-27,16:32,Clock Out,No Exception
2246,2025-02-28,07:24,Clock In,No Exception
2246,2025-02-28,16:43,Clock Out,No Exception
2246,2025-03-01,06:26,Clock In,No Exception
2246,2025-03-01,16:12,Clock Out,No Exception
2425,2025-01-01,06:44,Clock In,No Exception
2425,2025-01-01,14:56,Clock Out,No Exception
2425,2025-01-02,09:08,Clock In,No Exception
2425,2025-01-02,16:58,Clock Out,No Exception
2425,2025-01-03,08:10,Clock In,No Exception
2425,2025-01-03,16:43,Clock Out,No Exception
2425,2025-01-04,08:30,Clock In,No Exception
2425,2025-01-04,17:12,Clock Out,No Exception
2425,2025-01-06,09:37,Clock In,No Exception
2425,2025-01-06,19:17,Clock Out,No Exception
2425,2025-01-07,08:54,Clock In,No Exception
2425,2025-01-07,17:05,Clock Out,No Exception
2425,2025-01-08,08:42,Clock In,No Exception
2425,2025-01-08,18:12,Clock Out,No Exception
2425,2025-01-09,06:57,Clock In,No Exception
2425,2025-01-09,15:17,Clock Out,No Exception
2425,2025-01-10,07:32,Clock In,No Exception
2425,2025-01-10,16:20,Clock Out,No Exception
2425,2025-01-13,09:41,Clock In,No Exception
2425,2025-01-13,18:37,Clock Out,No Exception
2425,2025-01-14,09:20,Clock In,No Exception
2425,2025-01-14,18:56,Clock Out,No Exception
2425,2025-01-15,08:57,Clock In,No Exception
2425,2025-01-15,16:27,Clock Out,No Exception
2425,2025-01-16,06:05,Clock In,No Exception
2425,2025-01-16,14:25,Clock Out,No Exception
2425,2025-01-17,08:39,Clock In,No Exception
2425,2025-01-17,16:46,Clock Out,No Exception
2425,2025-01-20,06:43,Clock In,No Exception
2425,2025-01-20,14:27,Clock Out,No Exception
2425,2025-01-21,08:11,Clock In,No Exception
2425,2025-01-21,17:58,Clock Out,No Exception
2425,2025-01-22,06:18,Clock In,No Exception
2425,2025-01-22,14:38,Clock Out,No Exception
2425,2025-01-23,07:59,Clock In,No Exception
2425,2025-01-23,15:48,Clock Out,No Exception
2425,2025-01-24,06:36,Clock In,No Exception
2425,2025-01-24,14:22,Clock Out,No Exception
2425,2025-01-27,09:15,Clock In,No Exception
2425,2025-01-27,17:31,Clock Out,No Exception
2425,2025-01-28,08:38,Clock In,No Exception
2425,2025-01-28,16:08,Clock Out,No Exception
2425,2025-01-29,08:28,Clock In,No Exception
2425,2025-01-29,17:11,Clock Out,No Exception
2425,2025-01-30,09:19,Clock In,No Exception
2425,2025-01-30,18:16,Clock Out,No Exception
2425,2025-01-31,09:51,Clock In,No Exception
2425,2025-01-31,17:30,Clock Out,No Exception
2425,2025-02-03,08:33,Clock In,No Exception
2425,2025-02-03,17:10,Clock Out,No Exception
2425,2025-02-04,06:25,Clock In,No Exception
2425,2025-02-04,16:04,Clock Out,No Exception
2425,2025-02-05,09:02,Clock In,No Exception
2425,2025-02-05,17:44,Clock Out,No Exception
2425,2025-02-06,08:41,Clock In,No Exception
2425,2025-02-06,16:41,Clock Out,No Exception
2425,2025-02-07,06:07,Clock In,No Exception
2425,2025-02-07,15:00,Clock Out,No Exception
2425,2025-02-09,07:51,Clock In,No Exception
2425,2025-02-09,16:58,Clock Out,No Exception
2425,2025-02-10,06:42,Clock In,No Exception
2425,2025-02-10,15:06,Clock Out,No Exception
2425,2025-02-11,07:18,Clock In,No Exception
2425,2025-02-11,15:43,Clock Out,No Exception
2425,2025-02-12,08:02,Clock In,No Exception
2425,2025-02-12,16:58,Clock Out,No Exception
2425,2025-02-13,08:19,Clock In,No Exception
2425,2025-02-13,16:35,Clock Out,No Exception
2425,2025-02-14,09:29,Clock In,No Exception
2425,2025-02-14,18:15,Clock Out,No Exception
2425,2025-02-15,06:18,Clock In,No Exception
2425,2025-02-15,14:53,Clock Out,No Exception
2425,2025-02-17,08:44,Clock In,No Exception
2425,2025-02-17,18:00,Clock Out,No Exception
2425,2025-02-18,08:47,Clock In,No Exception
2425,2025-02-18,17:24,Clock Out,No Exception
2425,2025-02-19,08:44,Clock In,No Exception
2425,2025-02-19,18:33,Clock Out,No Exception
2425,2025-02-20,08:11,Clock In,No Exception
2425,2025-02-20,17:48,Clock Out,No Exception
2425,2025-02-21,09:32,Clock In,No Exception
2425,2025-02-21,19:27,Clock Out,No Exception
2425,2025-02-24,08:03,Clock In,No Exception
2425,2025-02-24,16:51,Clock Out,No Exception
2425,2025-02-25,06:26,Clock In,No Exception
2425,2025-02-25,15:50,Clock Out,No Exception
2425,2025-02-26,08:06,Clock In,No Exception
2425,2025-02-26,15:59,Clock Out,No Exception
2425,2025-02-27,09:08,Clock In,No Exception
2425,2025-02-27,18:57,Clock Out,No Exception
2425,2025-02-28,09:14,Clock In,No Exception
2425,2025-02-28,18:42,Clock Out,No Exception
1891,2025-01-01,08:35,Clock In,No Exception
1891,2025-01-01,18:10,Clock Out,No Exception
1891,2025-01-02,08:10,Clock In,No Exception
1891,2025-01-02,16:53,Clock Out,No Exception
1891,2025-01-03,06:59,Clock In,No Exception
1891,2025-01-03,16:03,Clock Out,No Exception
1891,2025-01-04,07:21,Clock In,No Exception
1891,2025-01-04,17:01,Clock Out,No Exception
1891,2025-01-06,08:47,Clock In,No Exception
1891,2025-01-06,17:36,Clock Out,No Exception
1891,2025-01-07,09:18,Clock In,No Exception
1891,2025-01-07,17:16,Clock Out,No Exception
1891,2025-01-08,06:32,Clock In,No Exception
1891,2025-01-08,14:05,Clock Out,No Exception
1891,2025-01-09,07:47,Clock In,No Exception
1891,2025-01-09,15:27,Clock Out,No Exception
1891,2025-01-10,07:32,Clock In,No Exception
1891,2025-01-10,16:22,Clock Out,No Exception
1891,2025-01-11,08:53,Clock In,No Exception
1891,2025-01-11,17:57,Clock Out,No Exception
1891,2025-01-12,07:32,Clock In,No Exception
1891,2025-01-12,16:31,Clock Out,No Exception
1891,2025-01-13,09:52,Clock In,No Exception
1891,2025-01-13,18:09,Clock Out,No Exception
1891,2025-01-14,09:55,Clock In,No Exception
1891,2025-01-14,19:23,Clock Out,No Exception
1891,2025-01-15,09:06,Clock In,No Exception
1891,2025-01-15,17:50,Clock Out,No Exception
1891,2025-01-16,06:04,Clock In,No Exception
1891,2025-01-16,13:52,Clock Out,No Exception
1891,2025-01-17,08:54,Clock In,No Exception
1891,2025-01-17,17:41,Clock Out,No Exception
1891,2025-01-20,06:52,Clock In,No Exception
1891,2025-01-20,16:44,Clock Out,No Exception
1891,2025-01-21,06:08,Clock In,No Exception
1891,2025-01-21,15:45,Clock Out,No Exception
1891,2025-01-22,09:11,Clock In,No Exception
1891,2025-01-22,17:50,Clock Out,No Exception
1891,2025-01-23,07:46,Clock In,No Exception
1891,2025-01-23,17:32,Clock Out,No Exception
1891,2025-01-24,07:29,Clock In,No Exception
1891,2025-01-24,16:03,Clock Out,No Exception
1891,2025-01-27,08:05,Clock In,No Exception
1891,2025-01-27,17:38,Clock Out,No Exception
1891,2025-01-28,08:03,Clock In,No Exception
1891,2025-01-28,16:14,Clock Out,No Exception
1891,2025-01-29,08:46,Clock In,No Exception
1891,2025-01-29,16:56,Clock Out,No Exception
1891,2025-01-30,07:41,Clock In,No Exception
1891,2025-01-30,16:11,Clock Out,No Exception
1891,2025-01-31,09:12,Clock In,No Exception
1891,2025-01-31,17:51,Clock Out,No Exception
1891,2025-02-02,08:54,Clock In,No Exception
1891,2025-02-02,18:34,Clock Out,No Exception
1891,2025-02-03,06:01,Clock In,No Exception
1891,2025-02-03,14:10,Clock Out,No Exception
1891,2025-02-04,09:22,Clock In,No Exception
1891,2025-02-04,17:09,Clock Out,No Exception
1891,2025-02-05,08:10,Clock In,No Exception
1891,2025-02-05,18:03,Clock Out,No Exception
1891,2025-02-06,08:52,Clock In,No Exception
1891,2025-02-06,18:30,Clock Out,No Exception
1891,2025-02-07,09:01,Clock In,No Exception
1891,2025-02-07,18:25,Clock Out,No Exception
1891,2025-02-10,06:59,Clock In,No Exception
1891,2025-02-10,15:18,Clock Out,No Exception
1891,2025-02-11,09:51,Clock In,No Exception
1891,2025-02-11,18:15,Clock Out,No Exception
1891,2025-02-12,06:53,Clock In,No Exception
1891,2025-02-12,15:06,Clock Out,No Exception
1891,2025-02-13,09:01,Clock In,No Exception
1891,2025-02-13,17:56,Clock Out,No Exception
1891,2025-02-14,09:41,Clock In,No Exception
1891,2025-02-14,17:33,Clock Out,No Exception
1891,2025-02-16,06:05,Clock In,No Exception
1891,2025-02-16,14:49,Clock Out,No Exception
1891,2025-02-17,09:40,Clock In,No Exception
1891,2025-02-17,19:37,Clock Out,No Exception
1891,2025-02-18,08:20,Clock In,No Exception
1891,2025-02-18,17:51,Clock Out,No Exception
1891,2025-02-19,07:30,Clock In,No Exception
1891,2025-02-19,15:35,Clock Out,No Exception
1891,2025-02-20,08:31,Clock In,No Exception
1891,2025-02-20,17:42,Clock Out,No Exception
1891,2025-02-21,08:45,Clock In,No Exception
1891,2025-02-21,16:23,Clock Out,No Exception
1891,2025-02-24,06:53,Clock In,No Exception
1891,2025-02-24,15:02,Clock Out,No Exception
1891,2025-02-25,09:39,Clock In,No Exception
1891,2025-02-25,17:20,Clock Out,No Exception
1891,2025-02-26,06:50,Clock In,No Exception
1891,2025-02-26,15:59,Clock Out,No Exception
1891,2025-02-27,09:32,Clock In,No Exception
1891,2025-02-27,17:11,Clock Out,No Exception
1891,2025-02-28,06:50,Clock In,No Exception
1891,2025-02-28,15:15,Clock Out,No Exception
3957,2025-01-01,07:49,Clock In,No Exception
3957,2025-01-01,16:56,Clock Out,No Exception
3957,2025-01-02,09:06,Clock In,No Exception
3957,2025-01-02,18:19,Clock Out,No Exception
3957,2025-01-03,06:47,Clock In,No Exception
3957,2025-01-03,15:17,Clock Out,No Exception
3957,2025-01-06,08:12,Clock In,No Exception
3957,2025-01-06,17:31,Clock Out,No Exception
3957,2025-01-07,07:50,Clock In,No Exception
3957,2025-01-07,16:07,Clock Out,No Exception
3957,2025-01-08,08:38,Clock In,No Exception
3957,2025-01-08,18:02,Clock Out,No Exception
3957,2025-01-09,09:46,Clock In,No Exception
3957,2025-01-09,18:14,Clock Out,No Exception
3957,2025-01-10,06:53,Clock In,No Exception
3957,2025-01-10,14:43,Clock Out,No Exception
3957,2025-01-13,07:48,Clock In,No Exception
3957,2025-01-13,15:57,Clock Out,No Exception
3957,2025-01-14,09:19,Clock In,No Exception
3957,2025-01-14,16:58,Clock Out,No Exception
3957,2025-01-15,07:12,Clock In,No Exception
3957,2025-01-15,14:50,Clock Out,No Exception
3957,2025-01-16,09:35,Clock In,No Exception
3957,2025-01-16,18:04,Clock Out,No Exception
3957,2025-01-17,07:41,Clock In,No Exception
3957,2025-01-17,16:53,Clock Out,No Exception
3957,2025-01-20,07:49,Clock In,No Exception
3957,2025-01-20,16:14,Clock Out,No Exception
3957,2025-01-21,09:38,Clock In,No Exception
3957,2025-01-21,18:05,Clock Out,No Exception
3957,2025-01-22,08:13,Clock In,No Exception
3957,2025-01-22,17:23,Clock Out,No Exception
3957,2025-01-23,07:01,Clock In,No Exception
3957,2025-01-23,14:37,Clock Out,No Exception
3957,2025-01-24,09:00,Clock In,No Exception
3957,2025-01-24,18:35,Clock Out,No Exception
3957,2025-01-26,09:52,Clock In,No Exception
3957,2025-01-26,18:43,Clock Out,No Exception
3957,2025-01-27,06:00,Clock In,No Exception
3957,2025-01-27,14:00,Clock Out,No Exception
3957,2025-01-28,07:07,Clock In,No Exception
3957,2025-01-28,15:04,Clock Out,No Exception
3957,2025-01-29,08:18,Clock In,No Exception
3957,2025-01-29,15:59,Clock Out,No Exception
3957,2025-01-30,07:21,Clock In,No Exception
3957,2025-01-30,14:55,Clock Out,No Exception
3957,2025-01-31,07:54,Clock In,No Exception
3957,2025-01-31,16:51,Clock Out,No Exception
3957,2025-02-02,09:18,Clock In,No Exception
3957,2025-02-02,18:09,Clock Out,No Exception
3957,2025-02-03,08:54,Clock In,No Exception
3957,2025-02-03,16:40,Clock Out,No Exception
3957,2025-02-04,09:15,Clock In,No Exception
3957,2025-02-04,16:45,Clock Out,No Exception
3957,2025-02-05,07:29,Clock In,No Exception
3957,2025-02-05,15:29,Clock Out,No Exception
3957,2025-02-06,09:46,Clock In,No Exception
3957,2025-02-06,17:47,Clock Out,No Exception
3957,2025-02-07,06:55,Clock In,No Exception
3957,2025-02-07,16:16,Clock Out,No Exception
3957,2025-02-10,07:19,Clock In,No Exception
3957,2025-02-10,16:33,Clock Out,No Exception
3957,2025-02-11,08:57,Clock In,No Exception
3957,2025-02-11,16:30,Clock Out,No Exception
3957,2025-02-12,06:04,Clock In,No Exception
3957,2025-02-12,13:59,Clock Out,No Exception
3957,2025-02-13,09:52,Clock In,No Exception
3957,2025-02-13,18:45,Clock Out,No Exception
3957,2025-02-14,07:15,Clock In,No Exception
3957,2025-02-14,16:53,Clock Out,No Exception
3957,2025-02-17,06:40,Clock In,No Exception
3957,2025-02-17,15:38,Clock Out,No Exception
3957,2025-02-18,09:55,Clock In,No Exception
3957,2025-02-18,19:30,Clock Out,No Exception
3957,2025-02-19,07:20,Clock In,No Exception
3957,2025-02-19,17:19,Clock Out,No Exception
3957,2025-02-20,06:19,Clock In,No Exception
3957,2025-02-20,15:12,Clock Out,No Exception
3957,2025-02-21,06:48,Clock In,No Exception
3957,2025-02-21,16:10,Clock Out,No Exception
3957,2025-02-24,09:41,Clock In,No Exception
3957,2025-02-24,17:48,Clock Out,No Exception
3957,2025-02-25,06:29,Clock In,No Exception
3957,2025-02-25,15:19,Clock Out,No Exception
3957,2025-02-26,06:13,Clock In,No Exception
3957,2025-02-26,15:13,Clock Out,No Exception
3957,2025-02-27,09:35,Clock In,No Exception
3957,2025-02-27,17:05,Clock Out,No Exception
3957,2025-02-28,09:53,Clock In,No Exception
3957,2025-02-28,19:24,Clock Out,No Exception
1775,2025-01-01,06:44,Clock In,No Exception
1775,2025-01-01,16:09,Clock Out,No Exception
1775,2025-01-02,06:59,Clock In,No Exception
1775,2025-01-02,15:06,Clock Out,No Exception
1775,2025-01-03,08:43,Clock In,No Exception
1775,2025-01-03,17:29,Clock Out,No Exception
1775,2025-01-06,09:17,Clock In,No Exception
1775,2025-01-06,18:41,Clock Out,No Exception
1775,2025-01-07,07:35,Clock In,No Exception
1775,2025-01-07,15:15,Clock Out,No Exception
1775,2025-01-08,07:18,Clock In,No Exception
1775,2025-01-08,16:37,Clock Out,No Exception
1775,2025-01-09,08:44,Clock In,No Exception
1775,2025-01-09,18:13,Clock Out,No Exception
1775,2025-01-10,06:04,Clock In,No Exception
1775,2025-01-10,16:03,Clock Out,No Exception
1775,2025-01-13,06:53,Clock In,No Exception
1775,2025-01-13,16:50,Clock Out,No Exception
1775,2025-01-14,06:45,Clock In,No Exception
1775,2025-01-14,14:48,Clock Out,No Exception
1775,2025-01-15,09:21,Clock In,No Exception
1775,2025-01-15,17:43,Clock Out,No Exception
1775,2025-01-16,09:16,Clock In,No Exception
1775,2025-01-16,18:24,Clock Out,No Exception
1775,2025-01-17,06:35,Clock In,No Exception
1775,2025-01-17,15:15,Clock Out,No Exception
1775,2025-01-18,08:57,Clock In,No Exception
1775,2025-01-18,16:35,Clock Out,No Exception
1775,2025-01-20,09:04,Clock In,No Exception
1775,2025-01-20,18:16,Clock Out,No Exception
1775,2025-01-21,09:26,Clock In,No Exception
1775,2025-01-21,18:00,Clock Out,No Exception
1775,2025-01-22,07:10,Clock In,No Exception
1775,2025-01-22,16:48,Clock Out,No Exception
1775,2025-01-23,08:11,Clock In,No Exception
1775,2025-01-23,18:00,Clock Out,No Exception
1775,2025-01-24,08:33,Clock In,No Exception
1775,2025-01-24,16:32,Clock Out,No Exception
1775,2025-01-26,07:18,Clock In,No Exception
1775,2025-01-26,15:17,Clock Out,No Exception
1775,2025-01-27,09:13,Clock In,No Exception
1775,2025-01-27,16:59,Clock Out,No Exception
1775,2025-01-28,09:00,Clock In,No Exception
1775,2025-01-28,17:32,Clock Out,No Exception
1775,2025-01-29,09:14,Clock In,No Exception
1775,2025-01-29,18:41,Clock Out,No Exception
1775,2025-01-30,08:14,Clock In,No Exception
1775,2025-01-30,17:05,Clock Out,No Exception
1775,2025-01-31,07:00,Clock In,No Exception
1775,2025-01-31,15:52,Clock Out,No Exception
1775,2025-02-02,07:41,Clock In,No Exception
1775,2025-02-02,15:49,Clock Out,No Exception
1775,2025-02-03,08:10,Clock In,No Exception
1775,2025-02-03,16:57,Clock Out,No Exception
1775,2025-02-04,08:36,Clock In,No Exception
1775,2025-02-04,18:28,Clock Out,No Exception
1775,2025-02-05,07:21,Clock In,No Exception
1775,2025-02-05,16:31,Clock Out,No Exception
1775,2025-02-06,09:14,Clock In,No Exception
1775,2025-02-06,18:51,Clock Out,No Exception
1775,2025-02-07,06:46,Clock In,No Exception
1775,2025-02-07,14:29,Clock Out,No Exception
1775,2025-02-10,09:45,Clock In,No Exception
1775,2025-02-10,19:16,Clock Out,No Exception
1775,2025-02-11,08:03,Clock In,No Exception
1775,2025-02-11,15:49,Clock Out,No Exception
1775,2025-02-12,08:31,Clock In,No Exception
1775,2025-02-12,16:17,Clock Out,No Exception
1775,2025-02-13,08:37,Clock In,No Exception
1775,2025-02-13,16:26,Clock Out,No Exception
1775,2025-02-14,08:13,Clock In,No Exception
1775,2025-02-14,16:26,Clock Out,No Exception
1775,2025-02-15,09:02,Clock In,No Exception
1775,2025-02-15,17:02,Clock Out,No Exception
1775,2025-02-17,08:51,Clock In,No Exception
1775,2025-02-17,16:40,Clock Out,No Exception
1775,2025-02-18,08:54,Clock In,No Exception
1775,2025-02-18,18:06,Clock Out,No Exception
1775,2025-02-19,09:56,Clock In,No Exception
1775,2025-02-19,19:45,Clock Out,No Exception
1775,2025-02-20,06:58,Clock In,No Exception
1775,2025-02-20,14:57,Clock Out,No Exception
1775,2025-02-21,06:57,Clock In,No Exception
1775,2025-02-21,16:08,Clock Out,No Exception
1775,2025-02-22,09:47,Clock In,No Exception
1775,2025-02-22,18:03,Clock Out,No Exception
1775,2025-02-24,08:13,Clock In,No Exception
1775,2025-02-24,16:10,Clock Out,No Exception
1775,2025-02-25,07:34,Clock In,No Exception
1775,2025-02-25,16:53,Clock Out,No Exception
1775,2025-02-26,06:25,Clock In,No Exception
1775,2025-02-26,14:11,Clock Out,No Exception
1775,2025-02-27,06:59,Clock In,No Exception
1775,2025-02-27,16:20,Clock Out,No Exception
1775,2025-02-28,06:23,Clock In,No Exception
1775,2025-02-28,16:15,Clock Out,No Exception
2433,2025-01-01,06:51,Clock In,No Exception
2433,2025-01-01,16:30,Clock Out,No Exception
2433,2025-01-02,08:11,Clock In,No Exception
2433,2025-01-02,17:45,Clock Out,No Exception
2433,2025-01-03,07:59,Clock In,No Exception
2433,2025-01-03,17:19,Clock Out,No Exception
2433,2025-01-06,06:08,Clock In,No Exception
2433,2025-01-06,13:56,Clock Out,No Exception
2433,2025-01-07,07:43,Clock In,No Exception
2433,2025-01-07,17:09,Clock Out,No Exception
2433,2025-01-08,08:49,Clock In,No Exception
2433,2025-01-08,17:54,Clock Out,No Exception
2433,2025-01-09,07:46,Clock In,No Exception
2433,2025-01-09,17:38,Clock Out,No Exception
2433,2025-01-10,09:30,Clock In,No Exception
2433,2025-01-10,19:23,Clock Out,No Exception
2433,2025-01-13,06:15,Clock In,No Exception
2433,2025-01-13,15:22,Clock Out,No Exception
2433,2025-01-14,09:06,Clock In,No Exception
2433,2025-01-14,18:50,Clock Out,No Exception
2433,2025-01-15,09:27,Clock In,No Exception
2433,2025-01-15,17:53,Clock Out,No Exception
2433,2025-01-16,08:04,Clock In,No Exception
2433,2025-01-16,17:38,Clock Out,No Exception
2433,2025-01-17,08:34,Clock In,No Exception
2433,2025-01-17,17:16,Clock Out,No Exception
2433,2025-01-19,09:02,Clock In,No Exception
2433,2025-01-19,18:19,Clock Out,No Exception
2433,2025-01-20,07:23,Clock In,No Exception
2433,2025-01-20,17:20,Clock Out,No Exception
2433,2025-01-21,07:22,Clock In,No Exception
2433,2025-01-21,17:03,Clock Out,No Exception
2433,2025-01-22,06:28,Clock In,No Exception
2433,2025-01-22,14:02,Clock Out,No Exception
2433,2025-01-23,09:56,Clock In,No Exception
2433,2025-01-23,18:57,Clock Out,No Exception
2433,2025-01-24,09:42,Clock In,No Exception
2433,2025-01-24,17:20,Clock Out,No Exception
2433,2025-01-26,08:30,Clock In,No Exception
2433,2025-01-26,18:19,Clock Out,No Exception
2433,2025-01-27,08:58,Clock In,No Exception
2433,2025-01-27,17:15,Clock Out,No Exception
2433,2025-01-28,06:48,Clock In,No Exception
2433,2025-01-28,14:53,Clock Out,No Exception
2433,2025-01-29,07:56,Clock In,No Exception
2433,2025-01-29,16:25,Clock Out,No Exception
2433,2025-01-30,07:44,Clock In,No Exception
2433,2025-01-30,15:46,Clock Out,No Exception
2433,2025-01-31,08:30,Clock In,No Exception
2433,2025-01-31,16:28,Clock Out,No Exception
2433,2025-02-03,08:56,Clock In,No Exception
2433,2025-02-03,17:33,Clock Out,No Exception
2433,2025-02-04,06:32,Clock In,No Exception
2433,2025-02-04,15:50,Clock Out,No Exception
2433,2025-02-05,06:09,Clock In,No Exception
2433,2025-02-05,14:13,Clock Out,No Exception
2433,2025-02-06,09:41,Clock In,No Exception
2433,2025-02-06,17:38,Clock Out,No Exception
2433,2025-02-07,08:40,Clock In,No Exception
2433,2025-02-07,18:10,Clock Out,No Exception
2433,2025-02-09,08:12,Clock In,No Exception
2433,2025-02-09,17:30,Clock Out,No Exception
2433,2025-02-10,08:58,Clock In,No Exception
2433,2025-02-10,17:03,Clock Out,No Exception
2433,2025-02-11,08:12,Clock In,No Exception
2433,2025-02-11,16:24,Clock Out,No Exception
2433,2025-02-12,09:06,Clock In,No Exception
2433,2025-02-12,18:00,Clock Out,No Exception
2433,2025-02-13,06:13,Clock In,No Exception
2433,2025-02-13,14:21,Clock Out,No Exception
2433,2025-02-14,08:36,Clock In,No Exception
2433,2025-02-14,18:10,Clock Out,No Exception
2433,2025-02-15,09:09,Clock In,No Exception
2433,2025-02-15,17:52,Clock Out,No Exception
2433,2025-02-17,07:27,Clock In,No Exception
2433,2025-02-17,15:50,Clock Out,No Exception
2433,2025-02-18,09:50,Clock In,No Exception
2433,2025-02-18,17:30,Clock Out,No Exception
2433,2025-02-19,07:00,Clock In,No Exception
2433,2025-02-19,14:52,Clock Out,No Exception
2433,2025-02-20,07:52,Clock In,No Exception
2433,2025-02-20,16:59,Clock Out,No Exception
2433,2025-02-21,06:35,Clock In,No Exception
2433,2025-02-21,16:35,Clock Out,No Exception
2433,2025-02-22,07:52,Clock In,No Exception
2433,2025-02-22,16:04,Clock Out,No Exception
2433,2025-02-24,09:46,Clock In,No Exception
2433,2025-02-24,18:12,Clock Out,No Exception
2433,2025-02-25,09:33,Clock In,No Exception
2433,2025-02-25,19:09,Clock Out,No Exception
2433,2025-02-26,08:04,Clock In,No Exception
2433,2025-02-26,17:32,Clock Out,No Exception
2433,2025-02-27,09:45,Clock In,No Exception
2433,2025-02-27,18:43,Clock Out,No Exception
2433,2025-02-28,09:50,Clock In,No Exception
2433,2025-02-28,19:28,Clock Out,No Exception
3976,2025-01-01,09:57,Clock In,No Exception
3976,2025-01-01,17:45,Clock Out,No Exception
3976,2025-01-02,06:24,Clock In,No Exception
3976,2025-01-02,16:16,Clock Out,No Exception
3976,2025-01-03,08:27,Clock In,No Exception
3976,2025-01-03,17:25,Clock Out,No Exception
3976,2025-01-06,06:25,Clock In,No Exception
3976,2025-01-06,14:42,Clock Out,No Exception
3976,2025-01-07,09:10,Clock In,No Exception
3976,2025-01-07,18:13,Clock Out,No Exception
3976,2025-01-08,09:43,Clock In,No Exception
3976,2025-01-08,18:54,Clock Out,No Exception
3976,2025-01-09,07:14,Clock In,No Exception
3976,2025-01-09,16:18,Clock Out,Missing Clock Out
3976,2025-01-10,06:17,Clock In,No Exception
3976,2025-01-10,14:37,Clock Out,No Exception
3976,2025-01-11,09:14,Clock In,No Exception
3976,2025-01-11,16:57,Clock Out,No Exception
3976,2025-01-13,07:35,Clock In,No Exception
3976,2025-01-13,16:38,Clock Out,No Exception
3976,2025-01-14,06:05,Clock In,No Exception
3976,2025-01-14,14:42,Clock Out,No Exception
3976,2025-01-15,09:16,Clock In,No Exception
3976,2025-01-15,16:51,Clock Out,No Exception
3976,2025-01-16,07:24,Clock In,No Exception
3976,2025-01-16,15:35,Clock Out,No Exception
3976,2025-01-17,08:55,Clock In,No Exception
3976,2025-01-17,17:57,Clock Out,No Exception
3976,2025-01-18,06:16,Clock In,No Exception
3976,2025-01-18,16:12,Clock Out,No Exception
3976,2025-01-20,07:11,Clock In,No Exception
3976,2025-01-20,15:58,Clock Out,No Exception
3976,2025-01-21,09:18,Clock In,No Exception
3976,2025-01-21,18:28,Clock Out,No Exception
3976,2025-01-22,08:26,Clock In,No Exception
3976,2025-01-22,18:10,Clock Out,No Exception
3976,2025-01-23,08:26,Clock In,No Exception
3976,2025-01-23,17:56,Clock Out,No Exception
3976,2025-01-24,08:46,Clock In,No Exception
3976,2025-01-24,16:25,Clock Out,No Exception
3976,2025-01-25,06:07,Clock In,No Exception
3976,2025-01-25,15:43,Clock Out,No Exception
3976,2025-01-26,07:57,Clock In,No Exception
3976,2025-01-26,16:34,Clock Out,No Exception
3976,2025-01-27,08:28,Clock In,No Exception
3976,2025-01-27,16:25,Clock Out,No Exception
3976,2025-01-28,07:07,Clock In,No Exception
3976,2025-01-28,15:10,Clock Out,No Exception
3976,2025-01-29,07:07,Clock In,No Exception
3976,2025-01-29,15:37,Clock Out,No Exception
3976,2025-01-30,09:48,Clock In,No Exception
3976,2025-01-30,17:54,Clock Out,No Exception
3976,2025-01-31,06:50,Clock In,No Exception
3976,2025-01-31,15:12,Clock Out,No Exception
3976,2025-02-01,06:02,Clock In,No Exception
3976,2025-02-01,15:03,Clock Out,No Exception
3976,2025-02-03,07:06,Clock In,No Exception
3976,2025-02-03,16:52,Clock Out,No Exception
3976,2025-02-04,06:22,Clock In,No Exception
3976,2025-02-04,16:05,Clock Out,No Exception
3976,2025-02-05,09:01,Clock In,No Exception
3976,2025-02-05,17:18,Clock Out,No Exception
3976,2025-02-06,06:43,Clock In,No Exception
3976,2025-02-06,14:45,Clock Out,No Exception
3976,2025-02-07,08:10,Clock In,No Exception
3976,2025-02-07,16:08,Clock Out,No Exception
3976,2025-02-09,08:54,Clock In,No Exception
3976,2025-02-09,18:44,Clock Out,No Exception
3976,2025-02-10,09:39,Clock In,No Exception
3976,2025-02-10,17:51,Clock Out,No Exception
3976,2025-02-11,09:54,Clock In,No Exception
3976,2025-02-11,17:48,Clock Out,No Exception
3976,2025-02-12,07:44,Clock In,No Exception
3976,2025-02-12,15:28,Clock Out,No Exception
3976,2025-02-13,07:45,Clock In,No Exception
3976,2025-02-13,15:25,Clock Out,No Exception
3976,2025-02-14,06:08,Clock In,No Exception
3976,2025-02-14,14:46,Clock Out,No Exception
3976,2025-02-15,07:51,Clock In,No Exception
3976,2025-02-15,16:50,Clock Out,No Exception
3976,2025-02-17,08:56,Clock In,No Exception
3976,2025-02-17,18:56,Clock Out,No Exception
3976,2025-02-18,08:19,Clock In,No Exception
3976,2025-02-18,16:37,Clock Out,No Exception
3976,2025-02-19,06:22,Clock In,No Exception
3976,2025-02-19,15:01,Clock Out,No Exception
3976,2025-02-20,06:08,Clock In,No Exception
3976,2025-02-20,14:03,Clock Out,No Exception
3976,2025-02-21,08:06,Clock In,No Exception
3976,2025-02-21,15:43,Clock Out,No Exception
3976,2025-02-23,09:26,Clock In,No Exception
3976,2025-02-23,18:19,Clock Out,No Exception
3976,2025-02-24,08:29,Clock In,No Exception
3976,2025-02-24,17:36,Clock Out,No Exception
3976,2025-02-25,07:40,Clock In,No Exception
3976,2025-02-25,16:06,Clock Out,No Exception
3976,2025-02-26,09:42,Clock In,No Exception
3976,2025-02-26,18:27,Clock Out,No Exception
3976,2025-02-27,07:18,Clock In,No Exception
3976,2025-02-27,17:07,Clock Out,No Exception
3976,2025-02-28,07:01,Clock In,No Exception
3976,2025-02-28,16:27,Clock Out,No Exception
1104,2025-01-01,09:39,Clock In,No Exception
1104,2025-01-01,18:51,Clock Out,No Exception
1104,2025-01-02,08:18,Clock In,No Exception
1104,2025-01-02,16:26,Clock Out,No Exception
1104,2025-01-03,07:48,Clock In,No Exception
1104,2025-01-03,17:13,Clock Out,No Exception
1104,2025-01-06,07:35,Clock In,No Exception
1104,2025-01-06,16:40,Clock Out,No Exception
1104,2025-01-07,06:43,Clock In,No Exception
1104,2025-01-07,16:27,Clock Out,No Exception
1104,2025-01-08,06:58,Clock In,No Exception
1104,2025-01-08,15:12,Clock Out,No Exception
1104,2025-01-09,07:03,Clock In,No Exception
1104,2025-01-09,16:17,Clock Out,No Exception
1104,2025-01-10,06:10,Clock In,No Exception
1104,2025-01-10,15:41,Clock Out,No Exception
1104,2025-01-13,08:10,Clock In,No Exception
1104,2025-01-13,16:17,Clock Out,No Exception
1104,2025-01-14,09:50,Clock In,No Exception
1104,2025-01-14,18:51,Clock Out,No Exception
1104,2025-01-15,06:48,Clock In,No Exception
1104,2025-01-15,15:40,Clock Out,No Exception
1104,2025-01-16,06:19,Clock In,No Exception
1104,2025-01-16,16:00,Clock Out,No Exception
1104,2025-01-17,08:12,Clock In,No Exception
1104,2025-01-17,15:51,Clock Out,No Exception
1104,2025-01-19,08:35,Clock In,No Exception
1104,2025-01-19,17:32,Clock Out,No Exception
1104,2025-01-20,09:29,Clock In,No Exception
1104,2025-01-20,17:20,Clock Out,No Exception
1104,2025-01-21,07:15,Clock In,No Exception
1104,2025-01-21,15:36,Clock Out,No Exception
1104,2025-01-22,07:40,Clock In,No Exception
1104,2025-01-22,17:20,Clock Out,No Exception
1104,2025-01-23,06:33,Clock In,No Exception
1104,2025-01-23,15:00,Clock Out,No Exception
1104,2025-01-24,06:41,Clock In,No Exception
1104,2025-01-24,16:07,Clock Out,No Exception
1104,2025-01-27,06:44,Clock In,No Exception
1104,2025-01-27,16:27,Clock Out,No Exception
1104,2025-01-28,08:23,Clock In,No Exception
1104,2025-01-28,16:02,Clock Out,No Exception
1104,2025-01-29,08:06,Clock In,No Exception
1104,2025-01-29,17:11,Clock Out,No Exception
1104,2025-01-30,08:29,Clock In,No Exception
1104,2025-01-30,16:21,Clock Out,No Exception
1104,2025-01-31,09:52,Clock In,No Exception
1104,2025-01-31,18:15,Clock Out,No Exception
1104,2025-02-03,06:52,Clock In,No Exception
1104,2025-02-03,16:42,Clock Out,No Exception
1104,2025-02-04,09:02,Clock In,No Exception
1104,2025-02-04,17:58,Clock Out,No Exception
1104,2025-02-05,06:11,Clock In,No Exception
1104,2025-02-05,15:43,Clock Out,No Exception
1104,2025-02-06,07:07,Clock In,No Exception
1104,2025-02-06,15:09,Clock Out,No Exception
1104,2025-02-07,09:50,Clock In,No Exception
1104,2025-02-07,17:32,Clock Out,No Exception
1104,2025-02-08,06:58,Clock In,No Exception
1104,2025-02-08,15:33,Clock Out,No Exception
1104,2025-02-10,06:56,Clock In,No Exception
1104,2025-02-10,15:38,Clock Out,No Exception
1104,2025-02-11,06:19,Clock In,No Exception
1104,2025-02-11,15:30,Clock Out,No Exception
1104,2025-02-12,09:03,Clock In,No Exception
1104,2025-02-12,16:33,Clock Out,No Exception
1104,2025-02-13,09:09,Clock In,No Exception
1104,2025-02-13,18:32,Clock Out,No Exception
1104,2025-02-14,06:09,Clock In,No Exception
1104,2025-02-14,13:40,Clock Out,No Exception
1104,2025-02-16,06:57,Clock In,No Exception
1104,2025-02-16,14:35,Clock Out,No Exception
1104,2025-02-17,06:58,Clock In,No Exception
1104,2025-02-17,15:33,Clock Out,No Exception
1104,2025-02-18,06:14,Clock In,No Exception
1104,2025-02-18,13:59,Clock Out,No Exception
1104,2025-02-19,06:08,Clock In,No Exception
1104,2025-02-19,14:36,Clock Out,No Exception
1104,2025-02-20,09:58,Clock In,No Exception
1104,2025-02-20,17:34,Clock Out,No Exception
1104,2025-02-21,06:54,Clock In,No Exception
1104,2025-02-21,16:54,Clock Out,No Exception
1104,2025-02-24,09:14,Clock In,No Exception
1104,2025-02-24,18:25,Clock Out,No Exception
1104,2025-02-25,06:14,Clock In,No Exception
1104,2025-02-25,14:53,Clock Out,No Exception
1104,2025-02-26,09:45,Clock In,No Exception
1104,2025-02-26,19:07,Clock Out,No Exception
1104,2025-02-27,06:32,Clock In,No Exception
1104,2025-02-27,16:25,Clock Out,No Exception
1104,2025-02-28,09:52,Clock In,No Exception
1104,2025-02-28,19:33,Clock Out,No Exception
1104,2025-03-01,07:18,Clock In,No Exception
1104,2025-03-01,15:51,Clock Out,No Exception
2892,2025-01-01,09:07,Clock In,No Exception
2892,2025-01-01,16:50,Clock Out,No Exception
2892,2025-01-02,09:00,Clock In,No Exception
2892,2025-01-02,16:50,Clock Out,No Exception
2892,2025-01-03,07:15,Clock In,No Exception
2892,2025-01-03,16:45,Clock Out,No Exception
2892,2025-01-05,09:41,Clock In,No Exception
2892,2025-01-05,18:48,Clock Out,No Exception
2892,2025-01-06,08:51,Clock In,No Exception
2892,2025-01-06,17:26,Clock Out,No Exception
2892,2025-01-07,08:29,Clock In,No Exception
2892,2025-01-07,18:02,Clock Out,No Exception
2892,2025-01-08,07:09,Clock In,No Exception
2892,2025-01-08,15:04,Clock Out,No Exception
2892,2025-01-09,06:20,Clock In,No Exception
2892,2025-01-09,14:17,Clock Out,No Exception
2892,2025-01-10,06:57,Clock In,No Exception
2892,2025-01-10,14:43,Clock Out,No Exception
2892,2025-01-13,09:42,Clock In,No Exception
2892,2025-01-13,19:28,Clock Out,No Exception
2892,2025-01-14,09:49,Clock In,No Exception
2892,2025-01-14,19:30,Clock Out,No Exception
2892,2025-01-15,08:03,Clock In,No Exception
2892,2025-01-15,16:43,Clock Out,No Exception
2892,2025-01-16,08:43,Clock In,No Exception
2892,2025-01-16,18:32,Clock Out,No Exception
2892,2025-01-17,07:44,Clock In,No Exception
2892,2025-01-17,17:00,Clock Out,No Exception
2892,2025-01-19,08:29,Clock In,No Exception
2892,2025-01-19,17:51,Clock Out,No Exception
2892,2025-01-20,06:16,Clock In,No Exception
2892,2025-01-20,14:10,Clock Out,No Exception
2892,2025-01-21,08:21,Clock In,No Exception
2892,2025-01-21,17:34,Clock Out,No Exception
2892,2025-01-22,06:06,Clock In,No Exception
2892,2025-01-22,16:01,Clock Out,No Exception
2892,2025-01-23,09:54,Clock In,No Exception
2892,2025-01-23,17:56,Clock Out,No Exception
2892,2025-01-24,08:52,Clock In,No Exception
2892,2025-01-24,16:37,Clock Out,No Exception
2892,2025-01-27,08:24,Clock In,No Exception
2892,2025-01-27,15:56,Clock Out,No Exception
2892,2025-01-28,06:37,Clock In,No Exception
2892,2025-01-28,15:14,Clock Out,No Exception
2892,2025-01-29,07:18,Clock In,No Exception
2892,2025-01-29,16:48,Clock Out,No Exception
2892,2025-01-30,06:37,Clock In,No Exception
2892,2025-01-30,15:35,Clock Out,No Exception
2892,2025-01-31,08:53,Clock In,No Exception
2892,2025-01-31,16:47,Clock Out,No Exception
2892,2025-02-03,09:48,Clock In,No Exception
2892,2025-02-03,18:12,Clock Out,No Exception
2892,2025-02-04,09:42,Clock In,No Exception
2892,2025-02-04,18:17,Clock Out,No Exception
2892,2025-02-05,07:41,Clock In,No Exception
2892,2025-02-05,16:05,Clock Out,No Exception
2892,2025-02-06,07:27,Clock In,No Exception
2892,2025-02-06,17:27,Clock Out,No Exception
2892,2025-02-07,08:55,Clock In,No Exception
2892,2025-02-07,17:05,Clock Out,No Exception
2892,2025-02-10,09:30,Clock In,No Exception
2892,2025-02-10,18:58,Clock Out,No Exception
2892,2025-02-11,09:48,Clock In,No Exception
2892,2025-02-11,17:25,Clock Out,No Exception
2892,2025-02-12,08:48,Clock In,No Exception
2892,2025-02-12,17:39,Clock Out,No Exception
2892,2025-02-13,07:58,Clock In,No Exception
2892,2025-02-13,16:50,Clock Out,No Exception
2892,2025-02-14,06:52,Clock In,No Exception
2892,2025-02-14,16:02,Clock Out,No Exception
2892,2025-02-17,08:14,Clock In,No Exception
2892,2025-02-17,15:50,Clock Out,No Exception
2892,2025-02-18,08:37,Clock In,No Exception
2892,2025-02-18,18:20,Clock Out,No Exception
2892,2025-02-19,06:44,Clock In,No Exception
2892,2025-02-19,15:17,Clock Out,No Exception
2892,2025-02-20,07:37,Clock In,No Exception
2892,2025-02-20,17:01,Clock Out,No Exception
2892,2025-02-21,08:29,Clock In,No Exception
2892,2025-02-21,17:54,Clock Out,No Exception
2892,2025-02-24,09:05,Clock In,No Exception
2892,2025-02-24,17:52,Clock Out,No Exception
2892,2025-02-25,07:45,Clock In,No Exception
2892,2025-02-25,15:38,Clock Out,No Exception
2892,2025-02-26,06:02,Clock In,No Exception
2892,2025-02-26,14:44,Clock Out,No Exception
2892,2025-02-27,08:25,Clock In,No Exception
2892,2025-02-27,18:15,Clock Out,No Exception
2892,2025-02-28,09:21,Clock In,No Exception
2892,2025-02-28,18:41,Clock Out,No Exception
3132,2025-01-01,08:11,Clock In,No Exception
3132,2025-01-01,16:43,Clock Out,No Exception
3132,2025-01-02,06:17,Clock In,No Exception
3132,2025-01-02,15:10,Clock Out,No Exception
3132,2025-01-03,08:15,Clock In,No Exception
3132,2025-01-03,17:13,Clock Out,No Exception
3132,2025-01-06,08:08,Clock In,No Exception
3132,2025-01-06,16:35,Clock Out,No Exception
3132,2025-01-07,06:23,Clock In,No Exception
3132,2025-01-07,15:46,Clock Out,No Exception
3132,2025-01-08,08:30,Clock In,No Exception
3132,2025-01-08,18:13,Clock Out,No Exception
3132,2025-01-09,06:44,Clock In,No Exception
3132,2025-01-09,15:43,Clock Out,No Exception
3132,2025-01-10,07:22,Clock In,No Exception
3132,2025-01-10,16:04,Clock Out,No Exception
3132,2025-01-11,06:01,Clock In,No Exception
3132,2025-01-11,15:08,Clock Out,No Exception
3132,2025-01-13,08:50,Clock In,No Exception
3132,2025-01-13,17:11,Clock Out,No Exception
3132,2025-01-14,08:47,Clock In,No Exception
3132,2025-01-14,17:40,Clock Out,No Exception
3132,2025-01-15,08:13,Clock In,No Exception
3132,2025-01-15,18:01,Clock Out,No Exception
3132,2025-01-16,07:13,Clock In,No Exception
3132,2025-01-16,14:47,Clock Out,No Exception
3132,2025-01-17,06:46,Clock In,No Exception
3132,2025-01-17,15:23,Clock Out,No Exception
3132,2025-01-20,08:54,Clock In,No Exception
3132,2025-01-20,18:36,Clock Out,No Exception
3132,2025-01-21,08:58,Clock In,No Exception
3132,2025-01-21,18:52,Clock Out,No Exception
3132,2025-01-22,06:05,Clock In,No Exception
3132,2025-01-22,13:52,Clock Out,No Exception
3132,2025-01-23,09:26,Clock In,No Exception
3132,2025-01-23,17:29,Clock Out,No Exception
3132,2025-01-24,08:21,Clock In,No Exception
3132,2025-01-24,17:00,Clock Out,No Exception
3132,2025-01-26,06:00,Clock In,No Exception
3132,2025-01-26,15:12,Clock Out,No Exception
3132,2025-01-27,07:58,Clock In,No Exception
3132,2025-01-27,16:10,Clock Out,No Exception
3132,2025-01-28,09:05,Clock In,No Exception
3132,2025-01-28,17:02,Clock Out,No Exception
3132,2025-01-29,07:58,Clock In,No Exception
3132,2025-01-29,16:17,Clock Out,No Exception
3132,2025-01-30,06:02,Clock In,No Exception
3132,2025-01-30,14:58,Clock Out,No Exception
3132,2025-01-31,08:46,Clock In,No Exception
3132,2025-01-31,17:12,Clock Out,No Exception
3132,2025-02-03,07:57,Clock In,No Exception
3132,2025-02-03,16:06,Clock Out,No Exception
3132,2025-02-04,06:52,Clock In,No Exception
3132,2025-02-04,14:59,Clock Out,No Exception
3132,2025-02-05,07:57,Clock In,No Exception
3132,2025-02-05,17:19,Clock Out,No Exception
3132,2025-02-06,09:34,Clock In,No Exception
3132,2025-02-06,18:27,Clock Out,No Exception
3132,2025-02-07,08:35,Clock In,No Exception
3132,2025-02-07,16:39,Clock Out,No Exception
3132,2025-02-08,07:58,Clock In,No Exception
3132,2025-02-08,17:34,Clock Out,No Exception
3132,2025-02-10,06:27,Clock In,No Exception
3132,2025-02-10,14:02,Clock Out,No Exception
3132,2025-02-11,07:18,Clock In,No Exception
3132,2025-02-11,15:22,Clock Out,No Exception
3132,2025-02-12,07:28,Clock In,No Exception
3132,2025-02-12,15:36,Clock Out,No Exception
3132,2025-02-13,09:56,Clock In,No Exception
3132,2025-02-13,19:55,Clock Out,No Exception
3132,2025-02-14,07:42,Clock In,No Exception
3132,2025-02-14,15:35,Clock Out,No Exception
3132,2025-02-17,09:49,Clock In,No Exception
3132,2025-02-17,19:01,Clock Out,No Exception
3132,2025-02-18,09:34,Clock In,No Exception
3132,2025-02-18,17:17,Clock Out,No Exception
3132,2025-02-19,09:52,Clock In,No Exception
3132,2025-02-19,18:54,Clock Out,No Exception
3132,2025-02-20,09:36,Clock In,No Exception
3132,2025-02-20,18:41,Clock Out,No Exception
3132,2025-02-21,09:32,Clock In,No Exception
3132,2025-02-21,18:38,Clock Out,No Exception
3132,2025-02-24,09:34,Clock In,No Exception
3132,2025-02-24,19:20,Clock Out,No Exception
3132,2025-02-25,09:24,Clock In,No Exception
3132,2025-02-25,17:27,Clock Out,No Exception
3132,2025-02-26,07:38,Clock In,No Exception
3132,2025-02-26,16:21,Clock Out,No Exception
3132,2025-02-27,06:02,Clock In,No Exception
3132,2025-02-27,14:01,Clock Out,No Exception
3132,2025-02-28,09:32,Clock In,No Exception
3132,2025-02-28,17:33,Clock Out,No Exception
2073,2025-01-01,07:08,Clock In,No Exception
2073,2025-01-01,16:23,Clock Out,No Exception
2073,2025-01-02,06:15,Clock In,No Exception
2073,2025-01-02,14:07,Clock Out,No Exception
2073,2025-01-03,08:13,Clock In,No Exception
2073,2025-01-03,17:08,Clock Out,No Exception
2073,2025-01-06,08:53,Clock In,No Exception
2073,2025-01-06,18:19,Clock Out,No Exception
2073,2025-01-07,06:00,Clock In,No Exception
2073,2025-01-07,15:07,Clock Out,No Exception
2073,2025-01-08,09:24,Clock In,No Exception
2073,2025-01-08,17:32,Clock Out,No Exception
2073,2025-01-09,09:04,Clock In,No Exception
2073,2025-01-09,16:35,Clock Out,No Exception
2073,2025-01-10,08:39,Clock In,No Exception
2073,2025-01-10,17:19,Clock Out,No Exception
2073,2025-01-13,06:50,Clock In,No Exception
2073,2025-01-13,16:01,Clock Out,No Exception
2073,2025-01-14,09:31,Clock In,No Exception
2073,2025-01-14,17:10,Clock Out,No Exception
2073,2025-01-15,07:52,Clock In,No Exception
2073,2025-01-15,15:57,Clock Out,No Exception
2073,2025-01-16,06:43,Clock In,No Exception
2073,2025-01-16,15:02,Clock Out,No Exception
2073,2025-01-17,06:47,Clock In,No Exception
2073,2025-01-17,16:24,Clock Out,No Exception
2073,2025-01-20,09:24,Clock In,No Exception
2073,2025-01-20,17:01,Clock Out,No Exception
2073,2025-01-21,09:30,Clock In,No Exception
2073,2025-01-21,17:11,Clock Out,No Exception
2073,2025-01-22,07:49,Clock In,No Exception
2073,2025-01-22,17:46,Clock Out,No Exception
2073,2025-01-23,08:44,Clock In,No Exception
2073,2025-01-23,16:20,Clock Out,No Exception
2073,2025-01-24,08:04,Clock In,No Exception
2073,2025-01-24,17:50,Clock Out,No Exception
2073,2025-01-26,08:02,Clock In,No Exception
2073,2025-01-26,16:26,Clock Out,No Exception
2073,2025-01-27,08:07,Clock In,No Exception
2073,2025-01-27,16:00,Clock Out,No Exception
2073,2025-01-28,08:39,Clock In,No Exception
2073,2025-01-28,16:59,Clock Out,No Exception
2073,2025-01-29,07:48,Clock In,No Exception
2073,2025-01-29,16:25,Clock Out,No Exception
2073,2025-01-30,07:17,Clock In,No Exception
2073,2025-01-30,15:15,Clock Out,No Exception
2073,2025-01-31,06:27,Clock In,No Exception
2073,2025-01-31,15:47,Clock Out,No Exception
2073,2025-02-03,09:43,Clock In,No Exception
2073,2025-02-03,17:35,Clock Out,No Exception
2073,2025-02-04,06:29,Clock In,No Exception
2073,2025-02-04,14:32,Clock Out,No Exception
2073,2025-02-05,07:24,Clock In,No Exception
2073,2025-02-05,17:23,Clock Out,No Exception
2073,2025-02-06,06:35,Clock In,No Exception
2073,2025-02-06,15:51,Clock Out,No Exception
2073,2025-02-07,07:13,Clock In,No Exception
2073,2025-02-07,17:10,Clock Out,No Exception
2073,2025-02-09,08:52,Clock In,No Exception
2073,2025-02-09,16:56,Clock Out,No Exception
2073,2025-02-10,09:00,Clock In,No Exception
2073,2025-02-10,17:30,Clock Out,No Exception
2073,2025-02-11,07:38,Clock In,No Exception
2073,2025-02-11,15:27,Clock Out,No Exception
2073,2025-02-12,08:23,Clock In,No Exception
2073,2025-02-12,17:15,Clock Out,No Exception
2073,2025-02-13,08:44,Clock In,No Exception
2073,2025-02-13,18:08,Clock Out,No Exception
2073,2025-02-14,09:23,Clock In,No Exception
2073,2025-02-14,16:53,Clock Out,No Exception
2073,2025-02-15,07:16,Clock In,No Exception
2073,2025-02-15,15:03,Clock Out,No Exception
2073,2025-02-17,07:36,Clock In,No Exception
2073,2025-02-17,16:25,Clock Out,No Exception
2073,2025-02-18,06:09,Clock In,No Exception
2073,2025-02-18,13:45,Clock Out,No Exception
2073,2025-02-19,06:45,Clock In,No Exception
2073,2025-02-19,16:41,Clock Out,No Exception
2073,2025-02-20,08:27,Clock In,No Exception
2073,2025-02-20,16:59,Clock Out,No Exception
2073,2025-02-21,08:49,Clock In,No Exception
2073,2025-02-21,18:16,Clock Out,No Exception
2073,2025-02-23,09:07,Clock In,No Exception
2073,2025-02-23,17:25,Clock Out,No Exception
2073,2025-02-24,09:42,Clock In,No Exception
2073,2025-02-24,17:38,Clock Out,No Exception
2073,2025-02-25,09:32,Clock In,No Exception
2073,2025-02-25,18:03,Clock Out,No Exception
2073,2025-02-26,06:06,Clock In,No Exception
2073,2025-02-26,14:03,Clock Out,No Exception
2073,2025-02-27,09:04,Clock In,No Exception
2073,2025-02-27,16:59,Clock Out,No Exception
2073,2025-02-28,07:07,Clock In,No Exception
2073,2025-02-28,15:05,Clock Out,No Exception
1213,2025-01-01,06:49,Clock In,No Exception
1213,2025-01-01,14:32,Clock Out,No Exception
1213,2025-01-02,09:51,Clock In,No Exception
1213,2025-01-02,18:29,Clock Out,No Exception
1213,2025-01-03,09:33,Clock In,No Exception
1213,2025-01-03,18:21,Clock Out,No Exception
1213,2025-01-06,06:51,Clock In,No Exception
1213,2025-01-06,15:52,Clock Out,No Exception
1213,2025-01-07,07:22,Clock In,No Exception
1213,2025-01-07,16:48,Clock Out,No Exception
1213,2025-01-08,07:03,Clock In,No Exception
1213,2025-01-08,14:52,Clock Out,No Exception
1213,2025-01-09,06:24,Clock In,No Exception
1213,2025-01-09,14:10,Clock Out,No Exception
1213,2025-01-10,09:50,Clock In,No Exception
1213,2025-01-10,18:35,Clock Out,No Exception
1213,2025-01-13,09:19,Clock In,No Exception
1213,2025-01-13,17:46,Clock Out,No Exception
1213,2025-01-14,07:07,Clock In,No Exception
1213,2025-01-14,15:10,Clock Out,No Exception
1213,2025-01-15,07:06,Clock In,No Exception
1213,2025-01-15,16:17,Clock Out,No Exception
1213,2025-01-16,08:15,Clock In,No Exception
1213,2025-01-16,15:55,Clock Out,No Exception
1213,2025-01-17,07:39,Clock In,No Exception
1213,2025-01-17,15:58,Clock Out,No Exception
1213,2025-01-19,08:09,Clock In,No Exception
1213,2025-01-19,16:30,Clock Out,No Exception
1213,2025-01-20,09:45,Clock In,No Exception
1213,2025-01-20,19:19,Clock Out,No Exception
1213,2025-01-21,07:21,Clock In,No Exception
1213,2025-01-21,16:40,Clock Out,No Exception
1213,2025-01-22,06:19,Clock In,No Exception
1213,2025-01-22,15:27,Clock Out,No Exception
1213,2025-01-23,07:19,Clock In,No Exception
1213,2025-01-23,16:49,Clock Out,No Exception
1213,2025-01-24,08:16,Clock In,No Exception
1213,2025-01-24,17:49,Clock Out,No Exception
1213,2025-01-25,08:49,Clock In,No Exception
1213,2025-01-25,16:56,Clock Out,No Exception
1213,2025-01-27,07:49,Clock In,No Exception
1213,2025-01-27,17:33,Clock Out,No Exception
1213,2025-01-28,06:17,Clock In,No Exception
1213,2025-01-28,14:10,Clock Out,No Exception
1213,2025-01-29,06:55,Clock In,No Exception
1213,2025-01-29,16:01,Clock Out,No Exception
1213,2025-01-30,06:06,Clock In,No Exception
1213,2025-01-30,14:35,Clock Out,No Exception
1213,2025-01-31,06:27,Clock In,No Exception
1213,2025-01-31,16:23,Clock Out,No Exception
1213,2025-02-03,06:21,Clock In,No Exception
1213,2025-02-03,15:06,Clock Out,No Exception
1213,2025-02-04,06:02,Clock In,No Exception
1213,2025-02-04,15:07,Clock Out,No Exception
1213,2025-02-05,08:10,Clock In,No Exception
1213,2025-02-05,18:09,Clock Out,No Exception
1213,2025-02-06,08:13,Clock In,No Exception
1213,2025-02-06,17:04,Clock Out,No Exception
1213,2025-02-07,06:10,Clock In,No Exception
1213,2025-02-07,14:47,Clock Out,No Exception
1213,2025-02-10,08:38,Clock In,No Exception
1213,2025-02-10,18:31,Clock Out,No Exception
1213,2025-02-11,06:14,Clock In,No Exception
1213,2025-02-11,15:48,Clock Out,No Exception
1213,2025-02-12,09:12,Clock In,No Exception
1213,2025-02-12,17:40,Clock Out,No Exception
1213,2025-02-13,07:09,Clock In,No Exception
1213,2025-02-13,16:05,Clock Out,No Exception
1213,2025-02-14,09:52,Clock In,No Exception
1213,2025-02-14,17:56,Clock Out,No Exception
1213,2025-02-17,09:57,Clock In,No Exception
1213,2025-02-17,19:32,Clock Out,No Exception
1213,2025-02-18,06:30,Clock In,No Exception
1213,2025-02-18,15:30,Clock Out,No Exception
1213,2025-02-19,08:05,Clock In,No Exception
1213,2025-02-19,16:52,Clock Out,No Exception
1213,2025-02-20,08:18,Clock In,No Exception
1213,2025-02-20,16:52,Clock Out,No Exception
1213,2025-02-21,06:14,Clock In,No Exception
1213,2025-02-21,15:59,Clock Out,No Exception
1213,2025-02-22,08:04,Clock In,No Exception
1213,2025-02-22,15:53,Clock Out,Duplicate Punch
1213,2025-02-24,06:06,Clock In,No Exception
1213,2025-02-24,15:16,Clock Out,No Exception
1213,2025-02-25,09:21,Clock In,No Exception
1213,2025-02-25,18:29,Clock Out,No Exception
1213,2025-02-26,06:24,Clock In,No Exception
1213,2025-02-26,15:15,Clock Out,No Exception
1213,2025-02-27,07:31,Clock In,No Exception
1213,2025-02-27,16:28,Clock Out,No Exception
1213,2025-02-28,07:38,Clock In,No Exception
1213,2025-02-28,15:51,Clock Out,No Exception
3104,2025-01-01,07:46,Clock In,No Exception
3104,2025-01-01,16:40,Clock Out,No Exception
3104,2025-01-02,07:33,Clock In,No Exception
3104,2025-01-02,16:45,Clock Out,No Exception
3104,2025-01-03,09:19,Clock In,No Exception
3104,2025-01-03,18:06,Clock Out,No Exception
3104,2025-01-06,07:58,Clock In,No Exception
3104,2025-01-06,17:35,Clock Out,No Exception
3104,2025-01-07,08:19,Clock In,No Exception
3104,2025-01-07,16:24,Clock Out,No Exception
3104,2025-01-08,09:03,Clock In,No Exception
3104,2025-01-08,17:08,Clock Out,No Exception
3104,2025-01-09,07:59,Clock In,No Exception
3104,2025-01-09,17:43,Clock Out,No Exception
3104,2025-01-10,06:09,Clock In,No Exception
3104,2025-01-10,15:57,Clock Out,No Exception
3104,2025-01-13,08:44,Clock In,No Exception
3104,2025-01-13,17:42,Clock Out,No Exception
3104,2025-01-14,08:41,Clock In,No Exception
3104,2025-01-14,16:43,Clock Out,No Exception
3104,2025-01-15,06:55,Clock In,No Exception
3104,2025-01-15,16:52,Clock Out,No Exception
3104,2025-01-16,09:13,Clock In,No Exception
3104,2025-01-16,17:12,Clock Out,No Exception
3104,2025-01-17,07:26,Clock In,No Exception
3104,2025-01-17,15:59,Clock Out,No Exception
3104,2025-01-19,08:32,Clock In,No Exception
3104,2025-01-19,17:24,Clock Out,No Exception
3104,2025-01-20,08:39,Clock In,No Exception
3104,2025-01-20,16:15,Clock Out,No Exception
3104,2025-01-21,06:39,Clock In,No Exception
3104,2025-01-21,16:34,Clock Out,No Exception
3104,2025-01-22,09:14,Clock In,No Exception
3104,2025-01-22,17:22,Clock Out,No Exception
3104,2025-01-23,07:11,Clock In,No Exception
3104,2025-01-23,15:47,Clock Out,No Exception
3104,2025-01-24,09:14,Clock In,No Exception
3104,2025-01-24,18:35,Clock Out,No Exception
3104,2025-01-27,08:13,Clock In,No Exception
3104,2025-01-27,16:24,Clock Out,No Exception
3104,2025-01-28,09:23,Clock In,No Exception
3104,2025-01-28,18:55,Clock Out,No Exception
3104,2025-01-29,09:58,Clock In,No Exception
3104,2025-01-29,19:46,Clock Out,No Exception
3104,2025-01-30,07:21,Clock In,No Exception
3104,2025-01-30,15:35,Clock Out,No Exception
3104,2025-01-31,07:36,Clock In,No Exception
3104,2025-01-31,17:31,Clock Out,No Exception
3104,2025-02-03,07:11,Clock In,No Exception
3104,2025-02-03,16:35,Clock Out,No Exception
3104,2025-02-04,06:57,Clock In,No Exception
3104,2025-02-04,14:27,Clock Out,No Exception
3104,2025-02-05,06:22,Clock In,No Exception
3104,2025-02-05,14:29,Clock Out,No Exception
3104,2025-02-06,07:05,Clock In,No Exception
3104,2025-02-06,16:36,Clock Out,No Exception
3104,2025-02-07,06:13,Clock In,No Exception
3104,2025-02-07,13:49,Clock Out,No Exception
3104,2025-02-08,07:15,Clock In,No Exception
3104,2025-02-08,14:48,Clock Out,No Exception
3104,2025-02-10,08:57,Clock In,No Exception
3104,2025-02-10,16:47,Clock Out,No Exception
3104,2025-02-11,08:31,Clock In,No Exception
3104,2025-02-11,16:16,Clock Out,No Exception
3104,2025-02-12,08:47,Clock In,No Exception
3104,2025-02-12,17:58,Clock Out,No Exception
3104,2025-02-13,08:54,Clock In,No Exception
3104,2025-02-13,18:11,Clock Out,No Exception
3104,2025-02-14,06:36,Clock In,No Exception
3104,2025-02-14,15:41,Clock Out,No Exception
3104,2025-02-17,08:05,Clock In,No Exception
3104,2025-02-17,16:27,Clock Out,No Exception
3104,2025-02-18,08:37,Clock In,No Exception
3104,2025-02-18,18:36,Clock Out,No Exception
3104,2025-02-19,08:49,Clock In,No Exception
3104,2025-02-19,17:06,Clock Out,No Exception
3104,2025-02-20,08:02,Clock In,No Exception
3104,2025-02-20,17:13,Clock Out,No Exception
3104,2025-02-21,09:24,Clock In,No Exception
3104,2025-02-21,18:07,Clock Out,No Exception
3104,2025-02-23,07:48,Clock In,No Exception
3104,2025-02-23,17:11,Clock Out,No Exception
3104,2025-02-24,07:16,Clock In,No Exception
3104,2025-02-24,17:13,Clock Out,No Exception
3104,2025-02-25,07:16,Clock In,No Exception
3104,2025-02-25,15:49,Clock Out,No Exception
3104,2025-02-26,08:12,Clock In,No Exception
3104,2025-02-26,17:51,Clock Out,No Exception
3104,2025-02-27,06:39,Clock In,No Exception
3104,2025-02-27,16:02,Clock Out,No Exception
3104,2025-02-28,06:09,Clock In,No Exception
3104,2025-02-28,15:45,Clock Out,No Exception
3104,2025-03-01,07:35,Clock In,No Exception
3104,2025-03-01,15:06,Clock Out,No Exception
3056,2025-01-01,07:15,Clock In,No Exception
3056,2025-01-01,14:59,Clock Out,No Exception
3056,2025-01-02,09:34,Clock In,No Exception
3056,2025-01-02,17:48,Clock Out,No Exception
3056,2025-01-03,06:13,Clock In,Missing Clock Out
3056,2025-01-03,14:01,Clock Out,No Exception
3056,2025-01-04,09:18,Clock In,No Exception
3056,2025-01-04,17:36,Clock Out,No Exception
3056,2025-01-06,06:22,Clock In,No Exception
3056,2025-01-06,14:54,Clock Out,No Exception
3056,2025-01-07,09:13,Clock In,No Exception
3056,2025-01-07,17:07,Clock Out,No Exception
3056,2025-01-08,07:19,Clock In,No Exception
3056,2025-01-08,16:27,Clock Out,No Exception
3056,2025-01-09,08:14,Clock In,No Exception
3056,2025-01-09,17:05,Clock Out,No Exception
3056,2025-01-10,09:29,Clock In,No Exception
3056,2025-01-10,18:58,Clock Out,No Exception
3056,2025-01-13,09:22,Clock In,No Exception
3056,2025-01-13,19:07,Clock Out,No Exception
3056,2025-01-14,06:03,Clock In,No Exception
3056,2025-01-14,15:53,Clock Out,No Exception
3056,2025-01-15,09:18,Clock In,No Exception
3056,2025-01-15,18:44,Clock Out,No Exception
3056,2025-01-16,08:43,Clock In,No Exception
3056,2025-01-16,18:36,Clock Out,No Exception
3056,2025-01-17,09:50,Clock In,No Exception
3056,2025-01-17,17:48,Clock Out,No Exception
3056,2025-01-19,06:22,Clock In,No Exception
3056,2025-01-19,14:32,Clock Out,No Exception
3056,2025-01-20,08:36,Clock In,No Exception
3056,2025-01-20,17:47,Clock Out,No Exception
3056,2025-01-21,09:12,Clock In,No Exception
3056,2025-01-21,18:47,Clock Out,No Exception
3056,2025-01-22,06:06,Clock In,No Exception
3056,2025-01-22,15:40,Clock Out,No Exception
3056,2025-01-23,06:37,Clock In,No Exception
3056,2025-01-23,15:25,Clock Out,No Exception
3056,2025-01-24,07:47,Clock In,No Exception
3056,2025-01-24,16:44,Clock Out,No Exception
3056,2025-01-27,09:25,Clock In,No Exception
3056,2025-01-27,19:14,Clock Out,No Exception
3056,2025-01-28,08:59,Clock In,No Exception
3056,2025-01-28,17:33,Clock Out,No Exception
3056,2025-01-29,09:57,Clock In,No Exception
3056,2025-01-29,18:05,Clock Out,No Exception
3056,2025-01-30,06:01,Clock In,No Exception
3056,2025-01-30,15:24,Clock Out,No Exception
3056,2025-01-31,06:58,Clock In,No Exception
3056,2025-01-31,15:31,Clock Out,No Exception
3056,2025-02-01,09:48,Clock In,No Exception
3056,2025-02-01,19:06,Clock Out,No Exception
3056,2025-02-03,06:11,Clock In,No Exception
3056,2025-02-03,14:41,Clock Out,No Exception
3056,2025-02-04,07:22,Clock In,No Exception
3056,2025-02-04,15:32,Clock Out,No Exception
3056,2025-02-05,06:26,Clock In,No Exception
3056,2025-02-05,14:08,Clock Out,No Exception
3056,2025-02-06,08:57,Clock In,No Exception
3056,2025-02-06,18:03,Clock Out,No Exception
3056,2025-02-07,08:09,Clock In,No Exception
3056,2025-02-07,15:49,Clock Out,No Exception
3056,2025-02-08,07:20,Clock In,No Exception
3056,2025-02-08,16:48,Clock Out,Device Failure
3056,2025-02-10,06:29,Clock In,No Exception
3056,2025-02-10,14:34,Clock Out,No Exception
3056,2025-02-11,09:37,Clock In,No Exception
3056,2025-02-11,18:27,Clock Out,No Exception
3056,2025-02-12,06:42,Clock In,No Exception
3056,2025-02-12,16:16,Clock Out,No Exception
3056,2025-02-13,06:47,Clock In,No Exception
3056,2025-02-13,16:38,Clock Out,No Exception
3056,2025-02-14,09:23,Clock In,No Exception
3056,2025-02-14,17:21,Clock Out,No Exception
3056,2025-02-17,06:22,Clock In,No Exception
3056,2025-02-17,14:52,Clock Out,No Exception
3056,2025-02-18,09:02,Clock In,No Exception
3056,2025-02-18,16:35,Clock Out,No Exception
3056,2025-02-19,09:18,Clock In,No Exception
3056,2025-02-19,19:03,Clock Out,No Exception
3056,2025-02-20,09:02,Clock In,No Exception
3056,2025-02-20,17:55,Clock Out,No Exception
3056,2025-02-21,08:11,Clock In,No Exception
3056,2025-02-21,17:46,Clock Out,No Exception
3056,2025-02-22,07:18,Clock In,No Exception
3056,2025-02-22,16:18,Clock Out,No Exception
3056,2025-02-24,06:59,Clock In,No Exception
3056,2025-02-24,15:30,Clock Out,No Exception
3056,2025-02-25,07:22,Clock In,No Exception
3056,2025-02-25,15:37,Clock Out,No Exception
3056,2025-02-26,07:02,Clock In,No Exception
3056,2025-02-26,14:49,Clock Out,No Exception
3056,2025-02-27,09:35,Clock In,No Exception
3056,2025-02-27,17:39,Clock Out,No Exception
3056,2025-02-28,08:05,Clock In,No Exception
3056,2025-02-28,15:51,Clock Out,No Exception
2020,2025-01-01,07:21,Clock In,No Exception
2020,2025-01-01,17:02,Clock Out,No Exception
2020,2025-01-02,08:22,Clock In,No Exception
2020,2025-01-02,16:01,Clock Out,No Exception
2020,2025-01-03,08:14,Clock In,No Exception
2020,2025-01-03,17:47,Clock Out,No Exception
2020,2025-01-06,06:12,Clock In,No Exception
2020,2025-01-06,15:05,Clock Out,No Exception
2020,2025-01-07,08:48,Clock In,No Exception
2020,2025-01-07,18:13,Clock Out,No Exception
2020,2025-01-08,07:09,Clock In,No Exception
2020,2025-01-08,17:04,Clock Out,No Exception
2020,2025-01-09,09:08,Clock In,No Exception
2020,2025-01-09,17:45,Clock Out,No Exception
2020,2025-01-10,09:03,Clock In,No Exception
2020,2025-01-10,17:44,Clock Out,No Exception
2020,2025-01-13,07:17,Clock In,No Exception
2020,2025-01-13,16:42,Clock Out,No Exception
2020,2025-01-14,06:57,Clock In,No Exception
2020,2025-01-14,14:48,Clock Out,No Exception
2020,2025-01-15,07:39,Clock In,No Exception
2020,2025-01-15,15:26,Clock Out,No Exception
2020,2025-01-16,08:19,Clock In,No Exception
2020,2025-01-16,16:14,Clock Out,No Exception
2020,2025-01-17,08:00,Clock In,No Exception
2020,2025-01-17,17:18,Clock Out,No Exception
2020,2025-01-20,07:17,Clock In,No Exception
2020,2025-01-20,15:57,Clock Out,No Exception
2020,2025-01-21,07:38,Clock In,No Exception
2020,2025-01-21,15:17,Clock Out,No Exception
2020,2025-01-22,06:14,Clock In,No Exception
2020,2025-01-22,14:43,Clock Out,No Exception
2020,2025-01-23,07:03,Clock In,No Exception
2020,2025-01-23,14:44,Clock Out,No Exception
2020,2025-01-24,07:14,Clock In,No Exception
2020,2025-01-24,16:48,Clock Out,No Exception
2020,2025-01-26,08:41,Clock In,No Exception
2020,2025-01-26,18:08,Clock Out,No Exception
2020,2025-01-27,09:04,Clock In,No Exception
2020,2025-01-27,16:41,Clock Out,No Exception
2020,2025-01-28,09:35,Clock In,No Exception
2020,2025-01-28,19:10,Clock Out,No Exception
2020,2025-01-29,07:37,Clock In,No Exception
2020,2025-01-29,17:26,Clock Out,No Exception
2020,2025-01-30,09:46,Clock In,No Exception
2020,2025-01-30,17:43,Clock Out,No Exception
2020,2025-01-31,08:31,Clock In,No Exception
2020,2025-01-31,16:45,Clock Out,No Exception
2020,2025-02-01,07:37,Clock In,No Exception
2020,2025-02-01,15:43,Clock Out,No Exception
2020,2025-02-03,06:05,Clock In,No Exception
2020,2025-02-03,15:59,Clock Out,No Exception
2020,2025-02-04,08:04,Clock In,No Exception
2020,2025-02-04,17:35,Clock Out,No Exception
2020,2025-02-05,06:17,Clock In,No Exception
2020,2025-02-05,15:30,Clock Out,No Exception
2020,2025-02-06,07:44,Clock In,No Exception
2020,2025-02-06,17:21,Clock Out,No Exception
2020,2025-02-07,07:25,Clock In,Missing Clock Out
2020,2025-02-07,14:56,Clock Out,No Exception
2020,2025-02-08,09:13,Clock In,No Exception
2020,2025-02-08,17:37,Clock Out,No Exception
2020,2025-02-09,07:13,Clock In,No Exception
2020,2025-02-09,16:14,Clock Out,No Exception
2020,2025-02-10,07:45,Clock In,No Exception
2020,2025-02-10,15:37,Clock Out,No Exception
2020,2025-02-11,06:36,Clock In,No Exception
2020,2025-02-11,15:25,Clock Out,No Exception
2020,2025-02-12,07:31,Clock In,No Exception
2020,2025-02-12,15:51,Clock Out,No Exception
2020,2025-02-13,08:09,Clock In,No Exception
2020,2025-02-13,16:55,Clock Out,No Exception
2020,2025-02-14,08:06,Clock In,No Exception
2020,2025-02-14,17:10,Clock Out,No Exception
2020,2025-02-16,07:39,Clock In,No Exception
2020,2025-02-16,16:25,Clock Out,No Exception
2020,2025-02-17,09:50,Clock In,No Exception
2020,2025-02-17,18:10,Clock Out,No Exception
2020,2025-02-18,07:05,Clock In,No Exception
2020,2025-02-18,14:43,Clock Out,No Exception
2020,2025-02-19,08:05,Clock In,No Exception
2020,2025-02-19,15:45,Clock Out,No Exception
2020,2025-02-20,07:57,Clock In,No Exception
2020,2025-02-20,16:28,Clock Out,No Exception
2020,2025-02-21,09:47,Clock In,No Exception
2020,2025-02-21,17:37,Clock Out,No Exception
2020,2025-02-24,08:39,Clock In,No Exception
2020,2025-02-24,16:23,Clock Out,No Exception
2020,2025-02-25,09:51,Clock In,No Exception
2020,2025-02-25,17:42,Clock Out,No Exception
2020,2025-02-26,09:03,Clock In,No Exception
2020,2025-02-26,18:51,Clock Out,No Exception
2020,2025-02-27,06:14,Clock In,No Exception
2020,2025-02-27,14:54,Clock Out,No Exception
2020,2025-02-28,06:42,Clock In,No Exception
2020,2025-02-28,16:10,Clock Out,No Exception
3539,2025-01-01,09:34,Clock In,No Exception
3539,2025-01-01,17:06,Clock Out,No Exception
3539,2025-01-02,08:02,Clock In,No Exception
3539,2025-01-02,17:38,Clock Out,No Exception
3539,2025-01-03,09:21,Clock In,No Exception
3539,2025-01-03,18:09,Clock Out,No Exception
3539,2025-01-06,09:28,Clock In,No Exception
3539,2025-01-06,17:35,Clock Out,No Exception
3539,2025-01-07,07:29,Clock In,No Exception
3539,2025-01-07,16:08,Clock Out,No Exception
3539,2025-01-08,06:24,Clock In,No Exception
3539,2025-01-08,16:23,Clock Out,No Exception
3539,2025-01-09,08:41,Clock In,No Exception
3539,2025-01-09,18:41,Clock Out,No Exception
3539,2025-01-10,09:39,Clock In,No Exception
3539,2025-01-10,18:41,Clock Out,No Exception
3539,2025-01-11,07:00,Clock In,No Exception
3539,2025-01-11,15:53,Clock Out,No Exception
3539,2025-01-13,07:47,Clock In,No Exception
3539,2025-01-13,17:24,Clock Out,No Exception
3539,2025-01-14,09:46,Clock In,No Exception
3539,2025-01-14,17:39,Clock Out,No Exception
3539,2025-01-15,09:19,Clock In,No Exception
3539,2025-01-15,17:26,Clock Out,No Exception
3539,2025-01-16,08:12,Clock In,No Exception
3539,2025-01-16,16:17,Clock Out,No Exception
3539,2025-01-17,07:36,Clock In,No Exception
3539,2025-01-17,16:24,Clock Out,No Exception
3539,2025-01-20,07:05,Clock In,No Exception
3539,2025-01-20,15:37,Clock Out,No Exception
3539,2025-01-21,09:56,Clock In,No Exception
3539,2025-01-21,18:47,Clock Out,No Exception
3539,2025-01-22,09:23,Clock In,No Exception
3539,2025-01-22,18:41,Clock Out,No Exception
3539,2025-01-23,07:35,Clock In,No Exception
3539,2025-01-23,16:14,Clock Out,No Exception
3539,2025-01-24,08:03,Clock In,No Exception
3539,2025-01-24,17:11,Clock Out,No Exception
3539,2025-01-26,08:40,Clock In,No Exception
3539,2025-01-26,16:52,Clock Out,No Exception
3539,2025-01-27,08:52,Clock In,No Exception
3539,2025-01-27,16:35,Clock Out,No Exception
3539,2025-01-28,07:31,Clock In,No Exception
3539,2025-01-28,15:47,Clock Out,No Exception
3539,2025-01-29,09:32,Clock In,No Exception
3539,2025-01-29,17:43,Clock Out,No Exception
3539,2025-01-30,08:46,Clock In,No Exception
3539,2025-01-30,16:52,Clock Out,No Exception
3539,2025-01-31,06:04,Clock In,No Exception
3539,2025-01-31,13:35,Clock Out,No Exception
3539,2025-02-03,08:08,Clock In,No Exception
3539,2025-02-03,16:03,Clock Out,No Exception
3539,2025-02-04,08:37,Clock In,No Exception
3539,2025-02-04,16:35,Clock Out,No Exception
3539,2025-02-05,06:51,Clock In,No Exception
3539,2025-02-05,15:51,Clock Out,No Exception
3539,2025-02-06,07:35,Clock In,No Exception
3539,2025-02-06,17:18,Clock Out,No Exception
3539,2025-02-07,06:33,Clock In,No Exception
3539,2025-02-07,15:19,Clock Out,No Exception
3539,2025-02-10,09:43,Clock In,No Exception
3539,2025-02-10,18:11,Clock Out,No Exception
3539,2025-02-11,07:58,Clock In,No Exception
3539,2025-02-11,16:16,Clock Out,No Exception
3539,2025-02-12,09:24,Clock In,No Exception
3539,2025-02-12,17:56,Clock Out,No Exception
3539,2025-02-13,07:06,Clock In,No Exception
3539,2025-02-13,15:29,Clock Out,No Exception
3539,2025-02-14,08:21,Clock In,No Exception
3539,2025-02-14,17:35,Clock Out,No Exception
3539,2025-02-17,07:23,Clock In,No Exception
3539,2025-02-17,14:56,Clock Out,No Exception
3539,2025-02-18,07:14,Clock In,No Exception
3539,2025-02-18,16:52,Clock Out,No Exception
3539,2025-02-19,09:46,Clock In,No Exception
3539,2025-02-19,18:56,Clock Out,No Exception
3539,2025-02-20,07:34,Clock In,No Exception
3539,2025-02-20,16:41,Clock Out,No Exception
3539,2025-02-21,09:22,Clock In,No Exception
3539,2025-02-21,16:55,Clock Out,No Exception
3539,2025-02-22,06:35,Clock In,No Exception
3539,2025-02-22,14:54,Clock Out,No Exception
3539,2025-02-24,09:01,Clock In,No Exception
3539,2025-02-24,17:51,Clock Out,No Exception
3539,2025-02-25,09:00,Clock In,No Exception
3539,2025-02-25,16:35,Clock Out,No Exception
3539,2025-02-26,08:21,Clock In,No Exception
3539,2025-02-26,16:58,Clock Out,No Exception
3539,2025-02-27,07:00,Clock In,No Exception
3539,2025-02-27,15:54,Clock Out,No Exception
3539,2025-02-28,09:35,Clock In,No Exception
3539,2025-02-28,19:08,Clock Out,No Exception
3539,2025-03-01,06:58,Clock In,No Exception
3539,2025-03-01,15:50,Clock Out,No Exception
3837,2025-01-01,07:27,Clock In,No Exception
3837,2025-01-01,16:53,Clock Out,No Exception
3837,2025-01-02,09:40,Clock In,No Exception
3837,2025-01-02,19:22,Clock Out,No Exception
3837,2025-01-03,06:31,Clock In,No Exception
3837,2025-01-03,15:37,Clock Out,No Exception
3837,2025-01-06,06:14,Clock In,No Exception
3837,2025-01-06,13:58,Clock Out,No Exception
3837,2025-01-07,07:37,Clock In,No Exception
3837,2025-01-07,15:40,Clock Out,No Exception
3837,2025-01-08,08:52,Clock In,No Exception
3837,2025-01-08,18:00,Clock Out,No Exception
3837,2025-01-09,08:58,Clock In,No Exception
3837,2025-01-09,16:50,Clock Out,No Exception
3837,2025-01-10,07:00,Clock In,No Exception
3837,2025-01-10,15:55,Clock Out,No Exception
3837,2025-01-11,07:58,Clock In,No Exception
3837,2025-01-11,15:42,Clock Out,No Exception
3837,2025-01-12,06:53,Clock In,No Exception
3837,2025-01-12,16:33,Clock Out,No Exception
3837,2025-01-13,09:58,Clock In,No Exception
3837,2025-01-13,18:50,Clock Out,No Exception
3837,2025-01-14,06:41,Clock In,No Exception
3837,2025-01-14,15:13,Clock Out,No Exception
3837,2025-01-15,08:11,Clock In,No Exception
3837,2025-01-15,17:06,Clock Out,No Exception
3837,2025-01-16,09:15,Clock In,No Exception
3837,2025-01-16,17:52,Clock Out,No Exception
3837,2025-01-17,09:25,Clock In,No Exception
3837,2025-01-17,19:02,Clock Out,No Exception
3837,2025-01-20,07:56,Clock In,No Exception
3837,2025-01-20,17:46,Clock Out,No Exception
3837,2025-01-21,09:26,Clock In,No Exception
3837,2025-01-21,18:01,Clock Out,No Exception
3837,2025-01-22,09:12,Clock In,No Exception
3837,2025-01-22,17:40,Clock Out,No Exception
3837,2025-01-23,08:01,Clock In,No Exception
3837,2025-01-23,18:00,Clock Out,No Exception
3837,2025-01-24,09:55,Clock In,No Exception
3837,2025-01-24,17:26,Clock Out,No Exception
3837,2025-01-27,09:37,Clock In,No Exception
3837,2025-01-27,18:56,Clock Out,No Exception
3837,2025-01-28,07:04,Clock In,No Exception
3837,2025-01-28,15:01,Clock Out,No Exception
3837,2025-01-29,06:33,Clock In,No Exception
3837,2025-01-29,14:30,Clock Out,No Exception
3837,2025-01-30,09:48,Clock In,No Exception
3837,2025-01-30,18:39,Clock Out,No Exception
3837,2025-01-31,06:04,Clock In,No Exception
3837,2025-01-31,15:38,Clock Out,No Exception
3837,2025-02-03,07:34,Clock In,No Exception
3837,2025-02-03,17:05,Clock Out,No Exception
3837,2025-02-04,08:24,Clock In,No Exception
3837,2025-02-04,16:55,Clock Out,No Exception
3837,2025-02-05,06:17,Clock In,No Exception
3837,2025-02-05,13:53,Clock Out,No Exception
3837,2025-02-06,06:14,Clock In,No Exception
3837,2025-02-06,15:01,Clock Out,No Exception
3837,2025-02-07,08:15,Clock In,No Exception
3837,2025-02-07,16:37,Clock Out,No Exception
3837,2025-02-10,07:00,Clock In,No Exception
3837,2025-02-10,15:27,Clock Out,No Exception
3837,2025-02-11,09:07,Clock In,No Exception
3837,2025-02-11,17:39,Clock Out,No Exception
3837,2025-02-12,06:17,Clock In,No Exception
3837,2025-02-12,13:58,Clock Out,No Exception
3837,2025-02-13,09:05,Clock In,No Exception
3837,2025-02-13,18:15,Clock Out,No Exception
3837,2025-02-14,07:13,Clock In,No Exception
3837,2025-02-14,15:12,Clock Out,No Exception
3837,2025-02-17,06:05,Clock In,No Exception
3837,2025-02-17,13:55,Clock Out,No Exception
3837,2025-02-18,06:32,Clock In,No Exception
3837,2025-02-18,14:17,Clock Out,No Exception
3837,2025-02-19,06:41,Clock In,No Exception
3837,2025-02-19,15:17,Clock Out,No Exception
3837,2025-02-20,09:55,Clock In,No Exception
3837,2025-02-20,19:31,Clock Out,No Exception
3837,2025-02-21,08:20,Clock In,No Exception
3837,2025-02-21,17:17,Clock Out,No Exception
3837,2025-02-24,09:20,Clock In,No Exception
3837,2025-02-24,19:04,Clock Out,No Exception
3837,2025-02-25,09:03,Clock In,No Exception
3837,2025-02-25,16:43,Clock Out,No Exception
3837,2025-02-26,09:10,Clock In,No Exception
3837,2025-02-26,18:47,Clock Out,No Exception
3837,2025-02-27,06:03,Clock In,No Exception
3837,2025-02-27,15:01,Clock Out,No Exception
3837,2025-02-28,07:34,Clock In,No Exception
3837,2025-02-28,15:27,Clock Out,No Exception
2750,2025-01-01,07:49,Clock In,No Exception
2750,2025-01-01,17:21,Clock Out,No Exception
2750,2025-01-02,08:15,Clock In,No Exception
2750,2025-01-02,17:02,Clock Out,No Exception
2750,2025-01-03,06:14,Clock In,No Exception
2750,2025-01-03,14:46,Clock Out,No Exception
2750,2025-01-05,07:56,Clock In,No Exception
2750,2025-01-05,17:43,Clock Out,No Exception
2750,2025-01-06,07:22,Clock In,No Exception
2750,2025-01-06,16:01,Clock Out,No Exception
2750,2025-01-07,07:51,Clock In,No Exception
2750,2025-01-07,17:49,Clock Out,No Exception
2750,2025-01-08,09:53,Clock In,No Exception
2750,2025-01-08,19:21,Clock Out,No Exception
2750,2025-01-09,06:31,Clock In,No Exception
2750,2025-01-09,15:19,Clock Out,No Exception
2750,2025-01-10,09:01,Clock In,No Exception
2750,2025-01-10,17:17,Clock Out,No Exception
2750,2025-01-13,07:51,Clock In,No Exception
2750,2025-01-13,15:55,Clock Out,No Exception
2750,2025-01-14,08:35,Clock In,No Exception
2750,2025-01-14,16:39,Clock Out,No Exception
2750,2025-01-15,07:20,Clock In,No Exception
2750,2025-01-15,16:30,Clock Out,No Exception
2750,2025-01-16,08:40,Clock In,No Exception
2750,2025-01-16,17:03,Clock Out,No Exception
2750,2025-01-17,08:34,Clock In,No Exception
2750,2025-01-17,18:03,Clock Out,No Exception
2750,2025-01-20,09:04,Clock In,No Exception
2750,2025-01-20,17:20,Clock Out,No Exception
2750,2025-01-21,09:52,Clock In,No Exception
2750,2025-01-21,18:24,Clock Out,No Exception
2750,2025-01-22,09:43,Clock In,No Exception
2750,2025-01-22,18:13,Clock Out,No Exception
2750,2025-01-23,06:26,Clock In,No Exception
2750,2025-01-23,14:42,Clock Out,No Exception
2750,2025-01-24,07:21,Clock In,No Exception
2750,2025-01-24,16:20,Clock Out,No Exception
2750,2025-01-27,07:37,Clock In,No Exception
2750,2025-01-27,16:47,Clock Out,No Exception
2750,2025-01-28,09:09,Clock In,No Exception
2750,2025-01-28,18:20,Clock Out,No Exception
2750,2025-01-29,07:36,Clock In,No Exception
2750,2025-01-29,15:41,Clock Out,No Exception
2750,2025-01-30,07:14,Clock In,No Exception
2750,2025-01-30,16:00,Clock Out,No Exception
2750,2025-01-31,09:40,Clock In,No Exception
2750,2025-01-31,19:23,Clock Out,No Exception
2750,2025-02-03,06:19,Clock In,No Exception
2750,2025-02-03,14:16,Clock Out,No Exception
2750,2025-02-04,08:43,Clock In,No Exception
2750,2025-02-04,17:07,Clock Out,No Exception
2750,2025-02-05,08:29,Clock In,No Exception
2750,2025-02-05,17:37,Clock Out,No Exception
2750,2025-02-06,06:43,Clock In,No Exception
2750,2025-02-06,14:29,Clock Out,No Exception
2750,2025-02-07,09:29,Clock In,No Exception
2750,2025-02-07,18:56,Clock Out,No Exception
2750,2025-02-08,09:26,Clock In,No Exception
2750,2025-02-08,16:58,Clock Out,No Exception
2750,2025-02-10,07:39,Clock In,No Exception
2750,2025-02-10,16:46,Clock Out,No Exception
2750,2025-02-11,09:40,Clock In,No Exception
2750,2025-02-11,18:51,Clock Out,No Exception
2750,2025-02-12,06:38,Clock In,No Exception
2750,2025-02-12,16:17,Clock Out,No Exception
2750,2025-02-13,08:18,Clock In,No Exception
2750,2025-02-13,17:47,Clock Out,No Exception
2750,2025-02-14,06:17,Clock In,No Exception
2750,2025-02-14,15:12,Clock Out,No Exception
2750,2025-02-15,06:06,Clock In,No Exception
2750,2025-02-15,15:03,Clock Out,No Exception
2750,2025-02-17,08:10,Clock In,No Exception
2750,2025-02-17,16:56,Clock Out,No Exception
2750,2025-02-18,09:47,Clock In,No Exception
2750,2025-02-18,18:24,Clock Out,No Exception
2750,2025-02-19,09:36,Clock In,No Exception
2750,2025-02-19,18:29,Clock Out,No Exception
2750,2025-02-20,07:13,Clock In,No Exception
2750,2025-02-20,16:09,Clock Out,No Exception
2750,2025-02-21,08:08,Clock In,No Exception
2750,2025-02-21,17:42,Clock Out,No Exception
2750,2025-02-24,08:36,Clock In,No Exception
2750,2025-02-24,16:52,Clock Out,No Exception
2750,2025-02-25,07:04,Clock In,No Exception
2750,2025-02-25,16:15,Clock Out,No Exception
2750,2025-02-26,08:02,Clock In,No Exception
2750,2025-02-26,15:40,Clock Out,Missing Clock Out
2750,2025-02-27,07:50,Clock In,No Exception
2750,2025-02-27,17:50,Clock Out,No Exception
2750,2025-02-28,09:47,Clock In,No Exception
2750,2025-02-28,19:15,Clock Out,No Exception
3319,2025-01-01,08:22,Clock In,No Exception
3319,2025-01-01,18:15,Clock Out,No Exception
3319,2025-01-02,08:36,Clock In,No Exception
3319,2025-01-02,16:35,Clock Out,No Exception
3319,2025-01-03,08:26,Clock In,No Exception
3319,2025-01-03,16:12,Clock Out,No Exception
3319,2025-01-05,09:19,Clock In,No Exception
3319,2025-01-05,17:50,Clock Out,No Exception
3319,2025-01-06,09:09,Clock In,No Exception
3319,2025-01-06,18:45,Clock Out,No Exception
3319,2025-01-07,09:14,Clock In,No Exception
3319,2025-01-07,17:10,Clock Out,No Exception
3319,2025-01-08,07:43,Clock In,No Exception
3319,2025-01-08,15:47,Clock Out,No Exception
3319,2025-01-09,09:39,Clock In,No Exception
3319,2025-01-09,17:38,Clock Out,No Exception
3319,2025-01-10,07:36,Clock In,No Exception
3319,2025-01-10,15:49,Clock Out,No Exception
3319,2025-01-13,08:22,Clock In,No Exception
3319,2025-01-13,17:51,Clock Out,No Exception
3319,2025-01-14,06:51,Clock In,No Exception
3319,2025-01-14,16:18,Clock Out,No Exception
3319,2025-01-15,07:16,Clock In,No Exception
3319,2025-01-15,15:23,Clock Out,No Exception
3319,2025-01-16,09:44,Clock In,No Exception
3319,2025-01-16,18:24,Clock Out,No Exception
3319,2025-01-17,08:26,Clock In,No Exception
3319,2025-01-17,16:17,Clock Out,No Exception
3319,2025-01-20,07:27,Clock In,No Exception
3319,2025-01-20,17:23,Clock Out,No Exception
3319,2025-01-21,08:22,Clock In,No Exception
3319,2025-01-21,18:05,Clock Out,No Exception
3319,2025-01-22,08:29,Clock In,No Exception
3319,2025-01-22,17:27,Clock Out,No Exception
3319,2025-01-23,08:00,Clock In,No Exception
3319,2025-01-23,16:12,Clock Out,No Exception
3319,2025-01-24,06:22,Clock In,No Exception
3319,2025-01-24,16:14,Clock Out,No Exception
3319,2025-01-27,09:33,Clock In,No Exception
3319,2025-01-27,18:22,Clock Out,No Exception
3319,2025-01-28,09:12,Clock In,No Exception
3319,2025-01-28,17:55,Clock Out,No Exception
3319,2025-01-29,08:16,Clock In,No Exception
3319,2025-01-29,16:24,Clock Out,No Exception
3319,2025-01-30,07:09,Clock In,No Exception
3319,2025-01-30,16:09,Clock Out,No Exception
3319,2025-01-31,09:50,Clock In,No Exception
3319,2025-01-31,18:41,Clock Out,No Exception
3319,2025-02-03,07:33,Clock In,No Exception
3319,2025-02-03,15:26,Clock Out,No Exception
3319,2025-02-04,07:46,Clock In,No Exception
3319,2025-02-04,15:23,Clock Out,No Exception
3319,2025-02-05,09:08,Clock In,No Exception
3319,2025-02-05,17:56,Clock Out,No Exception
3319,2025-02-06,09:09,Clock In,No Exception
3319,2025-02-06,17:07,Clock Out,No Exception
3319,2025-02-07,07:29,Clock In,No Exception
3319,2025-02-07,16:15,Clock Out,No Exception
3319,2025-02-08,07:43,Clock In,No Exception
3319,2025-02-08,15:43,Clock Out,No Exception
3319,2025-02-10,07:35,Clock In,No Exception
3319,2025-02-10,17:25,Clock Out,No Exception
3319,2025-02-11,08:40,Clock In,No Exception
3319,2025-02-11,18:28,Clock Out,No Exception
3319,2025-02-12,07:39,Clock In,No Exception
3319,2025-02-12,16:05,Clock Out,No Exception
3319,2025-02-13,07:23,Clock In,No Exception
3319,2025-02-13,15:17,Clock Out,No Exception
3319,2025-02-14,07:39,Clock In,No Exception
3319,2025-02-14,16:39,Clock Out,No Exception
3319,2025-02-15,09:24,Clock In,No Exception
3319,2025-02-15,19:15,Clock Out,No Exception
3319,2025-02-17,07:22,Clock In,No Exception
3319,2025-02-17,16:41,Clock Out,No Exception
3319,2025-02-18,08:50,Clock In,No Exception
3319,2025-02-18,16:51,Clock Out,No Exception
3319,2025-02-19,09:57,Clock In,No Exception
3319,2025-02-19,17:29,Clock Out,No Exception
3319,2025-02-20,07:23,Clock In,No Exception
3319,2025-02-20,15:39,Clock Out,No Exception
3319,2025-02-21,07:40,Clock In,No Exception
3319,2025-02-21,15:37,Clock Out,No Exception
3319,2025-02-24,09:23,Clock In,No Exception
3319,2025-02-24,19:09,Clock Out,No Exception
3319,2025-02-25,06:19,Clock In,No Exception
3319,2025-02-25,15:33,Clock Out,No Exception
3319,2025-02-26,06:08,Clock In,No Exception
3319,2025-02-26,14:44,Clock Out,No Exception
3319,2025-02-27,06:03,Clock In,No Exception
3319,2025-02-27,13:53,Clock Out,No Exception
3319,2025-02-28,08:11,Clock In,No Exception
3319,2025-02-28,15:41,Clock Out,No Exception
3257,2025-01-01,07:44,Clock In,No Exception
3257,2025-01-01,15:30,Clock Out,No Exception
3257,2025-01-02,06:39,Clock In,No Exception
3257,2025-01-02,15:13,Clock Out,No Exception
3257,2025-01-03,07:12,Clock In,No Exception
3257,2025-01-03,15:09,Clock Out,No Exception
3257,2025-01-06,06:16,Clock In,No Exception
3257,2025-01-06,15:50,Clock Out,No Exception
3257,2025-01-07,07:18,Clock In,No Exception
3257,2025-01-07,17:15,Clock Out,No Exception
3257,2025-01-08,06:28,Clock In,No Exception
3257,2025-01-08,15:19,Clock Out,No Exception
3257,2025-01-09,07:41,Clock In,No Exception
3257,2025-01-09,15:37,Clock Out,No Exception
3257,2025-01-10,06:43,Clock In,No Exception
3257,2025-01-10,16:40,Clock Out,No Exception
3257,2025-01-11,06:30,Clock In,No Exception
3257,2025-01-11,14:51,Clock Out,No Exception
3257,2025-01-13,06:41,Clock In,No Exception
3257,2025-01-13,14:52,Clock Out,No Exception
3257,2025-01-14,06:52,Clock In,No Exception
3257,2025-01-14,16:07,Clock Out,No Exception
3257,2025-01-15,09:57,Clock In,No Exception
3257,2025-01-15,17:31,Clock Out,No Exception
3257,2025-01-16,07:09,Clock In,No Exception
3257,2025-01-16,17:02,Clock Out,No Exception
3257,2025-01-17,06:01,Clock In,No Exception
3257,2025-01-17,14:40,Clock Out,No Exception
3257,2025-01-20,06:18,Clock In,No Exception
3257,2025-01-20,15:55,Clock Out,No Exception
3257,2025-01-21,08:18,Clock In,No Exception
3257,2025-01-21,16:47,Clock Out,No Exception
3257,2025-01-22,09:51,Clock In,No Exception
3257,2025-01-22,17:54,Clock Out,No Exception
3257,2025-01-23,09:30,Clock In,No Exception
3257,2025-01-23,18:29,Clock Out,No Exception
3257,2025-01-24,08:22,Clock In,No Exception
3257,2025-01-24,15:58,Clock Out,No Exception
3257,2025-01-27,09:41,Clock In,No Exception
3257,2025-01-27,19:33,Clock Out,No Exception
3257,2025-01-28,07:06,Clock In,No Exception
3257,2025-01-28,17:03,Clock Out,No Exception
3257,2025-01-29,06:20,Clock In,No Exception
3257,2025-01-29,16:16,Clock Out,No Exception
3257,2025-01-30,08:48,Clock In,No Exception
3257,2025-01-30,18:24,Clock Out,No Exception
3257,2025-01-31,07:16,Clock In,No Exception
3257,2025-01-31,16:30,Clock Out,No Exception
3257,2025-02-03,07:39,Clock In,No Exception
3257,2025-02-03,15:39,Clock Out,No Exception
3257,2025-02-04,07:29,Clock In,No Exception
3257,2025-02-04,15:30,Clock Out,No Exception
3257,2025-02-05,08:17,Clock In,No Exception
3257,2025-02-05,16:51,Clock Out,No Exception
3257,2025-02-06,09:55,Clock In,No Exception
3257,2025-02-06,18:28,Clock Out,No Exception
3257,2025-02-07,06:06,Clock In,No Exception
3257,2025-02-07,15:28,Clock Out,No Exception
3257,2025-02-10,08:48,Clock In,No Exception
3257,2025-02-10,16:29,Clock Out,No Exception
3257,2025-02-11,06:19,Clock In,No Exception
3257,2025-02-11,15:38,Clock Out,No Exception
3257,2025-02-12,08:33,Clock In,No Exception
3257,2025-02-12,17:18,Clock Out,No Exception
3257,2025-02-13,07:29,Clock In,No Exception
3257,2025-02-13,15:56,Clock Out,No Exception
3257,2025-02-14,08:59,Clock In,No Exception
3257,2025-02-14,18:29,Clock Out,No Exception
3257,2025-02-16,08:27,Clock In,No Exception
3257,2025-02-16,16:29,Clock Out,No Exception
3257,2025-02-17,09:47,Clock In,No Exception
3257,2025-02-17,19:01,Clock Out,No Exception
3257,2025-02-18,08:04,Clock In,No Exception
3257,2025-02-18,17:36,Clock Out,No Exception
3257,2025-02-19,06:22,Clock In,No Exception
3257,2025-02-19,15:42,Clock Out,No Exception
3257,2025-02-20,08:54,Clock In,No Exception
3257,2025-02-20,17:29,Clock Out,No Exception
3257,2025-02-21,09:39,Clock In,No Exception
3257,2025-02-21,19:02,Clock Out,No Exception
3257,2025-02-23,06:06,Clock In,No Exception
3257,2025-02-23,15:31,Clock Out,No Exception
3257,2025-02-24,08:49,Clock In,No Exception
3257,2025-02-24,17:58,Clock Out,No Exception
3257,2025-02-25,08:57,Clock In,No Exception
3257,2025-02-25,17:10,Clock Out,No Exception
3257,2025-02-26,06:38,Clock In,No Exception
3257,2025-02-26,15:00,Clock Out,No Exception
3257,2025-02-27,08:37,Clock In,No Exception
3257,2025-02-27,16:23,Clock Out,No Exception
3257,2025-02-28,09:37,Clock In,No Exception
3257,2025-02-28,19:11,Clock Out,No Exception
1377,2025-01-01,09:29,Clock In,No Exception
1377,2025-01-01,19:02,Clock Out,No Exception
1377,2025-01-02,07:36,Clock In,No Exception
1377,2025-01-02,17:34,Clock Out,No Exception
1377,2025-01-03,06:36,Clock In,No Exception
1377,2025-01-03,14:17,Clock Out,No Exception
1377,2025-01-06,07:40,Clock In,No Exception
1377,2025-01-06,17:20,Clock Out,No Exception
1377,2025-01-07,09:27,Clock In,No Exception
1377,2025-01-07,18:03,Clock Out,No Exception
1377,2025-01-08,06:41,Clock In,No Exception
1377,2025-01-08,16:27,Clock Out,No Exception
1377,2025-01-09,09:50,Clock In,No Exception
1377,2025-01-09,18:55,Clock Out,No Exception
1377,2025-01-10,06:17,Clock In,No Exception
1377,2025-01-10,14:22,Clock Out,No Exception
1377,2025-01-13,07:12,Clock In,No Exception
1377,2025-01-13,16:29,Clock Out,No Exception
1377,2025-01-14,06:41,Clock In,No Exception
1377,2025-01-14,15:02,Clock Out,No Exception
1377,2025-01-15,08:11,Clock In,No Exception
1377,2025-01-15,16:51,Clock Out,No Exception
1377,2025-01-16,09:24,Clock In,No Exception
1377,2025-01-16,17:15,Clock Out,No Exception
1377,2025-01-17,09:43,Clock In,No Exception
1377,2025-01-17,19:26,Clock Out,No Exception
1377,2025-01-20,06:02,Clock In,No Exception
1377,2025-01-20,16:02,Clock Out,No Exception
1377,2025-01-21,08:11,Clock In,No Exception
1377,2025-01-21,16:15,Clock Out,No Exception
1377,2025-01-22,06:01,Clock In,No Exception
1377,2025-01-22,14:06,Clock Out,No Exception
1377,2025-01-23,09:17,Clock In,No Exception
1377,2025-01-23,16:58,Clock Out,No Exception
1377,2025-01-24,07:34,Clock In,No Exception
1377,2025-01-24,16:29,Clock Out,No Exception
1377,2025-01-27,09:09,Clock In,No Exception
1377,2025-01-27,16:42,Clock Out,No Exception
1377,2025-01-28,09:00,Clock In,No Exception
1377,2025-01-28,17:09,Clock Out,No Exception
1377,2025-01-29,07:30,Clock In,No Exception
1377,2025-01-29,17:16,Clock Out,No Exception
1377,2025-01-30,07:52,Clock In,No Exception
1377,2025-01-30,17:06,Clock Out,No Exception
1377,2025-01-31,08:44,Clock In,No Exception
1377,2025-01-31,17:51,Clock Out,No Exception
1377,2025-02-03,09:40,Clock In,No Exception
1377,2025-02-03,19:07,Clock Out,No Exception
1377,2025-02-04,09:20,Clock In,No Exception
1377,2025-02-04,17:59,Clock Out,No Exception
1377,2025-02-05,07:54,Clock In,No Exception
1377,2025-02-05,15:38,Clock Out,No Exception
1377,2025-02-06,06:15,Clock In,No Exception
1377,2025-02-06,15:59,Clock Out,No Exception
1377,2025-02-07,08:37,Clock In,No Exception
1377,2025-02-07,16:16,Clock Out,No Exception
1377,2025-02-08,07:05,Clock In,No Exception
1377,2025-02-08,15:04,Clock Out,No Exception
1377,2025-02-10,08:04,Clock In,No Exception
1377,2025-02-10,17:28,Clock Out,No Exception
1377,2025-02-11,09:45,Clock In,No Exception
1377,2025-02-11,18:40,Clock Out,No Exception
1377,2025-02-12,06:00,Clock In,No Exception
1377,2025-02-12,14:20,Clock Out,No Exception
1377,2025-02-13,08:40,Clock In,No Exception
1377,2025-02-13,16:19,Clock Out,No Exception
1377,2025-02-14,08:50,Clock In,No Exception
1377,2025-02-14,17:50,Clock Out,No Exception
1377,2025-02-17,07:54,Clock In,No Exception
1377,2025-02-17,16:51,Clock Out,No Exception
1377,2025-02-18,06:30,Clock In,No Exception
1377,2025-02-18,15:12,Clock Out,No Exception
1377,2025-02-19,08:04,Clock In,No Exception
1377,2025-02-19,17:04,Clock Out,No Exception
1377,2025-02-20,07:42,Clock In,No Exception
1377,2025-02-20,16:16,Clock Out,No Exception
1377,2025-02-21,07:58,Clock In,No Exception
1377,2025-02-21,16:43,Clock Out,No Exception
1377,2025-02-24,09:29,Clock In,No Exception
1377,2025-02-24,17:35,Clock Out,No Exception
1377,2025-02-25,06:28,Clock In,No Exception
1377,2025-02-25,15:26,Clock Out,No Exception
1377,2025-02-26,07:25,Clock In,No Exception
1377,2025-02-26,16:12,Clock Out,No Exception
1377,2025-02-27,08:51,Clock In,No Exception
1377,2025-02-27,17:01,Clock Out,No Exception
1377,2025-02-28,08:17,Clock In,No Exception
1377,2025-02-28,16:42,Clock Out,No Exception
1377,2025-03-01,07:08,Clock In,No Exception
1377,2025-03-01,15:17,Clock Out,No Exception
1396,2025-01-01,09:27,Clock In,No Exception
1396,2025-01-01,18:19,Clock Out,No Exception
1396,2025-01-02,06:25,Clock In,No Exception
1396,2025-01-02,16:01,Clock Out,No Exception
1396,2025-01-03,07:49,Clock In,No Exception
1396,2025-01-03,16:26,Clock Out,No Exception
1396,2025-01-06,09:49,Clock In,No Exception
1396,2025-01-06,19:27,Clock Out,No Exception
1396,2025-01-07,06:36,Clock In,No Exception
1396,2025-01-07,14:19,Clock Out,No Exception
1396,2025-01-08,09:38,Clock In,No Exception
1396,2025-01-08,17:10,Clock Out,No Exception
1396,2025-01-09,09:49,Clock In,No Exception
1396,2025-01-09,19:15,Clock Out,No Exception
1396,2025-01-10,06:24,Clock In,No Exception
1396,2025-01-10,16:21,Clock Out,No Exception
1396,2025-01-13,07:56,Clock In,No Exception
1396,2025-01-13,17:00,Clock Out,No Exception
1396,2025-01-14,06:07,Clock In,No Exception
1396,2025-01-14,14:07,Clock Out,No Exception
1396,2025-01-15,09:26,Clock In,No Exception
1396,2025-01-15,17:03,Clock Out,No Exception
1396,2025-01-16,06:14,Clock In,No Exception
1396,2025-01-16,14:48,Clock Out,No Exception
1396,2025-01-17,06:46,Clock In,No Exception
1396,2025-01-17,16:25,Clock Out,No Exception
1396,2025-01-18,06:42,Clock In,No Exception
1396,2025-01-18,16:42,Clock Out,No Exception
1396,2025-01-20,07:47,Clock In,No Exception
1396,2025-01-20,15:37,Clock Out,No Exception
1396,2025-01-21,07:36,Clock In,No Exception
1396,2025-01-21,15:23,Clock Out,No Exception
1396,2025-01-22,09:40,Clock In,No Exception
1396,2025-01-22,17:37,Clock Out,No Exception
1396,2025-01-23,08:08,Clock In,No Exception
1396,2025-01-23,17:17,Clock Out,No Exception
1396,2025-01-24,07:07,Clock In,No Exception
1396,2025-01-24,16:13,Clock Out,No Exception
1396,2025-01-27,09:48,Clock In,No Exception
1396,2025-01-27,19:15,Clock Out,No Exception
1396,2025-01-28,08:02,Clock In,No Exception
1396,2025-01-28,17:16,Clock Out,No Exception
1396,2025-01-29,08:12,Clock In,No Exception
1396,2025-01-29,18:06,Clock Out,No Exception
1396,2025-01-30,08:49,Clock In,No Exception
1396,2025-01-30,17:41,Clock Out,No Exception
1396,2025-01-31,07:38,Clock In,No Exception
1396,2025-01-31,15:25,Clock Out,No Exception
1396,2025-02-03,06:51,Clock In,No Exception
1396,2025-02-03,15:04,Clock Out,No Exception
1396,2025-02-04,07:08,Clock In,No Exception
1396,2025-02-04,15:27,Clock Out,No Exception
1396,2025-02-05,06:36,Clock In,No Exception
1396,2025-02-05,14:14,Clock Out,No Exception
1396,2025-02-06,09:37,Clock In,No Exception
1396,2025-02-06,19:22,Clock Out,No Exception
1396,2025-02-07,08:19,Clock In,No Exception
1396,2025-02-07,18:02,Clock Out,No Exception
1396,2025-02-08,06:23,Clock In,No Exception
1396,2025-02-08,15:46,Clock Out,No Exception
1396,2025-02-09,09:45,Clock In,No Exception
1396,2025-02-09,19:20,Clock Out,No Exception
1396,2025-02-10,07:19,Clock In,No Exception
1396,2025-02-10,16:40,Clock Out,No Exception
1396,2025-02-11,06:52,Clock In,No Exception
1396,2025-02-11,15:52,Clock Out,No Exception
1396,2025-02-12,09:00,Clock In,No Exception
1396,2025-02-12,17:30,Clock Out,No Exception
1396,2025-02-13,09:19,Clock In,No Exception
1396,2025-02-13,18:17,Clock Out,No Exception
1396,2025-02-14,06:22,Clock In,No Exception
1396,2025-02-14,14:05,Clock Out,No Exception
1396,2025-02-17,08:13,Clock In,No Exception
1396,2025-02-17,17:36,Clock Out,No Exception
1396,2025-02-18,08:59,Clock In,No Exception
1396,2025-02-18,18:23,Clock Out,No Exception
1396,2025-02-19,06:02,Clock In,No Exception
1396,2025-02-19,15:55,Clock Out,No Exception
1396,2025-02-20,08:35,Clock In,No Exception
1396,2025-02-20,16:15,Clock Out,No Exception
1396,2025-02-21,06:42,Clock In,No Exception
1396,2025-02-21,14:52,Clock Out,No Exception
1396,2025-02-24,09:17,Clock In,No Exception
1396,2025-02-24,18:09,Clock Out,No Exception
1396,2025-02-25,08:43,Clock In,No Exception
1396,2025-02-25,16:24,Clock Out,No Exception
1396,2025-02-26,08:38,Clock In,No Exception
1396,2025-02-26,17:46,Clock Out,No Exception
1396,2025-02-27,06:55,Clock In,No Exception
1396,2025-02-27,14:56,Clock Out,No Exception
1396,2025-02-28,08:56,Clock In,No Exception
1396,2025-02-28,17:18,Clock Out,No Exception
3810,2025-01-01,07:33,Clock In,No Exception
3810,2025-01-01,16:21,Clock Out,No Exception
3810,2025-01-02,07:23,Clock In,No Exception
3810,2025-01-02,15:01,Clock Out,No Exception
3810,2025-01-03,06:41,Clock In,No Exception
3810,2025-01-03,15:58,Clock Out,No Exception
3810,2025-01-06,08:11,Clock In,No Exception
3810,2025-01-06,16:55,Clock Out,No Exception
3810,2025-01-07,08:10,Clock In,No Exception
3810,2025-01-07,16:06,Clock Out,No Exception
3810,2025-01-08,09:58,Clock In,No Exception
3810,2025-01-08,17:29,Clock Out,No Exception
3810,2025-01-09,06:48,Clock In,No Exception
3810,2025-01-09,16:06,Clock Out,No Exception
3810,2025-01-10,07:32,Clock In,No Exception
3810,2025-01-10,15:24,Clock Out,No Exception
3810,2025-01-13,06:23,Clock In,No Exception
3810,2025-01-13,14:18,Clock Out,No Exception
3810,2025-01-14,07:30,Clock In,No Exception
3810,2025-01-14,16:42,Clock Out,No Exception
3810,2025-01-15,06:13,Clock In,No Exception
3810,2025-01-15,14:10,Clock Out,No Exception
3810,2025-01-16,08:39,Clock In,No Exception
3810,2025-01-16,16:30,Clock Out,No Exception
3810,2025-01-17,07:11,Clock In,No Exception
3810,2025-01-17,17:10,Clock Out,No Exception
3810,2025-01-18,07:33,Clock In,No Exception
3810,2025-01-18,16:44,Clock Out,No Exception
3810,2025-01-20,07:12,Clock In,No Exception
3810,2025-01-20,15:05,Clock Out,No Exception
3810,2025-01-21,08:11,Clock In,Missing Clock Out
3810,2025-01-21,17:21,Clock Out,No Exception
3810,2025-01-22,09:29,Clock In,No Exception
3810,2025-01-22,17:06,Clock Out,No Exception
3810,2025-01-23,07:32,Clock In,No Exception
3810,2025-01-23,15:28,Clock Out,No Exception
3810,2025-01-24,08:19,Clock In,No Exception
3810,2025-01-24,15:57,Clock Out,No Exception
3810,2025-01-27,08:32,Clock In,No Exception
3810,2025-01-27,18:00,Clock Out,No Exception
3810,2025-01-28,08:14,Clock In,No Exception
3810,2025-01-28,16:24,Clock Out,No Exception
3810,2025-01-29,06:48,Clock In,No Exception
3810,2025-01-29,15:18,Clock Out,No Exception
3810,2025-01-30,06:11,Clock In,No Exception
3810,2025-01-30,16:03,Clock Out,No Exception
3810,2025-01-31,09:33,Clock In,No Exception
3810,2025-01-31,18:46,Clock Out,No Exception
3810,2025-02-02,08:54,Clock In,No Exception
3810,2025-02-02,16:42,Clock Out,No Exception
3810,2025-02-03,06:19,Clock In,No Exception
3810,2025-02-03,13:58,Clock Out,No Exception
3810,2025-02-04,06:49,Clock In,No Exception
3810,2025-02-04,14:55,Clock Out,No Exception
3810,2025-02-05,06:34,Clock In,No Exception
3810,2025-02-05,14:23,Clock Out,No Exception
3810,2025-02-06,09:00,Clock In,No Exception
3810,2025-02-06,17:48,Clock Out,No Exception
3810,2025-02-07,06:15,Clock In,No Exception
3810,2025-02-07,14:25,Clock Out,No Exception
3810,2025-02-08,07:30,Clock In,No Exception
3810,2025-02-08,17:00,Clock Out,No Exception
3810,2025-02-09,06:50,Clock In,No Exception
3810,2025-02-09,14:47,Clock Out,No Exception
3810,2025-02-10,09:06,Clock In,No Exception
3810,2025-02-10,16:43,Clock Out,No Exception
3810,2025-02-11,09:22,Clock In,No Exception
3810,2025-02-11,18:51,Clock Out,No Exception
3810,2025-02-12,07:16,Clock In,No Exception
3810,2025-02-12,15:31,Clock Out,No Exception
3810,2025-02-13,08:19,Clock In,No Exception
3810,2025-02-13,17:16,Clock Out,No Exception
3810,2025-02-14,07:35,Clock In,No Exception
3810,2025-02-14,17:06,Clock Out,No Exception
3810,2025-02-17,07:43,Clock In,No Exception
3810,2025-02-17,17:09,Clock Out,No Exception
3810,2025-02-18,08:15,Clock In,No Exception
3810,2025-02-18,17:38,Clock Out,No Exception
3810,2025-02-19,08:35,Clock In,No Exception
3810,2025-02-19,16:25,Clock Out,No Exception
3810,2025-02-20,06:55,Clock In,No Exception
3810,2025-02-20,16:23,Clock Out,No Exception
3810,2025-02-21,07:29,Clock In,No Exception
3810,2025-02-21,17:03,Clock Out,No Exception
3810,2025-02-24,07:32,Clock In,No Exception
3810,2025-02-24,17:22,Clock Out,No Exception
3810,2025-02-25,07:22,Clock In,No Exception
3810,2025-02-25,15:07,Clock Out,No Exception
3810,2025-02-26,08:45,Clock In,No Exception
3810,2025-02-26,17:04,Clock Out,No Exception
3810,2025-02-27,09:07,Clock In,No Exception
3810,2025-02-27,18:17,Clock Out,No Exception
3810,2025-02-28,09:30,Clock In,No Exception
3810,2025-02-28,19:28,Clock Out,No Exception
3810,2025-03-01,08:10,Clock In,No Exception
3810,2025-03-01,16:45,Clock Out,No Exception
2640,2025-01-01,08:00,Clock In,No Exception
2640,2025-01-01,16:02,Clock Out,No Exception
2640,2025-01-02,08:09,Clock In,No Exception
2640,2025-01-02,18:00,Clock Out,No Exception
2640,2025-01-03,08:19,Clock In,No Exception
2640,2025-01-03,18:12,Clock Out,No Exception
2640,2025-01-06,08:10,Clock In,No Exception
2640,2025-01-06,17:15,Clock Out,No Exception
2640,2025-01-07,07:10,Clock In,No Exception
2640,2025-01-07,15:02,Clock Out,No Exception
2640,2025-01-08,06:48,Clock In,No Exception
2640,2025-01-08,16:02,Clock Out,No Exception
2640,2025-01-09,07:04,Clock In,No Exception
2640,2025-01-09,15:40,Clock Out,No Exception
2640,2025-01-10,09:26,Clock In,No Exception
2640,2025-01-10,17:57,Clock Out,No Exception
2640,2025-01-13,09:18,Clock In,No Exception
2640,2025-01-13,19:04,Clock Out,No Exception
2640,2025-01-14,07:02,Clock In,No Exception
2640,2025-01-14,16:32,Clock Out,No Exception
2640,2025-01-15,06:44,Clock In,No Exception
2640,2025-01-15,16:08,Clock Out,No Exception
2640,2025-01-16,07:17,Clock In,No Exception
2640,2025-01-16,16:24,Clock Out,No Exception
2640,2025-01-17,08:56,Clock In,No Exception
2640,2025-01-17,17:29,Clock Out,No Exception
2640,2025-01-20,06:13,Clock In,No Exception
2640,2025-01-20,14:12,Clock Out,No Exception
2640,2025-01-21,09:57,Clock In,No Exception
2640,2025-01-21,19:50,Clock Out,No Exception
2640,2025-01-22,06:18,Clock In,No Exception
2640,2025-01-22,13:51,Clock Out,No Exception
2640,2025-01-23,09:34,Clock In,No Exception
2640,2025-01-23,18:21,Clock Out,No Exception
2640,2025-01-24,07:19,Clock In,No Exception
2640,2025-01-24,16:56,Clock Out,No Exception
2640,2025-01-27,08:13,Clock In,No Exception
2640,2025-01-27,15:53,Clock Out,No Exception
2640,2025-01-28,08:45,Clock In,No Exception
2640,2025-01-28,18:13,Clock Out,No Exception
2640,2025-01-29,09:18,Clock In,No Exception
2640,2025-01-29,18:01,Clock Out,No Exception
2640,2025-01-30,06:00,Clock In,No Exception
2640,2025-01-30,14:14,Clock Out,No Exception
2640,2025-01-31,07:28,Clock In,No Exception
2640,2025-01-31,16:55,Clock Out,No Exception
2640,2025-02-03,08:45,Clock In,No Exception
2640,2025-02-03,18:29,Clock Out,No Exception
2640,2025-02-04,08:17,Clock In,No Exception
2640,2025-02-04,17:27,Clock Out,No Exception
2640,2025-02-05,08:49,Clock In,No Exception
2640,2025-02-05,18:38,Clock Out,No Exception
2640,2025-02-06,07:58,Clock In,No Exception
2640,2025-02-06,15:43,Clock Out,No Exception
2640,2025-02-07,09:39,Clock In,No Exception
2640,2025-02-07,19:05,Clock Out,No Exception
2640,2025-02-10,06:12,Clock In,No Exception
2640,2025-02-10,13:53,Clock Out,No Exception
2640,2025-02-11,09:54,Clock In,No Exception
2640,2025-02-11,19:04,Clock Out,No Exception
2640,2025-02-12,08:06,Clock In,No Exception
2640,2025-02-12,17:47,Clock Out,No Exception
2640,2025-02-13,06:50,Clock In,No Exception
2640,2025-02-13,16:09,Clock Out,No Exception
2640,2025-02-14,09:18,Clock In,No Exception
2640,2025-02-14,19:15,Clock Out,No Exception
2640,2025-02-17,06:48,Clock In,No Exception
2640,2025-02-17,14:21,Clock Out,No Exception
2640,2025-02-18,07:54,Clock In,No Exception
2640,2025-02-18,16:39,Clock Out,No Exception
2640,2025-02-19,07:00,Clock In,No Exception
2640,2025-02-19,16:35,Clock Out,No Exception
2640,2025-02-20,07:59,Clock In,No Exception
2640,2025-02-20,15:57,Clock Out,No Exception
2640,2025-02-21,08:35,Clock In,No Exception
2640,2025-02-21,18:22,Clock Out,No Exception
2640,2025-02-24,09:13,Clock In,No Exception
2640,2025-02-24,18:34,Clock Out,No Exception
2640,2025-02-25,08:18,Clock In,No Exception
2640,2025-02-25,17:34,Clock Out,No Exception
2640,2025-02-26,06:23,Clock In,No Exception
2640,2025-02-26,15:11,Clock Out,No Exception
2640,2025-02-27,08:17,Clock In,No Exception
2640,2025-02-27,16:47,Clock Out,No Exception
2640,2025-02-28,07:26,Clock In,No Exception
2640,2025-02-28,15:11,Clock Out,No Exception
2457,2025-01-01,07:34,Clock In,No Exception
2457,2025-01-01,17:00,Clock Out,No Exception
2457,2025-01-02,06:39,Clock In,No Exception
2457,2025-01-02,15:26,Clock Out,No Exception
2457,2025-01-03,07:02,Clock In,No Exception
2457,2025-01-03,15:00,Clock Out,No Exception
2457,2025-01-06,08:18,Clock In,No Exception
2457,2025-01-06,17:20,Clock Out,No Exception
2457,2025-01-07,06:49,Clock In,No Exception
2457,2025-01-07,15:42,Clock Out,No Exception
2457,2025-01-08,06:36,Clock In,No Exception
2457,2025-01-08,14:38,Clock Out,No Exception
2457,2025-01-09,09:06,Clock In,No Exception
2457,2025-01-09,18:10,Clock Out,No Exception
2457,2025-01-10,08:28,Clock In,No Exception
2457,2025-01-10,18:07,Clock Out,No Exception
2457,2025-01-11,07:46,Clock In,No Exception
2457,2025-01-11,15:41,Clock Out,No Exception
2457,2025-01-13,07:12,Clock In,No Exception
2457,2025-01-13,16:17,Clock Out,No Exception
2457,2025-01-14,06:44,Clock In,No Exception
2457,2025-01-14,15:51,Clock Out,No Exception
2457,2025-01-15,06:16,Clock In,No Exception
2457,2025-01-15,14:31,Clock Out,No Exception
2457,2025-01-16,06:24,Clock In,No Exception
2457,2025-01-16,15:29,Clock Out,No Exception
2457,2025-01-17,09:24,Clock In,No Exception
2457,2025-01-17,19:24,Clock Out,No Exception
2457,2025-01-19,08:15,Clock In,No Exception
2457,2025-01-19,17:13,Clock Out,No Exception
2457,2025-01-20,09:09,Clock In,No Exception
2457,2025-01-20,18:35,Clock Out,No Exception
2457,2025-01-21,08:34,Clock In,No Exception
2457,2025-01-21,16:25,Clock Out,No Exception
2457,2025-01-22,07:39,Clock In,No Exception
2457,2025-01-22,15:20,Clock Out,No Exception
2457,2025-01-23,06:31,Clock In,No Exception
2457,2025-01-23,14:37,Clock Out,No Exception
2457,2025-01-24,07:16,Clock In,No Exception
2457,2025-01-24,15:46,Clock Out,No Exception
2457,2025-01-27,08:30,Clock In,No Exception
2457,2025-01-27,17:27,Clock Out,No Exception
2457,2025-01-28,09:32,Clock In,No Exception
2457,2025-01-28,17:30,Clock Out,No Exception
2457,2025-01-29,09:26,Clock In,No Exception
2457,2025-01-29,17:43,Clock Out,No Exception
2457,2025-01-30,08:14,Clock In,No Exception
2457,2025-01-30,16:34,Clock Out,No Exception
2457,2025-01-31,07:03,Clock In,No Exception
2457,2025-01-31,16:15,Clock Out,No Exception
2457,2025-02-02,09:08,Clock In,No Exception
2457,2025-02-02,17:29,Clock Out,No Exception
2457,2025-02-03,08:59,Clock In,No Exception
2457,2025-02-03,17:49,Clock Out,No Exception
2457,2025-02-04,08:46,Clock In,No Exception
2457,2025-02-04,17:24,Clock Out,No Exception
2457,2025-02-05,09:41,Clock In,No Exception
2457,2025-02-05,19:28,Clock Out,No Exception
2457,2025-02-06,08:09,Clock In,No Exception
2457,2025-02-06,17:09,Clock Out,No Exception
2457,2025-02-07,08:27,Clock In,No Exception
2457,2025-02-07,16:54,Clock Out,No Exception
2457,2025-02-08,06:37,Clock In,No Exception
2457,2025-02-08,15:21,Clock Out,No Exception
2457,2025-02-10,06:12,Clock In,No Exception
2457,2025-02-10,15:14,Clock Out,No Exception
2457,2025-02-11,06:13,Clock In,No Exception
2457,2025-02-11,14:26,Clock Out,No Exception
2457,2025-02-12,09:29,Clock In,No Exception
2457,2025-02-12,17:57,Clock Out,No Exception
2457,2025-02-13,09:32,Clock In,No Exception
2457,2025-02-13,17:53,Clock Out,No Exception
2457,2025-02-14,07:40,Clock In,No Exception
2457,2025-02-14,16:22,Clock Out,No Exception
2457,2025-02-17,06:46,Clock In,No Exception
2457,2025-02-17,16:15,Clock Out,No Exception
2457,2025-02-18,06:15,Clock In,No Exception
2457,2025-02-18,16:03,Clock Out,No Exception
2457,2025-02-19,06:38,Clock In,No Exception
2457,2025-02-19,14:23,Clock Out,No Exception
2457,2025-02-20,08:04,Clock In,No Exception
2457,2025-02-20,16:01,Clock Out,No Exception
2457,2025-02-21,09:04,Clock In,No Exception
2457,2025-02-21,17:52,Clock Out,No Exception
2457,2025-02-24,08:06,Clock In,No Exception
2457,2025-02-24,17:40,Clock Out,No Exception
2457,2025-02-25,08:19,Clock In,No Exception
2457,2025-02-25,17:30,Clock Out,No Exception
2457,2025-02-26,07:30,Clock In,No Exception
2457,2025-02-26,16:31,Clock Out,No Exception
2457,2025-02-27,07:13,Clock In,No Exception
2457,2025-02-27,16:01,Clock Out,No Exception
2457,2025-02-28,07:50,Clock In,No Exception
2457,2025-02-28,17:45,Clock Out,No Exception
1573,2025-01-01,07:59,Clock In,No Exception
1573,2025-01-01,16:41,Clock Out,No Exception
1573,2025-01-02,06:39,Clock In,No Exception
1573,2025-01-02,14:44,Clock Out,No Exception
1573,2025-01-03,06:21,Clock In,No Exception
1573,2025-01-03,13:53,Clock Out,No Exception
1573,2025-01-05,08:31,Clock In,No Exception
1573,2025-01-05,17:50,Clock Out,No Exception
1573,2025-01-06,09:00,Clock In,No Exception
1573,2025-01-06,17:15,Clock Out,No Exception
1573,2025-01-07,06:16,Clock In,No Exception
1573,2025-01-07,15:42,Clock Out,No Exception
1573,2025-01-08,07:38,Clock In,No Exception
1573,2025-01-08,16:14,Clock Out,No Exception
1573,2025-01-09,07:48,Clock In,No Exception
1573,2025-01-09,16:07,Clock Out,No Exception
1573,2025-01-10,07:02,Clock In,No Exception
1573,2025-01-10,15:04,Clock Out,No Exception
1573,2025-01-11,08:54,Clock In,No Exception
1573,2025-01-11,18:31,Clock Out,No Exception
1573,2025-01-13,09:40,Clock In,No Exception
1573,2025-01-13,17:34,Clock Out,No Exception
1573,2025-01-14,06:06,Clock In,No Exception
1573,2025-01-14,15:40,Clock Out,No Exception
1573,2025-01-15,08:11,Clock In,No Exception
1573,2025-01-15,17:36,Clock Out,No Exception
1573,2025-01-16,07:55,Clock In,No Exception
1573,2025-01-16,16:20,Clock Out,No Exception
1573,2025-01-17,09:20,Clock In,No Exception
1573,2025-01-17,18:46,Clock Out,No Exception
1573,2025-01-20,07:28,Clock In,No Exception
1573,2025-01-20,16:11,Clock Out,No Exception
1573,2025-01-21,08:06,Clock In,No Exception
1573,2025-01-21,17:16,Clock Out,No Exception
1573,2025-01-22,09:40,Clock In,No Exception
1573,2025-01-22,18:38,Clock Out,No Exception
1573,2025-01-23,07:34,Clock In,No Exception
1573,2025-01-23,17:21,Clock Out,No Exception
1573,2025-01-24,06:00,Clock In,No Exception
1573,2025-01-24,13:32,Clock Out,No Exception
1573,2025-01-27,07:39,Clock In,No Exception
1573,2025-01-27,16:41,Clock Out,No Exception
1573,2025-01-28,09:06,Clock In,No Exception
1573,2025-01-28,18:05,Clock Out,No Exception
1573,2025-01-29,06:47,Clock In,No Exception
1573,2025-01-29,15:52,Clock Out,No Exception
1573,2025-01-30,08:24,Clock In,No Exception
1573,2025-01-30,18:05,Clock Out,No Exception
1573,2025-01-31,07:09,Clock In,No Exception
1573,2025-01-31,15:40,Clock Out,No Exception
1573,2025-02-02,09:34,Clock In,No Exception
1573,2025-02-02,19:09,Clock Out,No Exception
1573,2025-02-03,09:38,Clock In,No Exception
1573,2025-02-03,17:54,Clock Out,No Exception
1573,2025-02-04,06:52,Clock In,No Exception
1573,2025-02-04,14:41,Clock Out,No Exception
1573,2025-02-05,08:45,Clock In,No Exception
1573,2025-02-05,16:35,Clock Out,No Exception
1573,2025-02-06,09:07,Clock In,No Exception
1573,2025-02-06,18:34,Clock Out,No Exception
1573,2025-02-07,08:10,Clock In,No Exception
1573,2025-02-07,17:53,Clock Out,No Exception
1573,2025-02-10,08:45,Clock In,No Exception
1573,2025-02-10,17:04,Clock Out,No Exception
1573,2025-02-11,07:44,Clock In,No Exception
1573,2025-02-11,16:10,Clock Out,No Exception
1573,2025-02-12,09:40,Clock In,No Exception
1573,2025-02-12,18:36,Clock Out,No Exception
1573,2025-02-13,08:47,Clock In,No Exception
1573,2025-02-13,16:54,Clock Out,No Exception
1573,2025-02-14,08:41,Clock In,No Exception
1573,2025-02-14,17:37,Clock Out,No Exception
1573,2025-02-17,06:04,Clock In,No Exception
1573,2025-02-17,14:59,Clock Out,No Exception
1573,2025-02-18,09:19,Clock In,No Exception
1573,2025-02-18,18:42,Clock Out,No Exception
1573,2025-02-19,07:18,Clock In,No Exception
1573,2025-02-19,15:53,Clock Out,No Exception
1573,2025-02-20,06:44,Clock In,No Exception
1573,2025-02-20,14:58,Clock Out,No Exception
1573,2025-02-21,06:33,Clock In,No Exception
1573,2025-02-21,16:10,Clock Out,No Exception
1573,2025-02-22,09:31,Clock In,No Exception
1573,2025-02-22,19:29,Clock Out,No Exception
1573,2025-02-24,09:51,Clock In,No Exception
1573,2025-02-24,19:45,Clock Out,No Exception
1573,2025-02-25,09:53,Clock In,No Exception
1573,2025-02-25,18:55,Clock Out,No Exception
1573,2025-02-26,07:47,Clock In,No Exception
1573,2025-02-26,17:06,Clock Out,No Exception
1573,2025-02-27,09:33,Clock In,No Exception
1573,2025-02-27,18:07,Clock Out,No Exception
1573,2025-02-28,06:51,Clock In,No Exception
1573,2025-02-28,14:36,Clock Out,No Exception
2403,2025-01-01,09:09,Clock In,No Exception
2403,2025-01-01,17:24,Clock Out,No Exception
2403,2025-01-02,07:51,Clock In,No Exception
2403,2025-01-02,16:48,Clock Out,No Exception
2403,2025-01-03,07:36,Clock In,No Exception
2403,2025-01-03,17:05,Clock Out,No Exception
2403,2025-01-06,06:53,Clock In,No Exception
2403,2025-01-06,15:55,Clock Out,No Exception
2403,2025-01-07,09:47,Clock In,No Exception
2403,2025-01-07,17:54,Clock Out,No Exception
2403,2025-01-08,06:56,Clock In,No Exception
2403,2025-01-08,16:47,Clock Out,No Exception
2403,2025-01-09,09:40,Clock In,No Exception
2403,2025-01-09,18:15,Clock Out,No Exception
2403,2025-01-10,06:11,Clock In,No Exception
2403,2025-01-10,16:01,Clock Out,No Exception
2403,2025-01-12,09:05,Clock In,No Exception
2403,2025-01-12,17:57,Clock Out,No Exception
2403,2025-01-13,08:50,Clock In,No Exception
2403,2025-01-13,18:34,Clock Out,No Exception
2403,2025-01-14,07:58,Clock In,No Exception
2403,2025-01-14,17:46,Clock Out,No Exception
2403,2025-01-15,07:09,Clock In,No Exception
2403,2025-01-15,15:10,Clock Out,No Exception
2403,2025-01-16,07:11,Clock In,No Exception
2403,2025-01-16,16:40,Clock Out,No Exception
2403,2025-01-17,06:43,Clock In,No Exception
2403,2025-01-17,14:51,Clock Out,No Exception
2403,2025-01-20,06:06,Clock In,No Exception
2403,2025-01-20,14:32,Clock Out,No Exception
2403,2025-01-21,09:00,Clock In,No Exception
2403,2025-01-21,18:49,Clock Out,No Exception
2403,2025-01-22,09:18,Clock In,No Exception
2403,2025-01-22,18:02,Clock Out,No Exception
2403,2025-01-23,09:23,Clock In,No Exception
2403,2025-01-23,17:18,Clock Out,No Exception
2403,2025-01-24,09:25,Clock In,No Exception
2403,2025-01-24,18:20,Clock Out,No Exception
2403,2025-01-27,09:30,Clock In,No Exception
2403,2025-01-27,17:28,Clock Out,No Exception
2403,2025-01-28,07:33,Clock In,No Exception
2403,2025-01-28,17:21,Clock Out,No Exception
2403,2025-01-29,06:02,Clock In,No Exception
2403,2025-01-29,15:14,Clock Out,No Exception
2403,2025-01-30,07:56,Clock In,No Exception
2403,2025-01-30,16:54,Clock Out,No Exception
2403,2025-01-31,08:58,Clock In,No Exception
2403,2025-01-31,18:04,Clock Out,No Exception
2403,2025-02-03,09:53,Clock In,No Exception
2403,2025-02-03,19:45,Clock Out,No Exception
2403,2025-02-04,06:49,Clock In,No Exception
2403,2025-02-04,14:55,Clock Out,No Exception
2403,2025-02-05,07:48,Clock In,No Exception
2403,2025-02-05,17:19,Clock Out,No Exception
2403,2025-02-06,08:06,Clock In,No Exception
2403,2025-02-06,17:44,Clock Out,No Exception
2403,2025-02-07,08:48,Clock In,No Exception
2403,2025-02-07,17:46,Clock Out,No Exception
2403,2025-02-10,09:00,Clock In,No Exception
2403,2025-02-10,18:20,Clock Out,No Exception
2403,2025-02-11,09:38,Clock In,No Exception
2403,2025-02-11,19:31,Clock Out,No Exception
2403,2025-02-12,06:30,Clock In,No Exception
2403,2025-02-12,15:09,Clock Out,No Exception
2403,2025-02-13,06:53,Clock In,No Exception
2403,2025-02-13,16:02,Clock Out,No Exception
2403,2025-02-14,07:09,Clock In,No Exception
2403,2025-02-14,16:41,Clock Out,No Exception
2403,2025-02-17,06:57,Clock In,No Exception
2403,2025-02-17,15:12,Clock Out,No Exception
2403,2025-02-18,08:28,Clock In,No Exception
2403,2025-02-18,18:23,Clock Out,No Exception
2403,2025-02-19,09:14,Clock In,No Exception
2403,2025-02-19,17:44,Clock Out,No Exception
2403,2025-02-20,09:53,Clock In,No Exception
2403,2025-02-20,19:53,Clock Out,No Exception
2403,2025-02-21,08:16,Clock In,No Exception
2403,2025-02-21,16:11,Clock Out,No Exception
2403,2025-02-22,07:43,Clock In,No Exception
2403,2025-02-22,16:55,Clock Out,No Exception
2403,2025-02-24,08:50,Clock In,No Exception
2403,2025-02-24,18:50,Clock Out,No Exception
2403,2025-02-25,06:59,Clock In,No Exception
2403,2025-02-25,15:33,Clock Out,No Exception
2403,2025-02-26,07:10,Clock In,No Exception
2403,2025-02-26,15:56,Clock Out,No Exception
2403,2025-02-27,06:05,Clock In,No Exception
2403,2025-02-27,15:58,Clock Out,No Exception
2403,2025-02-28,07:19,Clock In,No Exception
2403,2025-02-28,14:52,Clock Out,No Exception
2763,2025-01-01,06:47,Clock In,No Exception
2763,2025-01-01,15:51,Clock Out,No Exception
2763,2025-01-02,08:12,Clock In,No Exception
2763,2025-01-02,15:58,Clock Out,No Exception
2763,2025-01-03,07:57,Clock In,No Exception
2763,2025-01-03,16:42,Clock Out,No Exception
2763,2025-01-06,06:08,Clock In,No Exception
2763,2025-01-06,13:49,Clock Out,No Exception
2763,2025-01-07,09:05,Clock In,No Exception
2763,2025-01-07,17:39,Clock Out,No Exception
2763,2025-01-08,06:29,Clock In,No Exception
2763,2025-01-08,15:50,Clock Out,No Exception
2763,2025-01-09,07:50,Clock In,No Exception
2763,2025-01-09,15:54,Clock Out,No Exception
2763,2025-01-10,06:15,Clock In,No Exception
2763,2025-01-10,14:24,Clock Out,No Exception
2763,2025-01-11,07:24,Clock In,No Exception
2763,2025-01-11,15:23,Clock Out,No Exception
2763,2025-01-13,09:58,Clock In,No Exception
2763,2025-01-13,17:37,Clock Out,No Exception
2763,2025-01-14,08:20,Clock In,No Exception
2763,2025-01-14,16:16,Clock Out,No Exception
2763,2025-01-15,09:25,Clock In,No Exception
2763,2025-01-15,18:02,Clock Out,No Exception
2763,2025-01-16,07:02,Clock In,No Exception
2763,2025-01-16,16:54,Clock Out,No Exception
2763,2025-01-17,08:25,Clock In,No Exception
2763,2025-01-17,17:43,Clock Out,No Exception
2763,2025-01-20,09:58,Clock In,No Exception
2763,2025-01-20,17:36,Clock Out,No Exception
2763,2025-01-21,06:27,Clock In,No Exception
2763,2025-01-21,15:00,Clock Out,No Exception
2763,2025-01-22,06:56,Clock In,No Exception
2763,2025-01-22,16:35,Clock Out,No Exception
2763,2025-01-23,08:06,Clock In,No Exception
2763,2025-01-23,17:29,Clock Out,No Exception
2763,2025-01-24,07:45,Clock In,No Exception
2763,2025-01-24,16:34,Clock Out,No Exception
2763,2025-01-27,06:06,Clock In,No Exception
2763,2025-01-27,13:48,Clock Out,No Exception
2763,2025-01-28,08:54,Clock In,No Exception
2763,2025-01-28,18:30,Clock Out,No Exception
2763,2025-01-29,08:55,Clock In,No Exception
2763,2025-01-29,18:27,Clock Out,No Exception
2763,2025-01-30,08:31,Clock In,No Exception
2763,2025-01-30,16:44,Clock Out,No Exception
2763,2025-01-31,08:36,Clock In,No Exception
2763,2025-01-31,17:15,Clock Out,No Exception
2763,2025-02-03,08:39,Clock In,No Exception
2763,2025-02-03,17:56,Clock Out,No Exception
2763,2025-02-04,08:40,Clock In,No Exception
2763,2025-02-04,17:33,Clock Out,No Exception
2763,2025-02-05,07:35,Clock In,No Exception
2763,2025-02-05,15:20,Clock Out,No Exception
2763,2025-02-06,08:16,Clock In,No Exception
2763,2025-02-06,17:17,Clock Out,No Exception
2763,2025-02-07,09:07,Clock In,No Exception
2763,2025-02-07,17:37,Clock Out,No Exception
2763,2025-02-10,09:22,Clock In,No Exception
2763,2025-02-10,16:59,Clock Out,No Exception
2763,2025-02-11,09:23,Clock In,No Exception
2763,2025-02-11,18:10,Clock Out,No Exception
2763,2025-02-12,06:13,Clock In,No Exception
2763,2025-02-12,14:00,Clock Out,No Exception
2763,2025-02-13,06:34,Clock In,No Exception
2763,2025-02-13,15:53,Clock Out,No Exception
2763,2025-02-14,08:00,Clock In,No Exception
2763,2025-02-14,16:50,Clock Out,No Exception
2763,2025-02-17,09:25,Clock In,No Exception
2763,2025-02-17,17:39,Clock Out,No Exception
2763,2025-02-18,09:58,Clock In,No Exception
2763,2025-02-18,18:46,Clock Out,No Exception
2763,2025-02-19,08:32,Clock In,No Exception
2763,2025-02-19,16:45,Clock Out,No Exception
2763,2025-02-20,08:44,Clock In,No Exception
2763,2025-02-20,16:45,Clock Out,No Exception
2763,2025-02-21,07:24,Clock In,No Exception
2763,2025-02-21,16:33,Clock Out,No Exception
2763,2025-02-24,08:15,Clock In,No Exception
2763,2025-02-24,18:06,Clock Out,No Exception
2763,2025-02-25,07:38,Clock In,No Exception
2763,2025-02-25,15:13,Clock Out,No Exception
2763,2025-02-26,07:28,Clock In,No Exception
2763,2025-02-26,15:56,Clock Out,No Exception
2763,2025-02-27,06:29,Clock In,No Exception
2763,2025-02-27,14:47,Clock Out,No Exception
2763,2025-02-28,09:54,Clock In,No Exception
2763,2025-02-28,19:17,Clock Out,No Exception
3421,2025-01-01,08:47,Clock In,No Exception
3421,2025-01-01,16:37,Clock Out,No Exception
3421,2025-01-02,06:46,Clock In,No Exception
3421,2025-01-02,15:13,Clock Out,No Exception
3421,2025-01-03,07:10,Clock In,No Exception
3421,2025-01-03,15:14,Clock Out,No Exception
3421,2025-01-04,08:24,Clock In,No Exception
3421,2025-01-04,17:57,Clock Out,No Exception
3421,2025-01-05,08:25,Clock In,No Exception
3421,2025-01-05,16:26,Clock Out,No Exception
3421,2025-01-06,09:20,Clock In,No Exception
3421,2025-01-06,19:20,Clock Out,No Exception
3421,2025-01-07,07:14,Clock In,No Exception
3421,2025-01-07,15:27,Clock Out,No Exception
3421,2025-01-08,08:40,Clock In,No Exception
3421,2025-01-08,18:03,Clock Out,No Exception
3421,2025-01-09,08:59,Clock In,No Exception
3421,2025-01-09,18:24,Clock Out,No Exception
3421,2025-01-10,07:55,Clock In,No Exception
3421,2025-01-10,17:55,Clock Out,No Exception
3421,2025-01-13,08:31,Clock In,No Exception
3421,2025-01-13,16:22,Clock Out,No Exception
3421,2025-01-14,08:18,Clock In,No Exception
3421,2025-01-14,16:55,Clock Out,No Exception
3421,2025-01-15,09:31,Clock In,No Exception
3421,2025-01-15,19:22,Clock Out,No Exception
3421,2025-01-16,07:50,Clock In,No Exception
3421,2025-01-16,16:02,Clock Out,No Exception
3421,2025-01-17,09:46,Clock In,No Exception
3421,2025-01-17,19:29,Clock Out,No Exception
3421,2025-01-18,08:21,Clock In,No Exception
3421,2025-01-18,15:54,Clock Out,No Exception
3421,2025-01-20,06:26,Clock In,No Exception
3421,2025-01-20,14:41,Clock Out,No Exception
3421,2025-01-21,07:13,Clock In,No Exception
3421,2025-01-21,16:50,Clock Out,No Exception
3421,2025-01-22,09:35,Clock In,No Exception
3421,2025-01-22,18:36,Clock Out,No Exception
3421,2025-01-23,09:01,Clock In,No Exception
3421,2025-01-23,17:16,Clock Out,No Exception
3421,2025-01-24,09:21,Clock In,No Exception
3421,2025-01-24,18:51,Clock Out,No Exception
3421,2025-01-25,09:35,Clock In,No Exception
3421,2025-01-25,18:40,Clock Out,No Exception
3421,2025-01-26,09:10,Clock In,No Exception
3421,2025-01-26,19:01,Clock Out,No Exception
3421,2025-01-27,06:06,Clock In,No Exception
3421,2025-01-27,15:27,Clock Out,No Exception
3421,2025-01-28,08:17,Clock In,No Exception
3421,2025-01-28,18:08,Clock Out,No Exception
3421,2025-01-29,09:34,Clock In,No Exception
3421,2025-01-29,17:23,Clock Out,No Exception
3421,2025-01-30,08:05,Clock In,No Exception
3421,2025-01-30,17:45,Clock Out,No Exception
3421,2025-01-31,09:26,Clock In,No Exception
3421,2025-01-31,18:29,Clock Out,No Exception
3421,2025-02-03,07:36,Clock In,No Exception
3421,2025-02-03,16:39,Clock Out,No Exception
3421,2025-02-04,08:21,Clock In,No Exception
3421,2025-02-04,17:48,Clock Out,No Exception
3421,2025-02-05,09:17,Clock In,No Exception
3421,2025-02-05,16:55,Clock Out,No Exception
3421,2025-02-06,07:30,Clock In,No Exception
3421,2025-02-06,16:43,Clock Out,No Exception
3421,2025-02-07,07:01,Clock In,No Exception
3421,2025-02-07,15:53,Clock Out,No Exception
3421,2025-02-10,07:40,Clock In,No Exception
3421,2025-02-10,16:45,Clock Out,No Exception
3421,2025-02-11,08:11,Clock In,No Exception
3421,2025-02-11,16:46,Clock Out,No Exception
3421,2025-02-12,08:16,Clock In,No Exception
3421,2025-02-12,16:48,Clock Out,No Exception
3421,2025-02-13,09:08,Clock In,No Exception
3421,2025-02-13,18:24,Clock Out,No Exception
3421,2025-02-14,08:05,Clock In,No Exception
3421,2025-02-14,17:30,Clock Out,No Exception
3421,2025-02-17,08:24,Clock In,No Exception
3421,2025-02-17,17:07,Clock Out,No Exception
3421,2025-02-18,09:56,Clock In,No Exception
3421,2025-02-18,19:02,Clock Out,No Exception
3421,2025-02-19,09:39,Clock In,No Exception
3421,2025-02-19,18:27,Clock Out,No Exception
3421,2025-02-20,08:00,Clock In,No Exception
3421,2025-02-20,17:26,Clock Out,No Exception
3421,2025-02-21,09:31,Clock In,No Exception
3421,2025-02-21,17:26,Clock Out,No Exception
3421,2025-02-24,08:18,Clock In,No Exception
3421,2025-02-24,16:49,Clock Out,No Exception
3421,2025-02-25,08:43,Clock In,No Exception
3421,2025-02-25,16:42,Clock Out,No Exception
3421,2025-02-26,08:13,Clock In,No Exception
3421,2025-02-26,16:01,Clock Out,No Exception
3421,2025-02-27,07:51,Clock In,No Exception
3421,2025-02-27,17:20,Clock Out,No Exception
3421,2025-02-28,08:36,Clock In,No Exception
3421,2025-02-28,17:00,Clock Out,No Exception
2039,2025-01-01,09:56,Clock In,No Exception
2039,2025-01-01,17:48,Clock Out,No Exception
2039,2025-01-02,06:52,Clock In,No Exception
2039,2025-01-02,16:02,Clock Out,No Exception
2039,2025-01-03,08:07,Clock In,No Exception
2039,2025-01-03,16:20,Clock Out,No Exception
2039,2025-01-04,09:40,Clock In,No Exception
2039,2025-01-04,18:18,Clock Out,No Exception
2039,2025-01-06,09:12,Clock In,No Exception
2039,2025-01-06,18:30,Clock Out,No Exception
2039,2025-01-07,07:01,Clock In,No Exception
2039,2025-01-07,15:46,Clock Out,No Exception
2039,2025-01-08,06:12,Clock In,No Exception
2039,2025-01-08,15:39,Clock Out,No Exception
2039,2025-01-09,08:39,Clock In,No Exception
2039,2025-01-09,17:46,Clock Out,No Exception
2039,2025-01-10,08:47,Clock In,No Exception
2039,2025-01-10,18:33,Clock Out,No Exception
2039,2025-01-13,08:00,Clock In,No Exception
2039,2025-01-13,17:03,Clock Out,No Exception
2039,2025-01-14,09:48,Clock In,No Exception
2039,2025-01-14,18:16,Clock Out,No Exception
2039,2025-01-15,09:24,Clock In,No Exception
2039,2025-01-15,19:12,Clock Out,No Exception
2039,2025-01-16,09:02,Clock In,No Exception
2039,2025-01-16,17:34,Clock Out,No Exception
2039,2025-01-17,07:30,Clock In,No Exception
2039,2025-01-17,16:21,Clock Out,No Exception
2039,2025-01-19,07:20,Clock In,No Exception
2039,2025-01-19,17:11,Clock Out,Duplicate Punch
2039,2025-01-20,09:59,Clock In,No Exception
2039,2025-01-20,17:31,Clock Out,No Exception
2039,2025-01-21,06:31,Clock In,No Exception
2039,2025-01-21,14:05,Clock Out,No Exception
2039,2025-01-22,08:35,Clock In,No Exception
2039,2025-01-22,16:27,Clock Out,No Exception
2039,2025-01-23,06:32,Clock In,No Exception
2039,2025-01-23,14:05,Clock Out,No Exception
2039,2025-01-24,08:35,Clock In,No Exception
2039,2025-01-24,16:29,Clock Out,No Exception
2039,2025-01-27,09:59,Clock In,No Exception
2039,2025-01-27,18:01,Clock Out,No Exception
2039,2025-01-28,07:39,Clock In,No Exception
2039,2025-01-28,17:38,Clock Out,No Exception
2039,2025-01-29,06:16,Clock In,No Exception
2039,2025-01-29,16:10,Clock Out,No Exception
2039,2025-01-30,06:10,Clock In,No Exception
2039,2025-01-30,14:42,Clock Out,No Exception
2039,2025-01-31,08:57,Clock In,No Exception
2039,2025-01-31,17:56,Clock Out,No Exception
2039,2025-02-01,07:55,Clock In,No Exception
2039,2025-02-01,15:47,Clock Out,No Exception
2039,2025-02-03,06:50,Clock In,No Exception
2039,2025-02-03,14:21,Clock Out,No Exception
2039,2025-02-04,09:18,Clock In,No Exception
2039,2025-02-04,18:25,Clock Out,No Exception
2039,2025-02-05,06:56,Clock In,No Exception
2039,2025-02-05,14:51,Clock Out,No Exception
2039,2025-02-06,08:08,Clock In,No Exception
2039,2025-02-06,16:00,Clock Out,No Exception
2039,2025-02-07,06:34,Clock In,No Exception
2039,2025-02-07,16:30,Clock Out,No Exception
2039,2025-02-10,09:33,Clock In,No Exception
2039,2025-02-10,19:22,Clock Out,No Exception
2039,2025-02-11,08:08,Clock In,No Exception
2039,2025-02-11,17:45,Clock Out,No Exception
2039,2025-02-12,07:11,Clock In,No Exception
2039,2025-02-12,16:45,Clock Out,No Exception
2039,2025-02-13,06:58,Clock In,No Exception
2039,2025-02-13,14:38,Clock Out,No Exception
2039,2025-02-14,09:07,Clock In,No Exception
2039,2025-02-14,17:36,Clock Out,No Exception
2039,2025-02-16,08:05,Clock In,No Exception
2039,2025-02-16,17:47,Clock Out,No Exception
2039,2025-02-17,08:11,Clock In,No Exception
2039,2025-02-17,17:58,Clock Out,No Exception
2039,2025-02-18,09:25,Clock In,No Exception
2039,2025-02-18,18:21,Clock Out,No Exception
2039,2025-02-19,06:06,Clock In,No Exception
2039,2025-02-19,16:01,Clock Out,No Exception
2039,2025-02-20,08:13,Clock In,No Exception
2039,2025-02-20,16:47,Clock Out,No Exception
2039,2025-02-21,08:57,Clock In,No Exception
2039,2025-02-21,16:37,Clock Out,No Exception
2039,2025-02-23,08:48,Clock In,No Exception
2039,2025-02-23,18:11,Clock Out,No Exception
2039,2025-02-24,09:08,Clock In,No Exception
2039,2025-02-24,18:58,Clock Out,No Exception
2039,2025-02-25,06:25,Clock In,No Exception
2039,2025-02-25,15:58,Clock Out,No Exception
2039,2025-02-26,07:44,Clock In,No Exception
2039,2025-02-26,15:34,Clock Out,No Exception
2039,2025-02-27,07:23,Clock In,No Exception
2039,2025-02-27,16:32,Clock Out,No Exception
2039,2025-02-28,06:54,Clock In,No Exception
2039,2025-02-28,16:50,Clock Out,No Exception
3640,2025-01-01,07:26,Clock In,No Exception
3640,2025-01-01,15:30,Clock Out,No Exception
3640,2025-01-02,07:01,Clock In,No Exception
3640,2025-01-02,16:53,Clock Out,No Exception
3640,2025-01-03,07:22,Clock In,No Exception
3640,2025-01-03,16:08,Clock Out,No Exception
3640,2025-01-05,06:02,Clock In,No Exception
3640,2025-01-05,13:39,Clock Out,No Exception
3640,2025-01-06,07:43,Clock In,No Exception
3640,2025-01-06,17:05,Clock Out,No Exception
3640,2025-01-07,08:41,Clock In,No Exception
3640,2025-01-07,16:37,Clock Out,No Exception
3640,2025-01-08,08:03,Clock In,No Exception
3640,2025-01-08,16:48,Clock Out,No Exception
3640,2025-01-09,09:25,Clock In,No Exception
3640,2025-01-09,17:00,Clock Out,No Exception
3640,2025-01-10,08:42,Clock In,No Exception
3640,2025-01-10,17:49,Clock Out,No Exception
3640,2025-01-12,08:30,Clock In,No Exception
3640,2025-01-12,17:47,Clock Out,No Exception
3640,2025-01-13,07:09,Clock In,No Exception
3640,2025-01-13,15:25,Clock Out,No Exception
3640,2025-01-14,07:17,Clock In,No Exception
3640,2025-01-14,16:31,Clock Out,No Exception
3640,2025-01-15,07:50,Clock In,No Exception
3640,2025-01-15,16:31,Clock Out,No Exception
3640,2025-01-16,07:50,Clock In,No Exception
3640,2025-01-16,16:44,Clock Out,No Exception
3640,2025-01-17,08:16,Clock In,No Exception
3640,2025-01-17,16:30,Clock Out,No Exception
3640,2025-01-20,09:10,Clock In,No Exception
3640,2025-01-20,17:46,Clock Out,No Exception
3640,2025-01-21,07:06,Clock In,No Exception
3640,2025-01-21,16:35,Clock Out,No Exception
3640,2025-01-22,06:44,Clock In,No Exception
3640,2025-01-22,14:33,Clock Out,No Exception
3640,2025-01-23,07:11,Clock In,No Exception
3640,2025-01-23,16:33,Clock Out,No Exception
3640,2025-01-24,09:44,Clock In,No Exception
3640,2025-01-24,17:41,Clock Out,No Exception
3640,2025-01-27,08:06,Clock In,No Exception
3640,2025-01-27,16:22,Clock Out,No Exception
3640,2025-01-28,08:15,Clock In,No Exception
3640,2025-01-28,17:45,Clock Out,No Exception
3640,2025-01-29,08:22,Clock In,No Exception
3640,2025-01-29,16:05,Clock Out,No Exception
3640,2025-01-30,06:51,Clock In,No Exception
3640,2025-01-30,15:16,Clock Out,No Exception
3640,2025-01-31,09:53,Clock In,No Exception
3640,2025-01-31,18:15,Clock Out,No Exception
3640,2025-02-03,06:35,Clock In,No Exception
3640,2025-02-03,14:47,Clock Out,No Exception
3640,2025-02-04,06:41,Clock In,No Exception
3640,2025-02-04,14:32,Clock Out,No Exception
3640,2025-02-05,07:26,Clock In,No Exception
3640,2025-02-05,15:55,Clock Out,No Exception
3640,2025-02-06,09:18,Clock In,No Exception
3640,2025-02-06,16:54,Clock Out,No Exception
3640,2025-02-07,08:58,Clock In,No Exception
3640,2025-02-07,18:44,Clock Out,No Exception
3640,2025-02-10,07:42,Clock In,No Exception
3640,2025-02-10,17:18,Clock Out,No Exception
3640,2025-02-11,09:05,Clock In,No Exception
3640,2025-02-11,17:58,Clock Out,No Exception
3640,2025-02-12,07:49,Clock In,No Exception
3640,2025-02-12,17:12,Clock Out,No Exception
3640,2025-02-13,07:48,Clock In,No Exception
3640,2025-02-13,17:13,Clock Out,No Exception
3640,2025-02-14,09:59,Clock In,No Exception
3640,2025-02-14,17:46,Clock Out,No Exception
3640,2025-02-17,09:32,Clock In,No Exception
3640,2025-02-17,18:03,Clock Out,No Exception
3640,2025-02-18,08:52,Clock In,No Exception
3640,2025-02-18,17:38,Clock Out,No Exception
3640,2025-02-19,07:07,Clock In,No Exception
3640,2025-02-19,14:51,Clock Out,No Exception
3640,2025-02-20,07:39,Clock In,No Exception
3640,2025-02-20,17:15,Clock Out,No Exception
3640,2025-02-21,07:43,Clock In,No Exception
3640,2025-02-21,16:43,Clock Out,No Exception
3640,2025-02-23,07:23,Clock In,No Exception
3640,2025-02-23,15:55,Clock Out,No Exception
3640,2025-02-24,09:18,Clock In,No Exception
3640,2025-02-24,17:30,Clock Out,No Exception
3640,2025-02-25,09:31,Clock In,No Exception
3640,2025-02-25,17:02,Clock Out,No Exception
3640,2025-02-26,08:32,Clock In,No Exception
3640,2025-02-26,17:42,Clock Out,No Exception
3640,2025-02-27,07:08,Clock In,No Exception
3640,2025-02-27,15:02,Clock Out,No Exception
3640,2025-02-28,06:51,Clock In,No Exception
3640,2025-02-28,14:48,Clock Out,No Exception
1655,2025-01-01,06:44,Clock In,No Exception
1655,2025-01-01,14:27,Clock Out,No Exception
1655,2025-01-02,06:30,Clock In,No Exception
1655,2025-01-02,15:31,Clock Out,No Exception
1655,2025-01-03,09:30,Clock In,No Exception
1655,2025-01-03,19:21,Clock Out,No Exception
1655,2025-01-05,07:11,Clock In,No Exception
1655,2025-01-05,16:12,Clock Out,No Exception
1655,2025-01-06,09:16,Clock In,No Exception
1655,2025-01-06,18:53,Clock Out,No Exception
1655,2025-01-07,08:02,Clock In,No Exception
1655,2025-01-07,15:58,Clock Out,No Exception
1655,2025-01-08,06:00,Clock In,No Exception
1655,2025-01-08,15:47,Clock Out,No Exception
1655,2025-01-09,06:28,Clock In,No Exception
1655,2025-01-09,15:57,Clock Out,No Exception
1655,2025-01-10,08:48,Clock In,No Exception
1655,2025-01-10,16:39,Clock Out,No Exception
1655,2025-01-11,06:59,Clock In,No Exception
1655,2025-01-11,15:18,Clock Out,No Exception
1655,2025-01-13,08:28,Clock In,No Exception
1655,2025-01-13,18:23,Clock Out,No Exception
1655,2025-01-14,09:38,Clock In,No Exception
1655,2025-01-14,18:12,Clock Out,No Exception
1655,2025-01-15,07:57,Clock In,No Exception
1655,2025-01-15,16:16,Clock Out,No Exception
1655,2025-01-16,06:53,Clock In,No Exception
1655,2025-01-16,15:17,Clock Out,No Exception
1655,2025-01-17,06:17,Clock In,No Exception
1655,2025-01-17,14:15,Clock Out,No Exception
1655,2025-01-18,08:00,Clock In,No Exception
1655,2025-01-18,16:06,Clock Out,No Exception
1655,2025-01-20,08:30,Clock In,No Exception
1655,2025-01-20,17:00,Clock Out,No Exception
1655,2025-01-21,08:10,Clock In,No Exception
1655,2025-01-21,17:57,Clock Out,No Exception
1655,2025-01-22,06:54,Clock In,No Exception
1655,2025-01-22,15:44,Clock Out,No Exception
1655,2025-01-23,08:16,Clock In,No Exception
1655,2025-01-23,18:02,Clock Out,No Exception
1655,2025-01-24,09:02,Clock In,No Exception
1655,2025-01-24,18:51,Clock Out,No Exception
1655,2025-01-25,09:30,Clock In,No Exception
1655,2025-01-25,18:32,Clock Out,No Exception
1655,2025-01-26,07:08,Clock In,No Exception
1655,2025-01-26,16:38,Clock Out,No Exception
1655,2025-01-27,07:24,Clock In,No Exception
1655,2025-01-27,17:00,Clock Out,No Exception
1655,2025-01-28,06:16,Clock In,No Exception
1655,2025-01-28,13:54,Clock Out,No Exception
1655,2025-01-29,09:08,Clock In,No Exception
1655,2025-01-29,19:05,Clock Out,No Exception
1655,2025-01-30,06:13,Clock In,No Exception
1655,2025-01-30,15:21,Clock Out,No Exception
1655,2025-01-31,08:33,Clock In,No Exception
1655,2025-01-31,16:11,Clock Out,No Exception
1655,2025-02-03,07:38,Clock In,No Exception
1655,2025-02-03,15:49,Clock Out,No Exception
1655,2025-02-04,09:28,Clock In,No Exception
1655,2025-02-04,19:06,Clock Out,No Exception
1655,2025-02-05,06:47,Clock In,No Exception
1655,2025-02-05,14:44,Clock Out,No Exception
1655,2025-02-06,06:16,Clock In,No Exception
1655,2025-02-06,14:32,Clock Out,No Exception
1655,2025-02-07,09:40,Clock In,No Exception
1655,2025-02-07,17:12,Clock Out,No Exception
1655,2025-02-10,08:13,Clock In,No Exception
1655,2025-02-10,17:23,Clock Out,No Exception
1655,2025-02-11,09:24,Clock In,No Exception
1655,2025-02-11,18:33,Clock Out,No Exception
1655,2025-02-12,08:20,Clock In,No Exception
1655,2025-02-12,17:10,Clock Out,No Exception
1655,2025-02-13,07:50,Clock In,No Exception
1655,2025-02-13,16:21,Clock Out,No Exception
1655,2025-02-14,07:02,Clock In,No Exception
1655,2025-02-14,14:50,Clock Out,No Exception
1655,2025-02-15,06:24,Clock In,No Exception
1655,2025-02-15,15:04,Clock Out,No Exception
1655,2025-02-17,06:22,Clock In,No Exception
1655,2025-02-17,15:10,Clock Out,No Exception
1655,2025-02-18,07:03,Clock In,No Exception
1655,2025-02-18,14:50,Clock Out,No Exception
1655,2025-02-19,07:57,Clock In,No Exception
1655,2025-02-19,17:28,Clock Out,No Exception
1655,2025-02-20,08:29,Clock In,No Exception
1655,2025-02-20,16:24,Clock Out,No Exception
1655,2025-02-21,09:38,Clock In,No Exception
1655,2025-02-21,19:06,Clock Out,No Exception
1655,2025-02-23,07:05,Clock In,No Exception
1655,2025-02-23,15:41,Clock Out,No Exception
1655,2025-02-24,07:32,Clock In,No Exception
1655,2025-02-24,16:44,Clock Out,No Exception
1655,2025-02-25,08:38,Clock In,No Exception
1655,2025-02-25,17:04,Clock Out,No Exception
1655,2025-02-26,07:15,Clock In,No Exception
1655,2025-02-26,15:20,Clock Out,No Exception
1655,2025-02-27,09:54,Clock In,No Exception
1655,2025-02-27,19:31,Clock Out,No Exception
1655,2025-02-28,08:10,Clock In,No Exception
1655,2025-02-28,16:37,Clock Out,No Exception
2934,2025-01-01,08:40,Clock In,No Exception
2934,2025-01-01,16:54,Clock Out,No Exception
2934,2025-01-02,09:47,Clock In,No Exception
2934,2025-01-02,17:43,Clock Out,No Exception
2934,2025-01-03,07:20,Clock In,No Exception
2934,2025-01-03,16:48,Clock Out,No Exception
2934,2025-01-04,07:32,Clock In,No Exception
2934,2025-01-04,15:55,Clock Out,No Exception
2934,2025-01-06,08:41,Clock In,No Exception
2934,2025-01-06,16:50,Clock Out,No Exception
2934,2025-01-07,08:59,Clock In,No Exception
2934,2025-01-07,17:09,Clock Out,No Exception
2934,2025-01-08,08:09,Clock In,No Exception
2934,2025-01-08,16:48,Clock Out,No Exception
2934,2025-01-09,06:26,Clock In,No Exception
2934,2025-01-09,15:42,Clock Out,No Exception
2934,2025-01-10,07:08,Clock In,No Exception
2934,2025-01-10,15:26,Clock Out,No Exception
2934,2025-01-13,09:33,Clock In,No Exception
2934,2025-01-13,17:15,Clock Out,No Exception
2934,2025-01-14,08:10,Clock In,No Exception
2934,2025-01-14,16:03,Clock Out,No Exception
2934,2025-01-15,07:01,Clock In,No Exception
2934,2025-01-15,16:45,Clock Out,No Exception
2934,2025-01-16,08:21,Clock In,No Exception
2934,2025-01-16,17:27,Clock Out,No Exception
2934,2025-01-17,06:01,Clock In,No Exception
2934,2025-01-17,14:58,Clock Out,No Exception
2934,2025-01-20,09:47,Clock In,No Exception
2934,2025-01-20,19:40,Clock Out,No Exception
2934,2025-01-21,09:27,Clock In,No Exception
2934,2025-01-21,18:12,Clock Out,No Exception
2934,2025-01-22,08:39,Clock In,No Exception
2934,2025-01-22,16:40,Clock Out,No Exception
2934,2025-01-23,09:19,Clock In,No Exception
2934,2025-01-23,19:13,Clock Out,No Exception
2934,2025-01-24,08:40,Clock In,No Exception
2934,2025-01-24,18:13,Clock Out,No Exception
2934,2025-01-25,09:52,Clock In,No Exception
2934,2025-01-25,18:02,Clock Out,No Exception
2934,2025-01-26,06:38,Clock In,No Exception
2934,2025-01-26,14:23,Clock Out,No Exception
2934,2025-01-27,08:08,Clock In,No Exception
2934,2025-01-27,17:40,Clock Out,No Exception
2934,2025-01-28,09:02,Clock In,No Exception
2934,2025-01-28,18:03,Clock Out,No Exception
2934,2025-01-29,06:21,Clock In,No Exception
2934,2025-01-29,15:28,Clock Out,No Exception
2934,2025-01-30,07:59,Clock In,No Exception
2934,2025-01-30,17:46,Clock Out,No Exception
2934,2025-01-31,06:41,Clock In,No Exception
2934,2025-01-31,16:17,Clock Out,No Exception
2934,2025-02-01,07:47,Clock In,No Exception
2934,2025-02-01,15:32,Clock Out,No Exception
2934,2025-02-03,07:37,Clock In,No Exception
2934,2025-02-03,15:28,Clock Out,No Exception
2934,2025-02-04,06:31,Clock In,No Exception
2934,2025-02-04,15:44,Clock Out,No Exception
2934,2025-02-05,08:17,Clock In,No Exception
2934,2025-02-05,17:10,Clock Out,No Exception
2934,2025-02-06,06:07,Clock In,No Exception
2934,2025-02-06,14:59,Clock Out,No Exception
2934,2025-02-07,08:45,Clock In,No Exception
2934,2025-02-07,17:24,Clock Out,No Exception
2934,2025-02-09,09:36,Clock In,No Exception
2934,2025-02-09,18:06,Clock Out,No Exception
2934,2025-02-10,07:51,Clock In,No Exception
2934,2025-02-10,15:28,Clock Out,No Exception
2934,2025-02-11,07:45,Clock In,No Exception
2934,2025-02-11,17:35,Clock Out,No Exception
2934,2025-02-12,09:22,Clock In,No Exception
2934,2025-02-12,18:59,Clock Out,No Exception
2934,2025-02-13,07:17,Clock In,No Exception
2934,2025-02-13,16:02,Clock Out,No Exception
2934,2025-02-14,09:32,Clock In,No Exception
2934,2025-02-14,19:18,Clock Out,No Exception
2934,2025-02-17,07:22,Clock In,No Exception
2934,2025-02-17,16:49,Clock Out,No Exception
2934,2025-02-18,09:11,Clock In,No Exception
2934,2025-02-18,18:05,Clock Out,No Exception
2934,2025-02-19,07:51,Clock In,No Exception
2934,2025-02-19,16:27,Clock Out,No Exception
2934,2025-02-20,06:51,Clock In,No Exception
2934,2025-02-20,15:09,Clock Out,No Exception
2934,2025-02-21,06:08,Clock In,No Exception
2934,2025-02-21,15:08,Clock Out,No Exception
2934,2025-02-23,06:34,Clock In,Missing Clock Out
2934,2025-02-23,14:48,Clock Out,No Exception
2934,2025-02-24,08:30,Clock In,No Exception
2934,2025-02-24,17:49,Clock Out,No Exception
2934,2025-02-25,08:00,Clock In,No Exception
2934,2025-02-25,17:42,Clock Out,No Exception
2934,2025-02-26,09:28,Clock In,No Exception
2934,2025-02-26,17:56,Clock Out,No Exception
2934,2025-02-27,07:19,Clock In,No Exception
2934,2025-02-27,17:19,Clock Out,No Exception
2934,2025-02-28,07:17,Clock In,No Exception
2934,2025-02-28,16:24,Clock Out,No Exception
1427,2025-01-01,06:58,Clock In,No Exception
1427,2025-01-01,15:59,Clock Out,No Exception
1427,2025-01-02,07:33,Clock In,No Exception
1427,2025-01-02,15:26,Clock Out,No Exception
1427,2025-01-03,07:50,Clock In,No Exception
1427,2025-01-03,17:16,Clock Out,No Exception
1427,2025-01-06,06:11,Clock In,No Exception
1427,2025-01-06,13:52,Clock Out,No Exception
1427,2025-01-07,07:25,Clock In,No Exception
1427,2025-01-07,17:11,Clock Out,No Exception
1427,2025-01-08,07:39,Clock In,No Exception
1427,2025-01-08,16:13,Clock Out,No Exception
1427,2025-01-09,07:01,Clock In,No Exception
1427,2025-01-09,15:09,Clock Out,No Exception
1427,2025-01-10,09:08,Clock In,No Exception
1427,2025-01-10,17:52,Clock Out,No Exception
1427,2025-01-13,06:02,Clock In,No Exception
1427,2025-01-13,15:04,Clock Out,No Exception
1427,2025-01-14,08:39,Clock In,No Exception
1427,2025-01-14,17:56,Clock Out,No Exception
1427,2025-01-15,07:15,Clock In,No Exception
1427,2025-01-15,16:46,Clock Out,No Exception
1427,2025-01-16,08:17,Clock In,No Exception
1427,2025-01-16,17:06,Clock Out,No Exception
1427,2025-01-17,08:43,Clock In,No Exception
1427,2025-01-17,18:40,Clock Out,No Exception
1427,2025-01-19,06:10,Clock In,No Exception
1427,2025-01-19,14:20,Clock Out,No Exception
1427,2025-01-20,06:59,Clock In,No Exception
1427,2025-01-20,16:32,Clock Out,No Exception
1427,2025-01-21,08:53,Clock In,No Exception
1427,2025-01-21,18:11,Clock Out,No Exception
1427,2025-01-22,07:49,Clock In,No Exception
1427,2025-01-22,15:19,Clock Out,No Exception
1427,2025-01-23,08:22,Clock In,No Exception
1427,2025-01-23,17:46,Clock Out,No Exception
1427,2025-01-24,06:48,Clock In,No Exception
1427,2025-01-24,15:58,Clock Out,No Exception
1427,2025-01-27,08:42,Clock In,No Exception
1427,2025-01-27,18:02,Clock Out,No Exception
1427,2025-01-28,06:45,Clock In,No Exception
1427,2025-01-28,14:53,Clock Out,No Exception
1427,2025-01-29,06:56,Clock In,No Exception
1427,2025-01-29,15:49,Clock Out,No Exception
1427,2025-01-30,06:51,Clock In,No Exception
1427,2025-01-30,14:24,Clock Out,No Exception
1427,2025-01-31,09:18,Clock In,No Exception
1427,2025-01-31,18:23,Clock Out,No Exception
1427,2025-02-01,08:10,Clock In,No Exception
1427,2025-02-01,17:12,Clock Out,No Exception
1427,2025-02-03,08:09,Clock In,No Exception
1427,2025-02-03,16:46,Clock Out,No Exception
1427,2025-02-04,06:48,Clock In,No Exception
1427,2025-02-04,15:01,Clock Out,No Exception
1427,2025-02-05,09:25,Clock In,No Exception
1427,2025-02-05,18:40,Clock Out,No Exception
1427,2025-02-06,08:18,Clock In,No Exception
1427,2025-02-06,17:47,Clock Out,No Exception
1427,2025-02-07,08:10,Clock In,No Exception
1427,2025-02-07,16:33,Clock Out,No Exception
1427,2025-02-10,09:44,Clock In,No Exception
1427,2025-02-10,17:20,Clock Out,No Exception
1427,2025-02-11,08:27,Clock In,No Exception
1427,2025-02-11,18:22,Clock Out,No Exception
1427,2025-02-12,08:10,Clock In,No Exception
1427,2025-02-12,17:14,Clock Out,No Exception
1427,2025-02-13,08:19,Clock In,No Exception
1427,2025-02-13,16:43,Clock Out,No Exception
1427,2025-02-14,08:37,Clock In,No Exception
1427,2025-02-14,16:44,Clock Out,No Exception
1427,2025-02-17,07:02,Clock In,No Exception
1427,2025-02-17,15:50,Clock Out,No Exception
1427,2025-02-18,06:37,Clock In,No Exception
1427,2025-02-18,14:25,Clock Out,No Exception
1427,2025-02-19,07:29,Clock In,No Exception
1427,2025-02-19,16:05,Clock Out,No Exception
1427,2025-02-20,06:40,Clock In,No Exception
1427,2025-02-20,16:12,Clock Out,No Exception
1427,2025-02-21,06:11,Clock In,No Exception
1427,2025-02-21,14:51,Clock Out,No Exception
1427,2025-02-22,08:19,Clock In,No Exception
1427,2025-02-22,16:13,Clock Out,Device Failure
1427,2025-02-23,07:13,Clock In,No Exception
1427,2025-02-23,16:59,Clock Out,No Exception
1427,2025-02-24,07:35,Clock In,No Exception
1427,2025-02-24,15:35,Clock Out,No Exception
1427,2025-02-25,08:42,Clock In,No Exception
1427,2025-02-25,17:57,Clock Out,No Exception
1427,2025-02-26,09:43,Clock In,No Exception
1427,2025-02-26,19:22,Clock Out,No Exception
1427,2025-02-27,09:19,Clock In,No Exception
1427,2025-02-27,18:05,Clock Out,Device Failure
1427,2025-02-28,07:30,Clock In,No Exception
1427,2025-02-28,16:54,Clock Out,No Exception
1427,2025-03-01,08:03,Clock In,No Exception
1427,2025-03-01,17:14,Clock Out,No Exception
3142,2025-01-01,09:25,Clock In,No Exception
3142,2025-01-01,17:27,Clock Out,No Exception
3142,2025-01-02,08:48,Clock In,No Exception
3142,2025-01-02,18:38,Clock Out,No Exception
3142,2025-01-03,09:24,Clock In,No Exception
3142,2025-01-03,16:58,Clock Out,No Exception
3142,2025-01-06,07:18,Clock In,No Exception
3142,2025-01-06,16:06,Clock Out,No Exception
3142,2025-01-07,08:18,Clock In,No Exception
3142,2025-01-07,16:49,Clock Out,No Exception
3142,2025-01-08,06:54,Clock In,No Exception
3142,2025-01-08,16:05,Clock Out,No Exception
3142,2025-01-09,09:00,Clock In,No Exception
3142,2025-01-09,16:59,Clock Out,No Exception
3142,2025-01-10,07:08,Clock In,No Exception
3142,2025-01-10,14:58,Clock Out,No Exception
3142,2025-01-12,06:11,Clock In,No Exception
3142,2025-01-12,15:23,Clock Out,No Exception
3142,2025-01-13,09:11,Clock In,No Exception
3142,2025-01-13,18:31,Clock Out,No Exception
3142,2025-01-14,07:40,Clock In,No Exception
3142,2025-01-14,15:53,Clock Out,No Exception
3142,2025-01-15,06:00,Clock In,No Exception
3142,2025-01-15,15:31,Clock Out,No Exception
3142,2025-01-16,09:56,Clock In,No Exception
3142,2025-01-16,18:57,Clock Out,No Exception
3142,2025-01-17,07:49,Clock In,No Exception
3142,2025-01-17,15:52,Clock Out,No Exception
3142,2025-01-20,06:31,Clock In,No Exception
3142,2025-01-20,14:15,Clock Out,No Exception
3142,2025-01-21,06:49,Clock In,No Exception
3142,2025-01-21,14:58,Clock Out,No Exception
3142,2025-01-22,09:04,Clock In,No Exception
3142,2025-01-22,16:43,Clock Out,No Exception
3142,2025-01-23,07:06,Clock In,No Exception
3142,2025-01-23,16:07,Clock Out,No Exception
3142,2025-01-24,09:11,Clock In,No Exception
3142,2025-01-24,18:27,Clock Out,No Exception
3142,2025-01-27,08:19,Clock In,No Exception
3142,2025-01-27,17:11,Clock Out,No Exception
3142,2025-01-28,06:23,Clock In,No Exception
3142,2025-01-28,15:49,Clock Out,No Exception
3142,2025-01-29,06:38,Clock In,No Exception
3142,2025-01-29,15:43,Clock Out,No Exception
3142,2025-01-30,08:22,Clock In,No Exception
3142,2025-01-30,17:49,Clock Out,No Exception
3142,2025-01-31,09:21,Clock In,No Exception
3142,2025-01-31,18:31,Clock Out,No Exception
3142,2025-02-01,06:15,Clock In,No Exception
3142,2025-02-01,14:45,Clock Out,No Exception
3142,2025-02-03,06:50,Clock In,No Exception
3142,2025-02-03,14:47,Clock Out,No Exception
3142,2025-02-04,09:40,Clock In,No Exception
3142,2025-02-04,18:47,Clock Out,No Exception
3142,2025-02-05,08:26,Clock In,No Exception
3142,2025-02-05,17:02,Clock Out,No Exception
3142,2025-02-06,06:09,Clock In,No Exception
3142,2025-02-06,14:37,Clock Out,No Exception
3142,2025-02-07,06:12,Clock In,No Exception
3142,2025-02-07,15:12,Clock Out,No Exception
3142,2025-02-09,06:19,Clock In,No Exception
3142,2025-02-09,15:22,Clock Out,No Exception
3142,2025-02-10,08:13,Clock In,No Exception
3142,2025-02-10,17:45,Clock Out,No Exception
3142,2025-02-11,07:06,Clock In,No Exception
3142,2025-02-11,16:11,Clock Out,No Exception
3142,2025-02-12,06:00,Clock In,No Exception
3142,2025-02-12,15:08,Clock Out,No Exception
3142,2025-02-13,07:36,Clock In,No Exception
3142,2025-02-13,16:02,Clock Out,No Exception
3142,2025-02-14,08:03,Clock In,No Exception
3142,2025-02-14,17:09,Clock Out,No Exception
3142,2025-02-15,07:37,Clock In,No Exception
3142,2025-02-15,15:15,Clock Out,No Exception
3142,2025-02-17,09:40,Clock In,No Exception
3142,2025-02-17,17:44,Clock Out,No Exception
3142,2025-02-18,08:45,Clock In,No Exception
3142,2025-02-18,16:22,Clock Out,No Exception
3142,2025-02-19,07:06,Clock In,No Exception
3142,2025-02-19,15:56,Clock Out,No Exception
3142,2025-02-20,06:42,Clock In,No Exception
3142,2025-02-20,16:22,Clock Out,No Exception
3142,2025-02-21,08:46,Clock In,No Exception
3142,2025-02-21,16:53,Clock Out,No Exception
3142,2025-02-24,07:19,Clock In,No Exception
3142,2025-02-24,16:54,Clock Out,No Exception
3142,2025-02-25,07:30,Clock In,No Exception
3142,2025-02-25,16:24,Clock Out,No Exception
3142,2025-02-26,07:20,Clock In,No Exception
3142,2025-02-26,17:05,Clock Out,No Exception
3142,2025-02-27,08:11,Clock In,No Exception
3142,2025-02-27,16:53,Clock Out,No Exception
3142,2025-02-28,07:39,Clock In,No Exception
3142,2025-02-28,15:49,Clock Out,No Exception
3142,2025-03-01,07:51,Clock In,No Exception
3142,2025-03-01,17:26,Clock Out,No Exception
2953,2025-01-01,06:50,Clock In,No Exception
2953,2025-01-01,15:07,Clock Out,No Exception
2953,2025-01-02,06:51,Clock In,No Exception
2953,2025-01-02,16:26,Clock Out,No Exception
2953,2025-01-03,06:19,Clock In,No Exception
2953,2025-01-03,14:24,Clock Out,No Exception
2953,2025-01-06,06:24,Clock In,No Exception
2953,2025-01-06,15:04,Clock Out,No Exception
2953,2025-01-07,06:08,Clock In,No Exception
2953,2025-01-07,15:24,Clock Out,No Exception
2953,2025-01-08,08:22,Clock In,No Exception
2953,2025-01-08,17:21,Clock Out,No Exception
2953,2025-01-09,08:04,Clock In,No Exception
2953,2025-01-09,17:56,Clock Out,No Exception
2953,2025-01-10,08:59,Clock In,No Exception
2953,2025-01-10,17:16,Clock Out,No Exception
2953,2025-01-13,07:49,Clock In,No Exception
2953,2025-01-13,15:23,Clock Out,No Exception
2953,2025-01-14,06:33,Clock In,No Exception
2953,2025-01-14,15:12,Clock Out,No Exception
2953,2025-01-15,06:53,Clock In,No Exception
2953,2025-01-15,14:52,Clock Out,No Exception
2953,2025-01-16,08:35,Clock In,No Exception
2953,2025-01-16,16:16,Clock Out,No Exception
2953,2025-01-17,09:11,Clock In,No Exception
2953,2025-01-17,17:56,Clock Out,No Exception
2953,2025-01-19,08:01,Clock In,No Exception
2953,2025-01-19,17:27,Clock Out,No Exception
2953,2025-01-20,07:52,Clock In,No Exception
2953,2025-01-20,17:04,Clock Out,No Exception
2953,2025-01-21,08:27,Clock In,No Exception
2953,2025-01-21,16:35,Clock Out,No Exception
2953,2025-01-22,07:26,Clock In,No Exception
2953,2025-01-22,16:24,Clock Out,No Exception
2953,2025-01-23,09:57,Clock In,No Exception
2953,2025-01-23,19:24,Clock Out,No Exception
2953,2025-01-24,06:14,Clock In,No Exception
2953,2025-01-24,15:18,Clock Out,No Exception
2953,2025-01-26,09:57,Clock In,No Exception
2953,2025-01-26,19:20,Clock Out,No Exception
2953,2025-01-27,06:23,Clock In,No Exception
2953,2025-01-27,13:54,Clock Out,No Exception
2953,2025-01-28,07:18,Clock In,No Exception
2953,2025-01-28,14:51,Clock Out,No Exception
2953,2025-01-29,07:07,Clock In,No Exception
2953,2025-01-29,16:51,Clock Out,No Exception
2953,2025-01-30,08:31,Clock In,No Exception
2953,2025-01-30,17:13,Clock Out,No Exception
2953,2025-01-31,06:37,Clock In,No Exception
2953,2025-01-31,15:51,Clock Out,No Exception
2953,2025-02-02,09:50,Clock In,No Exception
2953,2025-02-02,17:40,Clock Out,No Exception
2953,2025-02-03,09:30,Clock In,No Exception
2953,2025-02-03,18:59,Clock Out,No Exception
2953,2025-02-04,08:03,Clock In,No Exception
2953,2025-02-04,16:59,Clock Out,No Exception
2953,2025-02-05,08:31,Clock In,No Exception
2953,2025-02-05,16:55,Clock Out,No Exception
2953,2025-02-06,07:07,Clock In,No Exception
2953,2025-02-06,16:23,Clock Out,No Exception
2953,2025-02-07,08:18,Clock In,No Exception
2953,2025-02-07,17:09,Clock Out,No Exception
2953,2025-02-10,08:42,Clock In,No Exception
2953,2025-02-10,17:56,Clock Out,No Exception
2953,2025-02-11,08:07,Clock In,No Exception
2953,2025-02-11,15:39,Clock Out,No Exception
2953,2025-02-12,06:58,Clock In,No Exception
2953,2025-02-12,15:16,Clock Out,No Exception
2953,2025-02-13,08:32,Clock In,No Exception
2953,2025-02-13,16:45,Clock Out,No Exception
2953,2025-02-14,07:57,Clock In,No Exception
2953,2025-02-14,17:11,Clock Out,No Exception
2953,2025-02-16,06:11,Clock In,No Exception
2953,2025-02-16,16:10,Clock Out,No Exception
2953,2025-02-17,07:20,Clock In,No Exception
2953,2025-02-17,16:47,Clock Out,No Exception
2953,2025-02-18,07:38,Clock In,No Exception
2953,2025-02-18,16:08,Clock Out,No Exception
2953,2025-02-19,06:24,Clock In,No Exception
2953,2025-02-19,16:20,Clock Out,No Exception
2953,2025-02-20,08:07,Clock In,No Exception
2953,2025-02-20,16:09,Clock Out,No Exception
2953,2025-02-21,07:30,Clock In,No Exception
2953,2025-02-21,16:05,Clock Out,No Exception
2953,2025-02-24,06:39,Clock In,No Exception
2953,2025-02-24,16:20,Clock Out,No Exception
2953,2025-02-25,08:23,Clock In,No Exception
2953,2025-02-25,17:58,Clock Out,No Exception
2953,2025-02-26,06:04,Clock In,No Exception
2953,2025-02-26,14:31,Clock Out,No Exception
2953,2025-02-27,09:13,Clock In,No Exception
2953,2025-02-27,18:15,Clock Out,No Exception
2953,2025-02-28,06:31,Clock In,No Exception
2953,2025-02-28,15:35,Clock Out,No Exception
2682,2025-01-01,08:27,Clock In,No Exception
2682,2025-01-01,17:58,Clock Out,No Exception
2682,2025-01-02,08:58,Clock In,No Exception
2682,2025-01-02,17:55,Clock Out,No Exception
2682,2025-01-03,07:39,Clock In,No Exception
2682,2025-01-03,15:35,Clock Out,No Exception
2682,2025-01-06,09:48,Clock In,No Exception
2682,2025-01-06,18:32,Clock Out,No Exception
2682,2025-01-07,06:35,Clock In,No Exception
2682,2025-01-07,15:30,Clock Out,No Exception
2682,2025-01-08,06:54,Clock In,No Exception
2682,2025-01-08,15:49,Clock Out,No Exception
2682,2025-01-09,07:15,Clock In,No Exception
2682,2025-01-09,16:36,Clock Out,No Exception
2682,2025-01-10,09:20,Clock In,No Exception
2682,2025-01-10,18:56,Clock Out,No Exception
2682,2025-01-13,06:59,Clock In,No Exception
2682,2025-01-13,15:10,Clock Out,No Exception
2682,2025-01-14,06:20,Clock In,No Exception
2682,2025-01-14,14:59,Clock Out,No Exception
2682,2025-01-15,06:13,Clock In,No Exception
2682,2025-01-15,15:34,Clock Out,No Exception
2682,2025-01-16,07:39,Clock In,No Exception
2682,2025-01-16,17:12,Clock Out,No Exception
2682,2025-01-17,08:49,Clock In,No Exception
2682,2025-01-17,18:17,Clock Out,No Exception
2682,2025-01-20,07:04,Clock In,No Exception
2682,2025-01-20,15:48,Clock Out,No Exception
2682,2025-01-21,09:37,Clock In,No Exception
2682,2025-01-21,18:43,Clock Out,No Exception
2682,2025-01-22,08:53,Clock In,No Exception
2682,2025-01-22,18:11,Clock Out,No Exception
2682,2025-01-23,06:56,Clock In,No Exception
2682,2025-01-23,16:51,Clock Out,No Exception
2682,2025-01-24,09:15,Clock In,No Exception
2682,2025-01-24,19:14,Clock Out,No Exception
2682,2025-01-27,09:25,Clock In,No Exception
2682,2025-01-27,18:14,Clock Out,No Exception
2682,2025-01-28,06:04,Clock In,No Exception
2682,2025-01-28,15:11,Clock Out,No Exception
2682,2025-01-29,07:38,Clock In,No Exception
2682,2025-01-29,15:53,Clock Out,No Exception
2682,2025-01-30,09:40,Clock In,No Exception
2682,2025-01-30,19:04,Clock Out,No Exception
2682,2025-01-31,06:32,Clock In,No Exception
2682,2025-01-31,14:32,Clock Out,No Exception
2682,2025-02-02,06:02,Clock In,No Exception
2682,2025-02-02,15:09,Clock Out,No Exception
2682,2025-02-03,06:06,Clock In,No Exception
2682,2025-02-03,14:00,Clock Out,No Exception
2682,2025-02-04,06:18,Clock In,No Exception
2682,2025-02-04,14:31,Clock Out,No Exception
2682,2025-02-05,08:32,Clock In,No Exception
2682,2025-02-05,17:37,Clock Out,No Exception
2682,2025-02-06,07:01,Clock In,No Exception
2682,2025-02-06,16:31,Clock Out,No Exception
2682,2025-02-07,08:29,Clock In,No Exception
2682,2025-02-07,16:28,Clock Out,No Exception
2682,2025-02-10,09:30,Clock In,No Exception
2682,2025-02-10,17:59,Clock Out,No Exception
2682,2025-02-11,08:02,Clock In,No Exception
2682,2025-02-11,17:30,Clock Out,No Exception
2682,2025-02-12,08:49,Clock In,No Exception
2682,2025-02-12,17:10,Clock Out,No Exception
2682,2025-02-13,09:01,Clock In,No Exception
2682,2025-02-13,18:38,Clock Out,No Exception
2682,2025-02-14,07:25,Clock In,No Exception
2682,2025-02-14,16:23,Clock Out,No Exception
2682,2025-02-17,07:34,Clock In,No Exception
2682,2025-02-17,16:40,Clock Out,No Exception
2682,2025-02-18,09:53,Clock In,No Exception
2682,2025-02-18,19:16,Clock Out,No Exception
2682,2025-02-19,08:24,Clock In,No Exception
2682,2025-02-19,16:58,Clock Out,No Exception
2682,2025-02-20,08:55,Clock In,No Exception
2682,2025-02-20,16:38,Clock Out,No Exception
2682,2025-02-21,08:09,Clock In,No Exception
2682,2025-02-21,17:44,Clock Out,No Exception
2682,2025-02-24,09:12,Clock In,No Exception
2682,2025-02-24,18:44,Clock Out,No Exception
2682,2025-02-25,07:54,Clock In,No Exception
2682,2025-02-25,16:59,Clock Out,No Exception
2682,2025-02-26,09:30,Clock In,No Exception
2682,2025-02-26,18:52,Clock Out,No Exception
2682,2025-02-27,07:37,Clock In,No Exception
2682,2025-02-27,16:42,Clock Out,No Exception
2682,2025-02-28,09:15,Clock In,No Exception
2682,2025-02-28,17:07,Clock Out,No Exception
2682,2025-03-01,06:51,Clock In,No Exception
2682,2025-03-01,15:10,Clock Out,No Exception
3174,2025-01-01,06:57,Clock In,No Exception
3174,2025-01-01,15:03,Clock Out,No Exception
3174,2025-01-02,07:29,Clock In,No Exception
3174,2025-01-02,16:12,Clock Out,No Exception
3174,2025-01-03,07:51,Clock In,No Exception
3174,2025-01-03,17:15,Clock Out,No Exception
3174,2025-01-06,07:38,Clock In,No Exception
3174,2025-01-06,15:50,Clock Out,No Exception
3174,2025-01-07,07:33,Clock In,No Exception
3174,2025-01-07,16:04,Clock Out,No Exception
3174,2025-01-08,06:06,Clock In,No Exception
3174,2025-01-08,15:28,Clock Out,No Exception
3174,2025-01-09,07:05,Clock In,No Exception
3174,2025-01-09,15:46,Clock Out,No Exception
3174,2025-01-10,07:17,Clock In,No Exception
3174,2025-01-10,16:59,Clock Out,No Exception
3174,2025-01-13,09:33,Clock In,No Exception
3174,2025-01-13,18:16,Clock Out,No Exception
3174,2025-01-14,08:55,Clock In,No Exception
3174,2025-01-14,17:06,Clock Out,No Exception
3174,2025-01-15,07:02,Clock In,No Exception
3174,2025-01-15,14:42,Clock Out,No Exception
3174,2025-01-16,07:14,Clock In,No Exception
3174,2025-01-16,16:05,Clock Out,No Exception
3174,2025-01-17,08:32,Clock In,No Exception
3174,2025-01-17,17:55,Clock Out,No Exception
3174,2025-01-20,08:31,Clock In,No Exception
3174,2025-01-20,16:23,Clock Out,No Exception
3174,2025-01-21,06:00,Clock In,No Exception
3174,2025-01-21,15:18,Clock Out,No Exception
3174,2025-01-22,06:52,Clock In,No Exception
3174,2025-01-22,16:41,Clock Out,No Exception
3174,2025-01-23,09:20,Clock In,No Exception
3174,2025-01-23,18:31,Clock Out,No Exception
3174,2025-01-24,06:54,Clock In,No Exception
3174,2025-01-24,14:59,Clock Out,No Exception
3174,2025-01-27,08:34,Clock In,No Exception
3174,2025-01-27,16:35,Clock Out,No Exception
3174,2025-01-28,07:04,Clock In,No Exception
3174,2025-01-28,14:52,Clock Out,No Exception
3174,2025-01-29,07:53,Clock In,No Exception
3174,2025-01-29,16:05,Clock Out,No Exception
3174,2025-01-30,08:35,Clock In,No Exception
3174,2025-01-30,16:48,Clock Out,No Exception
3174,2025-01-31,06:38,Clock In,No Exception
3174,2025-01-31,15:06,Clock Out,No Exception
3174,2025-02-03,06:23,Clock In,No Exception
3174,2025-02-03,15:42,Clock Out,No Exception
3174,2025-02-04,09:01,Clock In,No Exception
3174,2025-02-04,18:48,Clock Out,No Exception
3174,2025-02-05,09:43,Clock In,No Exception
3174,2025-02-05,18:57,Clock Out,No Exception
3174,2025-02-06,09:46,Clock In,No Exception
3174,2025-02-06,17:18,Clock Out,No Exception
3174,2025-02-07,06:27,Clock In,No Exception
3174,2025-02-07,14:12,Clock Out,No Exception
3174,2025-02-10,08:38,Clock In,No Exception
3174,2025-02-10,17:13,Clock Out,No Exception
3174,2025-02-11,09:46,Clock In,No Exception
3174,2025-02-11,18:33,Clock Out,No Exception
3174,2025-02-12,06:39,Clock In,No Exception
3174,2025-02-12,16:32,Clock Out,No Exception
3174,2025-02-13,08:09,Clock In,No Exception
3174,2025-02-13,17:44,Clock Out,No Exception
3174,2025-02-14,09:05,Clock In,No Exception
3174,2025-02-14,18:26,Clock Out,No Exception
3174,2025-02-16,06:36,Clock In,No Exception
3174,2025-02-16,14:06,Clock Out,No Exception
3174,2025-02-17,06:18,Clock In,No Exception
3174,2025-02-17,16:07,Clock Out,No Exception
3174,2025-02-18,06:24,Clock In,No Exception
3174,2025-02-18,14:55,Clock Out,No Exception
3174,2025-02-19,07:46,Clock In,No Exception
3174,2025-02-19,15:38,Clock Out,No Exception
3174,2025-02-20,06:24,Clock In,No Exception
3174,2025-02-20,15:27,Clock Out,No Exception
3174,2025-02-21,07:17,Clock In,No Exception
3174,2025-02-21,15:43,Clock Out,No Exception
3174,2025-02-24,08:33,Clock In,No Exception
3174,2025-02-24,17:54,Clock Out,No Exception
3174,2025-02-25,07:45,Clock In,No Exception
3174,2025-02-25,16:02,Clock Out,No Exception
3174,2025-02-26,09:08,Clock In,No Exception
3174,2025-02-26,17:36,Clock Out,No Exception
3174,2025-02-27,09:38,Clock In,No Exception
3174,2025-02-27,18:29,Clock Out,No Exception
3174,2025-02-28,07:27,Clock In,No Exception
3174,2025-02-28,17:02,Clock Out,No Exception
1271,2025-01-01,09:51,Clock In,No Exception
1271,2025-01-01,18:07,Clock Out,No Exception
1271,2025-01-02,09:57,Clock In,No Exception
1271,2025-01-02,18:07,Clock Out,No Exception
1271,2025-01-03,07:43,Clock In,No Exception
1271,2025-01-03,15:58,Clock Out,No Exception
1271,2025-01-06,07:12,Clock In,No Exception
1271,2025-01-06,16:00,Clock Out,No Exception
1271,2025-01-07,07:00,Clock In,No Exception
1271,2025-01-07,16:07,Clock Out,No Exception
1271,2025-01-08,06:43,Clock In,No Exception
1271,2025-01-08,14:43,Clock Out,No Exception
1271,2025-01-09,07:21,Clock In,No Exception
1271,2025-01-09,17:09,Clock Out,No Exception
1271,2025-01-10,07:00,Clock In,No Exception
1271,2025-01-10,16:34,Clock Out,No Exception
1271,2025-01-13,06:34,Clock In,No Exception
1271,2025-01-13,14:37,Clock Out,No Exception
1271,2025-01-14,06:37,Clock In,No Exception
1271,2025-01-14,14:42,Clock Out,No Exception
1271,2025-01-15,09:37,Clock In,No Exception
1271,2025-01-15,17:40,Clock Out,No Exception
1271,2025-01-16,06:31,Clock In,No Exception
1271,2025-01-16,15:14,Clock Out,No Exception
1271,2025-01-17,07:33,Clock In,No Exception
1271,2025-01-17,16:51,Clock Out,No Exception
1271,2025-01-20,06:19,Clock In,No Exception
1271,2025-01-20,16:10,Clock Out,No Exception
1271,2025-01-21,07:40,Clock In,No Exception
1271,2025-01-21,15:25,Clock Out,No Exception
1271,2025-01-22,06:10,Clock In,No Exception
1271,2025-01-22,14:49,Clock Out,No Exception
1271,2025-01-23,07:05,Clock In,No Exception
1271,2025-01-23,16:17,Clock Out,No Exception
1271,2025-01-24,06:50,Clock In,No Exception
1271,2025-01-24,16:43,Clock Out,No Exception
1271,2025-01-27,06:04,Clock In,No Exception
1271,2025-01-27,14:25,Clock Out,No Exception
1271,2025-01-28,07:55,Clock In,No Exception
1271,2025-01-28,16:05,Clock Out,No Exception
1271,2025-01-29,08:19,Clock In,No Exception
1271,2025-01-29,17:27,Clock Out,No Exception
1271,2025-01-30,08:09,Clock In,No Exception
1271,2025-01-30,15:48,Clock Out,No Exception
1271,2025-01-31,08:30,Clock In,No Exception
1271,2025-01-31,16:54,Clock Out,No Exception
1271,2025-02-03,06:24,Clock In,No Exception
1271,2025-02-03,14:51,Clock Out,No Exception
1271,2025-02-04,06:26,Clock In,No Exception
1271,2025-02-04,15:07,Clock Out,No Exception
1271,2025-02-05,06:28,Clock In,No Exception
1271,2025-02-05,16:12,Clock Out,No Exception
1271,2025-02-06,06:30,Clock In,No Exception
1271,2025-02-06,14:53,Clock Out,No Exception
1271,2025-02-07,08:54,Clock In,No Exception
1271,2025-02-07,16:34,Clock Out,No Exception
1271,2025-02-10,07:57,Clock In,No Exception
1271,2025-02-10,16:25,Clock Out,No Exception
1271,2025-02-11,07:12,Clock In,No Exception
1271,2025-02-11,16:25,Clock Out,No Exception
1271,2025-02-12,09:05,Clock In,No Exception
1271,2025-02-12,16:43,Clock Out,No Exception
1271,2025-02-13,08:24,Clock In,No Exception
1271,2025-02-13,16:23,Clock Out,No Exception
1271,2025-02-14,09:15,Clock In,No Exception
1271,2025-02-14,19:03,Clock Out,No Exception
1271,2025-02-16,07:23,Clock In,No Exception
1271,2025-02-16,17:04,Clock Out,No Exception
1271,2025-02-17,06:18,Clock In,No Exception
1271,2025-02-17,15:35,Clock Out,No Exception
1271,2025-02-18,07:14,Clock In,No Exception
1271,2025-02-18,15:25,Clock Out,No Exception
1271,2025-02-19,08:13,Clock In,No Exception
1271,2025-02-19,16:32,Clock Out,No Exception
1271,2025-02-20,08:42,Clock In,No Exception
1271,2025-02-20,17:58,Clock Out,No Exception
1271,2025-02-21,06:39,Clock In,No Exception
1271,2025-02-21,14:37,Clock Out,No Exception
1271,2025-02-24,06:43,Clock In,No Exception
1271,2025-02-24,15:22,Clock Out,No Exception
1271,2025-02-25,09:04,Clock In,No Exception
1271,2025-02-25,18:10,Clock Out,No Exception
1271,2025-02-26,07:50,Clock In,No Exception
1271,2025-02-26,16:45,Clock Out,No Exception
1271,2025-02-27,07:06,Clock In,No Exception
1271,2025-02-27,15:47,Clock Out,No Exception
1271,2025-02-28,09:53,Clock In,No Exception
1271,2025-02-28,19:42,Clock Out,No Exception
1716,2025-01-01,08:22,Clock In,No Exception
1716,2025-01-01,16:23,Clock Out,No Exception
1716,2025-01-02,06:49,Clock In,No Exception
1716,2025-01-02,15:52,Clock Out,No Exception
1716,2025-01-03,06:11,Clock In,No Exception
1716,2025-01-03,15:42,Clock Out,No Exception
1716,2025-01-06,08:33,Clock In,No Exception
1716,2025-01-06,16:56,Clock Out,No Exception
1716,2025-01-07,07:21,Clock In,No Exception
1716,2025-01-07,17:20,Clock Out,No Exception
1716,2025-01-08,07:48,Clock In,No Exception
1716,2025-01-08,15:34,Clock Out,No Exception
1716,2025-01-09,09:06,Clock In,No Exception
1716,2025-01-09,19:04,Clock Out,No Exception
1716,2025-01-10,06:09,Clock In,No Exception
1716,2025-01-10,14:33,Clock Out,No Exception
1716,2025-01-13,06:22,Clock In,No Exception
1716,2025-01-13,15:53,Clock Out,No Exception
1716,2025-01-14,09:34,Clock In,No Exception
1716,2025-01-14,19:25,Clock Out,No Exception
1716,2025-01-15,09:37,Clock In,No Exception
1716,2025-01-15,18:07,Clock Out,No Exception
1716,2025-01-16,07:47,Clock In,No Exception
1716,2025-01-16,15:57,Clock Out,No Exception
1716,2025-01-17,07:22,Clock In,No Exception
1716,2025-01-17,15:37,Clock Out,No Exception
1716,2025-01-18,09:03,Clock In,No Exception
1716,2025-01-18,17:58,Clock Out,No Exception
1716,2025-01-20,07:46,Clock In,No Exception
1716,2025-01-20,16:38,Clock Out,No Exception
1716,2025-01-21,08:59,Clock In,No Exception
1716,2025-01-21,16:39,Clock Out,No Exception
1716,2025-01-22,09:47,Clock In,No Exception
1716,2025-01-22,18:54,Clock Out,No Exception
1716,2025-01-23,06:54,Clock In,No Exception
1716,2025-01-23,16:14,Clock Out,No Exception
1716,2025-01-24,07:49,Clock In,No Exception
1716,2025-01-24,17:26,Clock Out,No Exception
1716,2025-01-25,09:10,Clock In,No Exception
1716,2025-01-25,17:41,Clock Out,No Exception
1716,2025-01-27,07:46,Clock In,No Exception
1716,2025-01-27,15:21,Clock Out,No Exception
1716,2025-01-28,09:39,Clock In,No Exception
1716,2025-01-28,19:10,Clock Out,No Exception
1716,2025-01-29,06:25,Clock In,No Exception
1716,2025-01-29,15:26,Clock Out,No Exception
1716,2025-01-30,08:43,Clock In,No Exception
1716,2025-01-30,18:38,Clock Out,No Exception
1716,2025-01-31,06:27,Clock In,No Exception
1716,2025-01-31,15:51,Clock Out,No Exception
1716,2025-02-03,08:10,Clock In,No Exception
1716,2025-02-03,16:34,Clock Out,No Exception
1716,2025-02-04,08:39,Clock In,No Exception
1716,2025-02-04,16:17,Clock Out,No Exception
1716,2025-02-05,06:45,Clock In,No Exception
1716,2025-02-05,15:30,Clock Out,No Exception
1716,2025-02-06,08:42,Clock In,No Exception
1716,2025-02-06,17:23,Clock Out,No Exception
1716,2025-02-07,09:36,Clock In,No Exception
1716,2025-02-07,17:12,Clock Out,No Exception
1716,2025-02-10,07:55,Clock In,No Exception
1716,2025-02-10,17:03,Clock Out,No Exception
1716,2025-02-11,09:34,Clock In,No Exception
1716,2025-02-11,17:34,Clock Out,No Exception
1716,2025-02-12,07:12,Clock In,No Exception
1716,2025-02-12,15:11,Clock Out,No Exception
1716,2025-02-13,08:42,Clock In,No Exception
1716,2025-02-13,18:15,Clock Out,No Exception
1716,2025-02-14,09:09,Clock In,No Exception
1716,2025-02-14,17:43,Clock Out,No Exception
1716,2025-02-17,09:43,Clock In,No Exception
1716,2025-02-17,17:26,Clock Out,No Exception
1716,2025-02-18,07:55,Clock In,No Exception
1716,2025-02-18,17:41,Clock Out,No Exception
1716,2025-02-19,07:41,Clock In,No Exception
1716,2025-02-19,15:25,Clock Out,No Exception
1716,2025-02-20,06:50,Clock In,No Exception
1716,2025-02-20,16:33,Clock Out,No Exception
1716,2025-02-21,08:41,Clock In,No Exception
1716,2025-02-21,18:18,Clock Out,No Exception
1716,2025-02-22,09:17,Clock In,No Exception
1716,2025-02-22,18:17,Clock Out,No Exception
1716,2025-02-24,08:35,Clock In,No Exception
1716,2025-02-24,17:41,Clock Out,No Exception
1716,2025-02-25,07:40,Clock In,No Exception
1716,2025-02-25,15:11,Clock Out,No Exception
1716,2025-02-26,07:25,Clock In,No Exception
1716,2025-02-26,15:23,Clock Out,No Exception
1716,2025-02-27,09:27,Clock In,No Exception
1716,2025-02-27,17:19,Clock Out,No Exception
1716,2025-02-28,07:08,Clock In,No Exception
1716,2025-02-28,16:16,Clock Out,No Exception
1716,2025-03-01,07:27,Clock In,No Exception
1716,2025-03-01,16:11,Clock Out,No Exception
1392,2025-01-01,07:53,Clock In,No Exception
1392,2025-01-01,16:49,Clock Out,No Exception
1392,2025-01-02,08:27,Clock In,No Exception
1392,2025-01-02,17:28,Clock Out,No Exception
1392,2025-01-03,07:52,Clock In,No Exception
1392,2025-01-03,15:52,Clock Out,No Exception
1392,2025-01-06,07:53,Clock In,No Exception
1392,2025-01-06,16:02,Clock Out,No Exception
1392,2025-01-07,09:55,Clock In,No Exception
1392,2025-01-07,18:10,Clock Out,No Exception
1392,2025-01-08,09:21,Clock In,No Exception
1392,2025-01-08,18:07,Clock Out,No Exception
1392,2025-01-09,06:33,Clock In,No Exception
1392,2025-01-09,14:38,Clock Out,No Exception
1392,2025-01-10,06:28,Clock In,No Exception
1392,2025-01-10,16:16,Clock Out,No Exception
1392,2025-01-13,06:34,Clock In,No Exception
1392,2025-01-13,14:07,Clock Out,No Exception
1392,2025-01-14,09:17,Clock In,No Exception
1392,2025-01-14,18:24,Clock Out,No Exception
1392,2025-01-15,06:09,Clock In,No Exception
1392,2025-01-15,15:00,Clock Out,No Exception
1392,2025-01-16,09:36,Clock In,No Exception
1392,2025-01-16,19:27,Clock Out,No Exception
1392,2025-01-17,08:24,Clock In,No Exception
1392,2025-01-17,18:10,Clock Out,No Exception
1392,2025-01-18,08:02,Clock In,No Exception
1392,2025-01-18,17:29,Clock Out,No Exception
1392,2025-01-19,09:59,Clock In,No Exception
1392,2025-01-19,19:36,Clock Out,No Exception
1392,2025-01-20,07:05,Clock In,No Exception
1392,2025-01-20,15:16,Clock Out,No Exception
1392,2025-01-21,08:47,Clock In,No Exception
1392,2025-01-21,17:59,Clock Out,No Exception
1392,2025-01-22,06:43,Clock In,No Exception
1392,2025-01-22,16:28,Clock Out,No Exception
1392,2025-01-23,06:38,Clock In,No Exception
1392,2025-01-23,15:51,Clock Out,No Exception
1392,2025-01-24,09:34,Clock In,No Exception
1392,2025-01-24,18:18,Clock Out,No Exception
1392,2025-01-27,09:08,Clock In,No Exception
1392,2025-01-27,17:08,Clock Out,No Exception
1392,2025-01-28,08:11,Clock In,No Exception
1392,2025-01-28,16:52,Clock Out,No Exception
1392,2025-01-29,08:02,Clock In,No Exception
1392,2025-01-29,17:32,Clock Out,No Exception
1392,2025-01-30,08:21,Clock In,No Exception
1392,2025-01-30,17:40,Clock Out,No Exception
1392,2025-01-31,06:48,Clock In,No Exception
1392,2025-01-31,14:24,Clock Out,No Exception
1392,2025-02-01,09:30,Clock In,No Exception
1392,2025-02-01,18:10,Clock Out,No Exception
1392,2025-02-02,09:32,Clock In,No Exception
1392,2025-02-02,18:56,Clock Out,No Exception
1392,2025-02-03,09:31,Clock In,No Exception
1392,2025-02-03,17:58,Clock Out,No Exception
1392,2025-02-04,06:36,Clock In,No Exception
1392,2025-02-04,15:07,Clock Out,No Exception
1392,2025-02-05,08:28,Clock In,No Exception
1392,2025-02-05,18:05,Clock Out,No Exception
1392,2025-02-06,08:43,Clock In,No Exception
1392,2025-02-06,17:43,Clock Out,No Exception
1392,2025-02-07,06:12,Clock In,No Exception
1392,2025-02-07,14:04,Clock Out,No Exception
1392,2025-02-10,09:42,Clock In,No Exception
1392,2025-02-10,19:42,Clock Out,No Exception
1392,2025-02-11,09:54,Clock In,No Exception
1392,2025-02-11,18:03,Clock Out,No Exception
1392,2025-02-12,07:34,Clock In,No Exception
1392,2025-02-12,16:38,Clock Out,No Exception
1392,2025-02-13,07:32,Clock In,No Exception
1392,2025-02-13,16:44,Clock Out,No Exception
1392,2025-02-14,07:35,Clock In,No Exception
1392,2025-02-14,16:05,Clock Out,No Exception
1392,2025-02-17,06:11,Clock In,No Exception
1392,2025-02-17,14:31,Clock Out,No Exception
1392,2025-02-18,09:09,Clock In,No Exception
1392,2025-02-18,17:37,Clock Out,No Exception
1392,2025-02-19,08:01,Clock In,No Exception
1392,2025-02-19,17:54,Clock Out,No Exception
1392,2025-02-20,09:53,Clock In,No Exception
1392,2025-02-20,19:02,Clock Out,No Exception
1392,2025-02-21,08:13,Clock In,No Exception
1392,2025-02-21,16:48,Clock Out,No Exception
1392,2025-02-23,07:40,Clock In,No Exception
1392,2025-02-23,16:14,Clock Out,No Exception
1392,2025-02-24,09:53,Clock In,No Exception
1392,2025-02-24,18:13,Clock Out,No Exception
1392,2025-02-25,06:57,Clock In,No Exception
1392,2025-02-25,16:29,Clock Out,No Exception
1392,2025-02-26,06:18,Clock In,No Exception
1392,2025-02-26,15:21,Clock Out,No Exception
1392,2025-02-27,08:25,Clock In,No Exception
1392,2025-02-27,16:12,Clock Out,No Exception
1392,2025-02-28,08:11,Clock In,No Exception
1392,2025-02-28,16:57,Clock Out,No Exception
1392,2025-03-01,06:44,Clock In,No Exception
1392,2025-03-01,16:07,Clock Out,No Exception
2393,2025-01-01,08:05,Clock In,No Exception
2393,2025-01-01,16:12,Clock Out,No Exception
2393,2025-01-02,07:56,Clock In,No Exception
2393,2025-01-02,16:31,Clock Out,No Exception
2393,2025-01-03,06:12,Clock In,No Exception
2393,2025-01-03,14:47,Clock Out,No Exception
2393,2025-01-04,09:09,Clock In,No Exception
2393,2025-01-04,17:58,Clock Out,No Exception
2393,2025-01-06,07:05,Clock In,No Exception
2393,2025-01-06,14:35,Clock Out,No Exception
2393,2025-01-07,07:15,Clock In,No Exception
2393,2025-01-07,15:01,Clock Out,No Exception
2393,2025-01-08,06:37,Clock In,No Exception
2393,2025-01-08,15:12,Clock Out,No Exception
2393,2025-01-09,08:41,Clock In,No Exception
2393,2025-01-09,16:26,Clock Out,No Exception
2393,2025-01-10,08:25,Clock In,No Exception
2393,2025-01-10,18:20,Clock Out,No Exception
2393,2025-01-12,06:51,Clock In,No Exception
2393,2025-01-12,14:22,Clock Out,No Exception
2393,2025-01-13,08:18,Clock In,No Exception
2393,2025-01-13,16:54,Clock Out,No Exception
2393,2025-01-14,06:18,Clock In,No Exception
2393,2025-01-14,14:13,Clock Out,No Exception
2393,2025-01-15,08:24,Clock In,No Exception
2393,2025-01-15,16:41,Clock Out,No Exception
2393,2025-01-16,06:52,Clock In,No Exception
2393,2025-01-16,15:44,Clock Out,No Exception
2393,2025-01-17,09:36,Clock In,No Exception
2393,2025-01-17,19:17,Clock Out,No Exception
2393,2025-01-18,08:54,Clock In,No Exception
2393,2025-01-18,16:38,Clock Out,No Exception
2393,2025-01-20,09:13,Clock In,No Exception
2393,2025-01-20,18:32,Clock Out,No Exception
2393,2025-01-21,07:18,Clock In,No Exception
2393,2025-01-21,17:07,Clock Out,No Exception
2393,2025-01-22,06:35,Clock In,No Exception
2393,2025-01-22,14:11,Clock Out,No Exception
2393,2025-01-23,09:02,Clock In,No Exception
2393,2025-01-23,17:38,Clock Out,No Exception
2393,2025-01-24,09:50,Clock In,No Exception
2393,2025-01-24,19:49,Clock Out,No Exception
2393,2025-01-27,09:18,Clock In,No Exception
2393,2025-01-27,17:15,Clock Out,No Exception
2393,2025-01-28,06:52,Clock In,No Exception
2393,2025-01-28,16:48,Clock Out,No Exception
2393,2025-01-29,06:27,Clock In,No Exception
2393,2025-01-29,14:03,Clock Out,No Exception
2393,2025-01-30,06:00,Clock In,No Exception
2393,2025-01-30,14:07,Clock Out,No Exception
2393,2025-01-31,07:35,Clock In,No Exception
2393,2025-01-31,15:38,Clock Out,No Exception
2393,2025-02-02,07:41,Clock In,No Exception
2393,2025-02-02,17:09,Clock Out,No Exception
2393,2025-02-03,08:32,Clock In,No Exception
2393,2025-02-03,17:27,Clock Out,No Exception
2393,2025-02-04,08:18,Clock In,No Exception
2393,2025-02-04,18:06,Clock Out,No Exception
2393,2025-02-05,07:37,Clock In,No Exception
2393,2025-02-05,16:01,Clock Out,No Exception
2393,2025-02-06,09:11,Clock In,No Exception
2393,2025-02-06,16:42,Clock Out,No Exception
2393,2025-02-07,08:28,Clock In,No Exception
2393,2025-02-07,18:26,Clock Out,No Exception
2393,2025-02-10,09:41,Clock In,No Exception
2393,2025-02-10,18:47,Clock Out,No Exception
2393,2025-02-11,09:14,Clock In,No Exception
2393,2025-02-11,17:43,Clock Out,No Exception
2393,2025-02-12,06:15,Clock In,No Exception
2393,2025-02-12,13:53,Clock Out,No Exception
2393,2025-02-13,06:12,Clock In,No Exception
2393,2025-02-13,16:02,Clock Out,No Exception
2393,2025-02-14,09:08,Clock In,No Exception
2393,2025-02-14,18:20,Clock Out,No Exception
2393,2025-02-17,06:02,Clock In,No Exception
2393,2025-02-17,14:19,Clock Out,No Exception
2393,2025-02-18,06:25,Clock In,No Exception
2393,2025-02-18,15:14,Clock Out,No Exception
2393,2025-02-19,08:53,Clock In,No Exception
2393,2025-02-19,17:17,Clock Out,No Exception
2393,2025-02-20,06:40,Clock In,No Exception
2393,2025-02-20,16:37,Clock Out,No Exception
2393,2025-02-21,06:36,Clock In,No Exception
2393,2025-02-21,14:27,Clock Out,No Exception
2393,2025-02-22,08:13,Clock In,No Exception
2393,2025-02-22,16:06,Clock Out,No Exception
2393,2025-02-24,09:56,Clock In,No Exception
2393,2025-02-24,17:39,Clock Out,No Exception
2393,2025-02-25,08:09,Clock In,No Exception
2393,2025-02-25,16:13,Clock Out,No Exception
2393,2025-02-26,09:36,Clock In,No Exception
2393,2025-02-26,17:50,Clock Out,No Exception
2393,2025-02-27,07:32,Clock In,No Exception
2393,2025-02-27,16:58,Clock Out,No Exception
2393,2025-02-28,06:36,Clock In,No Exception
2393,2025-02-28,15:58,Clock Out,No Exception
3743,2025-01-01,07:49,Clock In,No Exception
3743,2025-01-01,15:29,Clock Out,No Exception
3743,2025-01-02,06:45,Clock In,No Exception
3743,2025-01-02,16:17,Clock Out,No Exception
3743,2025-01-03,07:08,Clock In,No Exception
3743,2025-01-03,15:59,Clock Out,No Exception
3743,2025-01-06,09:36,Clock In,No Exception
3743,2025-01-06,18:15,Clock Out,No Exception
3743,2025-01-07,06:05,Clock In,No Exception
3743,2025-01-07,14:41,Clock Out,No Exception
3743,2025-01-08,08:11,Clock In,No Exception
3743,2025-01-08,16:24,Clock Out,No Exception
3743,2025-01-09,09:55,Clock In,No Exception
3743,2025-01-09,17:49,Clock Out,No Exception
3743,2025-01-10,06:59,Clock In,No Exception
3743,2025-01-10,15:35,Clock Out,No Exception
3743,2025-01-13,09:52,Clock In,No Exception
3743,2025-01-13,18:52,Clock Out,No Exception
3743,2025-01-14,08:02,Clock In,No Exception
3743,2025-01-14,17:32,Clock Out,No Exception
3743,2025-01-15,08:12,Clock In,No Exception
3743,2025-01-15,16:56,Clock Out,No Exception
3743,2025-01-16,09:06,Clock In,No Exception
3743,2025-01-16,18:11,Clock Out,No Exception
3743,2025-01-17,08:08,Clock In,No Exception
3743,2025-01-17,17:40,Clock Out,No Exception
3743,2025-01-20,06:47,Clock In,No Exception
3743,2025-01-20,15:27,Clock Out,No Exception
3743,2025-01-21,08:31,Clock In,No Exception
3743,2025-01-21,16:31,Clock Out,No Exception
3743,2025-01-22,07:40,Clock In,No Exception
3743,2025-01-22,16:57,Clock Out,No Exception
3743,2025-01-23,09:20,Clock In,No Exception
3743,2025-01-23,18:59,Clock Out,No Exception
3743,2025-01-24,06:48,Clock In,No Exception
3743,2025-01-24,14:36,Clock Out,No Exception
3743,2025-01-27,06:54,Clock In,No Exception
3743,2025-01-27,16:45,Clock Out,No Exception
3743,2025-01-28,07:33,Clock In,No Exception
3743,2025-01-28,15:52,Clock Out,No Exception
3743,2025-01-29,06:00,Clock In,No Exception
3743,2025-01-29,14:49,Clock Out,No Exception
3743,2025-01-30,09:33,Clock In,No Exception
3743,2025-01-30,18:27,Clock Out,No Exception
3743,2025-01-31,08:39,Clock In,No Exception
3743,2025-01-31,18:29,Clock Out,No Exception
3743,2025-02-01,08:22,Clock In,No Exception
3743,2025-02-01,16:00,Clock Out,No Exception
3743,2025-02-03,09:18,Clock In,No Exception
3743,2025-02-03,19:07,Clock Out,No Exception
3743,2025-02-04,09:13,Clock In,No Exception
3743,2025-02-04,18:23,Clock Out,No Exception
3743,2025-02-05,07:50,Clock In,No Exception
3743,2025-02-05,15:41,Clock Out,No Exception
3743,2025-02-06,09:16,Clock In,No Exception
3743,2025-02-06,17:57,Clock Out,No Exception
3743,2025-02-07,06:57,Clock In,No Exception
3743,2025-02-07,16:29,Clock Out,No Exception
3743,2025-02-08,09:36,Clock In,No Exception
3743,2025-02-08,17:06,Clock Out,No Exception
3743,2025-02-09,09:45,Clock In,No Exception
3743,2025-02-09,19:35,Clock Out,No Exception
3743,2025-02-10,09:06,Clock In,No Exception
3743,2025-02-10,16:44,Clock Out,No Exception
3743,2025-02-11,08:33,Clock In,No Exception
3743,2025-02-11,18:14,Clock Out,No Exception
3743,2025-02-12,07:12,Clock In,No Exception
3743,2025-02-12,14:53,Clock Out,No Exception
3743,2025-02-13,08:43,Clock In,No Exception
3743,2025-02-13,16:21,Clock Out,No Exception
3743,2025-02-14,09:15,Clock In,No Exception
3743,2025-02-14,18:09,Clock Out,No Exception
3743,2025-02-17,08:18,Clock In,No Exception
3743,2025-02-17,16:39,Clock Out,No Exception
3743,2025-02-18,06:41,Clock In,No Exception
3743,2025-02-18,15:08,Clock Out,No Exception
3743,2025-02-19,07:02,Clock In,No Exception
3743,2025-02-19,16:17,Clock Out,No Exception
3743,2025-02-20,08:17,Clock In,No Exception
3743,2025-02-20,16:27,Clock Out,No Exception
3743,2025-02-21,09:51,Clock In,No Exception
3743,2025-02-21,18:59,Clock Out,No Exception
3743,2025-02-24,08:31,Clock In,No Exception
3743,2025-02-24,18:29,Clock Out,No Exception
3743,2025-02-25,08:57,Clock In,No Exception
3743,2025-02-25,17:39,Clock Out,No Exception
3743,2025-02-26,08:24,Clock In,No Exception
3743,2025-02-26,16:13,Clock Out,No Exception
3743,2025-02-27,08:14,Clock In,No Exception
3743,2025-02-27,16:17,Clock Out,No Exception
3743,2025-02-28,06:44,Clock In,No Exception
3743,2025-02-28,15:28,Clock Out,No Exception
1739,2025-01-01,08:12,Clock In,No Exception
1739,2025-01-01,17:31,Clock Out,No Exception
1739,2025-01-02,09:48,Clock In,No Exception
1739,2025-01-02,18:38,Clock Out,No Exception
1739,2025-01-03,08:55,Clock In,No Exception
1739,2025-01-03,17:20,Clock Out,No Exception
1739,2025-01-04,08:44,Clock In,No Exception
1739,2025-01-04,17:46,Clock Out,No Exception
1739,2025-01-06,06:04,Clock In,No Exception
1739,2025-01-06,13:45,Clock Out,No Exception
1739,2025-01-07,06:21,Clock In,No Exception
1739,2025-01-07,16:14,Clock Out,No Exception
1739,2025-01-08,09:11,Clock In,No Exception
1739,2025-01-08,18:59,Clock Out,No Exception
1739,2025-01-09,08:01,Clock In,No Exception
1739,2025-01-09,15:53,Clock Out,No Exception
1739,2025-01-10,09:01,Clock In,No Exception
1739,2025-01-10,17:19,Clock Out,No Exception
1739,2025-01-12,08:44,Clock In,No Exception
1739,2025-01-12,18:37,Clock Out,No Exception
1739,2025-01-13,08:32,Clock In,No Exception
1739,2025-01-13,17:03,Clock Out,No Exception
1739,2025-01-14,09:44,Clock In,No Exception
1739,2025-01-14,18:07,Clock Out,No Exception
1739,2025-01-15,06:07,Clock In,No Exception
1739,2025-01-15,13:55,Clock Out,No Exception
1739,2025-01-16,07:50,Clock In,No Exception
1739,2025-01-16,15:49,Clock Out,No Exception
1739,2025-01-17,09:21,Clock In,No Exception
1739,2025-01-17,18:01,Clock Out,No Exception
1739,2025-01-20,09:51,Clock In,No Exception
1739,2025-01-20,19:06,Clock Out,No Exception
1739,2025-01-21,09:20,Clock In,No Exception
1739,2025-01-21,17:31,Clock Out,No Exception
1739,2025-01-22,07:33,Clock In,No Exception
1739,2025-01-22,15:48,Clock Out,No Exception
1739,2025-01-23,09:07,Clock In,No Exception
1739,2025-01-23,17:46,Clock Out,No Exception
1739,2025-01-24,07:18,Clock In,No Exception
1739,2025-01-24,16:48,Clock Out,No Exception
1739,2025-01-27,07:37,Clock In,No Exception
1739,2025-01-27,16:55,Clock Out,No Exception
1739,2025-01-28,09:06,Clock In,No Exception
1739,2025-01-28,18:03,Clock Out,No Exception
1739,2025-01-29,08:11,Clock In,No Exception
1739,2025-01-29,16:04,Clock Out,No Exception
1739,2025-01-30,06:30,Clock In,No Exception
1739,2025-01-30,14:46,Clock Out,No Exception
1739,2025-01-31,07:57,Clock In,No Exception
1739,2025-01-31,15:40,Clock Out,No Exception
1739,2025-02-02,06:23,Clock In,No Exception
1739,2025-02-02,15:44,Clock Out,No Exception
1739,2025-02-03,08:27,Clock In,No Exception
1739,2025-02-03,16:15,Clock Out,No Exception
1739,2025-02-04,09:04,Clock In,No Exception
1739,2025-02-04,18:41,Clock Out,No Exception
1739,2025-02-05,06:27,Clock In,No Exception
1739,2025-02-05,14:00,Clock Out,No Exception
1739,2025-02-06,08:35,Clock In,No Exception
1739,2025-02-06,16:49,Clock Out,No Exception
1739,2025-02-07,09:18,Clock In,No Exception
1739,2025-02-07,18:19,Clock Out,No Exception
1739,2025-02-10,06:27,Clock In,No Exception
1739,2025-02-10,15:51,Clock Out,No Exception
1739,2025-02-11,09:51,Clock In,No Exception
1739,2025-02-11,18:53,Clock Out,No Exception
1739,2025-02-12,08:41,Clock In,No Exception
1739,2025-02-12,16:35,Clock Out,No Exception
1739,2025-02-13,07:05,Clock In,No Exception
1739,2025-02-13,15:32,Clock Out,No Exception
1739,2025-02-14,06:52,Clock In,No Exception
1739,2025-02-14,15:08,Clock Out,No Exception
1739,2025-02-17,06:23,Clock In,No Exception
1739,2025-02-17,14:30,Clock Out,No Exception
1739,2025-02-18,08:09,Clock In,No Exception
1739,2025-02-18,16:26,Clock Out,No Exception
1739,2025-02-19,08:37,Clock In,No Exception
1739,2025-02-19,18:06,Clock Out,No Exception
1739,2025-02-20,08:48,Clock In,No Exception
1739,2025-02-20,17:09,Clock Out,No Exception
1739,2025-02-21,07:34,Clock In,No Exception
1739,2025-02-21,16:13,Clock Out,No Exception
1739,2025-02-24,06:14,Clock In,No Exception
1739,2025-02-24,15:12,Clock Out,No Exception
1739,2025-02-25,08:03,Clock In,No Exception
1739,2025-02-25,15:48,Clock Out,No Exception
1739,2025-02-26,07:40,Clock In,No Exception
1739,2025-02-26,15:45,Clock Out,No Exception
1739,2025-02-27,08:42,Clock In,No Exception
1739,2025-02-27,17:27,Clock Out,No Exception
1739,2025-02-28,06:15,Clock In,No Exception
1739,2025-02-28,15:49,Clock Out,No Exception
2634,2025-01-01,07:07,Clock In,No Exception
2634,2025-01-01,16:12,Clock Out,No Exception
2634,2025-01-02,09:46,Clock In,No Exception
2634,2025-01-02,18:25,Clock Out,No Exception
2634,2025-01-03,08:31,Clock In,No Exception
2634,2025-01-03,16:44,Clock Out,No Exception
2634,2025-01-06,06:50,Clock In,No Exception
2634,2025-01-06,15:34,Clock Out,No Exception
2634,2025-01-07,06:38,Clock In,No Exception
2634,2025-01-07,15:41,Clock Out,No Exception
2634,2025-01-08,08:04,Clock In,No Exception
2634,2025-01-08,16:14,Clock Out,No Exception
2634,2025-01-09,09:43,Clock In,No Exception
2634,2025-01-09,19:14,Clock Out,No Exception
2634,2025-01-10,07:35,Clock In,No Exception
2634,2025-01-10,16:03,Clock Out,No Exception
2634,2025-01-13,09:31,Clock In,No Exception
2634,2025-01-13,19:22,Clock Out,No Exception
2634,2025-01-14,06:59,Clock In,No Exception
2634,2025-01-14,15:57,Clock Out,No Exception
2634,2025-01-15,06:24,Clock In,No Exception
2634,2025-01-15,16:19,Clock Out,No Exception
2634,2025-01-16,09:15,Clock In,No Exception
2634,2025-01-16,17:07,Clock Out,No Exception
2634,2025-01-17,08:07,Clock In,No Exception
2634,2025-01-17,16:35,Clock Out,No Exception
2634,2025-01-19,07:24,Clock In,No Exception
2634,2025-01-19,15:53,Clock Out,No Exception
2634,2025-01-20,09:01,Clock In,No Exception
2634,2025-01-20,18:50,Clock Out,No Exception
2634,2025-01-21,08:44,Clock In,No Exception
2634,2025-01-21,17:21,Clock Out,No Exception
2634,2025-01-22,08:34,Clock In,No Exception
2634,2025-01-22,17:45,Clock Out,No Exception
2634,2025-01-23,09:50,Clock In,No Exception
2634,2025-01-23,18:17,Clock Out,No Exception
2634,2025-01-24,06:59,Clock In,No Exception
2634,2025-01-24,14:50,Clock Out,No Exception
2634,2025-01-25,06:08,Clock In,No Exception
2634,2025-01-25,13:40,Clock Out,No Exception
2634,2025-01-27,09:19,Clock In,No Exception
2634,2025-01-27,17:47,Clock Out,No Exception
2634,2025-01-28,08:23,Clock In,No Exception
2634,2025-01-28,16:17,Clock Out,No Exception
2634,2025-01-29,08:37,Clock In,No Exception
2634,2025-01-29,18:03,Clock Out,No Exception
2634,2025-01-30,07:35,Clock In,No Exception
2634,2025-01-30,17:35,Clock Out,No Exception
2634,2025-01-31,07:58,Clock In,No Exception
2634,2025-01-31,17:36,Clock Out,No Exception
2634,2025-02-03,08:26,Clock In,No Exception
2634,2025-02-03,17:59,Clock Out,No Exception
2634,2025-02-04,09:09,Clock In,No Exception
2634,2025-02-04,16:59,Clock Out,No Exception
2634,2025-02-05,06:37,Clock In,No Exception
2634,2025-02-05,15:03,Clock Out,No Exception
2634,2025-02-06,09:42,Clock In,No Exception
2634,2025-02-06,18:56,Clock Out,No Exception
2634,2025-02-07,08:52,Clock In,No Exception
2634,2025-02-07,16:59,Clock Out,No Exception
2634,2025-02-10,07:24,Clock In,No Exception
2634,2025-02-10,15:40,Clock Out,No Exception
2634,2025-02-11,09:13,Clock In,No Exception
2634,2025-02-11,17:02,Clock Out,No Exception
2634,2025-02-12,07:38,Clock In,No Exception
2634,2025-02-12,15:13,Clock Out,No Exception
2634,2025-02-13,07:51,Clock In,No Exception
2634,2025-02-13,15:51,Clock Out,No Exception
2634,2025-02-14,07:49,Clock In,No Exception
2634,2025-02-14,16:49,Clock Out,No Exception
2634,2025-02-15,09:38,Clock In,No Exception
2634,2025-02-15,18:31,Clock Out,No Exception
2634,2025-02-17,08:31,Clock In,No Exception
2634,2025-02-17,17:08,Clock Out,No Exception
2634,2025-02-18,07:53,Clock In,No Exception
2634,2025-02-18,16:21,Clock Out,No Exception
2634,2025-02-19,08:59,Clock In,No Exception
2634,2025-02-19,18:22,Clock Out,No Exception
2634,2025-02-20,08:47,Clock In,No Exception
2634,2025-02-20,16:28,Clock Out,No Exception
2634,2025-02-21,08:07,Clock In,No Exception
2634,2025-02-21,17:52,Clock Out,No Exception
2634,2025-02-24,08:04,Clock In,No Exception
2634,2025-02-24,15:58,Clock Out,No Exception
2634,2025-02-25,07:00,Clock In,No Exception
2634,2025-02-25,16:33,Clock Out,No Exception
2634,2025-02-26,07:53,Clock In,No Exception
2634,2025-02-26,17:35,Clock Out,No Exception
2634,2025-02-27,08:31,Clock In,No Exception
2634,2025-02-27,18:10,Clock Out,No Exception
2634,2025-02-28,08:25,Clock In,No Exception
2634,2025-02-28,18:02,Clock Out,No Exception
1468,2025-01-01,06:40,Clock In,No Exception
1468,2025-01-01,16:05,Clock Out,No Exception
1468,2025-01-02,08:55,Clock In,No Exception
1468,2025-01-02,18:29,Clock Out,No Exception
1468,2025-01-03,09:40,Clock In,No Exception
1468,2025-01-03,17:17,Clock Out,No Exception
1468,2025-01-05,06:25,Clock In,No Exception
1468,2025-01-05,15:46,Clock Out,No Exception
1468,2025-01-06,06:19,Clock In,No Exception
1468,2025-01-06,14:45,Clock Out,No Exception
1468,2025-01-07,06:55,Clock In,No Exception
1468,2025-01-07,16:54,Clock Out,No Exception
1468,2025-01-08,09:02,Clock In,No Exception
1468,2025-01-08,18:31,Clock Out,No Exception
1468,2025-01-09,09:25,Clock In,No Exception
1468,2025-01-09,17:21,Clock Out,No Exception
1468,2025-01-10,06:25,Clock In,No Exception
1468,2025-01-10,14:22,Clock Out,No Exception
1468,2025-01-11,09:37,Clock In,No Exception
1468,2025-01-11,19:11,Clock Out,No Exception
1468,2025-01-13,07:08,Clock In,No Exception
1468,2025-01-13,15:55,Clock Out,No Exception
1468,2025-01-14,06:13,Clock In,No Exception
1468,2025-01-14,15:37,Clock Out,No Exception
1468,2025-01-15,08:02,Clock In,No Exception
1468,2025-01-15,17:32,Clock Out,No Exception
1468,2025-01-16,08:23,Clock In,No Exception
1468,2025-01-16,16:06,Clock Out,No Exception
1468,2025-01-17,06:10,Clock In,No Exception
1468,2025-01-17,15:57,Clock Out,No Exception
1468,2025-01-20,09:59,Clock In,No Exception
1468,2025-01-20,17:34,Clock Out,No Exception
1468,2025-01-21,06:10,Clock In,No Exception
1468,2025-01-21,13:42,Clock Out,No Exception
1468,2025-01-22,08:49,Clock In,No Exception
1468,2025-01-22,17:49,Clock Out,No Exception
1468,2025-01-23,08:42,Clock In,No Exception
1468,2025-01-23,17:15,Clock Out,No Exception
1468,2025-01-24,09:49,Clock In,No Exception
1468,2025-01-24,18:41,Clock Out,No Exception
1468,2025-01-25,07:57,Clock In,No Exception
1468,2025-01-25,15:57,Clock Out,No Exception
1468,2025-01-26,07:44,Clock In,No Exception
1468,2025-01-26,16:04,Clock Out,No Exception
1468,2025-01-27,07:03,Clock In,No Exception
1468,2025-01-27,16:07,Clock Out,No Exception
1468,2025-01-28,08:41,Clock In,No Exception
1468,2025-01-28,16:51,Clock Out,No Exception
1468,2025-01-29,08:42,Clock In,No Exception
1468,2025-01-29,16:50,Clock Out,No Exception
1468,2025-01-30,08:07,Clock In,No Exception
1468,2025-01-30,16:39,Clock Out,No Exception
1468,2025-01-31,08:41,Clock In,No Exception
1468,2025-01-31,18:25,Clock Out,No Exception
1468,2025-02-03,09:04,Clock In,No Exception
1468,2025-02-03,17:43,Clock Out,No Exception
1468,2025-02-04,09:21,Clock In,No Exception
1468,2025-02-04,17:40,Clock Out,No Exception
1468,2025-02-05,08:50,Clock In,No Exception
1468,2025-02-05,17:00,Clock Out,No Exception
1468,2025-02-06,06:59,Clock In,No Exception
1468,2025-02-06,16:44,Clock Out,No Exception
1468,2025-02-07,08:16,Clock In,No Exception
1468,2025-02-07,15:55,Clock Out,No Exception
1468,2025-02-10,06:44,Clock In,No Exception
1468,2025-02-10,15:04,Clock Out,No Exception
1468,2025-02-11,06:13,Clock In,No Exception
1468,2025-02-11,15:12,Clock Out,No Exception
1468,2025-02-12,09:13,Clock In,No Exception
1468,2025-02-12,18:46,Clock Out,No Exception
1468,2025-02-13,08:50,Clock In,No Exception
1468,2025-02-13,17:22,Clock Out,No Exception
1468,2025-02-14,07:00,Clock In,No Exception
1468,2025-02-14,14:35,Clock Out,No Exception
1468,2025-02-15,09:27,Clock In,No Exception
1468,2025-02-15,16:57,Clock Out,No Exception
1468,2025-02-16,09:16,Clock In,No Exception
1468,2025-02-16,17:14,Clock Out,No Exception
1468,2025-02-17,06:38,Clock In,No Exception
1468,2025-02-17,14:33,Clock Out,No Exception
1468,2025-02-18,07:09,Clock In,No Exception
1468,2025-02-18,16:46,Clock Out,No Exception
1468,2025-02-19,09:51,Clock In,No Exception
1468,2025-02-19,18:47,Clock Out,No Exception
1468,2025-02-20,09:42,Clock In,No Exception
1468,2025-02-20,18:42,Clock Out,No Exception
1468,2025-02-21,07:29,Clock In,No Exception
1468,2025-02-21,16:43,Clock Out,No Exception
1468,2025-02-24,06:33,Clock In,No Exception
1468,2025-02-24,14:05,Clock Out,No Exception
1468,2025-02-25,08:09,Clock In,No Exception
1468,2025-02-25,17:21,Clock Out,No Exception
1468,2025-02-26,07:31,Clock In,No Exception
1468,2025-02-26,17:30,Clock Out,No Exception
1468,2025-02-27,08:46,Clock In,No Exception
1468,2025-02-27,17:55,Clock Out,No Exception
1468,2025-02-28,06:28,Clock In,No Exception
1468,2025-02-28,16:16,Clock Out,No Exception
2530,2025-01-01,07:58,Clock In,No Exception
2530,2025-01-01,16:47,Clock Out,No Exception
2530,2025-01-02,06:05,Clock In,No Exception
2530,2025-01-02,15:28,Clock Out,No Exception
2530,2025-01-03,06:04,Clock In,No Exception
2530,2025-01-03,15:18,Clock Out,No Exception
2530,2025-01-06,06:08,Clock In,No Exception
2530,2025-01-06,14:19,Clock Out,No Exception
2530,2025-01-07,07:58,Clock In,No Exception
2530,2025-01-07,16:01,Clock Out,No Exception
2530,2025-01-08,09:10,Clock In,No Exception
2530,2025-01-08,17:33,Clock Out,No Exception
2530,2025-01-09,07:54,Clock In,No Exception
2530,2025-01-09,16:53,Clock Out,No Exception
2530,2025-01-10,07:44,Clock In,No Exception
2530,2025-01-10,15:29,Clock Out,No Exception
2530,2025-01-13,06:37,Clock In,No Exception
2530,2025-01-13,14:08,Clock Out,No Exception
2530,2025-01-14,07:32,Clock In,No Exception
2530,2025-01-14,16:44,Clock Out,No Exception
2530,2025-01-15,09:21,Clock In,No Exception
2530,2025-01-15,17:20,Clock Out,No Exception
2530,2025-01-16,06:33,Clock In,No Exception
2530,2025-01-16,15:55,Clock Out,No Exception
2530,2025-01-17,07:52,Clock In,No Exception
2530,2025-01-17,15:43,Clock Out,No Exception
2530,2025-01-20,08:19,Clock In,No Exception
2530,2025-01-20,15:55,Clock Out,No Exception
2530,2025-01-21,09:36,Clock In,No Exception
2530,2025-01-21,18:36,Clock Out,No Exception
2530,2025-01-22,09:25,Clock In,No Exception
2530,2025-01-22,18:54,Clock Out,No Exception
2530,2025-01-23,06:16,Clock In,No Exception
2530,2025-01-23,14:23,Clock Out,No Exception
2530,2025-01-24,06:23,Clock In,No Exception
2530,2025-01-24,13:54,Clock Out,No Exception
2530,2025-01-26,09:25,Clock In,No Exception
2530,2025-01-26,17:04,Clock Out,No Exception
2530,2025-01-27,06:24,Clock In,No Exception
2530,2025-01-27,15:56,Clock Out,No Exception
2530,2025-01-28,07:15,Clock In,No Exception
2530,2025-01-28,16:24,Clock Out,No Exception
2530,2025-01-29,09:31,Clock In,No Exception
2530,2025-01-29,17:25,Clock Out,No Exception
2530,2025-01-30,08:15,Clock In,No Exception
2530,2025-01-30,17:45,Clock Out,No Exception
2530,2025-01-31,07:01,Clock In,No Exception
2530,2025-01-31,15:23,Clock Out,No Exception
2530,2025-02-03,07:47,Clock In,No Exception
2530,2025-02-03,15:35,Clock Out,No Exception
2530,2025-02-04,09:47,Clock In,No Exception
2530,2025-02-04,17:33,Clock Out,No Exception
2530,2025-02-05,08:21,Clock In,No Exception
2530,2025-02-05,17:28,Clock Out,No Exception
2530,2025-02-06,06:20,Clock In,No Exception
2530,2025-02-06,14:16,Clock Out,No Exception
2530,2025-02-07,08:46,Clock In,No Exception
2530,2025-02-07,16:58,Clock Out,No Exception
2530,2025-02-09,07:02,Clock In,No Exception
2530,2025-02-09,15:50,Clock Out,No Exception
2530,2025-02-10,08:09,Clock In,No Exception
2530,2025-02-10,17:42,Clock Out,No Exception
2530,2025-02-11,09:35,Clock In,No Exception
2530,2025-02-11,18:55,Clock Out,No Exception
2530,2025-02-12,09:57,Clock In,No Exception
2530,2025-02-12,18:59,Clock Out,No Exception
2530,2025-02-13,08:25,Clock In,No Exception
2530,2025-02-13,16:04,Clock Out,No Exception
2530,2025-02-14,09:25,Clock In,No Exception
2530,2025-02-14,18:21,Clock Out,No Exception
2530,2025-02-17,08:17,Clock In,No Exception
2530,2025-02-17,18:08,Clock Out,No Exception
2530,2025-02-18,06:56,Clock In,No Exception
2530,2025-02-18,15:23,Clock Out,No Exception
2530,2025-02-19,06:08,Clock In,No Exception
2530,2025-02-19,15:16,Clock Out,No Exception
2530,2025-02-20,06:00,Clock In,No Exception
2530,2025-02-20,14:34,Clock Out,No Exception
2530,2025-02-21,08:28,Clock In,No Exception
2530,2025-02-21,16:04,Clock Out,No Exception
2530,2025-02-22,06:26,Clock In,No Exception
2530,2025-02-22,15:31,Clock Out,No Exception
2530,2025-02-24,06:15,Clock In,No Exception
2530,2025-02-24,14:41,Clock Out,No Exception
2530,2025-02-25,06:24,Clock In,No Exception
2530,2025-02-25,16:23,Clock Out,No Exception
2530,2025-02-26,07:59,Clock In,No Exception
2530,2025-02-26,16:39,Clock Out,No Exception
2530,2025-02-27,07:24,Clock In,No Exception
2530,2025-02-27,17:13,Clock Out,No Exception
2530,2025-02-28,09:59,Clock In,No Exception
2530,2025-02-28,19:43,Clock Out,No Exception
1813,2025-01-01,07:12,Clock In,No Exception
1813,2025-01-01,16:03,Clock Out,No Exception
1813,2025-01-02,09:29,Clock In,No Exception
1813,2025-01-02,18:37,Clock Out,No Exception
1813,2025-01-03,06:16,Clock In,No Exception
1813,2025-01-03,14:31,Clock Out,No Exception
1813,2025-01-04,09:49,Clock In,No Exception
1813,2025-01-04,19:03,Clock Out,No Exception
1813,2025-01-06,06:56,Clock In,No Exception
1813,2025-01-06,15:27,Clock Out,No Exception
1813,2025-01-07,06:27,Clock In,No Exception
1813,2025-01-07,14:03,Clock Out,No Exception
1813,2025-01-08,09:19,Clock In,No Exception
1813,2025-01-08,19:12,Clock Out,No Exception
1813,2025-01-09,07:20,Clock In,No Exception
1813,2025-01-09,15:37,Clock Out,No Exception
1813,2025-01-10,06:01,Clock In,No Exception
1813,2025-01-10,14:24,Clock Out,No Exception
1813,2025-01-13,08:03,Clock In,No Exception
1813,2025-01-13,16:40,Clock Out,No Exception
1813,2025-01-14,08:57,Clock In,No Exception
1813,2025-01-14,17:45,Clock Out,No Exception
1813,2025-01-15,06:54,Clock In,No Exception
1813,2025-01-15,15:08,Clock Out,No Exception
1813,2025-01-16,08:29,Clock In,No Exception
1813,2025-01-16,17:52,Clock Out,No Exception
1813,2025-01-17,09:54,Clock In,No Exception
1813,2025-01-17,19:28,Clock Out,No Exception
1813,2025-01-20,06:28,Clock In,No Exception
1813,2025-01-20,14:43,Clock Out,No Exception
1813,2025-01-21,07:26,Clock In,No Exception
1813,2025-01-21,16:27,Clock Out,No Exception
1813,2025-01-22,08:38,Clock In,No Exception
1813,2025-01-22,18:33,Clock Out,No Exception
1813,2025-01-23,07:28,Clock In,No Exception
1813,2025-01-23,17:10,Clock Out,No Exception
1813,2025-01-24,06:21,Clock In,No Exception
1813,2025-01-24,16:06,Clock Out,No Exception
1813,2025-01-25,07:35,Clock In,No Exception
1813,2025-01-25,17:10,Clock Out,No Exception
1813,2025-01-27,09:42,Clock In,No Exception
1813,2025-01-27,19:24,Clock Out,No Exception
1813,2025-01-28,07:03,Clock In,No Exception
1813,2025-01-28,16:53,Clock Out,No Exception
1813,2025-01-29,08:11,Clock In,No Exception
1813,2025-01-29,16:31,Clock Out,No Exception
1813,2025-01-30,06:04,Clock In,No Exception
1813,2025-01-30,15:17,Clock Out,No Exception
1813,2025-01-31,09:45,Clock In,No Exception
1813,2025-01-31,17:54,Clock Out,No Exception
1813,2025-02-03,09:28,Clock In,No Exception
1813,2025-02-03,18:50,Clock Out,No Exception
1813,2025-02-04,06:54,Clock In,No Exception
1813,2025-02-04,15:51,Clock Out,No Exception
1813,2025-02-05,08:54,Clock In,No Exception
1813,2025-02-05,17:41,Clock Out,No Exception
1813,2025-02-06,08:55,Clock In,No Exception
1813,2025-02-06,18:02,Clock Out,No Exception
1813,2025-02-07,09:54,Clock In,No Exception
1813,2025-02-07,18:33,Clock Out,No Exception
1813,2025-02-08,08:29,Clock In,No Exception
1813,2025-02-08,18:27,Clock Out,No Exception
1813,2025-02-10,09:04,Clock In,No Exception
1813,2025-02-10,17:05,Clock Out,No Exception
1813,2025-02-11,06:23,Clock In,No Exception
1813,2025-02-11,15:34,Clock Out,No Exception
1813,2025-02-12,08:11,Clock In,No Exception
1813,2025-02-12,16:14,Clock Out,No Exception
1813,2025-02-13,07:35,Clock In,No Exception
1813,2025-02-13,16:13,Clock Out,No Exception
1813,2025-02-14,07:02,Clock In,No Exception
1813,2025-02-14,16:52,Clock Out,No Exception
1813,2025-02-15,09:15,Clock In,No Exception
1813,2025-02-15,19:02,Clock Out,No Exception
1813,2025-02-16,07:03,Clock In,No Exception
1813,2025-02-16,16:08,Clock Out,No Exception
1813,2025-02-17,08:29,Clock In,No Exception
1813,2025-02-17,17:10,Clock Out,No Exception
1813,2025-02-18,09:26,Clock In,No Exception
1813,2025-02-18,19:00,Clock Out,No Exception
1813,2025-02-19,07:56,Clock In,No Exception
1813,2025-02-19,17:31,Clock Out,No Exception
1813,2025-02-20,07:02,Clock In,No Exception
1813,2025-02-20,16:41,Clock Out,No Exception
1813,2025-02-21,08:34,Clock In,No Exception
1813,2025-02-21,16:19,Clock Out,No Exception
1813,2025-02-23,08:17,Clock In,No Exception
1813,2025-02-23,17:40,Clock Out,No Exception
1813,2025-02-24,08:09,Clock In,No Exception
1813,2025-02-24,17:53,Clock Out,No Exception
1813,2025-02-25,06:05,Clock In,No Exception
1813,2025-02-25,15:44,Clock Out,No Exception
1813,2025-02-26,06:00,Clock In,No Exception
1813,2025-02-26,13:49,Clock Out,No Exception
1813,2025-02-27,08:17,Clock In,No Exception
1813,2025-02-27,18:12,Clock Out,No Exception
1813,2025-02-28,07:14,Clock In,No Exception
1813,2025-02-28,15:14,Clock Out,No Exception
2666,2025-01-01,08:16,Clock In,No Exception
2666,2025-01-01,17:16,Clock Out,No Exception
2666,2025-01-02,07:02,Clock In,No Exception
2666,2025-01-02,15:23,Clock Out,No Exception
2666,2025-01-03,09:54,Clock In,No Exception
2666,2025-01-03,17:47,Clock Out,No Exception
2666,2025-01-04,06:44,Clock In,No Exception
2666,2025-01-04,14:52,Clock Out,No Exception
2666,2025-01-06,09:04,Clock In,No Exception
2666,2025-01-06,16:55,Clock Out,No Exception
2666,2025-01-07,08:28,Clock In,No Exception
2666,2025-01-07,16:16,Clock Out,No Exception
2666,2025-01-08,07:04,Clock In,No Exception
2666,2025-01-08,16:17,Clock Out,No Exception
2666,2025-01-09,09:14,Clock In,No Exception
2666,2025-01-09,18:18,Clock Out,No Exception
2666,2025-01-10,07:54,Clock In,No Exception
2666,2025-01-10,17:45,Clock Out,No Exception
2666,2025-01-11,06:28,Clock In,No Exception
2666,2025-01-11,16:26,Clock Out,No Exception
2666,2025-01-12,07:38,Clock In,No Exception
2666,2025-01-12,15:54,Clock Out,No Exception
2666,2025-01-13,06:59,Clock In,No Exception
2666,2025-01-13,14:38,Clock Out,No Exception
2666,2025-01-14,07:05,Clock In,No Exception
2666,2025-01-14,16:02,Clock Out,No Exception
2666,2025-01-15,06:23,Clock In,No Exception
2666,2025-01-15,14:01,Clock Out,No Exception
2666,2025-01-16,08:25,Clock In,No Exception
2666,2025-01-16,18:08,Clock Out,No Exception
2666,2025-01-17,09:59,Clock In,No Exception
2666,2025-01-17,19:30,Clock Out,No Exception
2666,2025-01-20,07:26,Clock In,No Exception
2666,2025-01-20,15:22,Clock Out,No Exception
2666,2025-01-21,07:55,Clock In,No Exception
2666,2025-01-21,16:46,Clock Out,No Exception
2666,2025-01-22,07:56,Clock In,No Exception
2666,2025-01-22,16:57,Clock Out,No Exception
2666,2025-01-23,08:22,Clock In,No Exception
2666,2025-01-23,18:16,Clock Out,No Exception
2666,2025-01-24,06:31,Clock In,No Exception
2666,2025-01-24,15:47,Clock Out,No Exception
2666,2025-01-27,07:56,Clock In,No Exception
2666,2025-01-27,16:28,Clock Out,No Exception
2666,2025-01-28,08:43,Clock In,No Exception
2666,2025-01-28,16:30,Clock Out,No Exception
2666,2025-01-29,07:16,Clock In,No Exception
2666,2025-01-29,17:08,Clock Out,No Exception
2666,2025-01-30,09:54,Clock In,No Exception
2666,2025-01-30,19:40,Clock Out,No Exception
2666,2025-01-31,08:58,Clock In,No Exception
2666,2025-01-31,17:27,Clock Out,No Exception
2666,2025-02-03,09:43,Clock In,No Exception
2666,2025-02-03,18:30,Clock Out,No Exception
2666,2025-02-04,07:50,Clock In,No Exception
2666,2025-02-04,15:32,Clock Out,No Exception
2666,2025-02-05,07:00,Clock In,No Exception
2666,2025-02-05,16:36,Clock Out,No Exception
2666,2025-02-06,08:38,Clock In,No Exception
2666,2025-02-06,18:21,Clock Out,No Exception
2666,2025-02-07,09:17,Clock In,No Exception
2666,2025-02-07,18:32,Clock Out,No Exception
2666,2025-02-09,06:39,Clock In,No Exception
2666,2025-02-09,14:26,Clock Out,No Exception
2666,2025-02-10,08:56,Clock In,No Exception
2666,2025-02-10,16:51,Clock Out,No Exception
2666,2025-02-11,06:53,Clock In,No Exception
2666,2025-02-11,14:59,Clock Out,No Exception
2666,2025-02-12,07:12,Clock In,No Exception
2666,2025-02-12,16:47,Clock Out,No Exception
2666,2025-02-13,09:51,Clock In,No Exception
2666,2025-02-13,19:08,Clock Out,No Exception
2666,2025-02-14,08:41,Clock In,No Exception
2666,2025-02-14,18:34,Clock Out,No Exception
2666,2025-02-16,06:55,Clock In,No Exception
2666,2025-02-16,16:28,Clock Out,No Exception
2666,2025-02-17,09:02,Clock In,No Exception
2666,2025-02-17,16:45,Clock Out,No Exception
2666,2025-02-18,07:19,Clock In,No Exception
2666,2025-02-18,15:10,Clock Out,No Exception
2666,2025-02-19,09:18,Clock In,No Exception
2666,2025-02-19,19:02,Clock Out,No Exception
2666,2025-02-20,09:26,Clock In,No Exception
2666,2025-02-20,19:05,Clock Out,No Exception
2666,2025-02-21,09:49,Clock In,No Exception
2666,2025-02-21,17:32,Clock Out,No Exception
2666,2025-02-24,07:02,Clock In,No Exception
2666,2025-02-24,15:39,Clock Out,No Exception
2666,2025-02-25,08:57,Clock In,No Exception
2666,2025-02-25,17:37,Clock Out,No Exception
2666,2025-02-26,07:44,Clock In,No Exception
2666,2025-02-26,17:00,Clock Out,No Exception
2666,2025-02-27,07:26,Clock In,No Exception
2666,2025-02-27,17:18,Clock Out,No Exception
2666,2025-02-28,09:46,Clock In,No Exception
2666,2025-02-28,19:45,Clock Out,No Exception
3972,2025-01-01,09:53,Clock In,No Exception
3972,2025-01-01,17:40,Clock Out,No Exception
3972,2025-01-02,09:27,Clock In,No Exception
3972,2025-01-02,16:59,Clock Out,No Exception
3972,2025-01-03,09:48,Clock In,No Exception
3972,2025-01-03,18:08,Clock Out,No Exception
3972,2025-01-04,07:40,Clock In,No Exception
3972,2025-01-04,16:41,Clock Out,No Exception
3972,2025-01-06,06:43,Clock In,No Exception
3972,2025-01-06,14:41,Clock Out,No Exception
3972,2025-01-07,06:55,Clock In,No Exception
3972,2025-01-07,15:10,Clock Out,No Exception
3972,2025-01-08,08:08,Clock In,No Exception
3972,2025-01-08,16:43,Clock Out,No Exception
3972,2025-01-09,08:48,Clock In,No Exception
3972,2025-01-09,17:47,Clock Out,No Exception
3972,2025-01-10,07:54,Clock In,No Exception
3972,2025-01-10,16:45,Clock Out,No Exception
3972,2025-01-13,09:46,Clock In,No Exception
3972,2025-01-13,18:37,Clock Out,No Exception
3972,2025-01-14,09:53,Clock In,No Exception
3972,2025-01-14,19:32,Clock Out,No Exception
3972,2025-01-15,08:43,Clock In,No Exception
3972,2025-01-15,16:16,Clock Out,No Exception
3972,2025-01-16,08:44,Clock In,No Exception
3972,2025-01-16,16:40,Clock Out,No Exception
3972,2025-01-17,06:07,Clock In,No Exception
3972,2025-01-17,15:39,Clock Out,No Exception
3972,2025-01-20,08:23,Clock In,No Exception
3972,2025-01-20,17:09,Clock Out,No Exception
3972,2025-01-21,09:31,Clock In,No Exception
3972,2025-01-21,18:50,Clock Out,No Exception
3972,2025-01-22,06:32,Clock In,No Exception
3972,2025-01-22,16:01,Clock Out,No Exception
3972,2025-01-23,06:25,Clock In,No Exception
3972,2025-01-23,16:23,Clock Out,No Exception
3972,2025-01-24,07:46,Clock In,No Exception
3972,2025-01-24,16:12,Clock Out,No Exception
3972,2025-01-27,09:28,Clock In,No Exception
3972,2025-01-27,17:54,Clock Out,No Exception
3972,2025-01-28,08:04,Clock In,No Exception
3972,2025-01-28,16:14,Clock Out,No Exception
3972,2025-01-29,06:29,Clock In,No Exception
3972,2025-01-29,14:55,Clock Out,No Exception
3972,2025-01-30,08:16,Clock In,No Exception
3972,2025-01-30,16:38,Clock Out,No Exception
3972,2025-01-31,07:20,Clock In,No Exception
3972,2025-01-31,16:22,Clock Out,No Exception
3972,2025-02-03,09:04,Clock In,No Exception
3972,2025-02-03,17:46,Clock Out,No Exception
3972,2025-02-04,07:00,Clock In,No Exception
3972,2025-02-04,16:32,Clock Out,No Exception
3972,2025-02-05,09:18,Clock In,No Exception
3972,2025-02-05,19:02,Clock Out,No Exception
3972,2025-02-06,07:27,Clock In,No Exception
3972,2025-02-06,15:05,Clock Out,No Exception
3972,2025-02-07,08:27,Clock In,No Exception
3972,2025-02-07,16:37,Clock Out,No Exception
3972,2025-02-09,08:23,Clock In,No Exception
3972,2025-02-09,16:15,Clock Out,No Exception
3972,2025-02-10,07:34,Clock In,No Exception
3972,2025-02-10,15:30,Clock Out,No Exception
3972,2025-02-11,08:37,Clock In,No Exception
3972,2025-02-11,17:51,Clock Out,No Exception
3972,2025-02-12,07:52,Clock In,No Exception
3972,2025-02-12,17:12,Clock Out,No Exception
3972,2025-02-13,09:05,Clock In,No Exception
3972,2025-02-13,19:05,Clock Out,No Exception
3972,2025-02-14,06:13,Clock In,No Exception
3972,2025-02-14,14:06,Clock Out,No Exception
3972,2025-02-15,08:02,Clock In,No Exception
3972,2025-02-15,15:50,Clock Out,No Exception
3972,2025-02-17,06:53,Clock In,No Exception
3972,2025-02-17,14:32,Clock Out,No Exception
3972,2025-02-18,06:55,Clock In,No Exception
3972,2025-02-18,15:37,Clock Out,No Exception
3972,2025-02-19,09:37,Clock In,No Exception
3972,2025-02-19,19:29,Clock Out,No Exception
3972,2025-02-20,07:41,Clock In,No Exception
3972,2025-02-20,16:49,Clock Out,No Exception
3972,2025-02-21,09:54,Clock In,No Exception
3972,2025-02-21,18:20,Clock Out,No Exception
3972,2025-02-24,09:52,Clock In,No Exception
3972,2025-02-24,17:29,Clock Out,No Exception
3972,2025-02-25,06:20,Clock In,No Exception
3972,2025-02-25,13:59,Clock Out,No Exception
3972,2025-02-26,07:49,Clock In,No Exception
3972,2025-02-26,16:45,Clock Out,No Exception
3972,2025-02-27,07:53,Clock In,No Exception
3972,2025-02-27,17:39,Clock Out,No Exception
3972,2025-02-28,06:46,Clock In,No Exception
3972,2025-02-28,15:26,Clock Out,No Exception
1989,2025-01-01,08:05,Clock In,No Exception
1989,2025-01-01,15:47,Clock Out,No Exception
1989,2025-01-02,06:10,Clock In,No Exception
1989,2025-01-02,14:54,Clock Out,No Exception
1989,2025-01-03,08:50,Clock In,No Exception
1989,2025-01-03,18:11,Clock Out,No Exception
1989,2025-01-06,09:56,Clock In,No Exception
1989,2025-01-06,17:41,Clock Out,No Exception
1989,2025-01-07,09:59,Clock In,No Exception
1989,2025-01-07,17:54,Clock Out,No Exception
1989,2025-01-08,07:14,Clock In,No Exception
1989,2025-01-08,15:53,Clock Out,No Exception
1989,2025-01-09,06:12,Clock In,No Exception
1989,2025-01-09,15:33,Clock Out,No Exception
1989,2025-01-10,06:37,Clock In,No Exception
1989,2025-01-10,15:47,Clock Out,No Exception
1989,2025-01-11,06:02,Clock In,No Exception
1989,2025-01-11,15:41,Clock Out,No Exception
1989,2025-01-13,06:37,Clock In,No Exception
1989,2025-01-13,16:21,Clock Out,No Exception
1989,2025-01-14,07:01,Clock In,No Exception
1989,2025-01-14,15:34,Clock Out,No Exception
1989,2025-01-15,06:22,Clock In,No Exception
1989,2025-01-15,16:15,Clock Out,No Exception
1989,2025-01-16,07:07,Clock In,No Exception
1989,2025-01-16,14:38,Clock Out,No Exception
1989,2025-01-17,07:27,Clock In,No Exception
1989,2025-01-17,15:57,Clock Out,No Exception
1989,2025-01-18,06:08,Clock In,No Exception
1989,2025-01-18,13:48,Clock Out,No Exception
1989,2025-01-20,08:52,Clock In,No Exception
1989,2025-01-20,16:54,Clock Out,No Exception
1989,2025-01-21,09:49,Clock In,No Exception
1989,2025-01-21,19:22,Clock Out,No Exception
1989,2025-01-22,09:10,Clock In,No Exception
1989,2025-01-22,17:41,Clock Out,No Exception
1989,2025-01-23,08:45,Clock In,No Exception
1989,2025-01-23,18:09,Clock Out,No Exception
1989,2025-01-24,07:44,Clock In,No Exception
1989,2025-01-24,17:24,Clock Out,No Exception
1989,2025-01-27,07:58,Clock In,No Exception
1989,2025-01-27,17:09,Clock Out,No Exception
1989,2025-01-28,06:48,Clock In,No Exception
1989,2025-01-28,16:19,Clock Out,No Exception
1989,2025-01-29,06:04,Clock In,No Exception
1989,2025-01-29,14:39,Clock Out,No Exception
1989,2025-01-30,09:00,Clock In,No Exception
1989,2025-01-30,16:45,Clock Out,No Exception
1989,2025-01-31,07:56,Clock In,No Exception
1989,2025-01-31,16:28,Clock Out,No Exception
1989,2025-02-03,09:17,Clock In,No Exception
1989,2025-02-03,17:19,Clock Out,No Exception
1989,2025-02-04,07:52,Clock In,No Exception
1989,2025-02-04,16:00,Clock Out,No Exception
1989,2025-02-05,09:35,Clock In,No Exception
1989,2025-02-05,18:30,Clock Out,No Exception
1989,2025-02-06,07:40,Clock In,No Exception
1989,2025-02-06,15:45,Clock Out,No Exception
1989,2025-02-07,07:19,Clock In,No Exception
1989,2025-02-07,17:17,Clock Out,No Exception
1989,2025-02-08,08:01,Clock In,No Exception
1989,2025-02-08,17:31,Clock Out,No Exception
1989,2025-02-10,06:47,Clock In,No Exception
1989,2025-02-10,14:22,Clock Out,No Exception
1989,2025-02-11,08:34,Clock In,No Exception
1989,2025-02-11,18:04,Clock Out,No Exception
1989,2025-02-12,08:18,Clock In,No Exception
1989,2025-02-12,16:32,Clock Out,No Exception
1989,2025-02-13,06:17,Clock In,No Exception
1989,2025-02-13,14:03,Clock Out,No Exception
1989,2025-02-14,08:56,Clock In,No Exception
1989,2025-02-14,17:05,Clock Out,No Exception
1989,2025-02-17,06:12,Clock In,No Exception
1989,2025-02-17,15:41,Clock Out,No Exception
1989,2025-02-18,08:40,Clock In,No Exception
1989,2025-02-18,16:20,Clock Out,No Exception
1989,2025-02-19,09:09,Clock In,No Exception
1989,2025-02-19,17:20,Clock Out,No Exception
1989,2025-02-20,06:52,Clock In,No Exception
1989,2025-02-20,15:17,Clock Out,No Exception
1989,2025-02-21,07:07,Clock In,No Exception
1989,2025-02-21,16:00,Clock Out,No Exception
1989,2025-02-22,09:44,Clock In,No Exception
1989,2025-02-22,18:18,Clock Out,No Exception
1989,2025-02-24,07:23,Clock In,No Exception
1989,2025-02-24,15:46,Clock Out,No Exception
1989,2025-02-25,08:46,Clock In,No Exception
1989,2025-02-25,16:30,Clock Out,No Exception
1989,2025-02-26,08:30,Clock In,No Exception
1989,2025-02-26,18:12,Clock Out,No Exception
1989,2025-02-27,06:07,Clock In,No Exception
1989,2025-02-27,14:46,Clock Out,No Exception
1989,2025-02-28,06:05,Clock In,No Exception
1989,2025-02-28,14:52,Clock Out,No Exception
1989,2025-03-01,08:04,Clock In,No Exception
1989,2025-03-01,17:29,Clock Out,No Exception
3795,2025-01-01,09:10,Clock In,No Exception
3795,2025-01-01,18:37,Clock Out,No Exception
3795,2025-01-02,08:30,Clock In,No Exception
3795,2025-01-02,16:06,Clock Out,No Exception
3795,2025-01-03,06:41,Clock In,No Exception
3795,2025-01-03,14:30,Clock Out,No Exception
3795,2025-01-06,07:32,Clock In,No Exception
3795,2025-01-06,15:49,Clock Out,No Exception
3795,2025-01-07,08:48,Clock In,No Exception
3795,2025-01-07,16:22,Clock Out,No Exception
3795,2025-01-08,08:53,Clock In,No Exception
3795,2025-01-08,17:11,Clock Out,No Exception
3795,2025-01-09,09:41,Clock In,No Exception
3795,2025-01-09,19:24,Clock Out,No Exception
3795,2025-01-10,09:45,Clock In,No Exception
3795,2025-01-10,19:31,Clock Out,No Exception
3795,2025-01-13,06:44,Clock In,No Exception
3795,2025-01-13,15:19,Clock Out,No Exception
3795,2025-01-14,08:42,Clock In,No Exception
3795,2025-01-14,17:03,Clock Out,No Exception
3795,2025-01-15,09:12,Clock In,No Exception
3795,2025-01-15,16:53,Clock Out,No Exception
3795,2025-01-16,09:01,Clock In,No Exception
3795,2025-01-16,17:45,Clock Out,No Exception
3795,2025-01-17,07:00,Clock In,No Exception
3795,2025-01-17,14:31,Clock Out,No Exception
3795,2025-01-20,09:49,Clock In,No Exception
3795,2025-01-20,19:30,Clock Out,No Exception
3795,2025-01-21,08:10,Clock In,No Exception
3795,2025-01-21,17:03,Clock Out,No Exception
3795,2025-01-22,06:29,Clock In,No Exception
3795,2025-01-22,16:21,Clock Out,No Exception
3795,2025-01-23,08:53,Clock In,No Exception
3795,2025-01-23,17:17,Clock Out,No Exception
3795,2025-01-24,09:14,Clock In,No Exception
3795,2025-01-24,19:04,Clock Out,No Exception
3795,2025-01-26,06:28,Clock In,No Exception
3795,2025-01-26,16:21,Clock Out,No Exception
3795,2025-01-27,07:58,Clock In,No Exception
3795,2025-01-27,16:57,Clock Out,No Exception
3795,2025-01-28,07:43,Clock In,No Exception
3795,2025-01-28,16:42,Clock Out,No Exception
3795,2025-01-29,06:32,Clock In,No Exception
3795,2025-01-29,15:25,Clock Out,No Exception
3795,2025-01-30,09:52,Clock In,No Exception
3795,2025-01-30,17:41,Clock Out,No Exception
3795,2025-01-31,06:11,Clock In,No Exception
3795,2025-01-31,14:00,Clock Out,No Exception
3795,2025-02-03,09:26,Clock In,No Exception
3795,2025-02-03,19:07,Clock Out,No Exception
3795,2025-02-04,07:25,Clock In,No Exception
3795,2025-02-04,16:04,Clock Out,No Exception
3795,2025-02-05,06:52,Clock In,No Exception
3795,2025-02-05,14:35,Clock Out,No Exception
3795,2025-02-06,06:23,Clock In,No Exception
3795,2025-02-06,14:33,Clock Out,No Exception
3795,2025-02-07,06:18,Clock In,No Exception
3795,2025-02-07,16:07,Clock Out,No Exception
3795,2025-02-08,06:03,Clock In,No Exception
3795,2025-02-08,13:51,Clock Out,No Exception
3795,2025-02-10,06:42,Clock In,No Exception
3795,2025-02-10,15:07,Clock Out,No Exception
3795,2025-02-11,06:26,Clock In,No Exception
3795,2025-02-11,14:15,Clock Out,No Exception
3795,2025-02-12,08:39,Clock In,No Exception
3795,2025-02-12,17:58,Clock Out,No Exception
3795,2025-02-13,08:11,Clock In,No Exception
3795,2025-02-13,18:02,Clock Out,No Exception
3795,2025-02-14,09:39,Clock In,No Exception
3795,2025-02-14,17:56,Clock Out,No Exception
3795,2025-02-17,08:08,Clock In,No Exception
3795,2025-02-17,15:38,Clock Out,No Exception
3795,2025-02-18,09:41,Clock In,No Exception
3795,2025-02-18,18:50,Clock Out,No Exception
3795,2025-02-19,07:40,Clock In,No Exception
3795,2025-02-19,15:47,Clock Out,No Exception
3795,2025-02-20,07:10,Clock In,No Exception
3795,2025-02-20,14:49,Clock Out,No Exception
3795,2025-02-21,08:23,Clock In,No Exception
3795,2025-02-21,16:53,Clock Out,No Exception
3795,2025-02-23,08:28,Clock In,No Exception
3795,2025-02-23,17:11,Clock Out,No Exception
3795,2025-02-24,09:56,Clock In,No Exception
3795,2025-02-24,19:29,Clock Out,No Exception
3795,2025-02-25,09:22,Clock In,No Exception
3795,2025-02-25,17:59,Clock Out,No Exception
3795,2025-02-26,06:30,Clock In,No Exception
3795,2025-02-26,15:56,Clock Out,No Exception
3795,2025-02-27,07:11,Clock In,No Exception
3795,2025-02-27,15:48,Clock Out,No Exception
3795,2025-02-28,06:06,Clock In,No Exception
3795,2025-02-28,15:28,Clock Out,No Exception
1784,2025-01-01,07:43,Clock In,No Exception
1784,2025-01-01,16:18,Clock Out,No Exception
1784,2025-01-02,06:28,Clock In,No Exception
1784,2025-01-02,14:32,Clock Out,No Exception
1784,2025-01-03,06:02,Clock In,No Exception
1784,2025-01-03,15:13,Clock Out,No Exception
1784,2025-01-06,09:16,Clock In,No Exception
1784,2025-01-06,16:56,Clock Out,No Exception
1784,2025-01-07,07:29,Clock In,No Exception
1784,2025-01-07,16:04,Clock Out,No Exception
1784,2025-01-08,07:32,Clock In,No Exception
1784,2025-01-08,15:17,Clock Out,No Exception
1784,2025-01-09,09:17,Clock In,No Exception
1784,2025-01-09,18:33,Clock Out,No Exception
1784,2025-01-10,08:06,Clock In,No Exception
1784,2025-01-10,16:11,Clock Out,No Exception
1784,2025-01-13,08:54,Clock In,No Exception
1784,2025-01-13,17:49,Clock Out,No Exception
1784,2025-01-14,07:29,Clock In,No Exception
1784,2025-01-14,17:21,Clock Out,No Exception
1784,2025-01-15,07:27,Clock In,No Exception
1784,2025-01-15,17:02,Clock Out,No Exception
1784,2025-01-16,08:48,Clock In,No Exception
1784,2025-01-16,16:26,Clock Out,No Exception
1784,2025-01-17,09:18,Clock In,No Exception
1784,2025-01-17,16:48,Clock Out,No Exception
1784,2025-01-18,06:17,Clock In,No Exception
1784,2025-01-18,15:34,Clock Out,No Exception
1784,2025-01-20,08:51,Clock In,No Exception
1784,2025-01-20,16:27,Clock Out,No Exception
1784,2025-01-21,06:28,Clock In,No Exception
1784,2025-01-21,14:46,Clock Out,No Exception
1784,2025-01-22,06:38,Clock In,No Exception
1784,2025-01-22,15:18,Clock Out,No Exception
1784,2025-01-23,06:35,Clock In,No Exception
1784,2025-01-23,14:14,Clock Out,No Exception
1784,2025-01-24,06:28,Clock In,No Exception
1784,2025-01-24,15:51,Clock Out,No Exception
1784,2025-01-26,06:57,Clock In,No Exception
1784,2025-01-26,14:31,Clock Out,No Exception
1784,2025-01-27,06:17,Clock In,No Exception
1784,2025-01-27,15:51,Clock Out,No Exception
1784,2025-01-28,09:23,Clock In,No Exception
1784,2025-01-28,17:42,Clock Out,No Exception
1784,2025-01-29,09:08,Clock In,No Exception
1784,2025-01-29,16:40,Clock Out,No Exception
1784,2025-01-30,06:36,Clock In,No Exception
1784,2025-01-30,15:52,Clock Out,No Exception
1784,2025-01-31,08:46,Clock In,No Exception
1784,2025-01-31,17:14,Clock Out,No Exception
1784,2025-02-03,08:03,Clock In,No Exception
1784,2025-02-03,16:33,Clock Out,No Exception
1784,2025-02-04,09:47,Clock In,No Exception
1784,2025-02-04,17:17,Clock Out,No Exception
1784,2025-02-05,08:51,Clock In,No Exception
1784,2025-02-05,18:02,Clock Out,No Exception
1784,2025-02-06,07:59,Clock In,No Exception
1784,2025-02-06,17:31,Clock Out,No Exception
1784,2025-02-07,09:14,Clock In,No Exception
1784,2025-02-07,18:50,Clock Out,No Exception
1784,2025-02-10,07:59,Clock In,No Exception
1784,2025-02-10,17:04,Clock Out,No Exception
1784,2025-02-11,09:47,Clock In,No Exception
1784,2025-02-11,18:48,Clock Out,No Exception
1784,2025-02-12,08:09,Clock In,No Exception
1784,2025-02-12,18:03,Clock Out,No Exception
1784,2025-02-13,06:38,Clock In,No Exception
1784,2025-02-13,15:24,Clock Out,No Exception
1784,2025-02-14,08:43,Clock In,No Exception
1784,2025-02-14,16:45,Clock Out,No Exception
1784,2025-02-16,08:14,Clock In,No Exception
1784,2025-02-16,16:07,Clock Out,No Exception
1784,2025-02-17,09:42,Clock In,No Exception
1784,2025-02-17,18:05,Clock Out,No Exception
1784,2025-02-18,07:45,Clock In,No Exception
1784,2025-02-18,17:10,Clock Out,No Exception
1784,2025-02-19,07:49,Clock In,No Exception
1784,2025-02-19,17:43,Clock Out,No Exception
1784,2025-02-20,07:35,Clock In,No Exception
1784,2025-02-20,16:33,Clock Out,No Exception
1784,2025-02-21,07:18,Clock In,No Exception
1784,2025-02-21,14:57,Clock Out,No Exception
1784,2025-02-24,08:01,Clock In,No Exception
1784,2025-02-24,15:39,Clock Out,No Exception
1784,2025-02-25,06:28,Clock In,No Exception
1784,2025-02-25,16:26,Clock Out,No Exception
1784,2025-02-26,06:46,Clock In,No Exception
1784,2025-02-26,14:30,Clock Out,No Exception
1784,2025-02-27,09:26,Clock In,No Exception
1784,2025-02-27,18:22,Clock Out,No Exception
1784,2025-02-28,09:27,Clock In,No Exception
1784,2025-02-28,18:42,Clock Out,No Exception
2610,2025-01-01,06:04,Clock In,No Exception
2610,2025-01-01,15:37,Clock Out,No Exception
2610,2025-01-02,08:02,Clock In,No Exception
2610,2025-01-02,16:30,Clock Out,No Exception
2610,2025-01-03,06:30,Clock In,No Exception
2610,2025-01-03,14:00,Clock Out,No Exception
2610,2025-01-06,08:37,Clock In,No Exception
2610,2025-01-06,18:34,Clock Out,No Exception
2610,2025-01-07,06:06,Clock In,No Exception
2610,2025-01-07,15:14,Clock Out,No Exception
2610,2025-01-08,09:57,Clock In,No Exception
2610,2025-01-08,18:28,Clock Out,No Exception
2610,2025-01-09,09:09,Clock In,No Exception
2610,2025-01-09,17:04,Clock Out,No Exception
2610,2025-01-10,06:11,Clock In,No Exception
2610,2025-01-10,14:06,Clock Out,No Exception
2610,2025-01-12,07:38,Clock In,No Exception
2610,2025-01-12,16:43,Clock Out,No Exception
2610,2025-01-13,06:21,Clock In,No Exception
2610,2025-01-13,15:35,Clock Out,No Exception
2610,2025-01-14,06:47,Clock In,No Exception
2610,2025-01-14,14:40,Clock Out,No Exception
2610,2025-01-15,09:53,Clock In,No Exception
2610,2025-01-15,19:00,Clock Out,No Exception
2610,2025-01-16,08:07,Clock In,No Exception
2610,2025-01-16,17:52,Clock Out,No Exception
2610,2025-01-17,08:47,Clock In,No Exception
2610,2025-01-17,16:33,Clock Out,No Exception
2610,2025-01-20,09:29,Clock In,No Exception
2610,2025-01-20,19:10,Clock Out,No Exception
2610,2025-01-21,09:34,Clock In,No Exception
2610,2025-01-21,18:45,Clock Out,No Exception
2610,2025-01-22,09:35,Clock In,No Exception
2610,2025-01-22,18:27,Clock Out,No Exception
2610,2025-01-23,09:12,Clock In,No Exception
2610,2025-01-23,18:40,Clock Out,No Exception
2610,2025-01-24,07:02,Clock In,No Exception
2610,2025-01-24,15:28,Clock Out,No Exception
2610,2025-01-27,09:17,Clock In,No Exception
2610,2025-01-27,17:32,Clock Out,No Exception
2610,2025-01-28,09:07,Clock In,No Exception
2610,2025-01-28,18:04,Clock Out,No Exception
2610,2025-01-29,07:10,Clock In,No Exception
2610,2025-01-29,15:24,Clock Out,No Exception
2610,2025-01-30,06:14,Clock In,No Exception
2610,2025-01-30,16:02,Clock Out,No Exception
2610,2025-01-31,09:10,Clock In,No Exception
2610,2025-01-31,19:02,Clock Out,No Exception
2610,2025-02-03,09:11,Clock In,No Exception
2610,2025-02-03,17:34,Clock Out,No Exception
2610,2025-02-04,07:46,Clock In,No Exception
2610,2025-02-04,15:37,Clock Out,No Exception
2610,2025-02-05,08:36,Clock In,No Exception
2610,2025-02-05,17:44,Clock Out,No Exception
2610,2025-02-06,08:32,Clock In,No Exception
2610,2025-02-06,16:16,Clock Out,No Exception
2610,2025-02-07,08:58,Clock In,No Exception
2610,2025-02-07,18:27,Clock Out,No Exception
2610,2025-02-10,06:52,Clock In,No Exception
2610,2025-02-10,15:51,Clock Out,No Exception
2610,2025-02-11,06:24,Clock In,No Exception
2610,2025-02-11,16:20,Clock Out,No Exception
2610,2025-02-12,07:38,Clock In,No Exception
2610,2025-02-12,15:46,Clock Out,No Exception
2610,2025-02-13,07:47,Clock In,No Exception
2610,2025-02-13,17:45,Clock Out,No Exception
2610,2025-02-14,09:57,Clock In,No Exception
2610,2025-02-14,19:35,Clock Out,No Exception
2610,2025-02-15,09:41,Clock In,No Exception
2610,2025-02-15,18:24,Clock Out,No Exception
2610,2025-02-17,06:49,Clock In,No Exception
2610,2025-02-17,16:26,Clock Out,No Exception
2610,2025-02-18,08:18,Clock In,No Exception
2610,2025-02-18,16:53,Clock Out,No Exception
2610,2025-02-19,06:10,Clock In,No Exception
2610,2025-02-19,15:29,Clock Out,No Exception
2610,2025-02-20,07:08,Clock In,No Exception
2610,2025-02-20,16:15,Clock Out,No Exception
2610,2025-02-21,08:50,Clock In,No Exception
2610,2025-02-21,17:10,Clock Out,No Exception
2610,2025-02-22,09:40,Clock In,No Exception
2610,2025-02-22,19:30,Clock Out,No Exception
2610,2025-02-24,09:02,Clock In,No Exception
2610,2025-02-24,17:00,Clock Out,No Exception
2610,2025-02-25,06:53,Clock In,No Exception
2610,2025-02-25,14:41,Clock Out,No Exception
2610,2025-02-26,08:51,Clock In,No Exception
2610,2025-02-26,17:33,Clock Out,No Exception
2610,2025-02-27,06:45,Clock In,No Exception
2610,2025-02-27,14:39,Clock Out,No Exception
2610,2025-02-28,08:52,Clock In,No Exception
2610,2025-02-28,18:49,Clock Out,No Exception
2397,2025-01-01,06:05,Clock In,No Exception
2397,2025-01-01,14:41,Clock Out,No Exception
2397,2025-01-02,09:35,Clock In,No Exception
2397,2025-01-02,18:19,Clock Out,No Exception
2397,2025-01-03,06:13,Clock In,No Exception
2397,2025-01-03,14:07,Clock Out,No Exception
2397,2025-01-06,09:02,Clock In,No Exception
2397,2025-01-06,18:08,Clock Out,No Exception
2397,2025-01-07,06:25,Clock In,No Exception
2397,2025-01-07,15:38,Clock Out,No Exception
2397,2025-01-08,09:44,Clock In,No Exception
2397,2025-01-08,18:08,Clock Out,No Exception
2397,2025-01-09,09:46,Clock In,No Exception
2397,2025-01-09,19:45,Clock Out,No Exception
2397,2025-01-10,07:58,Clock In,No Exception
2397,2025-01-10,16:07,Clock Out,No Exception
2397,2025-01-11,07:19,Clock In,No Exception
2397,2025-01-11,16:07,Clock Out,No Exception
2397,2025-01-12,08:55,Clock In,No Exception
2397,2025-01-12,17:31,Clock Out,No Exception
2397,2025-01-13,09:07,Clock In,No Exception
2397,2025-01-13,18:23,Clock Out,No Exception
2397,2025-01-14,06:36,Clock In,No Exception
2397,2025-01-14,16:32,Clock Out,No Exception
2397,2025-01-15,08:20,Clock In,No Exception
2397,2025-01-15,16:45,Clock Out,No Exception
2397,2025-01-16,08:16,Clock In,No Exception
2397,2025-01-16,17:16,Clock Out,No Exception
2397,2025-01-17,08:58,Clock In,No Exception
2397,2025-01-17,18:04,Clock Out,No Exception
2397,2025-01-19,09:19,Clock In,No Exception
2397,2025-01-19,19:00,Clock Out,No Exception
2397,2025-01-20,09:06,Clock In,No Exception
2397,2025-01-20,17:40,Clock Out,No Exception
2397,2025-01-21,09:07,Clock In,No Exception
2397,2025-01-21,16:52,Clock Out,No Exception
2397,2025-01-22,07:19,Clock In,No Exception
2397,2025-01-22,16:45,Clock Out,No Exception
2397,2025-01-23,08:23,Clock In,No Exception
2397,2025-01-23,17:29,Clock Out,No Exception
2397,2025-01-24,06:34,Clock In,No Exception
2397,2025-01-24,15:13,Clock Out,Duplicate Punch
2397,2025-01-27,09:27,Clock In,No Exception
2397,2025-01-27,17:06,Clock Out,No Exception
2397,2025-01-28,09:58,Clock In,No Exception
2397,2025-01-28,19:42,Clock Out,No Exception
2397,2025-01-29,09:22,Clock In,No Exception
2397,2025-01-29,19:03,Clock Out,No Exception
2397,2025-01-30,08:59,Clock In,No Exception
2397,2025-01-30,17:46,Clock Out,No Exception
2397,2025-01-31,07:02,Clock In,No Exception
2397,2025-01-31,15:47,Clock Out,No Exception
2397,2025-02-01,08:28,Clock In,No Exception
2397,2025-02-01,16:01,Clock Out,No Exception
2397,2025-02-03,09:17,Clock In,No Exception
2397,2025-02-03,16:59,Clock Out,No Exception
2397,2025-02-04,06:33,Clock In,No Exception
2397,2025-02-04,16:27,Clock Out,No Exception
2397,2025-02-05,08:44,Clock In,No Exception
2397,2025-02-05,16:14,Clock Out,No Exception
2397,2025-02-06,06:59,Clock In,No Exception
2397,2025-02-06,15:59,Clock Out,No Exception
2397,2025-02-07,09:10,Clock In,No Exception
2397,2025-02-07,17:50,Clock Out,No Exception
2397,2025-02-10,09:39,Clock In,No Exception
2397,2025-02-10,18:14,Clock Out,No Exception
2397,2025-02-11,06:52,Clock In,No Exception
2397,2025-02-11,15:34,Clock Out,No Exception
2397,2025-02-12,09:22,Clock In,No Exception
2397,2025-02-12,18:27,Clock Out,No Exception
2397,2025-02-13,06:01,Clock In,No Exception
2397,2025-02-13,15:53,Clock Out,No Exception
2397,2025-02-14,09:10,Clock In,No Exception
2397,2025-02-14,18:54,Clock Out,No Exception
2397,2025-02-17,08:35,Clock In,No Exception
2397,2025-02-17,17:23,Clock Out,No Exception
2397,2025-02-18,08:01,Clock In,No Exception
2397,2025-02-18,15:53,Clock Out,No Exception
2397,2025-02-19,06:28,Clock In,No Exception
2397,2025-02-19,15:35,Clock Out,No Exception
2397,2025-02-20,06:29,Clock In,No Exception
2397,2025-02-20,15:39,Clock Out,No Exception
2397,2025-02-21,07:58,Clock In,No Exception
2397,2025-02-21,16:04,Clock Out,No Exception
2397,2025-02-22,09:06,Clock In,No Exception
2397,2025-02-22,17:32,Clock Out,No Exception
2397,2025-02-24,08:09,Clock In,No Exception
2397,2025-02-24,17:42,Clock Out,No Exception
2397,2025-02-25,06:15,Clock In,No Exception
2397,2025-02-25,14:17,Clock Out,No Exception
2397,2025-02-26,09:28,Clock In,No Exception
2397,2025-02-26,18:25,Clock Out,No Exception
2397,2025-02-27,09:51,Clock In,No Exception
2397,2025-02-27,19:21,Clock Out,No Exception
2397,2025-02-28,06:27,Clock In,No Exception
2397,2025-02-28,15:51,Clock Out,No Exception
2397,2025-03-01,09:41,Clock In,No Exception
2397,2025-03-01,18:10,Clock Out,No Exception
1780,2025-01-01,07:39,Clock In,No Exception
1780,2025-01-01,17:00,Clock Out,No Exception
1780,2025-01-02,07:33,Clock In,No Exception
1780,2025-01-02,16:29,Clock Out,No Exception
1780,2025-01-03,08:09,Clock In,No Exception
1780,2025-01-03,17:13,Clock Out,No Exception
1780,2025-01-05,08:30,Clock In,No Exception
1780,2025-01-05,17:10,Clock Out,No Exception
1780,2025-01-06,07:13,Clock In,No Exception
1780,2025-01-06,15:58,Clock Out,No Exception
1780,2025-01-07,09:20,Clock In,No Exception
1780,2025-01-07,18:50,Clock Out,No Exception
1780,2025-01-08,09:05,Clock In,No Exception
1780,2025-01-08,17:16,Clock Out,No Exception
1780,2025-01-09,08:58,Clock In,No Exception
1780,2025-01-09,17:37,Clock Out,No Exception
1780,2025-01-10,09:57,Clock In,No Exception
1780,2025-01-10,19:50,Clock Out,No Exception
1780,2025-01-11,06:26,Clock In,No Exception
1780,2025-01-11,15:09,Clock Out,No Exception
1780,2025-01-13,06:50,Clock In,No Exception
1780,2025-01-13,14:41,Clock Out,No Exception
1780,2025-01-14,07:00,Clock In,No Exception
1780,2025-01-14,15:06,Clock Out,No Exception
1780,2025-01-15,08:45,Clock In,No Exception
1780,2025-01-15,18:41,Clock Out,No Exception
1780,2025-01-16,08:26,Clock In,No Exception
1780,2025-01-16,16:46,Clock Out,No Exception
1780,2025-01-17,07:44,Clock In,No Exception
1780,2025-01-17,17:36,Clock Out,No Exception
1780,2025-01-19,09:25,Clock In,No Exception
1780,2025-01-19,18:11,Clock Out,No Exception
1780,2025-01-20,09:04,Clock In,No Exception
1780,2025-01-20,18:04,Clock Out,No Exception
1780,2025-01-21,06:44,Clock In,No Exception
1780,2025-01-21,15:02,Clock Out,No Exception
1780,2025-01-22,09:33,Clock In,No Exception
1780,2025-01-22,17:40,Clock Out,No Exception
1780,2025-01-23,08:39,Clock In,No Exception
1780,2025-01-23,18:36,Clock Out,No Exception
1780,2025-01-24,06:58,Clock In,No Exception
1780,2025-01-24,16:06,Clock Out,No Exception
1780,2025-01-27,07:56,Clock In,No Exception
1780,2025-01-27,16:29,Clock Out,No Exception
1780,2025-01-28,07:40,Clock In,No Exception
1780,2025-01-28,17:03,Clock Out,No Exception
1780,2025-01-29,08:59,Clock In,No Exception
1780,2025-01-29,16:29,Clock Out,No Exception
1780,2025-01-30,07:32,Clock In,No Exception
1780,2025-01-30,15:34,Clock Out,No Exception
1780,2025-01-31,07:28,Clock In,No Exception
1780,2025-01-31,16:13,Clock Out,No Exception
1780,2025-02-03,06:14,Clock In,No Exception
1780,2025-02-03,16:13,Clock Out,No Exception
1780,2025-02-04,07:47,Clock In,No Exception
1780,2025-02-04,16:13,Clock Out,No Exception
1780,2025-02-05,08:22,Clock In,No Exception
1780,2025-02-05,16:40,Clock Out,No Exception
1780,2025-02-06,06:09,Clock In,No Exception
1780,2025-02-06,13:44,Clock Out,No Exception
1780,2025-02-07,08:59,Clock In,No Exception
1780,2025-02-07,17:58,Clock Out,No Exception
1780,2025-02-10,09:34,Clock In,No Exception
1780,2025-02-10,19:10,Clock Out,Device Failure
1780,2025-02-11,07:58,Clock In,No Exception
1780,2025-02-11,16:22,Clock Out,No Exception
1780,2025-02-12,07:41,Clock In,No Exception
1780,2025-02-12,16:12,Clock Out,No Exception
1780,2025-02-13,09:47,Clock In,No Exception
1780,2025-02-13,18:31,Clock Out,No Exception
1780,2025-02-14,08:58,Clock In,No Exception
1780,2025-02-14,18:25,Clock Out,No Exception
1780,2025-02-16,07:00,Clock In,No Exception
1780,2025-02-16,14:30,Clock Out,No Exception
1780,2025-02-17,09:07,Clock In,No Exception
1780,2025-02-17,19:01,Clock Out,No Exception
1780,2025-02-18,09:27,Clock In,No Exception
1780,2025-02-18,19:17,Clock Out,No Exception
1780,2025-02-19,09:44,Clock In,No Exception
1780,2025-02-19,19:09,Clock Out,No Exception
1780,2025-02-20,08:43,Clock In,No Exception
1780,2025-02-20,17:47,Clock Out,No Exception
1780,2025-02-21,07:28,Clock In,No Exception
1780,2025-02-21,16:58,Clock Out,No Exception
1780,2025-02-23,08:47,Clock In,No Exception
1780,2025-02-23,16:41,Clock Out,No Exception
1780,2025-02-24,08:20,Clock In,No Exception
1780,2025-02-24,17:54,Clock Out,No Exception
1780,2025-02-25,07:13,Clock In,No Exception
1780,2025-02-25,15:06,Clock Out,No Exception
1780,2025-02-26,06:09,Clock In,No Exception
1780,2025-02-26,15:33,Clock Out,No Exception
1780,2025-02-27,07:44,Clock In,No Exception
1780,2025-02-27,17:37,Clock Out,No Exception
1780,2025-02-28,08:07,Clock In,No Exception
1780,2025-02-28,17:44,Clock Out,No Exception
3376,2025-01-01,08:23,Clock In,No Exception
3376,2025-01-01,16:00,Clock Out,No Exception
3376,2025-01-02,08:51,Clock In,No Exception
3376,2025-01-02,17:43,Clock Out,No Exception
3376,2025-01-03,09:13,Clock In,No Exception
3376,2025-01-03,17:00,Clock Out,No Exception
3376,2025-01-05,06:02,Clock In,No Exception
3376,2025-01-05,15:38,Clock Out,No Exception
3376,2025-01-06,06:56,Clock In,No Exception
3376,2025-01-06,15:54,Clock Out,No Exception
3376,2025-01-07,07:04,Clock In,No Exception
3376,2025-01-07,16:30,Clock Out,No Exception
3376,2025-01-08,09:50,Clock In,No Exception
3376,2025-01-08,18:50,Clock Out,No Exception
3376,2025-01-09,07:59,Clock In,No Exception
3376,2025-01-09,16:47,Clock Out,No Exception
3376,2025-01-10,06:28,Clock In,No Exception
3376,2025-01-10,16:18,Clock Out,No Exception
3376,2025-01-13,07:40,Clock In,No Exception
3376,2025-01-13,17:32,Clock Out,No Exception
3376,2025-01-14,09:41,Clock In,No Exception
3376,2025-01-14,17:35,Clock Out,No Exception
3376,2025-01-15,08:46,Clock In,No Exception
3376,2025-01-15,18:12,Clock Out,No Exception
3376,2025-01-16,09:06,Clock In,No Exception
3376,2025-01-16,17:24,Clock Out,No Exception
3376,2025-01-17,06:16,Clock In,No Exception
3376,2025-01-17,13:46,Clock Out,No Exception
3376,2025-01-20,09:26,Clock In,No Exception
3376,2025-01-20,17:04,Clock Out,No Exception
3376,2025-01-21,09:47,Clock In,No Exception
3376,2025-01-21,17:41,Clock Out,No Exception
3376,2025-01-22,07:44,Clock In,No Exception
3376,2025-01-22,16:57,Clock Out,No Exception
3376,2025-01-23,09:00,Clock In,No Exception
3376,2025-01-23,18:16,Clock Out,No Exception
3376,2025-01-24,07:35,Clock In,No Exception
3376,2025-01-24,15:38,Clock Out,No Exception
3376,2025-01-27,07:56,Clock In,No Exception
3376,2025-01-27,15:57,Clock Out,No Exception
3376,2025-01-28,06:59,Clock In,No Exception
3376,2025-01-28,16:40,Clock Out,No Exception
3376,2025-01-29,09:08,Clock In,No Exception
3376,2025-01-29,18:21,Clock Out,No Exception
3376,2025-01-30,09:48,Clock In,No Exception
3376,2025-01-30,18:47,Clock Out,No Exception
3376,2025-01-31,08:30,Clock In,No Exception
3376,2025-01-31,17:46,Clock Out,No Exception
3376,2025-02-03,06:12,Clock In,No Exception
3376,2025-02-03,14:16,Clock Out,No Exception
3376,2025-02-04,08:09,Clock In,No Exception
3376,2025-02-04,16:59,Clock Out,No Exception
3376,2025-02-05,09:03,Clock In,No Exception
3376,2025-02-05,18:34,Clock Out,No Exception
3376,2025-02-06,09:52,Clock In,No Exception
3376,2025-02-06,18:13,Clock Out,No Exception
3376,2025-02-07,07:00,Clock In,No Exception
3376,2025-02-07,15:29,Clock Out,No Exception
3376,2025-02-10,09:32,Clock In,No Exception
3376,2025-02-10,19:30,Clock Out,No Exception
3376,2025-02-11,08:38,Clock In,No Exception
3376,2025-02-11,16:56,Clock Out,No Exception
3376,2025-02-12,07:55,Clock In,No Exception
3376,2025-02-12,17:14,Clock Out,No Exception
3376,2025-02-13,08:46,Clock In,No Exception
3376,2025-02-13,16:19,Clock Out,No Exception
3376,2025-02-14,06:07,Clock In,No Exception
3376,2025-02-14,14:36,Clock Out,No Exception
3376,2025-02-16,09:23,Clock In,No Exception
3376,2025-02-16,18:42,Clock Out,No Exception
3376,2025-02-17,09:54,Clock In,No Exception
3376,2025-02-17,17:36,Clock Out,No Exception
3376,2025-02-18,08:29,Clock In,No Exception
3376,2025-02-18,16:38,Clock Out,No Exception
3376,2025-02-19,06:08,Clock In,No Exception
3376,2025-02-19,14:13,Clock Out,No Exception
3376,2025-02-20,06:30,Clock In,No Exception
3376,2025-02-20,14:12,Clock Out,No Exception
3376,2025-02-21,08:37,Clock In,No Exception
3376,2025-02-21,16:34,Clock Out,No Exception
3376,2025-02-24,09:34,Clock In,No Exception
3376,2025-02-24,17:45,Clock Out,No Exception
3376,2025-02-25,09:34,Clock In,No Exception
3376,2025-02-25,19:15,Clock Out,No Exception
3376,2025-02-26,06:31,Clock In,No Exception
3376,2025-02-26,16:29,Clock Out,No Exception
3376,2025-02-27,07:58,Clock In,No Exception
3376,2025-02-27,17:10,Clock Out,No Exception
3376,2025-02-28,06:18,Clock In,Duplicate Punch
3376,2025-02-28,14:45,Clock Out,No Exception
3040,2025-01-01,07:25,Clock In,No Exception
3040,2025-01-01,16:29,Clock Out,No Exception
3040,2025-01-02,06:26,Clock In,No Exception
3040,2025-01-02,15:49,Clock Out,No Exception
3040,2025-01-03,06:58,Clock In,No Exception
3040,2025-01-03,16:45,Clock Out,No Exception
3040,2025-01-06,09:35,Clock In,No Exception
3040,2025-01-06,19:01,Clock Out,No Exception
3040,2025-01-07,09:36,Clock In,No Exception
3040,2025-01-07,18:46,Clock Out,No Exception
3040,2025-01-08,07:46,Clock In,No Exception
3040,2025-01-08,17:37,Clock Out,No Exception
3040,2025-01-09,07:35,Clock In,No Exception
3040,2025-01-09,16:40,Clock Out,No Exception
3040,2025-01-10,07:12,Clock In,No Exception
3040,2025-01-10,15:03,Clock Out,No Exception
3040,2025-01-13,06:17,Clock In,No Exception
3040,2025-01-13,14:03,Clock Out,No Exception
3040,2025-01-14,06:01,Clock In,No Exception
3040,2025-01-14,15:46,Clock Out,No Exception
3040,2025-01-15,09:39,Clock In,No Exception
3040,2025-01-15,19:31,Clock Out,No Exception
3040,2025-01-16,06:50,Clock In,No Exception
3040,2025-01-16,14:54,Clock Out,No Exception
3040,2025-01-17,07:12,Clock In,No Exception
3040,2025-01-17,16:44,Clock Out,No Exception
3040,2025-01-18,08:33,Clock In,No Exception
3040,2025-01-18,17:37,Clock Out,No Exception
3040,2025-01-19,06:12,Clock In,No Exception
3040,2025-01-19,13:49,Clock Out,No Exception
3040,2025-01-20,07:44,Clock In,No Exception
3040,2025-01-20,15:18,Clock Out,No Exception
3040,2025-01-21,06:10,Clock In,No Exception
3040,2025-01-21,14:21,Clock Out,No Exception
3040,2025-01-22,08:26,Clock In,No Exception
3040,2025-01-22,17:00,Clock Out,No Exception
3040,2025-01-23,08:30,Clock In,No Exception
3040,2025-01-23,16:36,Clock Out,No Exception
3040,2025-01-24,08:38,Clock In,No Exception
3040,2025-01-24,18:13,Clock Out,No Exception
3040,2025-01-27,07:36,Clock In,No Exception
3040,2025-01-27,16:45,Clock Out,No Exception
3040,2025-01-28,08:54,Clock In,No Exception
3040,2025-01-28,16:51,Clock Out,No Exception
3040,2025-01-29,08:30,Clock In,No Exception
3040,2025-01-29,16:05,Clock Out,No Exception
3040,2025-01-30,08:57,Clock In,No Exception
3040,2025-01-30,18:33,Clock Out,No Exception
3040,2025-01-31,07:04,Clock In,No Exception
3040,2025-01-31,14:56,Clock Out,No Exception
3040,2025-02-03,06:26,Clock In,No Exception
3040,2025-02-03,14:55,Clock Out,No Exception
3040,2025-02-04,07:13,Clock In,No Exception
3040,2025-02-04,16:55,Clock Out,No Exception
3040,2025-02-05,08:04,Clock In,No Exception
3040,2025-02-05,15:40,Clock Out,No Exception
3040,2025-02-06,07:54,Clock In,No Exception
3040,2025-02-06,17:27,Clock Out,No Exception
3040,2025-02-07,09:34,Clock In,No Exception
3040,2025-02-07,18:49,Clock Out,No Exception
3040,2025-02-09,09:30,Clock In,No Exception
3040,2025-02-09,17:50,Clock Out,No Exception
3040,2025-02-10,08:00,Clock In,No Exception
3040,2025-02-10,17:20,Clock Out,No Exception
3040,2025-02-11,07:06,Clock In,No Exception
3040,2025-02-11,14:38,Clock Out,No Exception
3040,2025-02-12,06:39,Clock In,No Exception
3040,2025-02-12,14:59,Clock Out,No Exception
3040,2025-02-13,07:30,Clock In,No Exception
3040,2025-02-13,17:04,Clock Out,No Exception
3040,2025-02-14,07:10,Clock In,No Exception
3040,2025-02-14,16:57,Clock Out,No Exception
3040,2025-02-15,09:20,Clock In,No Exception
3040,2025-02-15,18:24,Clock Out,No Exception
3040,2025-02-17,07:06,Clock In,No Exception
3040,2025-02-17,16:44,Clock Out,No Exception
3040,2025-02-18,09:37,Clock In,No Exception
3040,2025-02-18,18:47,Clock Out,No Exception
3040,2025-02-19,09:46,Clock In,No Exception
3040,2025-02-19,17:25,Clock Out,No Exception
3040,2025-02-20,08:32,Clock In,No Exception
3040,2025-02-20,17:43,Clock Out,No Exception
3040,2025-02-21,06:27,Clock In,No Exception
3040,2025-02-21,15:06,Clock Out,No Exception
3040,2025-02-24,09:48,Clock In,No Exception
3040,2025-02-24,18:05,Clock Out,No Exception
3040,2025-02-25,09:39,Clock In,No Exception
3040,2025-02-25,17:17,Clock Out,No Exception
3040,2025-02-26,07:24,Clock In,No Exception
3040,2025-02-26,16:06,Clock Out,No Exception
3040,2025-02-27,09:12,Clock In,No Exception
3040,2025-02-27,17:07,Clock Out,No Exception
3040,2025-02-28,09:24,Clock In,No Exception
3040,2025-02-28,17:18,Clock Out,No Exception
3299,2025-01-01,07:28,Clock In,No Exception
3299,2025-01-01,16:50,Clock Out,No Exception
3299,2025-01-02,08:51,Clock In,No Exception
3299,2025-01-02,17:52,Clock Out,No Exception
3299,2025-01-03,07:12,Clock In,No Exception
3299,2025-01-03,17:11,Clock Out,No Exception
3299,2025-01-04,08:00,Clock In,No Exception
3299,2025-01-04,16:22,Clock Out,No Exception
3299,2025-01-06,07:13,Clock In,No Exception
3299,2025-01-06,16:29,Clock Out,No Exception
3299,2025-01-07,09:52,Clock In,No Exception
3299,2025-01-07,18:48,Clock Out,No Exception
3299,2025-01-08,09:39,Clock In,No Exception
3299,2025-01-08,17:40,Clock Out,No Exception
3299,2025-01-09,07:59,Clock In,No Exception
3299,2025-01-09,17:08,Clock Out,No Exception
3299,2025-01-10,07:43,Clock In,No Exception
3299,2025-01-10,16:55,Clock Out,No Exception
3299,2025-01-12,08:34,Clock In,No Exception
3299,2025-01-12,17:18,Clock Out,No Exception
3299,2025-01-13,09:08,Clock In,No Exception
3299,2025-01-13,16:47,Clock Out,No Exception
3299,2025-01-14,09:31,Clock In,No Exception
3299,2025-01-14,17:09,Clock Out,No Exception
3299,2025-01-15,06:12,Clock In,No Exception
3299,2025-01-15,14:17,Clock Out,No Exception
3299,2025-01-16,09:14,Clock In,No Exception
3299,2025-01-16,17:04,Clock Out,No Exception
3299,2025-01-17,06:33,Clock In,No Exception
3299,2025-01-17,14:47,Clock Out,No Exception
3299,2025-01-19,06:18,Clock In,No Exception
3299,2025-01-19,16:17,Clock Out,No Exception
3299,2025-01-20,06:08,Clock In,No Exception
3299,2025-01-20,13:59,Clock Out,No Exception
3299,2025-01-21,07:00,Clock In,No Exception
3299,2025-01-21,14:37,Clock Out,No Exception
3299,2025-01-22,06:30,Clock In,No Exception
3299,2025-01-22,15:08,Clock Out,No Exception
3299,2025-01-23,06:33,Clock In,No Exception
3299,2025-01-23,15:13,Clock Out,No Exception
3299,2025-01-24,06:33,Clock In,No Exception
3299,2025-01-24,15:54,Clock Out,No Exception
3299,2025-01-25,09:26,Clock In,No Exception
3299,2025-01-25,19:04,Clock Out,No Exception
3299,2025-01-27,08:50,Clock In,No Exception
3299,2025-01-27,16:59,Clock Out,No Exception
3299,2025-01-28,08:12,Clock In,No Exception
3299,2025-01-28,17:12,Clock Out,No Exception
3299,2025-01-29,09:01,Clock In,No Exception
3299,2025-01-29,16:31,Clock Out,No Exception
3299,2025-01-30,07:37,Clock In,No Exception
3299,2025-01-30,16:51,Clock Out,No Exception
3299,2025-01-31,09:52,Clock In,No Exception
3299,2025-01-31,18:50,Clock Out,No Exception
3299,2025-02-03,06:51,Clock In,No Exception
3299,2025-02-03,16:30,Clock Out,No Exception
3299,2025-02-04,08:46,Clock In,No Exception
3299,2025-02-04,16:48,Clock Out,No Exception
3299,2025-02-05,06:05,Clock In,No Exception
3299,2025-02-05,13:36,Clock Out,No Exception
3299,2025-02-06,06:09,Clock In,No Exception
3299,2025-02-06,14:06,Clock Out,No Exception
3299,2025-02-07,07:41,Clock In,No Exception
3299,2025-02-07,17:27,Clock Out,No Exception
3299,2025-02-10,07:05,Clock In,No Exception
3299,2025-02-10,17:03,Clock Out,No Exception
3299,2025-02-11,09:23,Clock In,No Exception
3299,2025-02-11,17:19,Clock Out,No Exception
3299,2025-02-12,09:07,Clock In,No Exception
3299,2025-02-12,18:25,Clock Out,No Exception
3299,2025-02-13,07:36,Clock In,No Exception
3299,2025-02-13,15:06,Clock Out,No Exception
3299,2025-02-14,08:33,Clock In,No Exception
3299,2025-02-14,16:35,Clock Out,No Exception
3299,2025-02-15,09:40,Clock In,No Exception
3299,2025-02-15,18:33,Clock Out,No Exception
3299,2025-02-17,08:39,Clock In,No Exception
3299,2025-02-17,16:23,Clock Out,No Exception
3299,2025-02-18,09:36,Clock In,No Exception
3299,2025-02-18,17:54,Clock Out,No Exception
3299,2025-02-19,09:51,Clock In,No Exception
3299,2025-02-19,18:24,Clock Out,No Exception
3299,2025-02-20,06:01,Clock In,No Exception
3299,2025-02-20,13:39,Clock Out,No Exception
3299,2025-02-21,08:15,Clock In,No Exception
3299,2025-02-21,16:08,Clock Out,No Exception
3299,2025-02-22,08:37,Clock In,No Exception
3299,2025-02-22,17:54,Clock Out,No Exception
3299,2025-02-24,09:52,Clock In,No Exception
3299,2025-02-24,18:27,Clock Out,No Exception
3299,2025-02-25,08:45,Clock In,No Exception
3299,2025-02-25,17:26,Clock Out,No Exception
3299,2025-02-26,08:10,Clock In,No Exception
3299,2025-02-26,16:04,Clock Out,No Exception
3299,2025-02-27,07:37,Clock In,No Exception
3299,2025-02-27,17:26,Clock Out,No Exception
3299,2025-02-28,06:37,Clock In,No Exception
3299,2025-02-28,14:12,Clock Out,No Exception
3588,2025-01-01,06:34,Clock In,No Exception
3588,2025-01-01,14:58,Clock Out,No Exception
3588,2025-01-02,07:57,Clock In,No Exception
3588,2025-01-02,15:42,Clock Out,No Exception
3588,2025-01-03,06:04,Clock In,No Exception
3588,2025-01-03,13:43,Clock Out,No Exception
3588,2025-01-06,08:03,Clock In,No Exception
3588,2025-01-06,16:47,Clock Out,No Exception
3588,2025-01-07,08:00,Clock In,No Exception
3588,2025-01-07,18:00,Clock Out,No Exception
3588,2025-01-08,07:25,Clock In,No Exception
3588,2025-01-08,15:34,Clock Out,No Exception
3588,2025-01-09,09:41,Clock In,No Exception
3588,2025-01-09,18:04,Clock Out,No Exception
3588,2025-01-10,06:58,Clock In,No Exception
3588,2025-01-10,16:56,Clock Out,No Exception
3588,2025-01-13,09:04,Clock In,No Exception
3588,2025-01-13,18:16,Clock Out,No Exception
3588,2025-01-14,07:05,Clock In,No Exception
3588,2025-01-14,15:33,Clock Out,No Exception
3588,2025-01-15,09:35,Clock In,No Exception
3588,2025-01-15,18:29,Clock Out,No Exception
3588,2025-01-16,06:01,Clock In,No Exception
3588,2025-01-16,14:39,Clock Out,No Exception
3588,2025-01-17,08:49,Clock In,No Exception
3588,2025-01-17,18:31,Clock Out,No Exception
3588,2025-01-19,09:58,Clock In,No Exception
3588,2025-01-19,17:58,Clock Out,No Exception
3588,2025-01-20,07:13,Clock In,No Exception
3588,2025-01-20,15:25,Clock Out,No Exception
3588,2025-01-21,07:18,Clock In,No Exception
3588,2025-01-21,15:39,Clock Out,No Exception
3588,2025-01-22,07:48,Clock In,No Exception
3588,2025-01-22,16:33,Clock Out,No Exception
3588,2025-01-23,09:51,Clock In,No Exception
3588,2025-01-23,17:26,Clock Out,No Exception
3588,2025-01-24,09:15,Clock In,No Exception
3588,2025-01-24,18:19,Clock Out,No Exception
3588,2025-01-27,09:09,Clock In,No Exception
3588,2025-01-27,18:38,Clock Out,No Exception
3588,2025-01-28,09:11,Clock In,No Exception
3588,2025-01-28,18:04,Clock Out,No Exception
3588,2025-01-29,08:54,Clock In,No Exception
3588,2025-01-29,18:44,Clock Out,No Exception
3588,2025-01-30,09:57,Clock In,No Exception
3588,2025-01-30,18:08,Clock Out,No Exception
3588,2025-01-31,09:29,Clock In,No Exception
3588,2025-01-31,18:47,Clock Out,No Exception
3588,2025-02-01,07:03,Clock In,No Exception
3588,2025-02-01,16:42,Clock Out,No Exception
3588,2025-02-03,06:42,Clock In,No Exception
3588,2025-02-03,14:50,Clock Out,No Exception
3588,2025-02-04,09:50,Clock In,No Exception
3588,2025-02-04,17:58,Clock Out,No Exception
3588,2025-02-05,09:22,Clock In,No Exception
3588,2025-02-05,19:07,Clock Out,No Exception
3588,2025-02-06,07:22,Clock In,No Exception
3588,2025-02-06,14:58,Clock Out,No Exception
3588,2025-02-07,07:34,Clock In,No Exception
3588,2025-02-07,15:26,Clock Out,No Exception
3588,2025-02-10,09:25,Clock In,No Exception
3588,2025-02-10,18:56,Clock Out,No Exception
3588,2025-02-11,09:28,Clock In,No Exception
3588,2025-02-11,17:47,Clock Out,No Exception
3588,2025-02-12,08:03,Clock In,No Exception
3588,2025-02-12,16:13,Clock Out,No Exception
3588,2025-02-13,07:31,Clock In,No Exception
3588,2025-02-13,15:56,Clock Out,No Exception
3588,2025-02-14,08:41,Clock In,No Exception
3588,2025-02-14,16:30,Clock Out,No Exception
3588,2025-02-16,07:56,Clock In,No Exception
3588,2025-02-16,15:56,Clock Out,No Exception
3588,2025-02-17,07:44,Clock In,No Exception
3588,2025-02-17,16:13,Clock Out,No Exception
3588,2025-02-18,06:23,Clock In,No Exception
3588,2025-02-18,14:45,Clock Out,No Exception
3588,2025-02-19,07:12,Clock In,No Exception
3588,2025-02-19,16:45,Clock Out,No Exception
3588,2025-02-20,09:46,Clock In,No Exception
3588,2025-02-20,17:30,Clock Out,No Exception
3588,2025-02-21,07:15,Clock In,No Exception
3588,2025-02-21,16:44,Clock Out,No Exception
3588,2025-02-24,06:55,Clock In,No Exception
3588,2025-02-24,16:04,Clock Out,No Exception
3588,2025-02-25,06:28,Clock In,No Exception
3588,2025-02-25,15:36,Clock Out,No Exception
3588,2025-02-26,06:54,Clock In,No Exception
3588,2025-02-26,15:02,Clock Out,No Exception
3588,2025-02-27,09:29,Clock In,No Exception
3588,2025-02-27,17:56,Clock Out,No Exception
3588,2025-02-28,06:31,Clock In,No Exception
3588,2025-02-28,16:07,Clock Out,No Exception
1099,2025-01-01,09:52,Clock In,No Exception
1099,2025-01-01,19:52,Clock Out,No Exception
1099,2025-01-02,09:54,Clock In,No Exception
1099,2025-01-02,19:07,Clock Out,No Exception
1099,2025-01-03,07:09,Clock In,No Exception
1099,2025-01-03,15:07,Clock Out,No Exception
1099,2025-01-06,06:19,Clock In,No Exception
1099,2025-01-06,15:58,Clock Out,No Exception
1099,2025-01-07,09:52,Clock In,No Exception
1099,2025-01-07,19:26,Clock Out,No Exception
1099,2025-01-08,07:08,Clock In,No Exception
1099,2025-01-08,15:14,Clock Out,No Exception
1099,2025-01-09,08:21,Clock In,No Exception
1099,2025-01-09,17:04,Clock Out,No Exception
1099,2025-01-10,06:42,Clock In,No Exception
1099,2025-01-10,15:41,Clock Out,No Exception
1099,2025-01-13,07:06,Clock In,No Exception
1099,2025-01-13,15:45,Clock Out,No Exception
1099,2025-01-14,06:38,Clock In,No Exception
1099,2025-01-14,15:37,Clock Out,No Exception
1099,2025-01-15,09:12,Clock In,No Exception
1099,2025-01-15,17:18,Clock Out,No Exception
1099,2025-01-16,09:58,Clock In,No Exception
1099,2025-01-16,18:54,Clock Out,No Exception
1099,2025-01-17,09:32,Clock In,No Exception
1099,2025-01-17,19:08,Clock Out,No Exception
1099,2025-01-19,07:11,Clock In,No Exception
1099,2025-01-19,16:50,Clock Out,No Exception
1099,2025-01-20,09:05,Clock In,No Exception
1099,2025-01-20,17:16,Clock Out,No Exception
1099,2025-01-21,06:02,Clock In,No Exception
1099,2025-01-21,15:40,Clock Out,No Exception
1099,2025-01-22,07:26,Clock In,No Exception
1099,2025-01-22,16:31,Clock Out,No Exception
1099,2025-01-23,06:22,Clock In,No Exception
1099,2025-01-23,14:45,Clock Out,No Exception
1099,2025-01-24,08:30,Clock In,No Exception
1099,2025-01-24,17:01,Clock Out,No Exception
1099,2025-01-25,09:05,Clock In,No Exception
1099,2025-01-25,17:09,Clock Out,No Exception
1099,2025-01-27,08:19,Clock In,No Exception
1099,2025-01-27,16:07,Clock Out,No Exception
1099,2025-01-28,09:48,Clock In,No Exception
1099,2025-01-28,17:40,Clock Out,No Exception
1099,2025-01-29,07:25,Clock In,No Exception
1099,2025-01-29,16:06,Clock Out,No Exception
1099,2025-01-30,07:24,Clock In,No Exception
1099,2025-01-30,17:03,Clock Out,No Exception
1099,2025-01-31,08:57,Clock In,No Exception
1099,2025-01-31,18:35,Clock Out,No Exception
1099,2025-02-03,07:14,Clock In,No Exception
1099,2025-02-03,14:58,Clock Out,No Exception
1099,2025-02-04,06:13,Clock In,No Exception
1099,2025-02-04,16:03,Clock Out,No Exception
1099,2025-02-05,09:27,Clock In,No Exception
1099,2025-02-05,19:15,Clock Out,No Exception
1099,2025-02-06,09:04,Clock In,No Exception
1099,2025-02-06,17:47,Clock Out,No Exception
1099,2025-02-07,07:42,Clock In,No Exception
1099,2025-02-07,17:39,Clock Out,No Exception
1099,2025-02-09,07:02,Clock In,No Exception
1099,2025-02-09,14:52,Clock Out,No Exception
1099,2025-02-10,09:52,Clock In,No Exception
1099,2025-02-10,19:46,Clock Out,No Exception
1099,2025-02-11,09:16,Clock In,No Exception
1099,2025-02-11,18:21,Clock Out,No Exception
1099,2025-02-12,09:40,Clock In,No Exception
1099,2025-02-12,18:45,Clock Out,No Exception
1099,2025-02-13,09:58,Clock In,No Exception
1099,2025-02-13,18:29,Clock Out,No Exception
1099,2025-02-14,08:36,Clock In,No Exception
1099,2025-02-14,17:58,Clock Out,No Exception
1099,2025-02-17,08:26,Clock In,No Exception
1099,2025-02-17,16:02,Clock Out,No Exception
1099,2025-02-18,09:27,Clock In,No Exception
1099,2025-02-18,18:48,Clock Out,No Exception
1099,2025-02-19,09:53,Clock In,No Exception
1099,2025-02-19,17:48,Clock Out,No Exception
1099,2025-02-20,08:53,Clock In,No Exception
1099,2025-02-20,18:46,Clock Out,No Exception
1099,2025-02-21,07:37,Clock In,No Exception
1099,2025-02-21,16:53,Clock Out,No Exception
1099,2025-02-24,07:37,Clock In,No Exception
1099,2025-02-24,16:16,Clock Out,No Exception
1099,2025-02-25,09:49,Clock In,No Exception
1099,2025-02-25,18:32,Clock Out,No Exception
1099,2025-02-26,08:04,Clock In,No Exception
1099,2025-02-26,16:36,Clock Out,No Exception
1099,2025-02-27,09:40,Clock In,No Exception
1099,2025-02-27,19:11,Clock Out,No Exception
1099,2025-02-28,07:13,Clock In,No Exception
1099,2025-02-28,15:01,Clock Out,No Exception
1022,2025-01-01,06:05,Clock In,No Exception
1022,2025-01-01,14:53,Clock Out,No Exception
1022,2025-01-02,08:18,Clock In,No Exception
1022,2025-01-02,16:08,Clock Out,No Exception
1022,2025-01-03,08:28,Clock In,No Exception
1022,2025-01-03,16:49,Clock Out,No Exception
1022,2025-01-05,07:40,Clock In,No Exception
1022,2025-01-05,16:19,Clock Out,No Exception
1022,2025-01-06,09:36,Clock In,No Exception
1022,2025-01-06,18:22,Clock Out,No Exception
1022,2025-01-07,07:55,Clock In,No Exception
1022,2025-01-07,17:11,Clock Out,No Exception
1022,2025-01-08,07:34,Clock In,No Exception
1022,2025-01-08,15:08,Clock Out,No Exception
1022,2025-01-09,08:10,Clock In,No Exception
1022,2025-01-09,17:46,Clock Out,No Exception
1022,2025-01-10,07:14,Clock In,No Exception
1022,2025-01-10,15:48,Clock Out,No Exception
1022,2025-01-12,08:29,Clock In,No Exception
1022,2025-01-12,18:26,Clock Out,No Exception
1022,2025-01-13,06:57,Clock In,No Exception
1022,2025-01-13,16:05,Clock Out,No Exception
1022,2025-01-14,09:04,Clock In,No Exception
1022,2025-01-14,17:44,Clock Out,No Exception
1022,2025-01-15,09:04,Clock In,No Exception
1022,2025-01-15,17:18,Clock Out,No Exception
1022,2025-01-16,06:53,Clock In,No Exception
1022,2025-01-16,15:32,Clock Out,No Exception
1022,2025-01-17,09:33,Clock In,No Exception
1022,2025-01-17,18:58,Clock Out,No Exception
1022,2025-01-20,09:24,Clock In,No Exception
1022,2025-01-20,17:34,Clock Out,No Exception
1022,2025-01-21,07:13,Clock In,No Exception
1022,2025-01-21,14:53,Clock Out,No Exception
1022,2025-01-22,08:25,Clock In,No Exception
1022,2025-01-22,18:01,Clock Out,No Exception
1022,2025-01-23,07:31,Clock In,No Exception
1022,2025-01-23,16:29,Clock Out,No Exception
1022,2025-01-24,07:24,Clock In,No Exception
1022,2025-01-24,16:45,Clock Out,No Exception
1022,2025-01-27,08:59,Clock In,No Exception
1022,2025-01-27,18:06,Clock Out,No Exception
1022,2025-01-28,08:00,Clock In,No Exception
1022,2025-01-28,17:39,Clock Out,No Exception
1022,2025-01-29,09:03,Clock In,No Exception
1022,2025-01-29,17:51,Clock Out,No Exception
1022,2025-01-30,06:32,Clock In,No Exception
1022,2025-01-30,16:15,Clock Out,No Exception
1022,2025-01-31,08:29,Clock In,No Exception
1022,2025-01-31,17:48,Clock Out,No Exception
1022,2025-02-03,09:38,Clock In,No Exception
1022,2025-02-03,18:36,Clock Out,No Exception
1022,2025-02-04,07:53,Clock In,No Exception
1022,2025-02-04,17:17,Clock Out,No Exception
1022,2025-02-05,06:42,Clock In,No Exception
1022,2025-02-05,16:36,Clock Out,No Exception
1022,2025-02-06,08:45,Clock In,No Exception
1022,2025-02-06,16:52,Clock Out,No Exception
1022,2025-02-07,06:10,Clock In,No Exception
1022,2025-02-07,14:35,Clock Out,No Exception
1022,2025-02-10,07:50,Clock In,No Exception
1022,2025-02-10,17:20,Clock Out,No Exception
1022,2025-02-11,07:06,Clock In,No Exception
1022,2025-02-11,16:08,Clock Out,No Exception
1022,2025-02-12,07:33,Clock In,No Exception
1022,2025-02-12,15:46,Clock Out,No Exception
1022,2025-02-13,08:47,Clock In,No Exception
1022,2025-02-13,16:31,Clock Out,No Exception
1022,2025-02-14,06:59,Clock In,No Exception
1022,2025-02-14,16:25,Clock Out,No Exception
1022,2025-02-17,08:01,Clock In,No Exception
1022,2025-02-17,16:29,Clock Out,No Exception
1022,2025-02-18,08:25,Clock In,No Exception
1022,2025-02-18,18:13,Clock Out,No Exception
1022,2025-02-19,08:31,Clock In,No Exception
1022,2025-02-19,17:55,Clock Out,No Exception
1022,2025-02-20,07:48,Clock In,No Exception
1022,2025-02-20,15:28,Clock Out,No Exception
1022,2025-02-21,06:48,Clock In,No Exception
1022,2025-02-21,15:59,Clock Out,No Exception
1022,2025-02-24,06:28,Clock In,No Exception
1022,2025-02-24,15:58,Clock Out,No Exception
1022,2025-02-25,08:22,Clock In,No Exception
1022,2025-02-25,17:33,Clock Out,No Exception
1022,2025-02-26,08:51,Clock In,No Exception
1022,2025-02-26,16:32,Clock Out,No Exception
1022,2025-02-27,06:20,Clock In,No Exception
1022,2025-02-27,15:51,Clock Out,No Exception
1022,2025-02-28,06:44,Clock In,No Exception
1022,2025-02-28,15:46,Clock Out,No Exception
3648,2025-01-01,07:07,Clock In,No Exception
3648,2025-01-01,16:01,Clock Out,No Exception
3648,2025-01-02,06:44,Clock In,No Exception
3648,2025-01-02,14:29,Clock Out,No Exception
3648,2025-01-03,07:10,Clock In,No Exception
3648,2025-01-03,16:05,Clock Out,No Exception
3648,2025-01-06,07:23,Clock In,No Exception
3648,2025-01-06,16:47,Clock Out,No Exception
3648,2025-01-07,08:26,Clock In,No Exception
3648,2025-01-07,17:22,Clock Out,No Exception
3648,2025-01-08,09:33,Clock In,No Exception
3648,2025-01-08,18:31,Clock Out,No Exception
3648,2025-01-09,07:03,Clock In,No Exception
3648,2025-01-09,15:31,Clock Out,No Exception
3648,2025-01-10,06:41,Clock In,No Exception
3648,2025-01-10,14:34,Clock Out,No Exception
3648,2025-01-13,08:46,Clock In,No Exception
3648,2025-01-13,18:03,Clock Out,No Exception
3648,2025-01-14,07:57,Clock In,No Exception
3648,2025-01-14,16:38,Clock Out,No Exception
3648,2025-01-15,07:05,Clock In,No Exception
3648,2025-01-15,15:32,Clock Out,No Exception
3648,2025-01-16,09:04,Clock In,No Exception
3648,2025-01-16,17:08,Clock Out,No Exception
3648,2025-01-17,07:01,Clock In,No Exception
3648,2025-01-17,15:29,Clock Out,Duplicate Punch
3648,2025-01-18,07:09,Clock In,No Exception
3648,2025-01-18,16:55,Clock Out,No Exception
3648,2025-01-20,08:27,Clock In,No Exception
3648,2025-01-20,16:39,Clock Out,No Exception
3648,2025-01-21,06:02,Clock In,No Exception
3648,2025-01-21,14:14,Clock Out,No Exception
3648,2025-01-22,09:29,Clock In,No Exception
3648,2025-01-22,19:12,Clock Out,No Exception
3648,2025-01-23,06:32,Clock In,No Exception
3648,2025-01-23,14:59,Clock Out,No Exception
3648,2025-01-24,06:53,Clock In,No Exception
3648,2025-01-24,16:02,Clock Out,No Exception
3648,2025-01-25,08:36,Clock In,No Exception
3648,2025-01-25,16:53,Clock Out,No Exception
3648,2025-01-27,09:03,Clock In,No Exception
3648,2025-01-27,17:07,Clock Out,No Exception
3648,2025-01-28,08:04,Clock In,No Exception
3648,2025-01-28,17:46,Clock Out,No Exception
3648,2025-01-29,06:52,Clock In,No Exception
3648,2025-01-29,16:22,Clock Out,No Exception
3648,2025-01-30,08:36,Clock In,No Exception
3648,2025-01-30,18:03,Clock Out,No Exception
3648,2025-01-31,07:02,Clock In,No Exception
3648,2025-01-31,15:32,Clock Out,No Exception
3648,2025-02-01,07:32,Clock In,No Exception
3648,2025-02-01,16:02,Clock Out,No Exception
3648,2025-02-02,08:17,Clock In,No Exception
3648,2025-02-02,17:23,Clock Out,No Exception
3648,2025-02-03,07:21,Clock In,No Exception
3648,2025-02-03,15:47,Clock Out,No Exception
3648,2025-02-04,06:22,Clock In,No Exception
3648,2025-02-04,16:18,Clock Out,No Exception
3648,2025-02-05,06:19,Clock In,No Exception
3648,2025-02-05,15:55,Clock Out,No Exception
3648,2025-02-06,07:34,Clock In,No Exception
3648,2025-02-06,15:57,Clock Out,No Exception
3648,2025-02-07,09:51,Clock In,No Exception
3648,2025-02-07,18:36,Clock Out,No Exception
3648,2025-02-08,06:29,Clock In,No Exception
3648,2025-02-08,15:55,Clock Out,No Exception
3648,2025-02-10,09:48,Clock In,No Exception
3648,2025-02-10,17:22,Clock Out,No Exception
3648,2025-02-11,07:27,Clock In,No Exception
3648,2025-02-11,15:27,Clock Out,No Exception
3648,2025-02-12,07:54,Clock In,No Exception
3648,2025-02-12,17:35,Clock Out,No Exception
3648,2025-02-13,07:27,Clock In,No Exception
3648,2025-02-13,15:35,Clock Out,No Exception
3648,2025-02-14,06:11,Clock In,No Exception
3648,2025-02-14,14:36,Clock Out,No Exception
3648,2025-02-16,09:17,Clock In,No Exception
3648,2025-02-16,17:20,Clock Out,No Exception
3648,2025-02-17,07:32,Clock In,No Exception
3648,2025-02-17,15:48,Clock Out,No Exception
3648,2025-02-18,07:01,Clock In,No Exception
3648,2025-02-18,15:05,Clock Out,No Exception
3648,2025-02-19,07:21,Clock In,No Exception
3648,2025-02-19,17:12,Clock Out,No Exception
3648,2025-02-20,06:33,Clock In,No Exception
3648,2025-02-20,14:25,Clock Out,No Exception
3648,2025-02-21,06:12,Clock In,No Exception
3648,2025-02-21,13:57,Clock Out,No Exception
3648,2025-02-22,07:48,Clock In,No Exception
3648,2025-02-22,17:41,Clock Out,No Exception
3648,2025-02-24,07:59,Clock In,No Exception
3648,2025-02-24,17:54,Clock Out,No Exception
3648,2025-02-25,09:43,Clock In,No Exception
3648,2025-02-25,19:10,Clock Out,No Exception
3648,2025-02-26,07:03,Clock In,No Exception
3648,2025-02-26,16:18,Clock Out,No Exception
3648,2025-02-27,06:34,Clock In,No Exception
3648,2025-02-27,15:11,Clock Out,No Exception
3648,2025-02-28,08:33,Clock In,No Exception
3648,2025-02-28,16:10,Clock Out,No Exception
1091,2025-01-01,08:56,Clock In,No Exception
1091,2025-01-01,17:14,Clock Out,No Exception
1091,2025-01-02,06:10,Clock In,No Exception
1091,2025-01-02,14:55,Clock Out,No Exception
1091,2025-01-03,06:30,Clock In,No Exception
1091,2025-01-03,15:32,Clock Out,No Exception
1091,2025-01-05,09:58,Clock In,No Exception
1091,2025-01-05,18:48,Clock Out,No Exception
1091,2025-01-06,07:31,Clock In,No Exception
1091,2025-01-06,17:23,Clock Out,No Exception
1091,2025-01-07,08:29,Clock In,No Exception
1091,2025-01-07,16:39,Clock Out,No Exception
1091,2025-01-08,06:04,Clock In,No Exception
1091,2025-01-08,15:47,Clock Out,No Exception
1091,2025-01-09,09:38,Clock In,No Exception
1091,2025-01-09,19:07,Clock Out,No Exception
1091,2025-01-10,08:16,Clock In,No Exception
1091,2025-01-10,17:57,Clock Out,No Exception
1091,2025-01-13,07:04,Clock In,No Exception
1091,2025-01-13,15:28,Clock Out,No Exception
1091,2025-01-14,07:43,Clock In,No Exception
1091,2025-01-14,16:46,Clock Out,No Exception
1091,2025-01-15,07:09,Clock In,No Exception
1091,2025-01-15,16:36,Clock Out,No Exception
1091,2025-01-16,09:33,Clock In,No Exception
1091,2025-01-16,18:22,Clock Out,No Exception
1091,2025-01-17,06:24,Clock In,No Exception
1091,2025-01-17,14:01,Clock Out,No Exception
1091,2025-01-20,09:52,Clock In,No Exception
1091,2025-01-20,17:31,Clock Out,No Exception
1091,2025-01-21,06:16,Clock In,No Exception
1091,2025-01-21,14:54,Clock Out,No Exception
1091,2025-01-22,08:56,Clock In,No Exception
1091,2025-01-22,18:54,Clock Out,No Exception
1091,2025-01-23,08:39,Clock In,No Exception
1091,2025-01-23,18:10,Clock Out,No Exception
1091,2025-01-24,09:42,Clock In,No Exception
1091,2025-01-24,19:30,Clock Out,No Exception
1091,2025-01-25,06:28,Clock In,No Exception
1091,2025-01-25,14:15,Clock Out,No Exception
1091,2025-01-27,07:46,Clock In,No Exception
1091,2025-01-27,17:08,Clock Out,No Exception
1091,2025-01-28,08:13,Clock In,No Exception
1091,2025-01-28,16:50,Clock Out,No Exception
1091,2025-01-29,06:58,Clock In,No Exception
1091,2025-01-29,16:19,Clock Out,No Exception
1091,2025-01-30,07:56,Clock In,No Exception
1091,2025-01-30,15:51,Clock Out,No Exception
1091,2025-01-31,08:21,Clock In,No Exception
1091,2025-01-31,17:28,Clock Out,No Exception
1091,2025-02-02,09:53,Clock In,No Exception
1091,2025-02-02,18:54,Clock Out,No Exception
1091,2025-02-03,09:16,Clock In,No Exception
1091,2025-02-03,19:08,Clock Out,No Exception
1091,2025-02-04,06:15,Clock In,No Exception
1091,2025-02-04,15:53,Clock Out,No Exception
1091,2025-02-05,06:55,Clock In,No Exception
1091,2025-02-05,14:59,Clock Out,No Exception
1091,2025-02-06,06:57,Clock In,No Exception
1091,2025-02-06,14:30,Clock Out,No Exception
1091,2025-02-07,07:08,Clock In,No Exception
1091,2025-02-07,15:34,Clock Out,No Exception
1091,2025-02-08,07:43,Clock In,No Exception
1091,2025-02-08,15:33,Clock Out,No Exception
1091,2025-02-10,06:43,Clock In,No Exception
1091,2025-02-10,14:59,Clock Out,No Exception
1091,2025-02-11,07:11,Clock In,No Exception
1091,2025-02-11,16:04,Clock Out,No Exception
1091,2025-02-12,09:16,Clock In,No Exception
1091,2025-02-12,16:48,Clock Out,No Exception
1091,2025-02-13,06:02,Clock In,No Exception
1091,2025-02-13,15:46,Clock Out,No Exception
1091,2025-02-14,07:58,Clock In,No Exception
1091,2025-02-14,15:59,Clock Out,No Exception
1091,2025-02-17,08:41,Clock In,No Exception
1091,2025-02-17,17:40,Clock Out,No Exception
1091,2025-02-18,07:31,Clock In,No Exception
1091,2025-02-18,16:35,Clock Out,No Exception
1091,2025-02-19,07:03,Clock In,No Exception
1091,2025-02-19,15:59,Clock Out,No Exception
1091,2025-02-20,07:07,Clock In,No Exception
1091,2025-02-20,15:43,Clock Out,No Exception
1091,2025-02-21,08:51,Clock In,No Exception
1091,2025-02-21,16:29,Clock Out,No Exception
1091,2025-02-22,09:27,Clock In,No Exception
1091,2025-02-22,18:00,Clock Out,No Exception
1091,2025-02-24,09:35,Clock In,No Exception
1091,2025-02-24,17:51,Clock Out,No Exception
1091,2025-02-25,06:03,Clock In,No Exception
1091,2025-02-25,14:17,Clock Out,No Exception
1091,2025-02-26,06:53,Clock In,No Exception
1091,2025-02-26,16:31,Clock Out,No Exception
1091,2025-02-27,06:01,Clock In,No Exception
1091,2025-02-27,15:28,Clock Out,No Exception
1091,2025-02-28,07:05,Clock In,No Exception
1091,2025-02-28,15:15,Clock Out,No Exception
2019,2025-01-01,08:36,Clock In,No Exception
2019,2025-01-01,18:20,Clock Out,No Exception
2019,2025-01-02,07:29,Clock In,No Exception
2019,2025-01-02,15:41,Clock Out,No Exception
2019,2025-01-03,07:02,Clock In,No Exception
2019,2025-01-03,15:58,Clock Out,No Exception
2019,2025-01-06,08:38,Clock In,No Exception
2019,2025-01-06,16:43,Clock Out,No Exception
2019,2025-01-07,08:51,Clock In,No Exception
2019,2025-01-07,17:23,Clock Out,No Exception
2019,2025-01-08,09:44,Clock In,No Exception
2019,2025-01-08,18:20,Clock Out,No Exception
2019,2025-01-09,08:26,Clock In,No Exception
2019,2025-01-09,18:13,Clock Out,No Exception
2019,2025-01-10,08:45,Clock In,No Exception
2019,2025-01-10,17:47,Clock Out,No Exception
2019,2025-01-13,07:32,Clock In,No Exception
2019,2025-01-13,16:26,Clock Out,No Exception
2019,2025-01-14,07:18,Clock In,No Exception
2019,2025-01-14,16:36,Clock Out,No Exception
2019,2025-01-15,09:56,Clock In,No Exception
2019,2025-01-15,18:36,Clock Out,No Exception
2019,2025-01-16,09:32,Clock In,No Exception
2019,2025-01-16,17:08,Clock Out,No Exception
2019,2025-01-17,08:27,Clock In,No Exception
2019,2025-01-17,18:14,Clock Out,No Exception
2019,2025-01-20,08:57,Clock In,No Exception
2019,2025-01-20,18:35,Clock Out,No Exception
2019,2025-01-21,09:11,Clock In,No Exception
2019,2025-01-21,17:58,Clock Out,No Exception
2019,2025-01-22,06:40,Clock In,No Exception
2019,2025-01-22,16:06,Clock Out,No Exception
2019,2025-01-23,06:42,Clock In,No Exception
2019,2025-01-23,15:56,Clock Out,No Exception
2019,2025-01-24,08:22,Clock In,No Exception
2019,2025-01-24,18:13,Clock Out,No Exception
2019,2025-01-27,06:44,Clock In,No Exception
2019,2025-01-27,15:19,Clock Out,No Exception
2019,2025-01-28,07:05,Clock In,No Exception
2019,2025-01-28,16:44,Clock Out,No Exception
2019,2025-01-29,07:24,Clock In,No Exception
2019,2025-01-29,15:33,Clock Out,No Exception
2019,2025-01-30,07:08,Clock In,No Exception
2019,2025-01-30,16:18,Clock Out,No Exception
2019,2025-01-31,06:19,Clock In,No Exception
2019,2025-01-31,15:57,Clock Out,No Exception
2019,2025-02-03,09:07,Clock In,No Exception
2019,2025-02-03,18:24,Clock Out,No Exception
2019,2025-02-04,08:18,Clock In,No Exception
2019,2025-02-04,16:25,Clock Out,No Exception
2019,2025-02-05,09:54,Clock In,No Exception
2019,2025-02-05,18:16,Clock Out,No Exception
2019,2025-02-06,07:44,Clock In,No Exception
2019,2025-02-06,15:56,Clock Out,No Exception
2019,2025-02-07,09:55,Clock In,No Exception
2019,2025-02-07,19:32,Clock Out,No Exception
2019,2025-02-08,08:38,Clock In,No Exception
2019,2025-02-08,17:59,Clock Out,No Exception
2019,2025-02-10,08:00,Clock In,No Exception
2019,2025-02-10,16:33,Clock Out,No Exception
2019,2025-02-11,07:39,Clock In,No Exception
2019,2025-02-11,17:18,Clock Out,No Exception
2019,2025-02-12,07:10,Clock In,No Exception
2019,2025-02-12,16:55,Clock Out,No Exception
2019,2025-02-13,09:40,Clock In,No Exception
2019,2025-02-13,19:00,Clock Out,No Exception
2019,2025-02-14,06:42,Clock In,No Exception
2019,2025-02-14,16:12,Clock Out,No Exception
2019,2025-02-17,09:37,Clock In,No Exception
2019,2025-02-17,18:41,Clock Out,No Exception
2019,2025-02-18,07:54,Clock In,No Exception
2019,2025-02-18,16:19,Clock Out,No Exception
2019,2025-02-19,07:43,Clock In,No Exception
2019,2025-02-19,16:41,Clock Out,No Exception
2019,2025-02-20,08:29,Clock In,No Exception
2019,2025-02-20,16:15,Clock Out,No Exception
2019,2025-02-21,07:20,Clock In,No Exception
2019,2025-02-21,15:44,Clock Out,No Exception
2019,2025-02-24,08:38,Clock In,No Exception
2019,2025-02-24,18:05,Clock Out,No Exception
2019,2025-02-25,06:54,Clock In,No Exception
2019,2025-02-25,15:43,Clock Out,No Exception
2019,2025-02-26,09:02,Clock In,No Exception
2019,2025-02-26,18:11,Clock Out,No Exception
2019,2025-02-27,07:18,Clock In,No Exception
2019,2025-02-27,15:52,Clock Out,No Exception
2019,2025-02-28,09:09,Clock In,No Exception
2019,2025-02-28,17:33,Clock Out,No Exception
2053,2025-01-01,07:04,Clock In,No Exception
2053,2025-01-01,15:52,Clock Out,No Exception
2053,2025-01-02,07:58,Clock In,No Exception
2053,2025-01-02,17:11,Clock Out,No Exception
2053,2025-01-03,09:34,Clock In,No Exception
2053,2025-01-03,19:23,Clock Out,No Exception
2053,2025-01-04,07:02,Clock In,No Exception
2053,2025-01-04,16:45,Clock Out,No Exception
2053,2025-01-06,06:34,Clock In,No Exception
2053,2025-01-06,15:32,Clock Out,No Exception
2053,2025-01-07,07:23,Clock In,No Exception
2053,2025-01-07,16:20,Clock Out,No Exception
2053,2025-01-08,07:33,Clock In,No Exception
2053,2025-01-08,15:10,Clock Out,No Exception
2053,2025-01-09,06:45,Clock In,No Exception
2053,2025-01-09,15:14,Clock Out,No Exception
2053,2025-01-10,09:59,Clock In,No Exception
2053,2025-01-10,18:56,Clock Out,No Exception
2053,2025-01-13,06:57,Clock In,No Exception
2053,2025-01-13,16:32,Clock Out,No Exception
2053,2025-01-14,09:04,Clock In,No Exception
2053,2025-01-14,18:37,Clock Out,No Exception
2053,2025-01-15,08:01,Clock In,No Exception
2053,2025-01-15,15:47,Clock Out,No Exception
2053,2025-01-16,09:36,Clock In,No Exception
2053,2025-01-16,17:07,Clock Out,No Exception
2053,2025-01-17,09:08,Clock In,No Exception
2053,2025-01-17,18:04,Clock Out,No Exception
2053,2025-01-20,07:35,Clock In,No Exception
2053,2025-01-20,15:20,Clock Out,No Exception
2053,2025-01-21,07:08,Clock In,No Exception
2053,2025-01-21,14:42,Clock Out,No Exception
2053,2025-01-22,07:49,Clock In,No Exception
2053,2025-01-22,17:47,Clock Out,No Exception
2053,2025-01-23,09:13,Clock In,No Exception
2053,2025-01-23,17:50,Clock Out,No Exception
2053,2025-01-24,09:32,Clock In,No Exception
2053,2025-01-24,18:38,Clock Out,No Exception
2053,2025-01-27,07:22,Clock In,No Exception
2053,2025-01-27,16:57,Clock Out,No Exception
2053,2025-01-28,07:25,Clock In,No Exception
2053,2025-01-28,16:56,Clock Out,No Exception
2053,2025-01-29,08:41,Clock In,No Exception
2053,2025-01-29,17:54,Clock Out,No Exception
2053,2025-01-30,09:50,Clock In,No Exception
2053,2025-01-30,19:38,Clock Out,No Exception
2053,2025-01-31,07:09,Clock In,No Exception
2053,2025-01-31,15:11,Clock Out,No Exception
2053,2025-02-03,09:43,Clock In,No Exception
2053,2025-02-03,18:15,Clock Out,No Exception
2053,2025-02-04,06:35,Clock In,No Exception
2053,2025-02-04,14:35,Clock Out,No Exception
2053,2025-02-05,06:42,Clock In,No Exception
2053,2025-02-05,14:52,Clock Out,No Exception
2053,2025-02-06,09:04,Clock In,No Exception
2053,2025-02-06,18:56,Clock Out,No Exception
2053,2025-02-07,08:37,Clock In,No Exception
2053,2025-02-07,17:08,Clock Out,No Exception
2053,2025-02-08,09:04,Clock In,No Exception
2053,2025-02-08,18:30,Clock Out,No Exception
2053,2025-02-10,06:01,Clock In,No Exception
2053,2025-02-10,15:22,Clock Out,No Exception
2053,2025-02-11,06:56,Clock In,No Exception
2053,2025-02-11,15:29,Clock Out,No Exception
2053,2025-02-12,07:48,Clock In,No Exception
2053,2025-02-12,17:36,Clock Out,No Exception
2053,2025-02-13,07:10,Clock In,No Exception
2053,2025-02-13,15:28,Clock Out,No Exception
2053,2025-02-14,08:18,Clock In,No Exception
2053,2025-02-14,16:48,Clock Out,No Exception
2053,2025-02-15,07:41,Clock In,No Exception
2053,2025-02-15,17:13,Clock Out,No Exception
2053,2025-02-16,07:59,Clock In,No Exception
2053,2025-02-16,16:02,Clock Out,No Exception
2053,2025-02-17,08:51,Clock In,No Exception
2053,2025-02-17,18:31,Clock Out,No Exception
2053,2025-02-18,08:42,Clock In,No Exception
2053,2025-02-18,18:25,Clock Out,No Exception
2053,2025-02-19,08:15,Clock In,No Exception
2053,2025-02-19,16:46,Clock Out,No Exception
2053,2025-02-20,07:22,Clock In,No Exception
2053,2025-02-20,15:56,Clock Out,No Exception
2053,2025-02-21,06:13,Clock In,No Exception
2053,2025-02-21,15:04,Clock Out,No Exception
2053,2025-02-24,08:04,Clock In,No Exception
2053,2025-02-24,16:38,Clock Out,No Exception
2053,2025-02-25,08:08,Clock In,No Exception
2053,2025-02-25,16:52,Clock Out,No Exception
2053,2025-02-26,09:05,Clock In,No Exception
2053,2025-02-26,18:11,Clock Out,No Exception
2053,2025-02-27,06:07,Clock In,No Exception
2053,2025-02-27,14:07,Clock Out,No Exception
2053,2025-02-28,08:50,Clock In,No Exception
2053,2025-02-28,18:46,Clock Out,No Exception
3812,2025-01-01,09:50,Clock In,No Exception
3812,2025-01-01,17:45,Clock Out,No Exception
3812,2025-01-02,06:42,Clock In,No Exception
3812,2025-01-02,14:57,Clock Out,No Exception
3812,2025-01-03,08:38,Clock In,No Exception
3812,2025-01-03,18:03,Clock Out,No Exception
3812,2025-01-04,09:09,Clock In,No Exception
3812,2025-01-04,19:06,Clock Out,No Exception
3812,2025-01-06,08:41,Clock In,No Exception
3812,2025-01-06,16:13,Clock Out,No Exception
3812,2025-01-07,06:43,Clock In,No Exception
3812,2025-01-07,15:47,Clock Out,No Exception
3812,2025-01-08,08:18,Clock In,No Exception
3812,2025-01-08,17:36,Clock Out,No Exception
3812,2025-01-09,06:26,Clock In,No Exception
3812,2025-01-09,15:15,Clock Out,No Exception
3812,2025-01-10,06:38,Clock In,No Exception
3812,2025-01-10,14:29,Clock Out,No Exception
3812,2025-01-12,09:19,Clock In,No Exception
3812,2025-01-12,17:56,Clock Out,No Exception
3812,2025-01-13,09:53,Clock In,No Exception
3812,2025-01-13,18:49,Clock Out,No Exception
3812,2025-01-14,08:52,Clock In,No Exception
3812,2025-01-14,16:22,Clock Out,No Exception
3812,2025-01-15,09:10,Clock In,No Exception
3812,2025-01-15,18:58,Clock Out,No Exception
3812,2025-01-16,06:18,Clock In,No Exception
3812,2025-01-16,14:02,Clock Out,No Exception
3812,2025-01-17,07:34,Clock In,No Exception
3812,2025-01-17,15:46,Clock Out,No Exception
3812,2025-01-20,06:30,Clock In,No Exception
3812,2025-01-20,16:05,Clock Out,No Exception
3812,2025-01-21,06:00,Clock In,No Exception
3812,2025-01-21,15:09,Clock Out,No Exception
3812,2025-01-22,08:34,Clock In,No Exception
3812,2025-01-22,17:35,Clock Out,No Exception
3812,2025-01-23,06:40,Clock In,No Exception
3812,2025-01-23,16:38,Clock Out,No Exception
3812,2025-01-24,07:09,Clock In,No Exception
3812,2025-01-24,16:51,Clock Out,No Exception
3812,2025-01-27,09:24,Clock In,No Exception
3812,2025-01-27,18:14,Clock Out,No Exception
3812,2025-01-28,09:24,Clock In,No Exception
3812,2025-01-28,17:34,Clock Out,No Exception
3812,2025-01-29,06:28,Clock In,No Exception
3812,2025-01-29,16:23,Clock Out,No Exception
3812,2025-01-30,09:33,Clock In,No Exception
3812,2025-01-30,18:06,Clock Out,No Exception
3812,2025-01-31,09:43,Clock In,No Exception
3812,2025-01-31,17:56,Clock Out,No Exception
3812,2025-02-03,06:38,Clock In,No Exception
3812,2025-02-03,14:23,Clock Out,No Exception
3812,2025-02-04,07:25,Clock In,No Exception
3812,2025-02-04,17:25,Clock Out,No Exception
3812,2025-02-05,06:02,Clock In,No Exception
3812,2025-02-05,14:51,Clock Out,No Exception
3812,2025-02-06,08:37,Clock In,No Exception
3812,2025-02-06,16:16,Clock Out,No Exception
3812,2025-02-07,09:41,Clock In,No Exception
3812,2025-02-07,18:02,Clock Out,No Exception
3812,2025-02-10,09:58,Clock In,No Exception
3812,2025-02-10,17:51,Clock Out,No Exception
3812,2025-02-11,08:39,Clock In,No Exception
3812,2025-02-11,18:05,Clock Out,No Exception
3812,2025-02-12,07:16,Clock In,No Exception
3812,2025-02-12,14:57,Clock Out,No Exception
3812,2025-02-13,07:16,Clock In,No Exception
3812,2025-02-13,15:09,Clock Out,No Exception
3812,2025-02-14,09:43,Clock In,No Exception
3812,2025-02-14,18:52,Clock Out,No Exception
3812,2025-02-17,07:10,Clock In,No Exception
3812,2025-02-17,14:57,Clock Out,No Exception
3812,2025-02-18,07:21,Clock In,No Exception
3812,2025-02-18,15:28,Clock Out,No Exception
3812,2025-02-19,09:46,Clock In,No Exception
3812,2025-02-19,19:10,Clock Out,No Exception
3812,2025-02-20,09:25,Clock In,No Exception
3812,2025-02-20,18:36,Clock Out,No Exception
3812,2025-02-21,06:23,Clock In,No Exception
3812,2025-02-21,14:31,Clock Out,No Exception
3812,2025-02-24,06:09,Clock In,No Exception
3812,2025-02-24,14:27,Clock Out,No Exception
3812,2025-02-25,08:30,Clock In,No Exception
3812,2025-02-25,17:46,Clock Out,No Exception
3812,2025-02-26,09:55,Clock In,No Exception
3812,2025-02-26,18:02,Clock Out,No Exception
3812,2025-02-27,06:46,Clock In,No Exception
3812,2025-02-27,15:25,Clock Out,No Exception
3812,2025-02-28,08:02,Clock In,No Exception
3812,2025-02-28,16:54,Clock Out,No Exception
3812,2025-03-01,06:49,Clock In,No Exception
3812,2025-03-01,15:57,Clock Out,No Exception
1745,2025-01-01,07:43,Clock In,No Exception
1745,2025-01-01,15:15,Clock Out,No Exception
1745,2025-01-02,06:07,Clock In,No Exception
1745,2025-01-02,16:05,Clock Out,No Exception
1745,2025-01-03,06:12,Clock In,No Exception
1745,2025-01-03,14:42,Clock Out,No Exception
1745,2025-01-06,06:27,Clock In,No Exception
1745,2025-01-06,16:13,Clock Out,No Exception
1745,2025-01-07,07:05,Clock In,No Exception
1745,2025-01-07,16:21,Clock Out,No Exception
1745,2025-01-08,08:46,Clock In,No Exception
1745,2025-01-08,17:51,Clock Out,No Exception
1745,2025-01-09,06:11,Clock In,No Exception
1745,2025-01-09,15:52,Clock Out,No Exception
1745,2025-01-10,08:34,Clock In,No Exception
1745,2025-01-10,16:10,Clock Out,No Exception
1745,2025-01-13,07:44,Clock In,No Exception
1745,2025-01-13,16:25,Clock Out,No Exception
1745,2025-01-14,09:49,Clock In,No Exception
1745,2025-01-14,17:39,Clock Out,No Exception
1745,2025-01-15,08:23,Clock In,No Exception
1745,2025-01-15,15:58,Clock Out,No Exception
1745,2025-01-16,07:49,Clock In,No Exception
1745,2025-01-16,15:33,Clock Out,No Exception
1745,2025-01-17,06:44,Clock In,No Exception
1745,2025-01-17,16:32,Clock Out,No Exception
1745,2025-01-20,06:14,Clock In,No Exception
1745,2025-01-20,15:08,Clock Out,No Exception
1745,2025-01-21,09:37,Clock In,No Exception
1745,2025-01-21,19:37,Clock Out,No Exception
1745,2025-01-22,06:13,Clock In,No Exception
1745,2025-01-22,14:59,Clock Out,No Exception
1745,2025-01-23,06:20,Clock In,No Exception
1745,2025-01-23,14:32,Clock Out,No Exception
1745,2025-01-24,09:53,Clock In,No Exception
1745,2025-01-24,17:33,Clock Out,No Exception
1745,2025-01-25,08:04,Clock In,No Exception
1745,2025-01-25,16:32,Clock Out,No Exception
1745,2025-01-27,08:55,Clock In,No Exception
1745,2025-01-27,18:33,Clock Out,No Exception
1745,2025-01-28,07:07,Clock In,No Exception
1745,2025-01-28,14:59,Clock Out,No Exception
1745,2025-01-29,08:18,Clock In,No Exception
1745,2025-01-29,16:23,Clock Out,No Exception
1745,2025-01-30,06:38,Clock In,No Exception
1745,2025-01-30,15:16,Clock Out,No Exception
1745,2025-01-31,07:36,Clock In,No Exception
1745,2025-01-31,15:45,Clock Out,No Exception
1745,2025-02-03,07:28,Clock In,No Exception
1745,2025-02-03,15:12,Clock Out,No Exception
1745,2025-02-04,08:02,Clock In,No Exception
1745,2025-02-04,17:27,Clock Out,No Exception
1745,2025-02-05,07:45,Clock In,No Exception
1745,2025-02-05,16:42,Clock Out,No Exception
1745,2025-02-06,08:13,Clock In,No Exception
1745,2025-02-06,16:14,Clock Out,No Exception
1745,2025-02-07,06:49,Clock In,No Exception
1745,2025-02-07,14:42,Clock Out,No Exception
1745,2025-02-09,07:33,Clock In,No Exception
1745,2025-02-09,15:03,Clock Out,No Exception
1745,2025-02-10,06:43,Clock In,No Exception
1745,2025-02-10,16:12,Clock Out,No Exception
1745,2025-02-11,06:50,Clock In,No Exception
1745,2025-02-11,15:58,Clock Out,No Exception
1745,2025-02-12,08:21,Clock In,No Exception
1745,2025-02-12,16:17,Clock Out,No Exception
1745,2025-02-13,06:53,Clock In,No Exception
1745,2025-02-13,16:51,Clock Out,No Exception
1745,2025-02-14,07:34,Clock In,No Exception
1745,2025-02-14,16:20,Clock Out,No Exception
1745,2025-02-17,06:26,Clock In,No Exception
1745,2025-02-17,15:16,Clock Out,No Exception
1745,2025-02-18,08:41,Clock In,No Exception
1745,2025-02-18,17:23,Clock Out,No Exception
1745,2025-02-19,06:32,Clock In,No Exception
1745,2025-02-19,15:47,Clock Out,No Exception
1745,2025-02-20,07:19,Clock In,No Exception
1745,2025-02-20,16:38,Clock Out,No Exception
1745,2025-02-21,07:57,Clock In,No Exception
1745,2025-02-21,17:13,Clock Out,No Exception
1745,2025-02-24,08:48,Clock In,No Exception
1745,2025-02-24,16:48,Clock Out,No Exception
1745,2025-02-25,08:23,Clock In,No Exception
1745,2025-02-25,16:23,Clock Out,No Exception
1745,2025-02-26,07:31,Clock In,No Exception
1745,2025-02-26,17:05,Clock Out,No Exception
1745,2025-02-27,08:37,Clock In,No Exception
1745,2025-02-27,16:56,Clock Out,No Exception
1745,2025-02-28,08:27,Clock In,No Exception
1745,2025-02-28,16:27,Clock Out,No Exception
1745,2025-03-01,09:29,Clock In,No Exception
1745,2025-03-01,17:30,Clock Out,No Exception
3703,2025-01-01,07:32,Clock In,No Exception
3703,2025-01-01,17:04,Clock Out,No Exception
3703,2025-01-02,07:23,Clock In,No Exception
3703,2025-01-02,17:17,Clock Out,No Exception
3703,2025-01-03,09:29,Clock In,No Exception
3703,2025-01-03,18:17,Clock Out,No Exception
3703,2025-01-05,08:54,Clock In,No Exception
3703,2025-01-05,16:35,Clock Out,No Exception
3703,2025-01-06,07:11,Clock In,No Exception
3703,2025-01-06,15:49,Clock Out,No Exception
3703,2025-01-07,08:33,Clock In,No Exception
3703,2025-01-07,17:25,Clock Out,No Exception
3703,2025-01-08,08:58,Clock In,No Exception
3703,2025-01-08,18:06,Clock Out,No Exception
3703,2025-01-09,06:06,Clock In,No Exception
3703,2025-01-09,13:46,Clock Out,No Exception
3703,2025-01-10,07:32,Clock In,No Exception
3703,2025-01-10,15:40,Clock Out,No Exception
3703,2025-01-11,08:02,Clock In,No Exception
3703,2025-01-11,16:52,Clock Out,No Exception
3703,2025-01-13,09:59,Clock In,No Exception
3703,2025-01-13,19:39,Clock Out,No Exception
3703,2025-01-14,06:12,Clock In,No Exception
3703,2025-01-14,15:20,Clock Out,No Exception
3703,2025-01-15,09:07,Clock In,No Exception
3703,2025-01-15,17:55,Clock Out,No Exception
3703,2025-01-16,07:39,Clock In,No Exception
3703,2025-01-16,16:08,Clock Out,No Exception
3703,2025-01-17,06:19,Clock In,No Exception
3703,2025-01-17,14:10,Clock Out,No Exception
3703,2025-01-19,06:46,Clock In,No Exception
3703,2025-01-19,15:03,Clock Out,No Exception
3703,2025-01-20,06:02,Clock In,No Exception
3703,2025-01-20,15:32,Clock Out,No Exception
3703,2025-01-21,06:04,Clock In,No Exception
3703,2025-01-21,15:49,Clock Out,No Exception
3703,2025-01-22,09:43,Clock In,No Exception
3703,2025-01-22,18:15,Clock Out,No Exception
3703,2025-01-23,06:35,Clock In,No Exception
3703,2025-01-23,14:22,Clock Out,No Exception
3703,2025-01-24,08:43,Clock In,No Exception
3703,2025-01-24,16:26,Clock Out,No Exception
3703,2025-01-27,09:53,Clock In,No Exception
3703,2025-01-27,19:42,Clock Out,No Exception
3703,2025-01-28,07:20,Clock In,No Exception
3703,2025-01-28,16:35,Clock Out,No Exception
3703,2025-01-29,09:11,Clock In,No Exception
3703,2025-01-29,16:44,Clock Out,No Exception
3703,2025-01-30,09:45,Clock In,No Exception
3703,2025-01-30,19:10,Clock Out,No Exception
3703,2025-01-31,07:00,Clock In,No Exception
3703,2025-01-31,15:46,Clock Out,No Exception
3703,2025-02-03,09:18,Clock In,No Exception
3703,2025-02-03,17:59,Clock Out,No Exception
3703,2025-02-04,09:55,Clock In,No Exception
3703,2025-02-04,19:22,Clock Out,No Exception
3703,2025-02-05,08:24,Clock In,No Exception
3703,2025-02-05,16:19,Clock Out,No Exception
3703,2025-02-06,07:34,Clock In,No Exception
3703,2025-02-06,15:08,Clock Out,No Exception
3703,2025-02-07,07:11,Clock In,No Exception
3703,2025-02-07,16:16,Clock Out,No Exception
3703,2025-02-10,06:51,Clock In,No Exception
3703,2025-02-10,15:57,Clock Out,No Exception
3703,2025-02-11,06:22,Clock In,No Exception
3703,2025-02-11,15:32,Clock Out,No Exception
3703,2025-02-12,07:14,Clock In,No Exception
3703,2025-02-12,15:20,Clock Out,No Exception
3703,2025-02-13,06:23,Clock In,No Exception
3703,2025-02-13,14:07,Clock Out,No Exception
3703,2025-02-14,07:55,Clock In,No Exception
3703,2025-02-14,17:52,Clock Out,No Exception
3703,2025-02-15,08:46,Clock In,No Exception
3703,2025-02-15,18:33,Clock Out,No Exception
3703,2025-02-17,09:47,Clock In,No Exception
3703,2025-02-17,19:18,Clock Out,No Exception
3703,2025-02-18,06:08,Clock In,No Exception
3703,2025-02-18,15:23,Clock Out,No Exception
3703,2025-02-19,06:31,Clock In,No Exception
3703,2025-02-19,15:28,Clock Out,No Exception
3703,2025-02-20,08:51,Clock In,No Exception
3703,2025-02-20,16:22,Clock Out,No Exception
3703,2025-02-21,08:19,Clock In,No Exception
3703,2025-02-21,16:38,Clock Out,No Exception
3703,2025-02-24,09:09,Clock In,No Exception
3703,2025-02-24,18:39,Clock Out,No Exception
3703,2025-02-25,08:53,Clock In,No Exception
3703,2025-02-25,17:44,Clock Out,No Exception
3703,2025-02-26,06:01,Clock In,No Exception
3703,2025-02-26,15:46,Clock Out,No Exception
3703,2025-02-27,09:36,Clock In,No Exception
3703,2025-02-27,19:09,Clock Out,No Exception
3703,2025-02-28,07:59,Clock In,No Exception
3703,2025-02-28,16:47,Clock Out,No Exception
2387,2025-01-01,07:20,Clock In,No Exception
2387,2025-01-01,15:05,Clock Out,No Exception
2387,2025-01-02,06:03,Clock In,No Exception
2387,2025-01-02,14:13,Clock Out,No Exception
2387,2025-01-03,08:58,Clock In,No Exception
2387,2025-01-03,17:14,Clock Out,No Exception
2387,2025-01-04,08:51,Clock In,No Exception
2387,2025-01-04,17:47,Clock Out,No Exception
2387,2025-01-06,09:07,Clock In,No Exception
2387,2025-01-06,19:07,Clock Out,No Exception
2387,2025-01-07,09:58,Clock In,No Exception
2387,2025-01-07,19:26,Clock Out,No Exception
2387,2025-01-08,07:21,Clock In,No Exception
2387,2025-01-08,16:06,Clock Out,No Exception
2387,2025-01-09,08:26,Clock In,No Exception
2387,2025-01-09,17:03,Clock Out,No Exception
2387,2025-01-10,08:19,Clock In,No Exception
2387,2025-01-10,17:13,Clock Out,No Exception
2387,2025-01-13,07:44,Clock In,No Exception
2387,2025-01-13,15:17,Clock Out,No Exception
2387,2025-01-14,09:24,Clock In,No Exception
2387,2025-01-14,17:21,Clock Out,No Exception
2387,2025-01-15,08:00,Clock In,No Exception
2387,2025-01-15,16:38,Clock Out,No Exception
2387,2025-01-16,07:55,Clock In,No Exception
2387,2025-01-16,17:30,Clock Out,No Exception
2387,2025-01-17,09:26,Clock In,No Exception
2387,2025-01-17,19:18,Clock Out,No Exception
2387,2025-01-19,09:02,Clock In,No Exception
2387,2025-01-19,16:55,Clock Out,No Exception
2387,2025-01-20,08:33,Clock In,No Exception
2387,2025-01-20,16:04,Clock Out,No Exception
2387,2025-01-21,07:00,Clock In,No Exception
2387,2025-01-21,16:11,Clock Out,No Exception
2387,2025-01-22,07:20,Clock In,No Exception
2387,2025-01-22,16:33,Clock Out,No Exception
2387,2025-01-23,06:35,Clock In,No Exception
2387,2025-01-23,14:06,Clock Out,No Exception
2387,2025-01-24,08:39,Clock In,No Exception
2387,2025-01-24,16:57,Clock Out,No Exception
2387,2025-01-26,08:35,Clock In,No Exception
2387,2025-01-26,16:38,Clock Out,No Exception
2387,2025-01-27,07:48,Clock In,No Exception
2387,2025-01-27,17:36,Clock Out,No Exception
2387,2025-01-28,06:46,Clock In,No Exception
2387,2025-01-28,14:54,Clock Out,No Exception
2387,2025-01-29,07:32,Clock In,No Exception
2387,2025-01-29,16:28,Clock Out,No Exception
2387,2025-01-30,07:58,Clock In,No Exception
2387,2025-01-30,16:29,Clock Out,No Exception
2387,2025-01-31,09:49,Clock In,No Exception
2387,2025-01-31,17:44,Clock Out,No Exception
2387,2025-02-02,07:57,Clock In,No Exception
2387,2025-02-02,17:06,Clock Out,No Exception
2387,2025-02-03,07:13,Clock In,No Exception
2387,2025-02-03,17:06,Clock Out,Duplicate Punch
2387,2025-02-04,08:47,Clock In,No Exception
2387,2025-02-04,16:30,Clock Out,No Exception
2387,2025-02-05,07:54,Clock In,No Exception
2387,2025-02-05,17:51,Clock Out,No Exception
2387,2025-02-06,08:50,Clock In,No Exception
2387,2025-02-06,18:18,Clock Out,No Exception
2387,2025-02-07,09:39,Clock In,No Exception
2387,2025-02-07,18:58,Clock Out,No Exception
2387,2025-02-10,09:14,Clock In,No Exception
2387,2025-02-10,17:41,Clock Out,No Exception
2387,2025-02-11,09:55,Clock In,No Exception
2387,2025-02-11,18:39,Clock Out,No Exception
2387,2025-02-12,07:48,Clock In,No Exception
2387,2025-02-12,16:48,Clock Out,No Exception
2387,2025-02-13,06:11,Clock In,No Exception
2387,2025-02-13,13:51,Clock Out,No Exception
2387,2025-02-14,07:28,Clock In,No Exception
2387,2025-02-14,17:11,Clock Out,No Exception
2387,2025-02-15,07:32,Clock In,No Exception
2387,2025-02-15,17:03,Clock Out,No Exception
2387,2025-02-17,09:31,Clock In,No Exception
2387,2025-02-17,17:11,Clock Out,No Exception
2387,2025-02-18,06:57,Clock In,No Exception
2387,2025-02-18,16:08,Clock Out,No Exception
2387,2025-02-19,08:59,Clock In,No Exception
2387,2025-02-19,17:23,Clock Out,No Exception
2387,2025-02-20,09:42,Clock In,No Exception
2387,2025-02-20,17:19,Clock Out,No Exception
2387,2025-02-21,09:02,Clock In,No Exception
2387,2025-02-21,18:49,Clock Out,No Exception
2387,2025-02-23,06:04,Clock In,No Exception
2387,2025-02-23,14:21,Clock Out,No Exception
2387,2025-02-24,09:00,Clock In,No Exception
2387,2025-02-24,17:10,Clock Out,No Exception
2387,2025-02-25,09:50,Clock In,No Exception
2387,2025-02-25,18:15,Clock Out,No Exception
2387,2025-02-26,07:07,Clock In,No Exception
2387,2025-02-26,14:54,Clock Out,No Exception
2387,2025-02-27,08:58,Clock In,No Exception
2387,2025-02-27,17:35,Clock Out,No Exception
2387,2025-02-28,09:37,Clock In,No Exception
2387,2025-02-28,17:28,Clock Out,No Exception
2387,2025-03-01,08:59,Clock In,No Exception
2387,2025-03-01,17:05,Clock Out,No Exception
1897,2025-01-01,06:24,Clock In,No Exception
1897,2025-01-01,14:04,Clock Out,No Exception
1897,2025-01-02,08:13,Clock In,No Exception
1897,2025-01-02,16:31,Clock Out,No Exception
1897,2025-01-03,09:23,Clock In,No Exception
1897,2025-01-03,17:30,Clock Out,No Exception
1897,2025-01-06,07:24,Clock In,No Exception
1897,2025-01-06,17:20,Clock Out,No Exception
1897,2025-01-07,07:00,Clock In,No Exception
1897,2025-01-07,15:44,Clock Out,No Exception
1897,2025-01-08,06:16,Clock In,No Exception
1897,2025-01-08,15:40,Clock Out,No Exception
1897,2025-01-09,08:14,Clock In,No Exception
1897,2025-01-09,18:12,Clock Out,No Exception
1897,2025-01-10,07:40,Clock In,No Exception
1897,2025-01-10,15:48,Clock Out,No Exception
1897,2025-01-13,08:20,Clock In,No Exception
1897,2025-01-13,17:24,Clock Out,No Exception
1897,2025-01-14,07:20,Clock In,No Exception
1897,2025-01-14,16:56,Clock Out,No Exception
1897,2025-01-15,06:21,Clock In,No Exception
1897,2025-01-15,14:06,Clock Out,No Exception
1897,2025-01-16,09:50,Clock In,No Exception
1897,2025-01-16,17:50,Clock Out,No Exception
1897,2025-01-17,08:08,Clock In,No Exception
1897,2025-01-17,16:49,Clock Out,No Exception
1897,2025-01-20,07:30,Clock In,No Exception
1897,2025-01-20,15:00,Clock Out,No Exception
1897,2025-01-21,06:27,Clock In,No Exception
1897,2025-01-21,16:04,Clock Out,No Exception
1897,2025-01-22,06:55,Clock In,No Exception
1897,2025-01-22,16:50,Clock Out,No Exception
1897,2025-01-23,07:21,Clock In,No Exception
1897,2025-01-23,16:30,Clock Out,No Exception
1897,2025-01-24,06:02,Clock In,No Exception
1897,2025-01-24,14:44,Clock Out,No Exception
1897,2025-01-26,07:52,Clock In,No Exception
1897,2025-01-26,16:00,Clock Out,No Exception
1897,2025-01-27,08:33,Clock In,No Exception
1897,2025-01-27,17:42,Clock Out,No Exception
1897,2025-01-28,08:53,Clock In,No Exception
1897,2025-01-28,18:13,Clock Out,No Exception
1897,2025-01-29,08:56,Clock In,No Exception
1897,2025-01-29,16:48,Clock Out,No Exception
1897,2025-01-30,09:02,Clock In,No Exception
1897,2025-01-30,18:03,Clock Out,No Exception
1897,2025-01-31,09:34,Clock In,No Exception
1897,2025-01-31,19:14,Clock Out,No Exception
1897,2025-02-03,08:36,Clock In,No Exception
1897,2025-02-03,16:14,Clock Out,No Exception
1897,2025-02-04,09:37,Clock In,No Exception
1897,2025-02-04,19:18,Clock Out,No Exception
1897,2025-02-05,06:19,Clock In,No Exception
1897,2025-02-05,15:57,Clock Out,No Exception
1897,2025-02-06,08:03,Clock In,No Exception
1897,2025-02-06,16:48,Clock Out,No Exception
1897,2025-02-07,07:51,Clock In,No Exception
1897,2025-02-07,17:29,Clock Out,No Exception
1897,2025-02-10,07:23,Clock In,No Exception
1897,2025-02-10,16:09,Clock Out,No Exception
1897,2025-02-11,08:20,Clock In,No Exception
1897,2025-02-11,16:43,Clock Out,No Exception
1897,2025-02-12,06:41,Clock In,No Exception
1897,2025-02-12,15:30,Clock Out,No Exception
1897,2025-02-13,07:27,Clock In,No Exception
1897,2025-02-13,17:02,Clock Out,No Exception
1897,2025-02-14,07:42,Clock In,No Exception
1897,2025-02-14,15:33,Clock Out,No Exception
1897,2025-02-17,09:34,Clock In,No Exception
1897,2025-02-17,17:29,Clock Out,No Exception
1897,2025-02-18,06:36,Clock In,No Exception
1897,2025-02-18,15:09,Clock Out,No Exception
1897,2025-02-19,07:12,Clock In,No Exception
1897,2025-02-19,15:18,Clock Out,No Exception
1897,2025-02-20,06:12,Clock In,No Exception
1897,2025-02-20,15:32,Clock Out,No Exception
1897,2025-02-21,09:22,Clock In,No Exception
1897,2025-02-21,19:02,Clock Out,No Exception
1897,2025-02-23,09:41,Clock In,No Exception
1897,2025-02-23,19:18,Clock Out,No Exception
1897,2025-02-24,06:30,Clock In,No Exception
1897,2025-02-24,16:30,Clock Out,No Exception
1897,2025-02-25,06:01,Clock In,No Exception
1897,2025-02-25,14:09,Clock Out,No Exception
1897,2025-02-26,07:32,Clock In,No Exception
1897,2025-02-26,16:29,Clock Out,No Exception
1897,2025-02-27,07:55,Clock In,No Exception
1897,2025-02-27,16:51,Clock Out,No Exception
1897,2025-02-28,07:37,Clock In,No Exception
1897,2025-02-28,15:48,Clock Out,No Exception
1897,2025-03-01,07:21,Clock In,No Exception
1897,2025-03-01,15:54,Clock Out,No Exception
2815,2025-01-01,06:51,Clock In,No Exception
2815,2025-01-01,16:33,Clock Out,No Exception
2815,2025-01-02,07:38,Clock In,No Exception
2815,2025-01-02,16:39,Clock Out,No Exception
2815,2025-01-03,08:14,Clock In,No Exception
2815,2025-01-03,17:39,Clock Out,No Exception
2815,2025-01-06,09:19,Clock In,No Exception
2815,2025-01-06,18:43,Clock Out,No Exception
2815,2025-01-07,06:16,Clock In,No Exception
2815,2025-01-07,15:19,Clock Out,No Exception
2815,2025-01-08,07:15,Clock In,No Exception
2815,2025-01-08,16:00,Clock Out,No Exception
2815,2025-01-09,06:15,Clock In,No Exception
2815,2025-01-09,15:23,Clock Out,No Exception
2815,2025-01-10,08:57,Clock In,No Exception
2815,2025-01-10,18:09,Clock Out,No Exception
2815,2025-01-13,07:13,Clock In,No Exception
2815,2025-01-13,17:05,Clock Out,No Exception
2815,2025-01-14,07:36,Clock In,No Exception
2815,2025-01-14,17:34,Clock Out,No Exception
2815,2025-01-15,07:48,Clock In,No Exception
2815,2025-01-15,17:01,Clock Out,No Exception
2815,2025-01-16,08:24,Clock In,No Exception
2815,2025-01-16,17:03,Clock Out,No Exception
2815,2025-01-17,09:27,Clock In,No Exception
2815,2025-01-17,19:18,Clock Out,No Exception
2815,2025-01-20,08:56,Clock In,No Exception
2815,2025-01-20,17:43,Clock Out,No Exception
2815,2025-01-21,06:10,Clock In,No Exception
2815,2025-01-21,14:22,Clock Out,No Exception
2815,2025-01-22,06:22,Clock In,No Exception
2815,2025-01-22,13:59,Clock Out,No Exception
2815,2025-01-23,08:22,Clock In,No Exception
2815,2025-01-23,18:15,Clock Out,No Exception
2815,2025-01-24,09:51,Clock In,No Exception
2815,2025-01-24,18:00,Clock Out,No Exception
2815,2025-01-26,08:50,Clock In,No Exception
2815,2025-01-26,18:50,Clock Out,No Exception
2815,2025-01-27,06:42,Clock In,No Exception
2815,2025-01-27,16:05,Clock Out,No Exception
2815,2025-01-28,09:23,Clock In,No Exception
2815,2025-01-28,17:43,Clock Out,No Exception
2815,2025-01-29,07:58,Clock In,No Exception
2815,2025-01-29,15:54,Clock Out,No Exception
2815,2025-01-30,07:59,Clock In,No Exception
2815,2025-01-30,16:21,Clock Out,No Exception
2815,2025-01-31,07:37,Clock In,No Exception
2815,2025-01-31,15:49,Clock Out,No Exception
2815,2025-02-03,06:50,Clock In,No Exception
2815,2025-02-03,14:29,Clock Out,No Exception
2815,2025-02-04,08:35,Clock In,No Exception
2815,2025-02-04,18:12,Clock Out,No Exception
2815,2025-02-05,07:34,Clock In,No Exception
2815,2025-02-05,17:23,Clock Out,No Exception
2815,2025-02-06,06:41,Clock In,No Exception
2815,2025-02-06,16:12,Clock Out,No Exception
2815,2025-02-07,06:52,Clock In,No Exception
2815,2025-02-07,16:25,Clock Out,No Exception
2815,2025-02-08,07:16,Clock In,No Exception
2815,2025-02-08,15:37,Clock Out,No Exception
2815,2025-02-10,08:15,Clock In,No Exception
2815,2025-02-10,16:52,Clock Out,No Exception
2815,2025-02-11,08:15,Clock In,No Exception
2815,2025-02-11,16:02,Clock Out,No Exception
2815,2025-02-12,07:44,Clock In,No Exception
2815,2025-02-12,17:07,Clock Out,No Exception
2815,2025-02-13,09:45,Clock In,No Exception
2815,2025-02-13,17:22,Clock Out,No Exception
2815,2025-02-14,09:23,Clock In,No Exception
2815,2025-02-14,18:50,Clock Out,No Exception
2815,2025-02-16,07:08,Clock In,No Exception
2815,2025-02-16,15:08,Clock Out,No Exception
2815,2025-02-17,07:18,Clock In,No Exception
2815,2025-02-17,15:08,Clock Out,No Exception
2815,2025-02-18,08:46,Clock In,No Exception
2815,2025-02-18,18:16,Clock Out,No Exception
2815,2025-02-19,08:08,Clock In,No Exception
2815,2025-02-19,17:07,Clock Out,No Exception
2815,2025-02-20,09:05,Clock In,No Exception
2815,2025-02-20,19:00,Clock Out,No Exception
2815,2025-02-21,09:08,Clock In,No Exception
2815,2025-02-21,18:40,Clock Out,No Exception
2815,2025-02-24,06:09,Clock In,No Exception
2815,2025-02-24,13:42,Clock Out,No Exception
2815,2025-02-25,09:10,Clock In,No Exception
2815,2025-02-25,16:57,Clock Out,No Exception
2815,2025-02-26,09:16,Clock In,No Exception
2815,2025-02-26,19:11,Clock Out,No Exception
2815,2025-02-27,09:59,Clock In,No Exception
2815,2025-02-27,18:18,Clock Out,No Exception
2815,2025-02-28,08:58,Clock In,No Exception
2815,2025-02-28,18:50,Clock Out,No Exception
2815,2025-03-01,09:59,Clock In,No Exception
2815,2025-03-01,18:52,Clock Out,No Exception
2052,2025-01-01,08:52,Clock In,No Exception
2052,2025-01-01,16:25,Clock Out,No Exception
2052,2025-01-02,06:50,Clock In,No Exception
2052,2025-01-02,16:11,Clock Out,No Exception
2052,2025-01-03,09:11,Clock In,No Exception
2052,2025-01-03,17:28,Clock Out,No Exception
2052,2025-01-06,06:10,Clock In,No Exception
2052,2025-01-06,14:49,Clock Out,No Exception
2052,2025-01-07,06:13,Clock In,No Exception
2052,2025-01-07,14:45,Clock Out,No Exception
2052,2025-01-08,09:28,Clock In,No Exception
2052,2025-01-08,18:54,Clock Out,No Exception
2052,2025-01-09,09:56,Clock In,No Exception
2052,2025-01-09,19:31,Clock Out,No Exception
2052,2025-01-10,07:48,Clock In,No Exception
2052,2025-01-10,16:38,Clock Out,No Exception
2052,2025-01-12,07:30,Clock In,No Exception
2052,2025-01-12,16:28,Clock Out,No Exception
2052,2025-01-13,08:48,Clock In,No Exception
2052,2025-01-13,16:34,Clock Out,No Exception
2052,2025-01-14,07:05,Clock In,No Exception
2052,2025-01-14,16:44,Clock Out,No Exception
2052,2025-01-15,08:56,Clock In,No Exception
2052,2025-01-15,18:14,Clock Out,No Exception
2052,2025-01-16,09:04,Clock In,No Exception
2052,2025-01-16,18:07,Clock Out,No Exception
2052,2025-01-17,06:02,Clock In,No Exception
2052,2025-01-17,13:35,Clock Out,No Exception
2052,2025-01-19,07:43,Clock In,No Exception
2052,2025-01-19,16:49,Clock Out,No Exception
2052,2025-01-20,06:33,Clock In,No Exception
2052,2025-01-20,14:55,Clock Out,No Exception
2052,2025-01-21,06:02,Clock In,No Exception
2052,2025-01-21,14:58,Clock Out,No Exception
2052,2025-01-22,09:04,Clock In,No Exception
2052,2025-01-22,16:57,Clock Out,No Exception
2052,2025-01-23,07:23,Clock In,No Exception
2052,2025-01-23,16:34,Clock Out,No Exception
2052,2025-01-24,07:19,Clock In,No Exception
2052,2025-01-24,15:01,Clock Out,No Exception
2052,2025-01-27,09:13,Clock In,No Exception
2052,2025-01-27,18:12,Clock Out,No Exception
2052,2025-01-28,09:19,Clock In,No Exception
2052,2025-01-28,18:09,Clock Out,No Exception
2052,2025-01-29,06:00,Clock In,No Exception
2052,2025-01-29,13:47,Clock Out,No Exception
2052,2025-01-30,08:12,Clock In,No Exception
2052,2025-01-30,16:15,Clock Out,No Exception
2052,2025-01-31,06:04,Clock In,No Exception
2052,2025-01-31,14:51,Clock Out,No Exception
2052,2025-02-03,07:01,Clock In,No Exception
2052,2025-02-03,16:01,Clock Out,No Exception
2052,2025-02-04,06:58,Clock In,No Exception
2052,2025-02-04,16:24,Clock Out,No Exception
2052,2025-02-05,06:19,Clock In,No Exception
2052,2025-02-05,14:33,Clock Out,No Exception
2052,2025-02-06,07:52,Clock In,No Exception
2052,2025-02-06,16:38,Clock Out,No Exception
2052,2025-02-07,07:52,Clock In,No Exception
2052,2025-02-07,16:00,Clock Out,No Exception
2052,2025-02-08,09:34,Clock In,No Exception
2052,2025-02-08,19:30,Clock Out,No Exception
2052,2025-02-10,09:49,Clock In,No Exception
2052,2025-02-10,18:58,Clock Out,No Exception
2052,2025-02-11,07:50,Clock In,No Exception
2052,2025-02-11,17:03,Clock Out,No Exception
2052,2025-02-12,07:17,Clock In,No Exception
2052,2025-02-12,16:26,Clock Out,No Exception
2052,2025-02-13,06:39,Clock In,No Exception
2052,2025-02-13,15:27,Clock Out,No Exception
2052,2025-02-14,09:05,Clock In,No Exception
2052,2025-02-14,18:59,Clock Out,No Exception
2052,2025-02-16,07:40,Clock In,No Exception
2052,2025-02-16,17:40,Clock Out,No Exception
2052,2025-02-17,09:55,Clock In,No Exception
2052,2025-02-17,17:38,Clock Out,No Exception
2052,2025-02-18,09:31,Clock In,No Exception
2052,2025-02-18,18:24,Clock Out,No Exception
2052,2025-02-19,06:30,Clock In,No Exception
2052,2025-02-19,14:49,Clock Out,No Exception
2052,2025-02-20,07:52,Clock In,No Exception
2052,2025-02-20,17:43,Clock Out,No Exception
2052,2025-02-21,06:58,Clock In,No Exception
2052,2025-02-21,16:38,Clock Out,No Exception
2052,2025-02-24,09:47,Clock In,No Exception
2052,2025-02-24,17:24,Clock Out,No Exception
2052,2025-02-25,06:30,Clock In,No Exception
2052,2025-02-25,15:06,Clock Out,No Exception
2052,2025-02-26,09:21,Clock In,No Exception
2052,2025-02-26,19:14,Clock Out,No Exception
2052,2025-02-27,06:48,Clock In,No Exception
2052,2025-02-27,15:54,Clock Out,No Exception
2052,2025-02-28,06:38,Clock In,No Exception
2052,2025-02-28,14:50,Clock Out,No Exception
2035,2025-01-01,08:08,Clock In,No Exception
2035,2025-01-01,17:49,Clock Out,No Exception
2035,2025-01-02,09:49,Clock In,No Exception
2035,2025-01-02,18:19,Clock Out,No Exception
2035,2025-01-03,09:07,Clock In,No Exception
2035,2025-01-03,18:46,Clock Out,No Exception
2035,2025-01-05,08:39,Clock In,No Exception
2035,2025-01-05,16:19,Clock Out,No Exception
2035,2025-01-06,08:40,Clock In,No Exception
2035,2025-01-06,18:20,Clock Out,No Exception
2035,2025-01-07,07:02,Clock In,No Exception
2035,2025-01-07,16:42,Clock Out,No Exception
2035,2025-01-08,09:47,Clock In,No Exception
2035,2025-01-08,17:31,Clock Out,No Exception
2035,2025-01-09,08:55,Clock In,No Exception
2035,2025-01-09,16:34,Clock Out,No Exception
2035,2025-01-10,07:11,Clock In,No Exception
2035,2025-01-10,15:30,Clock Out,No Exception
2035,2025-01-11,06:50,Clock In,No Exception
2035,2025-01-11,15:43,Clock Out,No Exception
2035,2025-01-13,09:15,Clock In,No Exception
2035,2025-01-13,17:45,Clock Out,No Exception
2035,2025-01-14,09:54,Clock In,No Exception
2035,2025-01-14,19:51,Clock Out,No Exception
2035,2025-01-15,08:31,Clock In,No Exception
2035,2025-01-15,17:12,Clock Out,No Exception
2035,2025-01-16,06:44,Clock In,No Exception
2035,2025-01-16,15:22,Clock Out,No Exception
2035,2025-01-17,08:17,Clock In,No Exception
2035,2025-01-17,16:29,Clock Out,No Exception
2035,2025-01-18,06:24,Clock In,No Exception
2035,2025-01-18,15:40,Clock Out,No Exception
2035,2025-01-20,09:34,Clock In,No Exception
2035,2025-01-20,17:57,Clock Out,No Exception
2035,2025-01-21,09:25,Clock In,No Exception
2035,2025-01-21,18:13,Clock Out,No Exception
2035,2025-01-22,06:00,Clock In,No Exception
2035,2025-01-22,13:51,Clock Out,No Exception
2035,2025-01-23,08:10,Clock In,No Exception
2035,2025-01-23,17:40,Clock Out,No Exception
2035,2025-01-24,09:57,Clock In,No Exception
2035,2025-01-24,19:22,Clock Out,No Exception
2035,2025-01-27,06:07,Clock In,No Exception
2035,2025-01-27,15:18,Clock Out,No Exception
2035,2025-01-28,06:53,Clock In,No Exception
2035,2025-01-28,16:33,Clock Out,No Exception
2035,2025-01-29,06:45,Clock In,No Exception
2035,2025-01-29,16:08,Clock Out,No Exception
2035,2025-01-30,06:10,Clock In,No Exception
2035,2025-01-30,15:56,Clock Out,No Exception
2035,2025-01-31,08:55,Clock In,No Exception
2035,2025-01-31,16:39,Clock Out,No Exception
2035,2025-02-03,06:29,Clock In,No Exception
2035,2025-02-03,15:48,Clock Out,No Exception
2035,2025-02-04,09:12,Clock In,No Exception
2035,2025-02-04,16:44,Clock Out,No Exception
2035,2025-02-05,06:17,Clock In,No Exception
2035,2025-02-05,15:27,Clock Out,No Exception
2035,2025-02-06,06:40,Clock In,No Exception
2035,2025-02-06,14:29,Clock Out,No Exception
2035,2025-02-07,07:51,Clock In,No Exception
2035,2025-02-07,17:15,Clock Out,No Exception
2035,2025-02-10,06:22,Clock In,No Exception
2035,2025-02-10,15:49,Clock Out,No Exception
2035,2025-02-11,06:24,Clock In,No Exception
2035,2025-02-11,15:17,Clock Out,No Exception
2035,2025-02-12,09:38,Clock In,No Exception
2035,2025-02-12,19:12,Clock Out,No Exception
2035,2025-02-13,06:25,Clock In,No Exception
2035,2025-02-13,15:36,Clock Out,No Exception
2035,2025-02-14,06:48,Clock In,No Exception
2035,2025-02-14,15:01,Clock Out,No Exception
2035,2025-02-17,06:18,Clock In,No Exception
2035,2025-02-17,14:02,Clock Out,No Exception
2035,2025-02-18,09:49,Clock In,No Exception
2035,2025-02-18,17:49,Clock Out,No Exception
2035,2025-02-19,06:53,Clock In,No Exception
2035,2025-02-19,16:22,Clock Out,No Exception
2035,2025-02-20,07:24,Clock In,No Exception
2035,2025-02-20,15:30,Clock Out,No Exception
2035,2025-02-21,07:10,Clock In,No Exception
2035,2025-02-21,14:42,Clock Out,No Exception
2035,2025-02-24,08:34,Clock In,No Exception
2035,2025-02-24,16:19,Clock Out,No Exception
2035,2025-02-25,08:50,Clock In,No Exception
2035,2025-02-25,16:57,Clock Out,No Exception
2035,2025-02-26,07:55,Clock In,No Exception
2035,2025-02-26,15:54,Clock Out,No Exception
2035,2025-02-27,09:56,Clock In,No Exception
2035,2025-02-27,18:15,Clock Out,No Exception
2035,2025-02-28,06:49,Clock In,No Exception
2035,2025-02-28,15:19,Clock Out,No Exception
1449,2025-01-01,08:40,Clock In,No Exception
1449,2025-01-01,16:47,Clock Out,No Exception
1449,2025-01-02,09:27,Clock In,No Exception
1449,2025-01-02,17:56,Clock Out,No Exception
1449,2025-01-03,07:41,Clock In,No Exception
1449,2025-01-03,15:52,Clock Out,No Exception
1449,2025-01-04,07:35,Clock In,No Exception
1449,2025-01-04,15:06,Clock Out,No Exception
1449,2025-01-05,08:54,Clock In,No Exception
1449,2025-01-05,16:30,Clock Out,No Exception
1449,2025-01-06,07:28,Clock In,No Exception
1449,2025-01-06,15:41,Clock Out,No Exception
1449,2025-01-07,07:01,Clock In,No Exception
1449,2025-01-07,16:43,Clock Out,No Exception
1449,2025-01-08,07:23,Clock In,No Exception
1449,2025-01-08,16:11,Clock Out,No Exception
1449,2025-01-09,07:52,Clock In,No Exception
1449,2025-01-09,17:47,Clock Out,No Exception
1449,2025-01-10,06:00,Clock In,No Exception
1449,2025-01-10,14:45,Clock Out,No Exception
1449,2025-01-13,06:52,Clock In,No Exception
1449,2025-01-13,15:39,Clock Out,No Exception
1449,2025-01-14,06:33,Clock In,No Exception
1449,2025-01-14,16:10,Clock Out,No Exception
1449,2025-01-15,07:02,Clock In,No Exception
1449,2025-01-15,16:49,Clock Out,No Exception
1449,2025-01-16,09:10,Clock In,No Exception
1449,2025-01-16,17:17,Clock Out,No Exception
1449,2025-01-17,09:21,Clock In,No Exception
1449,2025-01-17,18:28,Clock Out,No Exception
1449,2025-01-20,09:04,Clock In,No Exception
1449,2025-01-20,18:12,Clock Out,No Exception
1449,2025-01-21,06:15,Clock In,No Exception
1449,2025-01-21,14:16,Clock Out,No Exception
1449,2025-01-22,06:19,Clock In,No Exception
1449,2025-01-22,15:51,Clock Out,No Exception
1449,2025-01-23,08:24,Clock In,No Exception
1449,2025-01-23,16:13,Clock Out,No Exception
1449,2025-01-24,09:05,Clock In,No Exception
1449,2025-01-24,17:03,Clock Out,No Exception
1449,2025-01-26,06:51,Clock In,No Exception
1449,2025-01-26,15:13,Clock Out,No Exception
1449,2025-01-27,08:09,Clock In,No Exception
1449,2025-01-27,17:59,Clock Out,No Exception
1449,2025-01-28,07:47,Clock In,No Exception
1449,2025-01-28,17:41,Clock Out,No Exception
1449,2025-01-29,06:06,Clock In,No Exception
1449,2025-01-29,14:26,Clock Out,No Exception
1449,2025-01-30,08:07,Clock In,No Exception
1449,2025-01-30,17:07,Clock Out,No Exception
1449,2025-01-31,06:18,Clock In,No Exception
1449,2025-01-31,14:20,Clock Out,No Exception
1449,2025-02-01,09:23,Clock In,No Exception
1449,2025-02-01,18:33,Clock Out,No Exception
1449,2025-02-02,08:52,Clock In,No Exception
1449,2025-02-02,18:07,Clock Out,No Exception
1449,2025-02-03,06:47,Clock In,No Exception
1449,2025-02-03,16:34,Clock Out,No Exception
1449,2025-02-04,08:46,Clock In,No Exception
1449,2025-02-04,16:29,Clock Out,No Exception
1449,2025-02-05,09:04,Clock In,No Exception
1449,2025-02-05,16:43,Clock Out,No Exception
1449,2025-02-06,08:10,Clock In,No Exception
1449,2025-02-06,17:03,Clock Out,No Exception
1449,2025-02-07,06:39,Clock In,No Exception
1449,2025-02-07,15:24,Clock Out,No Exception
1449,2025-02-10,08:05,Clock In,No Exception
1449,2025-02-10,17:20,Clock Out,No Exception
1449,2025-02-11,06:31,Clock In,No Exception
1449,2025-02-11,15:47,Clock Out,No Exception
1449,2025-02-12,07:08,Clock In,No Exception
1449,2025-02-12,16:26,Clock Out,No Exception
1449,2025-02-13,08:06,Clock In,No Exception
1449,2025-02-13,15:53,Clock Out,No Exception
1449,2025-02-14,07:37,Clock In,No Exception
1449,2025-02-14,16:12,Clock Out,No Exception
1449,2025-02-17,07:06,Clock In,No Exception
1449,2025-02-17,15:24,Clock Out,No Exception
1449,2025-02-18,08:08,Clock In,No Exception
1449,2025-02-18,16:48,Clock Out,No Exception
1449,2025-02-19,06:10,Clock In,No Exception
1449,2025-02-19,14:51,Clock Out,No Exception
1449,2025-02-20,08:58,Clock In,No Exception
1449,2025-02-20,16:59,Clock Out,No Exception
1449,2025-02-21,06:17,Clock In,No Exception
1449,2025-02-21,14:07,Clock Out,No Exception
1449,2025-02-22,08:35,Clock In,No Exception
1449,2025-02-22,16:24,Clock Out,No Exception
1449,2025-02-24,08:05,Clock In,No Exception
1449,2025-02-24,15:46,Clock Out,No Exception
1449,2025-02-25,09:16,Clock In,No Exception
1449,2025-02-25,17:48,Clock Out,No Exception
1449,2025-02-26,06:48,Clock In,No Exception
1449,2025-02-26,15:19,Clock Out,No Exception
1449,2025-02-27,08:11,Clock In,No Exception
1449,2025-02-27,18:10,Clock Out,No Exception
1449,2025-02-28,07:05,Clock In,No Exception
1449,2025-02-28,16:49,Clock Out,No Exception
2817,2025-01-01,08:50,Clock In,No Exception
2817,2025-01-01,16:24,Clock Out,No Exception
2817,2025-01-02,07:37,Clock In,No Exception
2817,2025-01-02,16:20,Clock Out,No Exception
2817,2025-01-03,07:32,Clock In,No Exception
2817,2025-01-03,15:05,Clock Out,No Exception
2817,2025-01-04,06:00,Clock In,No Exception
2817,2025-01-04,13:42,Clock Out,No Exception
2817,2025-01-06,08:08,Clock In,No Exception
2817,2025-01-06,16:43,Clock Out,No Exception
2817,2025-01-07,06:04,Clock In,No Exception
2817,2025-01-07,15:45,Clock Out,No Exception
2817,2025-01-08,09:28,Clock In,No Exception
2817,2025-01-08,19:19,Clock Out,No Exception
2817,2025-01-09,08:01,Clock In,No Exception
2817,2025-01-09,16:03,Clock Out,No Exception
2817,2025-01-10,06:26,Clock In,No Exception
2817,2025-01-10,15:46,Clock Out,No Exception
2817,2025-01-13,09:52,Clock In,No Exception
2817,2025-01-13,17:52,Clock Out,No Exception
2817,2025-01-14,09:55,Clock In,No Exception
2817,2025-01-14,19:34,Clock Out,No Exception
2817,2025-01-15,08:07,Clock In,No Exception
2817,2025-01-15,16:34,Clock Out,No Exception
2817,2025-01-16,09:53,Clock In,No Exception
2817,2025-01-16,17:38,Clock Out,No Exception
2817,2025-01-17,07:54,Clock In,No Exception
2817,2025-01-17,15:43,Clock Out,No Exception
2817,2025-01-20,08:15,Clock In,No Exception
2817,2025-01-20,16:26,Clock Out,No Exception
2817,2025-01-21,06:07,Clock In,No Exception
2817,2025-01-21,14:16,Clock Out,No Exception
2817,2025-01-22,06:14,Clock In,No Exception
2817,2025-01-22,16:11,Clock Out,No Exception
2817,2025-01-23,06:47,Clock In,No Exception
2817,2025-01-23,15:41,Clock Out,No Exception
2817,2025-01-24,07:42,Clock In,No Exception
2817,2025-01-24,16:28,Clock Out,No Exception
2817,2025-01-26,07:46,Clock In,No Exception
2817,2025-01-26,17:07,Clock Out,No Exception
2817,2025-01-27,07:25,Clock In,No Exception
2817,2025-01-27,15:12,Clock Out,No Exception
2817,2025-01-28,06:24,Clock In,No Exception
2817,2025-01-28,15:54,Clock Out,No Exception
2817,2025-01-29,09:49,Clock In,No Exception
2817,2025-01-29,19:41,Clock Out,No Exception
2817,2025-01-30,08:23,Clock In,No Exception
2817,2025-01-30,16:03,Clock Out,No Exception
2817,2025-01-31,09:25,Clock In,No Exception
2817,2025-01-31,17:16,Clock Out,No Exception
2817,2025-02-03,07:39,Clock In,No Exception
2817,2025-02-03,15:29,Clock Out,No Exception
2817,2025-02-04,07:38,Clock In,No Exception
2817,2025-02-04,16:14,Clock Out,No Exception
2817,2025-02-05,07:08,Clock In,No Exception
2817,2025-02-05,15:10,Clock Out,No Exception
2817,2025-02-06,06:14,Clock In,No Exception
2817,2025-02-06,15:26,Clock Out,No Exception
2817,2025-02-07,09:31,Clock In,No Exception
2817,2025-02-07,18:22,Clock Out,No Exception
2817,2025-02-09,07:31,Clock In,No Exception
2817,2025-02-09,17:15,Clock Out,No Exception
2817,2025-02-10,08:36,Clock In,No Exception
2817,2025-02-10,18:30,Clock Out,No Exception
2817,2025-02-11,06:53,Clock In,No Exception
2817,2025-02-11,16:37,Clock Out,No Exception
2817,2025-02-12,09:52,Clock In,No Exception
2817,2025-02-12,17:47,Clock Out,No Exception
2817,2025-02-13,08:51,Clock In,No Exception
2817,2025-02-13,16:24,Clock Out,No Exception
2817,2025-02-14,08:45,Clock In,No Exception
2817,2025-02-14,17:29,Clock Out,No Exception
2817,2025-02-17,09:32,Clock In,No Exception
2817,2025-02-17,18:58,Clock Out,No Exception
2817,2025-02-18,06:11,Clock In,No Exception
2817,2025-02-18,14:28,Clock Out,No Exception
2817,2025-02-19,06:34,Clock In,No Exception
2817,2025-02-19,15:25,Clock Out,No Exception
2817,2025-02-20,06:05,Clock In,No Exception
2817,2025-02-20,14:23,Clock Out,No Exception
2817,2025-02-21,08:56,Clock In,No Exception
2817,2025-02-21,18:54,Clock Out,No Exception
2817,2025-02-24,08:56,Clock In,No Exception
2817,2025-02-24,17:53,Clock Out,No Exception
2817,2025-02-25,07:45,Clock In,No Exception
2817,2025-02-25,15:24,Clock Out,No Exception
2817,2025-02-26,09:26,Clock In,No Exception
2817,2025-02-26,19:04,Clock Out,No Exception
2817,2025-02-27,09:15,Clock In,No Exception
2817,2025-02-27,17:42,Clock Out,No Exception
2817,2025-02-28,06:00,Clock In,No Exception
2817,2025-02-28,15:29,Clock Out,No Exception
1555,2025-01-01,09:40,Clock In,No Exception
1555,2025-01-01,18:12,Clock Out,No Exception
1555,2025-01-02,06:38,Clock In,No Exception
1555,2025-01-02,14:23,Clock Out,No Exception
1555,2025-01-03,08:07,Clock In,No Exception
1555,2025-01-03,16:40,Clock Out,No Exception
1555,2025-01-04,06:00,Clock In,No Exception
1555,2025-01-04,14:41,Clock Out,No Exception
1555,2025-01-05,08:04,Clock In,No Exception
1555,2025-01-05,16:14,Clock Out,No Exception
1555,2025-01-06,08:47,Clock In,No Exception
1555,2025-01-06,16:36,Clock Out,No Exception
1555,2025-01-07,08:46,Clock In,No Exception
1555,2025-01-07,18:10,Clock Out,No Exception
1555,2025-01-08,08:29,Clock In,No Exception
1555,2025-01-08,18:28,Clock Out,No Exception
1555,2025-01-09,06:58,Clock In,No Exception
1555,2025-01-09,16:22,Clock Out,No Exception
1555,2025-01-10,09:08,Clock In,No Exception
1555,2025-01-10,18:55,Clock Out,No Exception
1555,2025-01-13,07:22,Clock In,No Exception
1555,2025-01-13,17:20,Clock Out,No Exception
1555,2025-01-14,08:05,Clock In,No Exception
1555,2025-01-14,16:19,Clock Out,No Exception
1555,2025-01-15,06:41,Clock In,No Exception
1555,2025-01-15,16:04,Clock Out,No Exception
1555,2025-01-16,07:09,Clock In,No Exception
1555,2025-01-16,16:52,Clock Out,No Exception
1555,2025-01-17,09:18,Clock In,No Exception
1555,2025-01-17,16:50,Clock Out,No Exception
1555,2025-01-20,09:52,Clock In,No Exception
1555,2025-01-20,17:58,Clock Out,No Exception
1555,2025-01-21,06:54,Clock In,No Exception
1555,2025-01-21,15:31,Clock Out,No Exception
1555,2025-01-22,06:46,Clock In,No Exception
1555,2025-01-22,15:41,Clock Out,No Exception
1555,2025-01-23,07:05,Clock In,No Exception
1555,2025-01-23,15:01,Clock Out,No Exception
1555,2025-01-24,08:20,Clock In,No Exception
1555,2025-01-24,18:15,Clock Out,No Exception
1555,2025-01-25,07:37,Clock In,No Exception
1555,2025-01-25,17:30,Clock Out,No Exception
1555,2025-01-27,06:32,Clock In,No Exception
1555,2025-01-27,15:33,Clock Out,No Exception
1555,2025-01-28,07:38,Clock In,No Exception
1555,2025-01-28,16:47,Clock Out,No Exception
1555,2025-01-29,08:57,Clock In,No Exception
1555,2025-01-29,18:47,Clock Out,No Exception
1555,2025-01-30,06:16,Clock In,No Exception
1555,2025-01-30,15:39,Clock Out,No Exception
1555,2025-01-31,09:13,Clock In,No Exception
1555,2025-01-31,16:49,Clock Out,No Exception
1555,2025-02-03,09:43,Clock In,No Exception
1555,2025-02-03,18:40,Clock Out,No Exception
1555,2025-02-04,07:34,Clock In,No Exception
1555,2025-02-04,16:10,Clock Out,No Exception
1555,2025-02-05,08:41,Clock In,No Exception
1555,2025-02-05,16:34,Clock Out,No Exception
1555,2025-02-06,07:16,Clock In,No Exception
1555,2025-02-06,15:53,Clock Out,No Exception
1555,2025-02-07,07:25,Clock In,No Exception
1555,2025-02-07,16:33,Clock Out,No Exception
1555,2025-02-10,08:31,Clock In,No Exception
1555,2025-02-10,16:58,Clock Out,No Exception
1555,2025-02-11,06:54,Clock In,No Exception
1555,2025-02-11,14:45,Clock Out,No Exception
1555,2025-02-12,07:53,Clock In,No Exception
1555,2025-02-12,15:25,Clock Out,No Exception
1555,2025-02-13,06:14,Clock In,No Exception
1555,2025-02-13,15:49,Clock Out,No Exception
1555,2025-02-14,06:14,Clock In,No Exception
1555,2025-02-14,15:17,Clock Out,No Exception
1555,2025-02-17,08:36,Clock In,No Exception
1555,2025-02-17,16:38,Clock Out,No Exception
1555,2025-02-18,09:14,Clock In,No Exception
1555,2025-02-18,17:20,Clock Out,No Exception
1555,2025-02-19,08:18,Clock In,No Exception
1555,2025-02-19,18:13,Clock Out,No Exception
1555,2025-02-20,09:15,Clock In,No Exception
1555,2025-02-20,17:43,Clock Out,No Exception
1555,2025-02-21,06:40,Clock In,No Exception
1555,2025-02-21,16:34,Clock Out,No Exception
1555,2025-02-24,08:24,Clock In,No Exception
1555,2025-02-24,15:56,Clock Out,No Exception
1555,2025-02-25,08:17,Clock In,No Exception
1555,2025-02-25,15:59,Clock Out,No Exception
1555,2025-02-26,09:43,Clock In,No Exception
1555,2025-02-26,18:21,Clock Out,No Exception
1555,2025-02-27,07:56,Clock In,No Exception
1555,2025-02-27,17:41,Clock Out,No Exception
1555,2025-02-28,07:16,Clock In,No Exception
1555,2025-02-28,16:58,Clock Out,No Exception
2755,2025-01-01,07:11,Clock In,No Exception
2755,2025-01-01,15:04,Clock Out,No Exception
2755,2025-01-02,06:56,Clock In,No Exception
2755,2025-01-02,16:54,Clock Out,No Exception
2755,2025-01-03,06:50,Clock In,No Exception
2755,2025-01-03,15:58,Clock Out,No Exception
2755,2025-01-04,08:59,Clock In,No Exception
2755,2025-01-04,17:11,Clock Out,No Exception
2755,2025-01-06,07:40,Clock In,No Exception
2755,2025-01-06,16:04,Clock Out,No Exception
2755,2025-01-07,08:18,Clock In,No Exception
2755,2025-01-07,16:06,Clock Out,No Exception
2755,2025-01-08,08:28,Clock In,No Exception
2755,2025-01-08,17:16,Clock Out,No Exception
2755,2025-01-09,09:56,Clock In,No Exception
2755,2025-01-09,17:49,Clock Out,No Exception
2755,2025-01-10,08:14,Clock In,No Exception
2755,2025-01-10,16:18,Clock Out,No Exception
2755,2025-01-11,09:02,Clock In,No Exception
2755,2025-01-11,16:44,Clock Out,No Exception
2755,2025-01-12,09:30,Clock In,No Exception
2755,2025-01-12,18:53,Clock Out,No Exception
2755,2025-01-13,06:44,Clock In,No Exception
2755,2025-01-13,14:49,Clock Out,No Exception
2755,2025-01-14,07:34,Clock In,No Exception
2755,2025-01-14,16:20,Clock Out,No Exception
2755,2025-01-15,06:04,Clock In,No Exception
2755,2025-01-15,14:41,Clock Out,No Exception
2755,2025-01-16,08:59,Clock In,No Exception
2755,2025-01-16,17:58,Clock Out,No Exception
2755,2025-01-17,09:18,Clock In,No Exception
2755,2025-01-17,19:06,Clock Out,No Exception
2755,2025-01-20,08:21,Clock In,No Exception
2755,2025-01-20,17:09,Clock Out,No Exception
2755,2025-01-21,08:19,Clock In,No Exception
2755,2025-01-21,17:42,Clock Out,No Exception
2755,2025-01-22,07:31,Clock In,No Exception
2755,2025-01-22,15:19,Clock Out,No Exception
2755,2025-01-23,09:07,Clock In,No Exception
2755,2025-01-23,17:20,Clock Out,No Exception
2755,2025-01-24,09:23,Clock In,No Exception
2755,2025-01-24,18:14,Clock Out,No Exception
2755,2025-01-27,08:59,Clock In,No Exception
2755,2025-01-27,18:19,Clock Out,No Exception
2755,2025-01-28,09:37,Clock In,No Exception
2755,2025-01-28,18:38,Clock Out,No Exception
2755,2025-01-29,08:48,Clock In,No Exception
2755,2025-01-29,18:32,Clock Out,No Exception
2755,2025-01-30,09:22,Clock In,No Exception
2755,2025-01-30,16:53,Clock Out,No Exception
2755,2025-01-31,09:31,Clock In,No Exception
2755,2025-01-31,19:21,Clock Out,No Exception
2755,2025-02-03,06:58,Clock In,No Exception
2755,2025-02-03,15:12,Clock Out,No Exception
2755,2025-02-04,09:04,Clock In,No Exception
2755,2025-02-04,17:36,Clock Out,No Exception
2755,2025-02-05,06:49,Clock In,No Exception
2755,2025-02-05,16:04,Clock Out,No Exception
2755,2025-02-06,08:38,Clock In,No Exception
2755,2025-02-06,18:03,Clock Out,No Exception
2755,2025-02-07,08:42,Clock In,No Exception
2755,2025-02-07,16:24,Clock Out,No Exception
2755,2025-02-10,06:23,Clock In,No Exception
2755,2025-02-10,13:56,Clock Out,No Exception
2755,2025-02-11,07:38,Clock In,No Exception
2755,2025-02-11,15:59,Clock Out,No Exception
2755,2025-02-12,07:02,Clock In,No Exception
2755,2025-02-12,16:21,Clock Out,No Exception
2755,2025-02-13,07:37,Clock In,No Exception
2755,2025-02-13,17:04,Clock Out,No Exception
2755,2025-02-14,07:14,Clock In,No Exception
2755,2025-02-14,16:38,Clock Out,No Exception
2755,2025-02-17,08:32,Clock In,No Exception
2755,2025-02-17,16:33,Clock Out,No Exception
2755,2025-02-18,08:15,Clock In,No Exception
2755,2025-02-18,18:13,Clock Out,No Exception
2755,2025-02-19,08:41,Clock In,No Exception
2755,2025-02-19,17:11,Clock Out,No Exception
2755,2025-02-20,06:56,Clock In,No Exception
2755,2025-02-20,16:09,Clock Out,No Exception
2755,2025-02-21,06:33,Clock In,No Exception
2755,2025-02-21,15:30,Clock Out,No Exception
2755,2025-02-24,09:08,Clock In,No Exception
2755,2025-02-24,19:08,Clock Out,No Exception
2755,2025-02-25,08:03,Clock In,No Exception
2755,2025-02-25,16:26,Clock Out,No Exception
2755,2025-02-26,08:53,Clock In,No Exception
2755,2025-02-26,17:56,Clock Out,No Exception
2755,2025-02-27,08:37,Clock In,No Exception
2755,2025-02-27,18:24,Clock Out,No Exception
2755,2025-02-28,08:45,Clock In,No Exception
2755,2025-02-28,16:29,Clock Out,No Exception
2551,2025-01-01,07:50,Clock In,No Exception
2551,2025-01-01,17:16,Clock Out,No Exception
2551,2025-01-02,06:47,Clock In,No Exception
2551,2025-01-02,16:35,Clock Out,No Exception
2551,2025-01-03,09:43,Clock In,No Exception
2551,2025-01-03,18:31,Clock Out,No Exception
2551,2025-01-06,07:26,Clock In,No Exception
2551,2025-01-06,15:48,Clock Out,No Exception
2551,2025-01-07,07:23,Clock In,No Exception
2551,2025-01-07,15:38,Clock Out,No Exception
2551,2025-01-08,09:38,Clock In,No Exception
2551,2025-01-08,19:24,Clock Out,No Exception
2551,2025-01-09,08:24,Clock In,No Exception
2551,2025-01-09,17:10,Clock Out,No Exception
2551,2025-01-10,06:47,Clock In,No Exception
2551,2025-01-10,15:05,Clock Out,No Exception
2551,2025-01-12,07:01,Clock In,No Exception
2551,2025-01-12,15:00,Clock Out,No Exception
2551,2025-01-13,08:33,Clock In,No Exception
2551,2025-01-13,16:30,Clock Out,No Exception
2551,2025-01-14,09:46,Clock In,No Exception
2551,2025-01-14,18:23,Clock Out,No Exception
2551,2025-01-15,08:21,Clock In,No Exception
2551,2025-01-15,16:05,Clock Out,No Exception
2551,2025-01-16,08:49,Clock In,No Exception
2551,2025-01-16,16:32,Clock Out,No Exception
2551,2025-01-17,08:05,Clock In,No Exception
2551,2025-01-17,16:18,Clock Out,No Exception
2551,2025-01-18,06:55,Clock In,No Exception
2551,2025-01-18,14:38,Clock Out,No Exception
2551,2025-01-20,07:53,Clock In,No Exception
2551,2025-01-20,16:25,Clock Out,No Exception
2551,2025-01-21,08:38,Clock In,No Exception
2551,2025-01-21,17:00,Clock Out,No Exception
2551,2025-01-22,09:51,Clock In,No Exception
2551,2025-01-22,18:25,Clock Out,No Exception
2551,2025-01-23,09:29,Clock In,No Exception
2551,2025-01-23,17:11,Clock Out,No Exception
2551,2025-01-24,08:50,Clock In,No Exception
2551,2025-01-24,18:14,Clock Out,No Exception
2551,2025-01-26,08:01,Clock In,No Exception
2551,2025-01-26,16:46,Clock Out,No Exception
2551,2025-01-27,08:42,Clock In,No Exception
2551,2025-01-27,17:59,Clock Out,No Exception
2551,2025-01-28,09:13,Clock In,No Exception
2551,2025-01-28,19:12,Clock Out,No Exception
2551,2025-01-29,06:55,Clock In,No Exception
2551,2025-01-29,14:30,Clock Out,No Exception
2551,2025-01-30,06:17,Clock In,No Exception
2551,2025-01-30,15:06,Clock Out,No Exception
2551,2025-01-31,07:32,Clock In,No Exception
2551,2025-01-31,15:57,Clock Out,No Exception
2551,2025-02-03,07:23,Clock In,No Exception
2551,2025-02-03,15:03,Clock Out,No Exception
2551,2025-02-04,07:24,Clock In,No Exception
2551,2025-02-04,16:42,Clock Out,No Exception
2551,2025-02-05,08:08,Clock In,No Exception
2551,2025-02-05,16:39,Clock Out,No Exception
2551,2025-02-06,09:17,Clock In,No Exception
2551,2025-02-06,17:58,Clock Out,No Exception
2551,2025-02-07,09:10,Clock In,No Exception
2551,2025-02-07,16:44,Clock Out,No Exception
2551,2025-02-10,06:55,Clock In,No Exception
2551,2025-02-10,14:49,Clock Out,No Exception
2551,2025-02-11,08:57,Clock In,No Exception
2551,2025-02-11,18:43,Clock Out,No Exception
2551,2025-02-12,07:26,Clock In,No Exception
2551,2025-02-12,15:23,Clock Out,No Exception
2551,2025-02-13,07:10,Clock In,No Exception
2551,2025-02-13,14:48,Clock Out,No Exception
2551,2025-02-14,09:35,Clock In,No Exception
2551,2025-02-14,18:43,Clock Out,No Exception
2551,2025-02-17,09:11,Clock In,No Exception
2551,2025-02-17,18:29,Clock Out,No Exception
2551,2025-02-18,07:16,Clock In,No Exception
2551,2025-02-18,16:29,Clock Out,No Exception
2551,2025-02-19,09:03,Clock In,No Exception
2551,2025-02-19,18:37,Clock Out,No Exception
2551,2025-02-20,09:45,Clock In,No Exception
2551,2025-02-20,17:44,Clock Out,No Exception
2551,2025-02-21,07:11,Clock In,No Exception
2551,2025-02-21,15:56,Clock Out,No Exception
2551,2025-02-23,06:06,Clock In,No Exception
2551,2025-02-23,14:53,Clock Out,No Exception
2551,2025-02-24,09:23,Clock In,No Exception
2551,2025-02-24,18:30,Clock Out,No Exception
2551,2025-02-25,08:50,Clock In,No Exception
2551,2025-02-25,17:11,Clock Out,No Exception
2551,2025-02-26,07:48,Clock In,No Exception
2551,2025-02-26,16:52,Clock Out,No Exception
2551,2025-02-27,08:18,Clock In,No Exception
2551,2025-02-27,17:38,Clock Out,No Exception
2551,2025-02-28,07:26,Clock In,No Exception
2551,2025-02-28,17:22,Clock Out,No Exception
2551,2025-03-01,08:32,Clock In,No Exception
2551,2025-03-01,16:09,Clock Out,No Exception
3014,2025-01-01,07:43,Clock In,No Exception
3014,2025-01-01,16:16,Clock Out,No Exception
3014,2025-01-02,06:54,Clock In,No Exception
3014,2025-01-02,16:01,Clock Out,No Exception
3014,2025-01-03,06:12,Clock In,No Exception
3014,2025-01-03,14:13,Clock Out,No Exception
3014,2025-01-05,07:10,Clock In,No Exception
3014,2025-01-05,15:00,Clock Out,No Exception
3014,2025-01-06,09:52,Clock In,No Exception
3014,2025-01-06,19:27,Clock Out,No Exception
3014,2025-01-07,07:33,Clock In,No Exception
3014,2025-01-07,15:34,Clock Out,No Exception
3014,2025-01-08,07:36,Clock In,No Exception
3014,2025-01-08,16:51,Clock Out,No Exception
3014,2025-01-09,09:21,Clock In,No Exception
3014,2025-01-09,19:08,Clock Out,No Exception
3014,2025-01-10,06:50,Clock In,No Exception
3014,2025-01-10,14:20,Clock Out,No Exception
3014,2025-01-13,07:44,Clock In,No Exception
3014,2025-01-13,15:29,Clock Out,No Exception
3014,2025-01-14,07:26,Clock In,No Exception
3014,2025-01-14,17:06,Clock Out,No Exception
3014,2025-01-15,07:29,Clock In,No Exception
3014,2025-01-15,15:31,Clock Out,No Exception
3014,2025-01-16,07:36,Clock In,No Exception
3014,2025-01-16,17:17,Clock Out,No Exception
3014,2025-01-17,09:22,Clock In,No Exception
3014,2025-01-17,17:28,Clock Out,No Exception
3014,2025-01-20,06:10,Clock In,No Exception
3014,2025-01-20,14:39,Clock Out,No Exception
3014,2025-01-21,08:13,Clock In,No Exception
3014,2025-01-21,16:33,Clock Out,No Exception
3014,2025-01-22,06:19,Clock In,No Exception
3014,2025-01-22,16:03,Clock Out,No Exception
3014,2025-01-23,08:32,Clock In,No Exception
3014,2025-01-23,17:38,Clock Out,No Exception
3014,2025-01-24,08:27,Clock In,No Exception
3014,2025-01-24,16:01,Clock Out,No Exception
3014,2025-01-25,07:32,Clock In,No Exception
3014,2025-01-25,15:26,Clock Out,No Exception
3014,2025-01-27,06:19,Clock In,No Exception
3014,2025-01-27,16:04,Clock Out,No Exception
3014,2025-01-28,07:12,Clock In,No Exception
3014,2025-01-28,16:54,Clock Out,No Exception
3014,2025-01-29,08:25,Clock In,No Exception
3014,2025-01-29,16:09,Clock Out,No Exception
3014,2025-01-30,07:59,Clock In,No Exception
3014,2025-01-30,16:00,Clock Out,No Exception
3014,2025-01-31,06:55,Clock In,No Exception
3014,2025-01-31,16:08,Clock Out,No Exception
3014,2025-02-03,07:48,Clock In,No Exception
3014,2025-02-03,17:44,Clock Out,No Exception
3014,2025-02-04,06:06,Clock In,No Exception
3014,2025-02-04,14:01,Clock Out,No Exception
3014,2025-02-05,06:03,Clock In,No Exception
3014,2025-02-05,13:38,Clock Out,No Exception
3014,2025-02-06,07:45,Clock In,No Exception
3014,2025-02-06,16:59,Clock Out,No Exception
3014,2025-02-07,08:36,Clock In,No Exception
3014,2025-02-07,17:03,Clock Out,No Exception
3014,2025-02-10,06:15,Clock In,No Exception
3014,2025-02-10,14:10,Clock Out,No Exception
3014,2025-02-11,07:25,Clock In,No Exception
3014,2025-02-11,17:20,Clock Out,No Exception
3014,2025-02-12,07:13,Clock In,No Exception
3014,2025-02-12,15:12,Clock Out,No Exception
3014,2025-02-13,06:10,Clock In,No Exception
3014,2025-02-13,15:34,Clock Out,No Exception
3014,2025-02-14,08:22,Clock In,No Exception
3014,2025-02-14,17:35,Clock Out,No Exception
3014,2025-02-17,07:40,Clock In,No Exception
3014,2025-02-17,15:51,Clock Out,No Exception
3014,2025-02-18,08:38,Clock In,No Exception
3014,2025-02-18,17:57,Clock Out,No Exception
3014,2025-02-19,06:50,Clock In,No Exception
3014,2025-02-19,15:40,Clock Out,No Exception
3014,2025-02-20,09:14,Clock In,No Exception
3014,2025-02-20,17:11,Clock Out,No Exception
3014,2025-02-21,06:55,Clock In,No Exception
3014,2025-02-21,15:17,Clock Out,No Exception
3014,2025-02-23,09:27,Clock In,No Exception
3014,2025-02-23,17:07,Clock Out,No Exception
3014,2025-02-24,08:37,Clock In,No Exception
3014,2025-02-24,16:45,Clock Out,No Exception
3014,2025-02-25,08:48,Clock In,No Exception
3014,2025-02-25,17:54,Clock Out,No Exception
3014,2025-02-26,06:30,Clock In,No Exception
3014,2025-02-26,15:46,Clock Out,No Exception
3014,2025-02-27,07:17,Clock In,No Exception
3014,2025-02-27,17:08,Clock Out,No Exception
3014,2025-02-28,09:14,Clock In,No Exception
3014,2025-02-28,17:46,Clock Out,No Exception
3014,2025-03-01,07:49,Clock In,No Exception
3014,2025-03-01,16:02,Clock Out,No Exception
1016,2025-01-01,09:53,Clock In,No Exception
1016,2025-01-01,19:08,Clock Out,No Exception
1016,2025-01-02,09:07,Clock In,No Exception
1016,2025-01-02,18:01,Clock Out,No Exception
1016,2025-01-03,08:09,Clock In,No Exception
1016,2025-01-03,16:42,Clock Out,No Exception
1016,2025-01-06,08:43,Clock In,No Exception
1016,2025-01-06,17:26,Clock Out,No Exception
1016,2025-01-07,08:10,Clock In,No Exception
1016,2025-01-07,15:42,Clock Out,No Exception
1016,2025-01-08,07:41,Clock In,No Exception
1016,2025-01-08,15:26,Clock Out,No Exception
1016,2025-01-09,06:19,Clock In,No Exception
1016,2025-01-09,15:32,Clock Out,No Exception
1016,2025-01-10,07:27,Clock In,No Exception
1016,2025-01-10,17:02,Clock Out,No Exception
1016,2025-01-12,09:40,Clock In,No Exception
1016,2025-01-12,18:11,Clock Out,No Exception
1016,2025-01-13,08:44,Clock In,No Exception
1016,2025-01-13,17:44,Clock Out,No Exception
1016,2025-01-14,07:33,Clock In,No Exception
1016,2025-01-14,16:31,Clock Out,No Exception
1016,2025-01-15,07:25,Clock In,No Exception
1016,2025-01-15,15:22,Clock Out,No Exception
1016,2025-01-16,09:44,Clock In,No Exception
1016,2025-01-16,17:31,Clock Out,No Exception
1016,2025-01-17,08:05,Clock In,No Exception
1016,2025-01-17,17:44,Clock Out,No Exception
1016,2025-01-20,07:47,Clock In,No Exception
1016,2025-01-20,17:41,Clock Out,No Exception
1016,2025-01-21,06:51,Clock In,No Exception
1016,2025-01-21,15:45,Clock Out,No Exception
1016,2025-01-22,06:06,Clock In,No Exception
1016,2025-01-22,15:15,Clock Out,No Exception
1016,2025-01-23,08:42,Clock In,No Exception
1016,2025-01-23,17:48,Clock Out,No Exception
1016,2025-01-24,07:01,Clock In,No Exception
1016,2025-01-24,16:45,Clock Out,No Exception
1016,2025-01-25,09:57,Clock In,No Exception
1016,2025-01-25,18:47,Clock Out,No Exception
1016,2025-01-26,07:29,Clock In,No Exception
1016,2025-01-26,15:47,Clock Out,No Exception
1016,2025-01-27,06:08,Clock In,No Exception
1016,2025-01-27,14:29,Clock Out,No Exception
1016,2025-01-28,07:14,Clock In,No Exception
1016,2025-01-28,17:01,Clock Out,No Exception
1016,2025-01-29,08:54,Clock In,No Exception
1016,2025-01-29,18:35,Clock Out,No Exception
1016,2025-01-30,07:53,Clock In,No Exception
1016,2025-01-30,16:22,Clock Out,No Exception
1016,2025-01-31,06:58,Clock In,No Exception
1016,2025-01-31,16:20,Clock Out,No Exception
1016,2025-02-03,09:03,Clock In,No Exception
1016,2025-02-03,16:40,Clock Out,No Exception
1016,2025-02-04,08:11,Clock In,No Exception
1016,2025-02-04,17:25,Clock Out,No Exception
1016,2025-02-05,09:32,Clock In,No Exception
1016,2025-02-05,17:10,Clock Out,No Exception
1016,2025-02-06,06:52,Clock In,No Exception
1016,2025-02-06,15:12,Clock Out,No Exception
1016,2025-02-07,09:52,Clock In,No Exception
1016,2025-02-07,18:10,Clock Out,No Exception
1016,2025-02-10,09:02,Clock In,No Exception
1016,2025-02-10,18:55,Clock Out,No Exception
1016,2025-02-11,07:56,Clock In,No Exception
1016,2025-02-11,17:50,Clock Out,No Exception
1016,2025-02-12,09:34,Clock In,No Exception
1016,2025-02-12,18:30,Clock Out,No Exception
1016,2025-02-13,06:20,Clock In,No Exception
1016,2025-02-13,16:00,Clock Out,No Exception
1016,2025-02-14,07:26,Clock In,No Exception
1016,2025-02-14,16:05,Clock Out,No Exception
1016,2025-02-17,09:38,Clock In,No Exception
1016,2025-02-17,19:16,Clock Out,No Exception
1016,2025-02-18,06:36,Clock In,No Exception
1016,2025-02-18,15:23,Clock Out,No Exception
1016,2025-02-19,08:53,Clock In,No Exception
1016,2025-02-19,18:33,Clock Out,No Exception
1016,2025-02-20,07:48,Clock In,No Exception
1016,2025-02-20,16:36,Clock Out,No Exception
1016,2025-02-21,08:12,Clock In,No Exception
1016,2025-02-21,17:27,Clock Out,No Exception
1016,2025-02-24,09:12,Clock In,No Exception
1016,2025-02-24,17:29,Clock Out,No Exception
1016,2025-02-25,07:37,Clock In,No Exception
1016,2025-02-25,16:22,Clock Out,No Exception
1016,2025-02-26,06:14,Clock In,No Exception
1016,2025-02-26,15:41,Clock Out,No Exception
1016,2025-02-27,08:54,Clock In,No Exception
1016,2025-02-27,17:43,Clock Out,No Exception
1016,2025-02-28,06:39,Clock In,No Exception
1016,2025-02-28,16:05,Clock Out,No Exception
1778,2025-01-01,07:31,Clock In,No Exception
1778,2025-01-01,17:21,Clock Out,No Exception
1778,2025-01-02,09:16,Clock In,No Exception
1778,2025-01-02,16:48,Clock Out,No Exception
1778,2025-01-03,08:26,Clock In,No Exception
1778,2025-01-03,16:24,Clock Out,No Exception
1778,2025-01-05,09:23,Clock In,No Exception
1778,2025-01-05,18:05,Clock Out,No Exception
1778,2025-01-06,09:47,Clock In,No Exception
1778,2025-01-06,18:03,Clock Out,No Exception
1778,2025-01-07,08:16,Clock In,No Exception
1778,2025-01-07,15:58,Clock Out,No Exception
1778,2025-01-08,07:24,Clock In,No Exception
1778,2025-01-08,17:16,Clock Out,No Exception
1778,2025-01-09,06:44,Clock In,No Exception
1778,2025-01-09,15:30,Clock Out,No Exception
1778,2025-01-10,08:13,Clock In,No Exception
1778,2025-01-10,17:43,Clock Out,No Exception
1778,2025-01-12,06:29,Clock In,No Exception
1778,2025-01-12,15:28,Clock Out,No Exception
1778,2025-01-13,06:07,Clock In,No Exception
1778,2025-01-13,14:26,Clock Out,No Exception
1778,2025-01-14,07:54,Clock In,No Exception
1778,2025-01-14,15:30,Clock Out,No Exception
1778,2025-01-15,09:42,Clock In,No Exception
1778,2025-01-15,18:18,Clock Out,No Exception
1778,2025-01-16,07:28,Clock In,No Exception
1778,2025-01-16,16:56,Clock Out,No Exception
1778,2025-01-17,07:48,Clock In,No Exception
1778,2025-01-17,17:14,Clock Out,No Exception
1778,2025-01-20,08:48,Clock In,No Exception
1778,2025-01-20,18:46,Clock Out,No Exception
1778,2025-01-21,08:00,Clock In,No Exception
1778,2025-01-21,17:11,Clock Out,No Exception
1778,2025-01-22,06:38,Clock In,No Exception
1778,2025-01-22,15:04,Clock Out,No Exception
1778,2025-01-23,09:55,Clock In,No Exception
1778,2025-01-23,19:16,Clock Out,No Exception
1778,2025-01-24,09:30,Clock In,No Exception
1778,2025-01-24,18:45,Clock Out,No Exception
1778,2025-01-25,09:08,Clock In,No Exception
1778,2025-01-25,16:54,Clock Out,No Exception
1778,2025-01-27,06:41,Clock In,No Exception
1778,2025-01-27,14:48,Clock Out,No Exception
1778,2025-01-28,09:28,Clock In,No Exception
1778,2025-01-28,17:30,Clock Out,No Exception
1778,2025-01-29,06:50,Clock In,No Exception
1778,2025-01-29,15:21,Clock Out,No Exception
1778,2025-01-30,08:45,Clock In,No Exception
1778,2025-01-30,17:35,Clock Out,No Exception
1778,2025-01-31,07:00,Clock In,No Exception
1778,2025-01-31,15:56,Clock Out,No Exception
1778,2025-02-02,07:55,Clock In,No Exception
1778,2025-02-02,17:50,Clock Out,No Exception
1778,2025-02-03,06:16,Clock In,No Exception
1778,2025-02-03,14:12,Clock Out,No Exception
1778,2025-02-04,09:58,Clock In,No Exception
1778,2025-02-04,17:32,Clock Out,No Exception
1778,2025-02-05,08:44,Clock In,No Exception
1778,2025-02-05,18:34,Clock Out,No Exception
1778,2025-02-06,06:39,Clock In,No Exception
1778,2025-02-06,15:41,Clock Out,No Exception
1778,2025-02-07,09:21,Clock In,No Exception
1778,2025-02-07,17:23,Clock Out,No Exception
1778,2025-02-10,06:06,Clock In,No Exception
1778,2025-02-10,15:09,Clock Out,No Exception
1778,2025-02-11,07:53,Clock In,No Exception
1778,2025-02-11,15:48,Clock Out,No Exception
1778,2025-02-12,08:39,Clock In,No Exception
1778,2025-02-12,16:12,Clock Out,No Exception
1778,2025-02-13,09:00,Clock In,No Exception
1778,2025-02-13,18:18,Clock Out,No Exception
1778,2025-02-14,08:15,Clock In,No Exception
1778,2025-02-14,16:57,Clock Out,No Exception
1778,2025-02-17,07:03,Clock In,No Exception
1778,2025-02-17,15:59,Clock Out,No Exception
1778,2025-02-18,06:09,Clock In,No Exception
1778,2025-02-18,15:48,Clock Out,No Exception
1778,2025-02-19,09:17,Clock In,No Exception
1778,2025-02-19,19:01,Clock Out,No Exception
1778,2025-02-20,09:39,Clock In,No Exception
1778,2025-02-20,18:33,Clock Out,No Exception
1778,2025-02-21,08:25,Clock In,No Exception
1778,2025-02-21,15:57,Clock Out,No Exception
1778,2025-02-24,08:36,Clock In,No Exception
1778,2025-02-24,16:26,Clock Out,No Exception
1778,2025-02-25,08:02,Clock In,No Exception
1778,2025-02-25,17:16,Clock Out,No Exception
1778,2025-02-26,07:31,Clock In,No Exception
1778,2025-02-26,15:01,Clock Out,No Exception
1778,2025-02-27,07:31,Clock In,No Exception
1778,2025-02-27,15:48,Clock Out,No Exception
1778,2025-02-28,09:10,Clock In,No Exception
1778,2025-02-28,18:53,Clock Out,No Exception
1778,2025-03-01,06:16,Clock In,No Exception
1778,2025-03-01,13:50,Clock Out,No Exception
1405,2025-01-01,09:22,Clock In,No Exception
1405,2025-01-01,18:45,Clock Out,No Exception
1405,2025-01-02,09:46,Clock In,No Exception
1405,2025-01-02,17:59,Clock Out,No Exception
1405,2025-01-03,08:29,Clock In,No Exception
1405,2025-01-03,17:23,Clock Out,No Exception
1405,2025-01-06,06:16,Clock In,No Exception
1405,2025-01-06,15:48,Clock Out,No Exception
1405,2025-01-07,09:14,Clock In,No Exception
1405,2025-01-07,18:14,Clock Out,No Exception
1405,2025-01-08,08:18,Clock In,No Exception
1405,2025-01-08,16:58,Clock Out,No Exception
1405,2025-01-09,07:35,Clock In,No Exception
1405,2025-01-09,15:11,Clock Out,No Exception
1405,2025-01-10,08:07,Clock In,No Exception
1405,2025-01-10,17:59,Clock Out,No Exception
1405,2025-01-11,08:55,Clock In,No Exception
1405,2025-01-11,17:20,Clock Out,No Exception
1405,2025-01-13,09:36,Clock In,No Exception
1405,2025-01-13,19:20,Clock Out,No Exception
1405,2025-01-14,09:12,Clock In,No Exception
1405,2025-01-14,18:52,Clock Out,No Exception
1405,2025-01-15,06:00,Clock In,No Exception
1405,2025-01-15,14:26,Clock Out,No Exception
1405,2025-01-16,09:25,Clock In,No Exception
1405,2025-01-16,17:53,Clock Out,No Exception
1405,2025-01-17,09:58,Clock In,No Exception
1405,2025-01-17,19:42,Clock Out,No Exception
1405,2025-01-20,08:54,Clock In,No Exception
1405,2025-01-20,16:42,Clock Out,No Exception
1405,2025-01-21,08:28,Clock In,No Exception
1405,2025-01-21,17:05,Clock Out,No Exception
1405,2025-01-22,08:37,Clock In,No Exception
1405,2025-01-22,17:48,Clock Out,No Exception
1405,2025-01-23,07:46,Clock In,No Exception
1405,2025-01-23,16:54,Clock Out,No Exception
1405,2025-01-24,06:34,Clock In,No Exception
1405,2025-01-24,15:06,Clock Out,No Exception
1405,2025-01-26,07:23,Clock In,No Exception
1405,2025-01-26,15:28,Clock Out,No Exception
1405,2025-01-27,06:47,Clock In,No Exception
1405,2025-01-27,15:35,Clock Out,No Exception
1405,2025-01-28,07:38,Clock In,No Exception
1405,2025-01-28,15:54,Clock Out,No Exception
1405,2025-01-29,07:46,Clock In,No Exception
1405,2025-01-29,16:12,Clock Out,No Exception
1405,2025-01-30,09:27,Clock In,No Exception
1405,2025-01-30,17:17,Clock Out,No Exception
1405,2025-01-31,07:32,Clock In,No Exception
1405,2025-01-31,16:15,Clock Out,No Exception
1405,2025-02-01,07:10,Clock In,No Exception
1405,2025-02-01,14:45,Clock Out,No Exception
1405,2025-02-02,07:45,Clock In,No Exception
1405,2025-02-02,17:11,Clock Out,No Exception
1405,2025-02-03,07:26,Clock In,No Exception
1405,2025-02-03,16:25,Clock Out,No Exception
1405,2025-02-04,07:58,Clock In,No Exception
1405,2025-02-04,16:22,Clock Out,No Exception
1405,2025-02-05,09:55,Clock In,No Exception
1405,2025-02-05,18:24,Clock Out,No Exception
1405,2025-02-06,08:04,Clock In,No Exception
1405,2025-02-06,17:15,Clock Out,No Exception
1405,2025-02-07,06:32,Clock In,No Exception
1405,2025-02-07,15:40,Clock Out,No Exception
1405,2025-02-10,07:38,Clock In,No Exception
1405,2025-02-10,15:43,Clock Out,No Exception
1405,2025-02-11,07:05,Clock In,No Exception
1405,2025-02-11,15:17,Clock Out,No Exception
1405,2025-02-12,07:35,Clock In,No Exception
1405,2025-02-12,15:18,Clock Out,No Exception
1405,2025-02-13,09:38,Clock In,No Exception
1405,2025-02-13,19:35,Clock Out,No Exception
1405,2025-02-14,06:09,Clock In,No Exception
1405,2025-02-14,14:35,Clock Out,No Exception
1405,2025-02-17,08:51,Clock In,No Exception
1405,2025-02-17,17:42,Clock Out,No Exception
1405,2025-02-18,09:10,Clock In,No Exception
1405,2025-02-18,18:38,Clock Out,No Exception
1405,2025-02-19,08:03,Clock In,No Exception
1405,2025-02-19,16:18,Clock Out,No Exception
1405,2025-02-20,08:55,Clock In,No Exception
1405,2025-02-20,17:56,Clock Out,No Exception
1405,2025-02-21,09:44,Clock In,No Exception
1405,2025-02-21,19:03,Clock Out,No Exception
1405,2025-02-23,08:30,Clock In,No Exception
1405,2025-02-23,17:42,Clock Out,No Exception
1405,2025-02-24,06:54,Clock In,No Exception
1405,2025-02-24,15:06,Clock Out,No Exception
1405,2025-02-25,06:12,Clock In,No Exception
1405,2025-02-25,15:58,Clock Out,No Exception
1405,2025-02-26,08:56,Clock In,No Exception
1405,2025-02-26,16:54,Clock Out,No Exception
1405,2025-02-27,06:55,Clock In,No Exception
1405,2025-02-27,16:13,Clock Out,No Exception
1405,2025-02-28,08:40,Clock In,No Exception
1405,2025-02-28,16:16,Clock Out,No Exception
2086,2025-01-01,07:56,Clock In,No Exception
2086,2025-01-01,16:05,Clock Out,No Exception
2086,2025-01-02,07:05,Clock In,No Exception
2086,2025-01-02,15:34,Clock Out,No Exception
2086,2025-01-03,08:13,Clock In,No Exception
2086,2025-01-03,17:37,Clock Out,No Exception
2086,2025-01-06,07:21,Clock In,No Exception
2086,2025-01-06,16:31,Clock Out,No Exception
2086,2025-01-07,06:39,Clock In,No Exception
2086,2025-01-07,16:33,Clock Out,No Exception
2086,2025-01-08,08:54,Clock In,No Exception
2086,2025-01-08,17:58,Clock Out,No Exception
2086,2025-01-09,06:19,Clock In,No Exception
2086,2025-01-09,14:39,Clock Out,No Exception
2086,2025-01-10,07:06,Clock In,No Exception
2086,2025-01-10,15:30,Clock Out,No Exception
2086,2025-01-11,06:40,Clock In,No Exception
2086,2025-01-11,14:15,Clock Out,No Exception
2086,2025-01-13,06:25,Clock In,No Exception
2086,2025-01-13,13:55,Clock Out,No Exception
2086,2025-01-14,07:36,Clock In,No Exception
2086,2025-01-14,15:51,Clock Out,No Exception
2086,2025-01-15,06:04,Clock In,No Exception
2086,2025-01-15,13:52,Clock Out,No Exception
2086,2025-01-16,06:10,Clock In,No Exception
2086,2025-01-16,14:06,Clock Out,No Exception
2086,2025-01-17,07:22,Clock In,No Exception
2086,2025-01-17,16:20,Clock Out,No Exception
2086,2025-01-18,09:22,Clock In,No Exception
2086,2025-01-18,17:32,Clock Out,No Exception
2086,2025-01-20,09:48,Clock In,No Exception
2086,2025-01-20,18:01,Clock Out,No Exception
2086,2025-01-21,08:21,Clock In,Device Failure
2086,2025-01-21,17:08,Clock Out,No Exception
2086,2025-01-22,07:04,Clock In,No Exception
2086,2025-01-22,15:47,Clock Out,No Exception
2086,2025-01-23,08:28,Clock In,No Exception
2086,2025-01-23,16:03,Clock Out,No Exception
2086,2025-01-24,07:54,Clock In,No Exception
2086,2025-01-24,17:30,Clock Out,No Exception
2086,2025-01-27,07:31,Clock In,No Exception
2086,2025-01-27,17:18,Clock Out,No Exception
2086,2025-01-28,06:47,Clock In,No Exception
2086,2025-01-28,16:16,Clock Out,No Exception
2086,2025-01-29,06:29,Clock In,No Exception
2086,2025-01-29,16:07,Clock Out,No Exception
2086,2025-01-30,07:18,Clock In,No Exception
2086,2025-01-30,16:26,Clock Out,No Exception
2086,2025-01-31,06:44,Clock In,No Exception
2086,2025-01-31,16:38,Clock Out,No Exception
2086,2025-02-03,09:03,Clock In,No Exception
2086,2025-02-03,16:56,Clock Out,No Exception
2086,2025-02-04,07:42,Clock In,No Exception
2086,2025-02-04,16:41,Clock Out,No Exception
2086,2025-02-05,08:53,Clock In,No Exception
2086,2025-02-05,18:49,Clock Out,No Exception
2086,2025-02-06,08:12,Clock In,No Exception
2086,2025-02-06,16:15,Clock Out,No Exception
2086,2025-02-07,09:49,Clock In,No Exception
2086,2025-02-07,17:33,Clock Out,No Exception
2086,2025-02-10,08:21,Clock In,No Exception
2086,2025-02-10,16:47,Clock Out,No Exception
2086,2025-02-11,08:37,Clock In,No Exception
2086,2025-02-11,18:33,Clock Out,No Exception
2086,2025-02-12,06:54,Clock In,No Exception
2086,2025-02-12,14:36,Clock Out,No Exception
2086,2025-02-13,09:05,Clock In,No Exception
2086,2025-02-13,18:43,Clock Out,No Exception
2086,2025-02-14,06:46,Clock In,No Exception
2086,2025-02-14,15:47,Clock Out,No Exception
2086,2025-02-16,07:18,Clock In,No Exception
2086,2025-02-16,16:35,Clock Out,No Exception
2086,2025-02-17,09:10,Clock In,No Exception
2086,2025-02-17,17:39,Clock Out,No Exception
2086,2025-02-18,08:53,Clock In,No Exception
2086,2025-02-18,17:03,Clock Out,No Exception
2086,2025-02-19,08:21,Clock In,No Exception
2086,2025-02-19,17:39,Clock Out,No Exception
2086,2025-02-20,07:02,Clock In,No Exception
2086,2025-02-20,16:51,Clock Out,No Exception
2086,2025-02-21,09:24,Clock In,No Exception
2086,2025-02-21,18:05,Clock Out,No Exception
2086,2025-02-24,08:10,Clock In,No Exception
2086,2025-02-24,16:05,Clock Out,No Exception
2086,2025-02-25,06:15,Clock In,No Exception
2086,2025-02-25,14:35,Clock Out,No Exception
2086,2025-02-26,08:07,Clock In,No Exception
2086,2025-02-26,16:31,Clock Out,No Exception
2086,2025-02-27,09:17,Clock In,No Exception
2086,2025-02-27,16:47,Clock Out,No Exception
2086,2025-02-28,06:58,Clock In,No Exception
2086,2025-02-28,16:47,Clock Out,No Exception
2742,2025-01-01,08:38,Clock In,No Exception
2742,2025-01-01,17:44,Clock Out,No Exception
2742,2025-01-02,09:08,Clock In,No Exception
2742,2025-01-02,18:27,Clock Out,No Exception
2742,2025-01-03,07:50,Clock In,No Exception
2742,2025-01-03,16:29,Clock Out,No Exception
2742,2025-01-06,08:07,Clock In,No Exception
2742,2025-01-06,17:36,Clock Out,No Exception
2742,2025-01-07,09:28,Clock In,No Exception
2742,2025-01-07,17:53,Clock Out,No Exception
2742,2025-01-08,08:36,Clock In,No Exception
2742,2025-01-08,18:18,Clock Out,No Exception
2742,2025-01-09,08:38,Clock In,No Exception
2742,2025-01-09,18:23,Clock Out,No Exception
2742,2025-01-10,07:58,Clock In,No Exception
2742,2025-01-10,16:13,Clock Out,No Exception
2742,2025-01-13,09:50,Clock In,No Exception
2742,2025-01-13,18:10,Clock Out,No Exception
2742,2025-01-14,06:08,Clock In,No Exception
2742,2025-01-14,13:42,Clock Out,Missing Clock Out
2742,2025-01-15,08:34,Clock In,No Exception
2742,2025-01-15,16:23,Clock Out,No Exception
2742,2025-01-16,07:55,Clock In,No Exception
2742,2025-01-16,16:10,Clock Out,No Exception
2742,2025-01-17,08:10,Clock In,No Exception
2742,2025-01-17,18:02,Clock Out,No Exception
2742,2025-01-19,06:33,Clock In,No Exception
2742,2025-01-19,14:18,Clock Out,No Exception
2742,2025-01-20,08:31,Clock In,No Exception
2742,2025-01-20,16:12,Clock Out,No Exception
2742,2025-01-21,06:52,Clock In,No Exception
2742,2025-01-21,16:16,Clock Out,No Exception
2742,2025-01-22,06:26,Clock In,No Exception
2742,2025-01-22,16:15,Clock Out,No Exception
2742,2025-01-23,07:58,Clock In,No Exception
2742,2025-01-23,15:29,Clock Out,No Exception
2742,2025-01-24,07:32,Clock In,No Exception
2742,2025-01-24,17:09,Clock Out,No Exception
2742,2025-01-27,09:38,Clock In,No Exception
2742,2025-01-27,17:38,Clock Out,No Exception
2742,2025-01-28,07:24,Clock In,No Exception
2742,2025-01-28,14:54,Clock Out,No Exception
2742,2025-01-29,09:59,Clock In,Device Failure
2742,2025-01-29,19:59,Clock Out,No Exception
2742,2025-01-30,08:10,Clock In,No Exception
2742,2025-01-30,15:45,Clock Out,No Exception
2742,2025-01-31,07:58,Clock In,No Exception
2742,2025-01-31,15:34,Clock Out,No Exception
2742,2025-02-03,09:14,Clock In,No Exception
2742,2025-02-03,19:03,Clock Out,No Exception
2742,2025-02-04,07:39,Clock In,No Exception
2742,2025-02-04,17:39,Clock Out,No Exception
2742,2025-02-05,09:30,Clock In,No Exception
2742,2025-02-05,19:21,Clock Out,No Exception
2742,2025-02-06,08:38,Clock In,No Exception
2742,2025-02-06,17:59,Clock Out,No Exception
2742,2025-02-07,08:39,Clock In,No Exception
2742,2025-02-07,17:35,Clock Out,No Exception
2742,2025-02-10,06:09,Clock In,No Exception
2742,2025-02-10,15:30,Clock Out,No Exception
2742,2025-02-11,08:08,Clock In,No Exception
2742,2025-02-11,17:19,Clock Out,No Exception
2742,2025-02-12,09:38,Clock In,No Exception
2742,2025-02-12,19:08,Clock Out,No Exception
2742,2025-02-13,07:48,Clock In,No Exception
2742,2025-02-13,17:39,Clock Out,No Exception
2742,2025-02-14,08:47,Clock In,No Exception
2742,2025-02-14,18:08,Clock Out,No Exception
2742,2025-02-17,06:04,Clock In,No Exception
2742,2025-02-17,15:58,Clock Out,No Exception
2742,2025-02-18,09:03,Clock In,No Exception
2742,2025-02-18,18:39,Clock Out,No Exception
2742,2025-02-19,06:18,Clock In,No Exception
2742,2025-02-19,15:39,Clock Out,No Exception
2742,2025-02-20,08:57,Clock In,No Exception
2742,2025-02-20,17:43,Clock Out,No Exception
2742,2025-02-21,08:02,Clock In,No Exception
2742,2025-02-21,17:03,Clock Out,No Exception
2742,2025-02-23,08:38,Clock In,No Exception
2742,2025-02-23,17:49,Clock Out,No Exception
2742,2025-02-24,08:05,Clock In,No Exception
2742,2025-02-24,16:58,Clock Out,No Exception
2742,2025-02-25,06:17,Clock In,No Exception
2742,2025-02-25,15:14,Clock Out,No Exception
2742,2025-02-26,06:51,Clock In,No Exception
2742,2025-02-26,16:25,Clock Out,No Exception
2742,2025-02-27,09:15,Clock In,No Exception
2742,2025-02-27,17:31,Clock Out,No Exception
2742,2025-02-28,09:11,Clock In,No Exception
2742,2025-02-28,17:18,Clock Out,No Exception
2205,2025-01-01,07:48,Clock In,No Exception
2205,2025-01-01,15:30,Clock Out,No Exception
2205,2025-01-02,06:58,Clock In,No Exception
2205,2025-01-02,15:52,Clock Out,No Exception
2205,2025-01-03,07:04,Clock In,No Exception
2205,2025-01-03,15:50,Clock Out,No Exception
2205,2025-01-06,06:32,Clock In,No Exception
2205,2025-01-06,16:06,Clock Out,No Exception
2205,2025-01-07,07:39,Clock In,No Exception
2205,2025-01-07,15:30,Clock Out,No Exception
2205,2025-01-08,06:15,Clock In,No Exception
2205,2025-01-08,14:40,Clock Out,No Exception
2205,2025-01-09,09:27,Clock In,No Exception
2205,2025-01-09,17:27,Clock Out,No Exception
2205,2025-01-10,06:23,Clock In,No Exception
2205,2025-01-10,15:09,Clock Out,No Exception
2205,2025-01-13,07:45,Clock In,No Exception
2205,2025-01-13,15:29,Clock Out,No Exception
2205,2025-01-14,07:58,Clock In,No Exception
2205,2025-01-14,16:38,Clock Out,No Exception
2205,2025-01-15,06:26,Clock In,No Exception
2205,2025-01-15,14:29,Clock Out,No Exception
2205,2025-01-16,06:54,Clock In,No Exception
2205,2025-01-16,14:56,Clock Out,No Exception
2205,2025-01-17,07:54,Clock In,No Exception
2205,2025-01-17,16:30,Clock Out,No Exception
2205,2025-01-19,07:06,Clock In,No Exception
2205,2025-01-19,15:33,Clock Out,No Exception
2205,2025-01-20,09:51,Clock In,No Exception
2205,2025-01-20,17:38,Clock Out,No Exception
2205,2025-01-21,06:30,Clock In,No Exception
2205,2025-01-21,14:48,Clock Out,No Exception
2205,2025-01-22,07:32,Clock In,No Exception
2205,2025-01-22,16:10,Clock Out,No Exception
2205,2025-01-23,09:08,Clock In,No Exception
2205,2025-01-23,17:23,Clock Out,No Exception
2205,2025-01-24,09:05,Clock In,No Exception
2205,2025-01-24,17:25,Clock Out,No Exception
2205,2025-01-27,09:09,Clock In,No Exception
2205,2025-01-27,19:03,Clock Out,No Exception
2205,2025-01-28,07:30,Clock In,No Exception
2205,2025-01-28,16:11,Clock Out,No Exception
2205,2025-01-29,06:47,Clock In,No Exception
2205,2025-01-29,15:59,Clock Out,No Exception
2205,2025-01-30,06:27,Clock In,No Exception
2205,2025-01-30,14:45,Clock Out,No Exception
2205,2025-01-31,07:16,Clock In,No Exception
2205,2025-01-31,16:33,Clock Out,No Exception
2205,2025-02-03,09:32,Clock In,No Exception
2205,2025-02-03,17:16,Clock Out,No Exception
2205,2025-02-04,06:57,Clock In,No Exception
2205,2025-02-04,15:40,Clock Out,No Exception
2205,2025-02-05,06:18,Clock In,No Exception
2205,2025-02-05,14:01,Clock Out,No Exception
2205,2025-02-06,07:22,Clock In,No Exception
2205,2025-02-06,17:20,Clock Out,No Exception
2205,2025-02-07,07:56,Clock In,No Exception
2205,2025-02-07,16:51,Clock Out,No Exception
2205,2025-02-10,07:51,Clock In,No Exception
2205,2025-02-10,15:28,Clock Out,No Exception
2205,2025-02-11,09:28,Clock In,No Exception
2205,2025-02-11,17:44,Clock Out,No Exception
2205,2025-02-12,07:45,Clock In,No Exception
2205,2025-02-12,15:29,Clock Out,No Exception
2205,2025-02-13,09:30,Clock In,No Exception
2205,2025-02-13,17:37,Clock Out,No Exception
2205,2025-02-14,09:11,Clock In,No Exception
2205,2025-02-14,18:33,Clock Out,No Exception
2205,2025-02-16,09:20,Clock In,No Exception
2205,2025-02-16,18:04,Clock Out,No Exception
2205,2025-02-17,09:36,Clock In,No Exception
2205,2025-02-17,19:04,Clock Out,No Exception
2205,2025-02-18,09:35,Clock In,No Exception
2205,2025-02-18,18:49,Clock Out,No Exception
2205,2025-02-19,09:13,Clock In,No Exception
2205,2025-02-19,18:32,Clock Out,No Exception
2205,2025-02-20,08:14,Clock In,No Exception
2205,2025-02-20,15:50,Clock Out,No Exception
2205,2025-02-21,06:50,Clock In,No Exception
2205,2025-02-21,16:22,Clock Out,No Exception
2205,2025-02-24,06:57,Clock In,No Exception
2205,2025-02-24,16:04,Clock Out,No Exception
2205,2025-02-25,08:07,Clock In,No Exception
2205,2025-02-25,16:39,Clock Out,No Exception
2205,2025-02-26,07:32,Clock In,No Exception
2205,2025-02-26,17:32,Clock Out,No Exception
2205,2025-02-27,07:57,Clock In,No Exception
2205,2025-02-27,16:23,Clock Out,No Exception
2205,2025-02-28,09:44,Clock In,No Exception
2205,2025-02-28,17:59,Clock Out,No Exception
3691,2025-01-01,09:31,Clock In,No Exception
3691,2025-01-01,19:13,Clock Out,No Exception
3691,2025-01-02,07:51,Clock In,No Exception
3691,2025-01-02,17:12,Clock Out,No Exception
3691,2025-01-03,09:07,Clock In,No Exception
3691,2025-01-03,18:18,Clock Out,No Exception
3691,2025-01-04,06:16,Clock In,No Exception
3691,2025-01-04,15:25,Clock Out,No Exception
3691,2025-01-06,08:53,Clock In,No Exception
3691,2025-01-06,17:58,Clock Out,No Exception
3691,2025-01-07,08:09,Clock In,No Exception
3691,2025-01-07,16:39,Clock Out,No Exception
3691,2025-01-08,09:47,Clock In,No Exception
3691,2025-01-08,18:50,Clock Out,No Exception
3691,2025-01-09,08:44,Clock In,No Exception
3691,2025-01-09,17:43,Clock Out,No Exception
3691,2025-01-10,06:54,Clock In,No Exception
3691,2025-01-10,16:49,Clock Out,No Exception
3691,2025-01-11,08:57,Clock In,No Exception
3691,2025-01-11,17:16,Clock Out,No Exception
3691,2025-01-12,06:42,Clock In,No Exception
3691,2025-01-12,15:03,Clock Out,No Exception
3691,2025-01-13,08:15,Clock In,No Exception
3691,2025-01-13,17:40,Clock Out,No Exception
3691,2025-01-14,08:11,Clock In,No Exception
3691,2025-01-14,17:37,Clock Out,No Exception
3691,2025-01-15,06:26,Clock In,No Exception
3691,2025-01-15,15:12,Clock Out,No Exception
3691,2025-01-16,07:20,Clock In,No Exception
3691,2025-01-16,16:34,Clock Out,No Exception
3691,2025-01-17,06:26,Clock In,No Exception
3691,2025-01-17,16:10,Clock Out,No Exception
3691,2025-01-20,08:21,Clock In,No Exception
3691,2025-01-20,16:03,Clock Out,No Exception
3691,2025-01-21,06:15,Clock In,No Exception
3691,2025-01-21,14:05,Clock Out,No Exception
3691,2025-01-22,09:28,Clock In,No Exception
3691,2025-01-22,18:54,Clock Out,No Exception
3691,2025-01-23,06:26,Clock In,No Exception
3691,2025-01-23,14:47,Clock Out,No Exception
3691,2025-01-24,06:11,Clock In,No Exception
3691,2025-01-24,13:58,Clock Out,No Exception
3691,2025-01-27,08:04,Clock In,No Exception
3691,2025-01-27,17:43,Clock Out,No Exception
3691,2025-01-28,06:06,Clock In,No Exception
3691,2025-01-28,14:39,Clock Out,No Exception
3691,2025-01-29,09:12,Clock In,No Exception
3691,2025-01-29,16:45,Clock Out,No Exception
3691,2025-01-30,08:39,Clock In,No Exception
3691,2025-01-30,18:30,Clock Out,No Exception
3691,2025-01-31,06:59,Clock In,No Exception
3691,2025-01-31,15:28,Clock Out,No Exception
3691,2025-02-03,09:41,Clock In,No Exception
3691,2025-02-03,17:25,Clock Out,No Exception
3691,2025-02-04,09:36,Clock In,No Exception
3691,2025-02-04,17:57,Clock Out,No Exception
3691,2025-02-05,07:00,Clock In,No Exception
3691,2025-02-05,15:59,Clock Out,No Exception
3691,2025-02-06,08:14,Clock In,No Exception
3691,2025-02-06,15:49,Clock Out,No Exception
3691,2025-02-07,08:19,Clock In,No Exception
3691,2025-02-07,17:12,Clock Out,No Exception
3691,2025-02-10,07:43,Clock In,No Exception
3691,2025-02-10,16:05,Clock Out,No Exception
3691,2025-02-11,07:21,Clock In,No Exception
3691,2025-02-11,15:40,Clock Out,No Exception
3691,2025-02-12,07:10,Clock In,No Exception
3691,2025-02-12,16:36,Clock Out,No Exception
3691,2025-02-13,09:13,Clock In,No Exception
3691,2025-02-13,18:02,Clock Out,No Exception
3691,2025-02-14,08:36,Clock In,No Exception
3691,2025-02-14,18:29,Clock Out,No Exception
3691,2025-02-17,06:20,Clock In,No Exception
3691,2025-02-17,14:50,Clock Out,No Exception
3691,2025-02-18,07:38,Clock In,No Exception
3691,2025-02-18,15:13,Clock Out,No Exception
3691,2025-02-19,06:39,Clock In,No Exception
3691,2025-02-19,15:08,Clock Out,No Exception
3691,2025-02-20,07:19,Clock In,No Exception
3691,2025-02-20,15:46,Clock Out,No Exception
3691,2025-02-21,07:07,Clock In,No Exception
3691,2025-02-21,14:46,Clock Out,No Exception
3691,2025-02-24,09:05,Clock In,No Exception
3691,2025-02-24,17:27,Clock Out,No Exception
3691,2025-02-25,09:15,Clock In,No Exception
3691,2025-02-25,17:20,Clock Out,No Exception
3691,2025-02-26,06:46,Clock In,No Exception
3691,2025-02-26,15:14,Clock Out,No Exception
3691,2025-02-27,07:43,Clock In,No Exception
3691,2025-02-27,15:33,Clock Out,No Exception
3691,2025-02-28,08:13,Clock In,No Exception
3691,2025-02-28,17:18,Clock Out,No Exception
3691,2025-03-01,09:56,Clock In,No Exception
3691,2025-03-01,18:40,Clock Out,No Exception
3087,2025-01-01,08:50,Clock In,No Exception
3087,2025-01-01,16:47,Clock Out,No Exception
3087,2025-01-02,06:51,Clock In,No Exception
3087,2025-01-02,15:37,Clock Out,No Exception
3087,2025-01-03,07:27,Clock In,No Exception
3087,2025-01-03,16:20,Clock Out,No Exception
3087,2025-01-06,07:23,Clock In,No Exception
3087,2025-01-06,16:24,Clock Out,No Exception
3087,2025-01-07,07:38,Clock In,No Exception
3087,2025-01-07,16:12,Clock Out,No Exception
3087,2025-01-08,08:33,Clock In,No Exception
3087,2025-01-08,16:06,Clock Out,No Exception
3087,2025-01-09,06:23,Clock In,No Exception
3087,2025-01-09,14:17,Clock Out,No Exception
3087,2025-01-10,09:17,Clock In,No Exception
3087,2025-01-10,18:34,Clock Out,No Exception
3087,2025-01-13,09:14,Clock In,No Exception
3087,2025-01-13,19:13,Clock Out,No Exception
3087,2025-01-14,06:41,Clock In,No Exception
3087,2025-01-14,14:34,Clock Out,No Exception
3087,2025-01-15,07:09,Clock In,No Exception
3087,2025-01-15,15:13,Clock Out,No Exception
3087,2025-01-16,07:23,Clock In,No Exception
3087,2025-01-16,17:12,Clock Out,No Exception
3087,2025-01-17,07:04,Clock In,No Exception
3087,2025-01-17,16:46,Clock Out,No Exception
3087,2025-01-20,09:56,Clock In,No Exception
3087,2025-01-20,19:28,Clock Out,No Exception
3087,2025-01-21,08:04,Clock In,No Exception
3087,2025-01-21,16:49,Clock Out,No Exception
3087,2025-01-22,09:32,Clock In,No Exception
3087,2025-01-22,17:27,Clock Out,No Exception
3087,2025-01-23,06:45,Clock In,No Exception
3087,2025-01-23,16:27,Clock Out,No Exception
3087,2025-01-24,07:33,Clock In,No Exception
3087,2025-01-24,16:23,Clock Out,No Exception
3087,2025-01-27,08:41,Clock In,No Exception
3087,2025-01-27,16:56,Clock Out,No Exception
3087,2025-01-28,06:16,Clock In,No Exception
3087,2025-01-28,14:56,Clock Out,No Exception
3087,2025-01-29,07:31,Clock In,No Exception
3087,2025-01-29,16:23,Clock Out,No Exception
3087,2025-01-30,07:31,Clock In,No Exception
3087,2025-01-30,17:22,Clock Out,No Exception
3087,2025-01-31,07:19,Clock In,No Exception
3087,2025-01-31,14:52,Clock Out,No Exception
3087,2025-02-03,06:34,Clock In,No Exception
3087,2025-02-03,16:20,Clock Out,No Exception
3087,2025-02-04,07:57,Clock In,No Exception
3087,2025-02-04,16:46,Clock Out,No Exception
3087,2025-02-05,09:09,Clock In,No Exception
3087,2025-02-05,17:24,Clock Out,No Exception
3087,2025-02-06,08:01,Clock In,No Exception
3087,2025-02-06,15:56,Clock Out,No Exception
3087,2025-02-07,08:38,Clock In,No Exception
3087,2025-02-07,17:18,Clock Out,No Exception
3087,2025-02-10,09:51,Clock In,No Exception
3087,2025-02-10,18:04,Clock Out,No Exception
3087,2025-02-11,06:54,Clock In,No Exception
3087,2025-02-11,15:52,Clock Out,No Exception
3087,2025-02-12,09:49,Clock In,No Exception
3087,2025-02-12,19:17,Clock Out,No Exception
3087,2025-02-13,08:01,Clock In,No Exception
3087,2025-02-13,15:37,Clock Out,No Exception
3087,2025-02-14,08:44,Clock In,No Exception
3087,2025-02-14,17:37,Clock Out,No Exception
3087,2025-02-16,08:39,Clock In,No Exception
3087,2025-02-16,16:10,Clock Out,No Exception
3087,2025-02-17,08:22,Clock In,No Exception
3087,2025-02-17,17:06,Clock Out,No Exception
3087,2025-02-18,09:02,Clock In,No Exception
3087,2025-02-18,19:02,Clock Out,No Exception
3087,2025-02-19,07:44,Clock In,No Exception
3087,2025-02-19,15:37,Clock Out,No Exception
3087,2025-02-20,08:07,Clock In,No Exception
3087,2025-02-20,17:42,Clock Out,No Exception
3087,2025-02-21,06:10,Clock In,No Exception
3087,2025-02-21,15:07,Clock Out,No Exception
3087,2025-02-22,06:36,Clock In,No Exception
3087,2025-02-22,14:14,Clock Out,No Exception
3087,2025-02-24,07:00,Clock In,No Exception
3087,2025-02-24,16:06,Clock Out,No Exception
3087,2025-02-25,09:57,Clock In,No Exception
3087,2025-02-25,18:13,Clock Out,No Exception
3087,2025-02-26,07:10,Clock In,No Exception
3087,2025-02-26,14:53,Clock Out,No Exception
3087,2025-02-27,09:21,Clock In,No Exception
3087,2025-02-27,19:01,Clock Out,No Exception
3087,2025-02-28,07:49,Clock In,No Exception
3087,2025-02-28,17:04,Clock Out,No Exception
2139,2025-01-01,06:26,Clock In,No Exception
2139,2025-01-01,14:13,Clock Out,No Exception
2139,2025-01-02,08:35,Clock In,No Exception
2139,2025-01-02,17:51,Clock Out,No Exception
2139,2025-01-03,06:46,Clock In,No Exception
2139,2025-01-03,15:56,Clock Out,No Exception
2139,2025-01-04,08:05,Clock In,No Exception
2139,2025-01-04,16:40,Clock Out,No Exception
2139,2025-01-06,08:24,Clock In,No Exception
2139,2025-01-06,17:58,Clock Out,No Exception
2139,2025-01-07,08:50,Clock In,No Exception
2139,2025-01-07,17:20,Clock Out,No Exception
2139,2025-01-08,07:39,Clock In,No Exception
2139,2025-01-08,15:53,Clock Out,No Exception
2139,2025-01-09,06:35,Clock In,No Exception
2139,2025-01-09,16:01,Clock Out,No Exception
2139,2025-01-10,08:05,Clock In,No Exception
2139,2025-01-10,17:58,Clock Out,No Exception
2139,2025-01-12,06:17,Clock In,No Exception
2139,2025-01-12,14:45,Clock Out,No Exception
2139,2025-01-13,09:32,Clock In,No Exception
2139,2025-01-13,18:32,Clock Out,No Exception
2139,2025-01-14,08:07,Clock In,No Exception
2139,2025-01-14,16:56,Clock Out,No Exception
2139,2025-01-15,08:34,Clock In,No Exception
2139,2025-01-15,16:52,Clock Out,No Exception
2139,2025-01-16,08:47,Clock In,No Exception
2139,2025-01-16,18:20,Clock Out,No Exception
2139,2025-01-17,06:04,Clock In,No Exception
2139,2025-01-17,14:47,Clock Out,No Exception
2139,2025-01-20,08:08,Clock In,No Exception
2139,2025-01-20,16:32,Clock Out,No Exception
2139,2025-01-21,09:35,Clock In,No Exception
2139,2025-01-21,18:29,Clock Out,No Exception
2139,2025-01-22,07:38,Clock In,No Exception
2139,2025-01-22,17:16,Clock Out,No Exception
2139,2025-01-23,06:28,Clock In,No Exception
2139,2025-01-23,15:59,Clock Out,No Exception
2139,2025-01-24,09:35,Clock In,No Exception
2139,2025-01-24,18:45,Clock Out,No Exception
2139,2025-01-27,09:12,Clock In,No Exception
2139,2025-01-27,16:44,Clock Out,No Exception
2139,2025-01-28,06:59,Clock In,No Exception
2139,2025-01-28,14:47,Clock Out,No Exception
2139,2025-01-29,09:46,Clock In,No Exception
2139,2025-01-29,17:16,Clock Out,No Exception
2139,2025-01-30,06:19,Clock In,No Exception
2139,2025-01-30,16:15,Clock Out,No Exception
2139,2025-01-31,09:55,Clock In,No Exception
2139,2025-01-31,18:58,Clock Out,No Exception
2139,2025-02-03,06:52,Clock In,No Exception
2139,2025-02-03,14:42,Clock Out,No Exception
2139,2025-02-04,09:39,Clock In,No Exception
2139,2025-02-04,17:35,Clock Out,No Exception
2139,2025-02-05,07:29,Clock In,No Exception
2139,2025-02-05,15:11,Clock Out,No Exception
2139,2025-02-06,09:15,Clock In,No Exception
2139,2025-02-06,17:56,Clock Out,No Exception
2139,2025-02-07,07:42,Clock In,No Exception
2139,2025-02-07,15:49,Clock Out,No Exception
2139,2025-02-08,06:25,Clock In,No Exception
2139,2025-02-08,15:44,Clock Out,No Exception
2139,2025-02-09,06:45,Clock In,No Exception
2139,2025-02-09,15:07,Clock Out,No Exception
2139,2025-02-10,08:14,Clock In,No Exception
2139,2025-02-10,17:47,Clock Out,No Exception
2139,2025-02-11,06:59,Clock In,No Exception
2139,2025-02-11,15:55,Clock Out,No Exception
2139,2025-02-12,08:20,Clock In,No Exception
2139,2025-02-12,16:00,Clock Out,No Exception
2139,2025-02-13,06:13,Clock In,No Exception
2139,2025-02-13,15:28,Clock Out,No Exception
2139,2025-02-14,06:00,Clock In,No Exception
2139,2025-02-14,15:24,Clock Out,No Exception
2139,2025-02-16,08:54,Clock In,No Exception
2139,2025-02-16,17:28,Clock Out,No Exception
2139,2025-02-17,09:01,Clock In,No Exception
2139,2025-02-17,16:42,Clock Out,No Exception
2139,2025-02-18,08:31,Clock In,No Exception
2139,2025-02-18,17:10,Clock Out,No Exception
2139,2025-02-19,08:25,Clock In,No Exception
2139,2025-02-19,16:36,Clock Out,No Exception
2139,2025-02-20,06:48,Clock In,No Exception
2139,2025-02-20,15:29,Clock Out,No Exception
2139,2025-02-21,08:44,Clock In,No Exception
2139,2025-02-21,16:44,Clock Out,No Exception
2139,2025-02-24,06:58,Clock In,No Exception
2139,2025-02-24,15:31,Clock Out,No Exception
2139,2025-02-25,07:59,Clock In,No Exception
2139,2025-02-25,17:43,Clock Out,No Exception
2139,2025-02-26,08:08,Clock In,No Exception
2139,2025-02-26,16:08,Clock Out,No Exception
2139,2025-02-27,06:17,Clock In,No Exception
2139,2025-02-27,15:38,Clock Out,No Exception
2139,2025-02-28,08:05,Clock In,No Exception
2139,2025-02-28,17:50,Clock Out,No Exception
2139,2025-03-01,08:28,Clock In,No Exception
2139,2025-03-01,17:17,Clock Out,No Exception
2937,2025-01-01,06:35,Clock In,No Exception
2937,2025-01-01,14:14,Clock Out,No Exception
2937,2025-01-02,06:50,Clock In,No Exception
2937,2025-01-02,14:23,Clock Out,No Exception
2937,2025-01-03,07:31,Clock In,No Exception
2937,2025-01-03,16:27,Clock Out,No Exception
2937,2025-01-06,09:08,Clock In,No Exception
2937,2025-01-06,17:55,Clock Out,No Exception
2937,2025-01-07,07:43,Clock In,No Exception
2937,2025-01-07,15:37,Clock Out,No Exception
2937,2025-01-08,06:41,Clock In,No Exception
2937,2025-01-08,15:26,Clock Out,No Exception
2937,2025-01-09,06:53,Clock In,No Exception
2937,2025-01-09,14:30,Clock Out,No Exception
2937,2025-01-10,09:44,Clock In,No Exception
2937,2025-01-10,18:47,Clock Out,No Exception
2937,2025-01-11,09:04,Clock In,No Exception
2937,2025-01-11,16:48,Clock Out,No Exception
2937,2025-01-13,07:19,Clock In,No Exception
2937,2025-01-13,15:46,Clock Out,No Exception
2937,2025-01-14,06:13,Clock In,No Exception
2937,2025-01-14,14:52,Clock Out,No Exception
2937,2025-01-15,09:57,Clock In,No Exception
2937,2025-01-15,17:52,Clock Out,No Exception
2937,2025-01-16,07:49,Clock In,No Exception
2937,2025-01-16,16:55,Clock Out,No Exception
2937,2025-01-17,09:13,Clock In,No Exception
2937,2025-01-17,17:48,Clock Out,No Exception
2937,2025-01-18,09:59,Clock In,No Exception
2937,2025-01-18,19:55,Clock Out,No Exception
2937,2025-01-20,09:46,Clock In,No Exception
2937,2025-01-20,19:40,Clock Out,No Exception
2937,2025-01-21,06:32,Clock In,No Exception
2937,2025-01-21,14:45,Clock Out,No Exception
2937,2025-01-22,07:25,Clock In,No Exception
2937,2025-01-22,16:41,Clock Out,No Exception
2937,2025-01-23,06:51,Clock In,No Exception
2937,2025-01-23,15:17,Clock Out,No Exception
2937,2025-01-24,08:08,Clock In,No Exception
2937,2025-01-24,17:38,Clock Out,No Exception
2937,2025-01-27,09:56,Clock In,No Exception
2937,2025-01-27,18:00,Clock Out,No Exception
2937,2025-01-28,06:52,Clock In,No Exception
2937,2025-01-28,16:04,Clock Out,No Exception
2937,2025-01-29,08:21,Clock In,No Exception
2937,2025-01-29,16:37,Clock Out,No Exception
2937,2025-01-30,09:58,Clock In,No Exception
2937,2025-01-30,18:43,Clock Out,No Exception
2937,2025-01-31,08:22,Clock In,No Exception
2937,2025-01-31,15:53,Clock Out,No Exception
2937,2025-02-02,08:51,Clock In,No Exception
2937,2025-02-02,16:42,Clock Out,No Exception
2937,2025-02-03,07:09,Clock In,No Exception
2937,2025-02-03,15:52,Clock Out,No Exception
2937,2025-02-04,06:57,Clock In,No Exception
2937,2025-02-04,15:39,Clock Out,No Exception
2937,2025-02-05,09:08,Clock In,No Exception
2937,2025-02-05,18:19,Clock Out,No Exception
2937,2025-02-06,06:04,Clock In,No Exception
2937,2025-02-06,13:54,Clock Out,No Exception
2937,2025-02-07,07:34,Clock In,No Exception
2937,2025-02-07,16:57,Clock Out,No Exception
2937,2025-02-09,09:55,Clock In,No Exception
2937,2025-02-09,18:54,Clock Out,No Exception
2937,2025-02-10,09:17,Clock In,No Exception
2937,2025-02-10,17:54,Clock Out,No Exception
2937,2025-02-11,06:47,Clock In,No Exception
2937,2025-02-11,16:37,Clock Out,No Exception
2937,2025-02-12,08:52,Clock In,No Exception
2937,2025-02-12,18:03,Clock Out,No Exception
2937,2025-02-13,06:08,Clock In,No Exception
2937,2025-02-13,15:26,Clock Out,No Exception
2937,2025-02-14,06:54,Clock In,No Exception
2937,2025-02-14,16:22,Clock Out,No Exception
2937,2025-02-17,08:03,Clock In,No Exception
2937,2025-02-17,16:58,Clock Out,No Exception
2937,2025-02-18,06:32,Clock In,No Exception
2937,2025-02-18,15:54,Clock Out,No Exception
2937,2025-02-19,09:47,Clock In,No Exception
2937,2025-02-19,18:24,Clock Out,No Exception
2937,2025-02-20,06:43,Clock In,No Exception
2937,2025-02-20,16:41,Clock Out,No Exception
2937,2025-02-21,08:04,Clock In,No Exception
2937,2025-02-21,17:03,Clock Out,No Exception
2937,2025-02-23,07:22,Clock In,No Exception
2937,2025-02-23,16:02,Clock Out,No Exception
2937,2025-02-24,09:29,Clock In,No Exception
2937,2025-02-24,17:41,Clock Out,No Exception
2937,2025-02-25,07:37,Clock In,No Exception
2937,2025-02-25,16:21,Clock Out,No Exception
2937,2025-02-26,06:33,Clock In,No Exception
2937,2025-02-26,15:17,Clock Out,No Exception
2937,2025-02-27,08:48,Clock In,No Exception
2937,2025-02-27,17:59,Clock Out,No Exception
2937,2025-02-28,09:31,Clock In,No Exception
2937,2025-02-28,19:24,Clock Out,No Exception
2714,2025-01-01,06:43,Clock In,No Exception
2714,2025-01-01,14:19,Clock Out,No Exception
2714,2025-01-02,08:21,Clock In,No Exception
2714,2025-01-02,15:56,Clock Out,No Exception
2714,2025-01-03,09:14,Clock In,No Exception
2714,2025-01-03,18:13,Clock Out,No Exception
2714,2025-01-05,07:43,Clock In,No Exception
2714,2025-01-05,16:19,Clock Out,No Exception
2714,2025-01-06,07:52,Clock In,No Exception
2714,2025-01-06,15:35,Clock Out,No Exception
2714,2025-01-07,09:14,Clock In,No Exception
2714,2025-01-07,18:23,Clock Out,No Exception
2714,2025-01-08,09:31,Clock In,No Exception
2714,2025-01-08,18:04,Clock Out,No Exception
2714,2025-01-09,09:05,Clock In,No Exception
2714,2025-01-09,18:52,Clock Out,No Exception
2714,2025-01-10,08:01,Clock In,No Exception
2714,2025-01-10,16:04,Clock Out,No Exception
2714,2025-01-13,06:52,Clock In,No Exception
2714,2025-01-13,14:39,Clock Out,No Exception
2714,2025-01-14,08:51,Clock In,No Exception
2714,2025-01-14,18:29,Clock Out,No Exception
2714,2025-01-15,09:47,Clock In,No Exception
2714,2025-01-15,19:32,Clock Out,No Exception
2714,2025-01-16,07:47,Clock In,No Exception
2714,2025-01-16,17:44,Clock Out,No Exception
2714,2025-01-17,09:53,Clock In,No Exception
2714,2025-01-17,18:17,Clock Out,No Exception
2714,2025-01-18,06:28,Clock In,No Exception
2714,2025-01-18,14:15,Clock Out,No Exception
2714,2025-01-19,07:14,Clock In,No Exception
2714,2025-01-19,16:31,Clock Out,No Exception
2714,2025-01-20,08:45,Clock In,No Exception
2714,2025-01-20,16:48,Clock Out,No Exception
2714,2025-01-21,06:52,Clock In,No Exception
2714,2025-01-21,15:44,Clock Out,No Exception
2714,2025-01-22,08:56,Clock In,No Exception
2714,2025-01-22,16:58,Clock Out,No Exception
2714,2025-01-23,06:09,Clock In,No Exception
2714,2025-01-23,14:31,Clock Out,No Exception
2714,2025-01-24,08:47,Clock In,No Exception
2714,2025-01-24,18:45,Clock Out,No Exception
2714,2025-01-25,07:27,Clock In,No Exception
2714,2025-01-25,17:13,Clock Out,No Exception
2714,2025-01-27,07:03,Clock In,No Exception
2714,2025-01-27,14:59,Clock Out,No Exception
2714,2025-01-28,07:01,Clock In,No Exception
2714,2025-01-28,16:02,Clock Out,No Exception
2714,2025-01-29,09:58,Clock In,No Exception
2714,2025-01-29,18:24,Clock Out,No Exception
2714,2025-01-30,06:42,Clock In,No Exception
2714,2025-01-30,15:18,Clock Out,No Exception
2714,2025-01-31,08:33,Clock In,No Exception
2714,2025-01-31,16:29,Clock Out,No Exception
2714,2025-02-03,09:23,Clock In,No Exception
2714,2025-02-03,17:48,Clock Out,No Exception
2714,2025-02-04,09:15,Clock In,No Exception
2714,2025-02-04,18:41,Clock Out,No Exception
2714,2025-02-05,08:58,Clock In,No Exception
2714,2025-02-05,16:38,Clock Out,No Exception
2714,2025-02-06,08:17,Clock In,No Exception
2714,2025-02-06,18:03,Clock Out,No Exception
2714,2025-02-07,07:43,Clock In,No Exception
2714,2025-02-07,17:16,Clock Out,No Exception
2714,2025-02-10,06:59,Clock In,No Exception
2714,2025-02-10,15:01,Clock Out,No Exception
2714,2025-02-11,06:16,Clock In,No Exception
2714,2025-02-11,15:24,Clock Out,No Exception
2714,2025-02-12,07:37,Clock In,No Exception
2714,2025-02-12,17:00,Clock Out,No Exception
2714,2025-02-13,07:12,Clock In,No Exception
2714,2025-02-13,16:45,Clock Out,No Exception
2714,2025-02-14,09:16,Clock In,No Exception
2714,2025-02-14,17:13,Clock Out,No Exception
2714,2025-02-16,07:53,Clock In,No Exception
2714,2025-02-16,16:02,Clock Out,No Exception
2714,2025-02-17,06:41,Clock In,No Exception
2714,2025-02-17,14:35,Clock Out,No Exception
2714,2025-02-18,08:24,Clock In,No Exception
2714,2025-02-18,17:09,Clock Out,No Exception
2714,2025-02-19,09:27,Clock In,No Exception
2714,2025-02-19,18:11,Clock Out,No Exception
2714,2025-02-20,09:04,Clock In,No Exception
2714,2025-02-20,17:19,Clock Out,No Exception
2714,2025-02-21,07:48,Clock In,No Exception
2714,2025-02-21,16:53,Clock Out,No Exception
2714,2025-02-22,09:43,Clock In,No Exception
2714,2025-02-22,19:35,Clock Out,No Exception
2714,2025-02-24,06:07,Clock In,No Exception
2714,2025-02-24,15:09,Clock Out,No Exception
2714,2025-02-25,07:19,Clock In,No Exception
2714,2025-02-25,17:16,Clock Out,No Exception
2714,2025-02-26,07:07,Clock In,No Exception
2714,2025-02-26,14:45,Clock Out,No Exception
2714,2025-02-27,06:32,Clock In,No Exception
2714,2025-02-27,16:08,Clock Out,No Exception
2714,2025-02-28,09:33,Clock In,No Exception
2714,2025-02-28,17:35,Clock Out,No Exception
2694,2025-01-01,08:02,Clock In,No Exception
2694,2025-01-01,17:11,Clock Out,No Exception
2694,2025-01-02,06:27,Clock In,No Exception
2694,2025-01-02,14:23,Clock Out,No Exception
2694,2025-01-03,06:57,Clock In,No Exception
2694,2025-01-03,15:57,Clock Out,No Exception
2694,2025-01-04,06:53,Clock In,No Exception
2694,2025-01-04,14:29,Clock Out,No Exception
2694,2025-01-06,08:50,Clock In,No Exception
2694,2025-01-06,18:02,Clock Out,No Exception
2694,2025-01-07,07:53,Clock In,No Exception
2694,2025-01-07,17:41,Clock Out,No Exception
2694,2025-01-08,08:39,Clock In,No Exception
2694,2025-01-08,17:44,Clock Out,No Exception
2694,2025-01-09,07:09,Clock In,No Exception
2694,2025-01-09,16:20,Clock Out,No Exception
2694,2025-01-10,08:26,Clock In,No Exception
2694,2025-01-10,18:09,Clock Out,No Exception
2694,2025-01-13,08:22,Clock In,No Exception
2694,2025-01-13,17:07,Clock Out,No Exception
2694,2025-01-14,09:40,Clock In,No Exception
2694,2025-01-14,18:07,Clock Out,No Exception
2694,2025-01-15,08:30,Clock In,No Exception
2694,2025-01-15,16:30,Clock Out,No Exception
2694,2025-01-16,06:50,Clock In,No Exception
2694,2025-01-16,14:59,Clock Out,No Exception
2694,2025-01-17,08:51,Clock In,No Exception
2694,2025-01-17,18:51,Clock Out,No Exception
2694,2025-01-20,08:52,Clock In,No Exception
2694,2025-01-20,17:41,Clock Out,No Exception
2694,2025-01-21,08:31,Clock In,No Exception
2694,2025-01-21,16:10,Clock Out,No Exception
2694,2025-01-22,07:12,Clock In,No Exception
2694,2025-01-22,16:44,Clock Out,No Exception
2694,2025-01-23,09:27,Clock In,No Exception
2694,2025-01-23,18:38,Clock Out,No Exception
2694,2025-01-24,09:13,Clock In,No Exception
2694,2025-01-24,17:12,Clock Out,No Exception
2694,2025-01-27,06:46,Clock In,No Exception
2694,2025-01-27,15:22,Clock Out,No Exception
2694,2025-01-28,06:53,Clock In,No Exception
2694,2025-01-28,15:58,Clock Out,No Exception
2694,2025-01-29,06:08,Clock In,No Exception
2694,2025-01-29,13:49,Clock Out,No Exception
2694,2025-01-30,07:02,Clock In,No Exception
2694,2025-01-30,16:42,Clock Out,No Exception
2694,2025-01-31,06:26,Clock In,No Exception
2694,2025-01-31,15:16,Clock Out,No Exception
2694,2025-02-03,07:51,Clock In,No Exception
2694,2025-02-03,15:25,Clock Out,No Exception
2694,2025-02-04,08:44,Clock In,No Exception
2694,2025-02-04,16:52,Clock Out,No Exception
2694,2025-02-05,06:22,Clock In,No Exception
2694,2025-02-05,15:30,Clock Out,No Exception
2694,2025-02-06,06:12,Clock In,No Exception
2694,2025-02-06,16:01,Clock Out,No Exception
2694,2025-02-07,07:14,Clock In,No Exception
2694,2025-02-07,14:51,Clock Out,No Exception
2694,2025-02-08,09:19,Clock In,No Exception
2694,2025-02-08,18:24,Clock Out,No Exception
2694,2025-02-09,08:49,Clock In,No Exception
2694,2025-02-09,17:36,Clock Out,No Exception
2694,2025-02-10,07:59,Clock In,No Exception
2694,2025-02-10,17:43,Clock Out,No Exception
2694,2025-02-11,07:03,Clock In,No Exception
2694,2025-02-11,16:36,Clock Out,No Exception
2694,2025-02-12,09:01,Clock In,No Exception
2694,2025-02-12,19:01,Clock Out,No Exception
2694,2025-02-13,08:58,Clock In,No Exception
2694,2025-02-13,18:50,Clock Out,No Exception
2694,2025-02-14,06:08,Clock In,No Exception
2694,2025-02-14,15:11,Clock Out,No Exception
2694,2025-02-17,06:35,Clock In,No Exception
2694,2025-02-17,16:13,Clock Out,No Exception
2694,2025-02-18,09:11,Clock In,No Exception
2694,2025-02-18,17:25,Clock Out,No Exception
2694,2025-02-19,06:42,Clock In,No Exception
2694,2025-02-19,14:32,Clock Out,No Exception
2694,2025-02-20,08:34,Clock In,No Exception
2694,2025-02-20,16:10,Clock Out,No Exception
2694,2025-02-21,06:50,Clock In,No Exception
2694,2025-02-21,15:09,Clock Out,No Exception
2694,2025-02-24,06:06,Clock In,No Exception
2694,2025-02-24,15:52,Clock Out,No Exception
2694,2025-02-25,07:27,Clock In,No Exception
2694,2025-02-25,15:58,Clock Out,No Exception
2694,2025-02-26,07:32,Clock In,No Exception
2694,2025-02-26,15:10,Clock Out,No Exception
2694,2025-02-27,07:49,Clock In,No Exception
2694,2025-02-27,15:24,Clock Out,No Exception
2694,2025-02-28,06:57,Clock In,No Exception
2694,2025-02-28,14:52,Clock Out,No Exception
2694,2025-03-01,06:30,Clock In,No Exception
2694,2025-03-01,15:08,Clock Out,No Exception
1832,2025-01-01,09:04,Clock In,No Exception
1832,2025-01-01,18:11,Clock Out,No Exception
1832,2025-01-02,09:53,Clock In,No Exception
1832,2025-01-02,18:52,Clock Out,No Exception
1832,2025-01-03,07:56,Clock In,No Exception
1832,2025-01-03,15:53,Clock Out,No Exception
1832,2025-01-05,07:49,Clock In,No Exception
1832,2025-01-05,16:46,Clock Out,No Exception
1832,2025-01-06,09:22,Clock In,No Exception
1832,2025-01-06,17:17,Clock Out,No Exception
1832,2025-01-07,06:33,Clock In,No Exception
1832,2025-01-07,15:17,Clock Out,No Exception
1832,2025-01-08,09:17,Clock In,No Exception
1832,2025-01-08,17:36,Clock Out,No Exception
1832,2025-01-09,08:23,Clock In,No Exception
1832,2025-01-09,17:55,Clock Out,No Exception
1832,2025-01-10,07:40,Clock In,No Exception
1832,2025-01-10,16:00,Clock Out,No Exception
1832,2025-01-13,07:30,Clock In,No Exception
1832,2025-01-13,16:43,Clock Out,No Exception
1832,2025-01-14,07:55,Clock In,No Exception
1832,2025-01-14,17:10,Clock Out,No Exception
1832,2025-01-15,08:58,Clock In,No Exception
1832,2025-01-15,17:11,Clock Out,No Exception
1832,2025-01-16,08:50,Clock In,No Exception
1832,2025-01-16,16:59,Clock Out,No Exception
1832,2025-01-17,09:00,Clock In,No Exception
1832,2025-01-17,18:22,Clock Out,No Exception
1832,2025-01-20,09:37,Clock In,No Exception
1832,2025-01-20,17:35,Clock Out,No Exception
1832,2025-01-21,07:01,Clock In,No Exception
1832,2025-01-21,16:32,Clock Out,No Exception
1832,2025-01-22,07:33,Clock In,No Exception
1832,2025-01-22,17:26,Clock Out,No Exception
1832,2025-01-23,06:37,Clock In,No Exception
1832,2025-01-23,16:10,Clock Out,No Exception
1832,2025-01-24,08:02,Clock In,No Exception
1832,2025-01-24,16:58,Clock Out,No Exception
1832,2025-01-26,09:19,Clock In,No Exception
1832,2025-01-26,17:13,Clock Out,No Exception
1832,2025-01-27,09:58,Clock In,No Exception
1832,2025-01-27,18:38,Clock Out,No Exception
1832,2025-01-28,06:55,Clock In,No Exception
1832,2025-01-28,14:43,Clock Out,No Exception
1832,2025-01-29,08:50,Clock In,No Exception
1832,2025-01-29,16:42,Clock Out,No Exception
1832,2025-01-30,06:50,Clock In,No Exception
1832,2025-01-30,14:41,Clock Out,No Exception
1832,2025-01-31,09:49,Clock In,No Exception
1832,2025-01-31,19:19,Clock Out,No Exception
1832,2025-02-01,09:48,Clock In,No Exception
1832,2025-02-01,17:19,Clock Out,No Exception
1832,2025-02-03,06:07,Clock In,No Exception
1832,2025-02-03,15:42,Clock Out,No Exception
1832,2025-02-04,08:28,Clock In,No Exception
1832,2025-02-04,17:24,Clock Out,No Exception
1832,2025-02-05,09:09,Clock In,No Exception
1832,2025-02-05,18:50,Clock Out,No Exception
1832,2025-02-06,08:08,Clock In,No Exception
1832,2025-02-06,16:20,Clock Out,No Exception
1832,2025-02-07,09:48,Clock In,No Exception
1832,2025-02-07,18:49,Clock Out,No Exception
1832,2025-02-10,08:20,Clock In,No Exception
1832,2025-02-10,17:35,Clock Out,No Exception
1832,2025-02-11,06:06,Clock In,No Exception
1832,2025-02-11,15:54,Clock Out,No Exception
1832,2025-02-12,07:09,Clock In,No Exception
1832,2025-02-12,15:12,Clock Out,No Exception
1832,2025-02-13,06:10,Clock In,No Exception
1832,2025-02-13,14:23,Clock Out,No Exception
1832,2025-02-14,09:06,Clock In,No Exception
1832,2025-02-14,17:35,Clock Out,No Exception
1832,2025-02-16,06:45,Clock In,No Exception
1832,2025-02-16,16:17,Clock Out,No Exception
1832,2025-02-17,06:58,Clock In,No Exception
1832,2025-02-17,16:48,Clock Out,No Exception
1832,2025-02-18,08:10,Clock In,No Exception
1832,2025-02-18,16:19,Clock Out,No Exception
1832,2025-02-19,07:10,Clock In,No Exception
1832,2025-02-19,15:50,Clock Out,No Exception
1832,2025-02-20,06:56,Clock In,No Exception
1832,2025-02-20,16:29,Clock Out,No Exception
1832,2025-02-21,06:10,Clock In,No Exception
1832,2025-02-21,15:18,Clock Out,No Exception
1832,2025-02-24,08:54,Clock In,No Exception
1832,2025-02-24,17:38,Clock Out,No Exception
1832,2025-02-25,08:29,Clock In,No Exception
1832,2025-02-25,16:31,Clock Out,No Exception
1832,2025-02-26,07:17,Clock In,No Exception
1832,2025-02-26,15:09,Clock Out,No Exception
1832,2025-02-27,07:35,Clock In,No Exception
1832,2025-02-27,17:25,Clock Out,No Exception
1832,2025-02-28,08:51,Clock In,No Exception
1832,2025-02-28,17:41,Clock Out,No Exception
1378,2025-01-01,08:08,Clock In,No Exception
1378,2025-01-01,17:47,Clock Out,No Exception
1378,2025-01-02,09:31,Clock In,No Exception
1378,2025-01-02,18:34,Clock Out,No Exception
1378,2025-01-03,08:48,Clock In,No Exception
1378,2025-01-03,17:05,Clock Out,No Exception
1378,2025-01-05,08:55,Clock In,No Exception
1378,2025-01-05,16:38,Clock Out,No Exception
1378,2025-01-06,07:12,Clock In,No Exception
1378,2025-01-06,16:16,Clock Out,No Exception
1378,2025-01-07,08:31,Clock In,No Exception
1378,2025-01-07,17:18,Clock Out,No Exception
1378,2025-01-08,06:20,Clock In,No Exception
1378,2025-01-08,15:03,Clock Out,No Exception
1378,2025-01-09,09:39,Clock In,No Exception
1378,2025-01-09,19:38,Clock Out,No Exception
1378,2025-01-10,08:42,Clock In,No Exception
1378,2025-01-10,17:43,Clock Out,No Exception
1378,2025-01-13,06:04,Clock In,No Exception
1378,2025-01-13,13:39,Clock Out,No Exception
1378,2025-01-14,09:07,Clock In,No Exception
1378,2025-01-14,19:03,Clock Out,No Exception
1378,2025-01-15,08:37,Clock In,No Exception
1378,2025-01-15,17:50,Clock Out,No Exception
1378,2025-01-16,07:20,Clock In,No Exception
1378,2025-01-16,15:02,Clock Out,No Exception
1378,2025-01-17,08:45,Clock In,No Exception
1378,2025-01-17,18:31,Clock Out,No Exception
1378,2025-01-18,09:26,Clock In,No Exception
1378,2025-01-18,18:56,Clock Out,No Exception
1378,2025-01-20,06:10,Clock In,No Exception
1378,2025-01-20,14:28,Clock Out,No Exception
1378,2025-01-21,08:11,Clock In,No Exception
1378,2025-01-21,17:38,Clock Out,No Exception
1378,2025-01-22,07:39,Clock In,No Exception
1378,2025-01-22,16:49,Clock Out,No Exception
1378,2025-01-23,06:52,Clock In,No Exception
1378,2025-01-23,16:33,Clock Out,No Exception
1378,2025-01-24,09:15,Clock In,No Exception
1378,2025-01-24,18:29,Clock Out,No Exception
1378,2025-01-25,09:54,Clock In,No Exception
1378,2025-01-25,19:15,Clock Out,No Exception
1378,2025-01-27,08:03,Clock In,No Exception
1378,2025-01-27,16:04,Clock Out,No Exception
1378,2025-01-28,07:53,Clock In,No Exception
1378,2025-01-28,16:16,Clock Out,No Exception
1378,2025-01-29,09:17,Clock In,No Exception
1378,2025-01-29,17:54,Clock Out,No Exception
1378,2025-01-30,06:20,Clock In,No Exception
1378,2025-01-30,14:51,Clock Out,No Exception
1378,2025-01-31,07:55,Clock In,No Exception
1378,2025-01-31,16:23,Clock Out,No Exception
1378,2025-02-01,08:22,Clock In,No Exception
1378,2025-02-01,17:52,Clock Out,No Exception
1378,2025-02-03,06:42,Clock In,No Exception
1378,2025-02-03,16:32,Clock Out,No Exception
1378,2025-02-04,08:05,Clock In,No Exception
1378,2025-02-04,17:01,Clock Out,No Exception
1378,2025-02-05,08:00,Clock In,No Exception
1378,2025-02-05,16:28,Clock Out,No Exception
1378,2025-02-06,08:14,Clock In,No Exception
1378,2025-02-06,18:05,Clock Out,No Exception
1378,2025-02-07,06:05,Clock In,No Exception
1378,2025-02-07,15:32,Clock Out,No Exception
1378,2025-02-09,06:24,Clock In,No Exception
1378,2025-02-09,14:58,Clock Out,No Exception
1378,2025-02-10,09:40,Clock In,No Exception
1378,2025-02-10,19:18,Clock Out,No Exception
1378,2025-02-11,09:07,Clock In,No Exception
1378,2025-02-11,17:53,Clock Out,Device Failure
1378,2025-02-12,08:33,Clock In,No Exception
1378,2025-02-12,16:33,Clock Out,No Exception
1378,2025-02-13,07:34,Clock In,No Exception
1378,2025-02-13,17:04,Clock Out,No Exception
1378,2025-02-14,06:45,Clock In,No Exception
1378,2025-02-14,15:43,Clock Out,No Exception
1378,2025-02-16,08:45,Clock In,No Exception
1378,2025-02-16,17:19,Clock Out,No Exception
1378,2025-02-17,08:12,Clock In,No Exception
1378,2025-02-17,16:00,Clock Out,No Exception
1378,2025-02-18,06:59,Clock In,No Exception
1378,2025-02-18,15:46,Clock Out,No Exception
1378,2025-02-19,07:40,Clock In,No Exception
1378,2025-02-19,15:10,Clock Out,No Exception
1378,2025-02-20,09:31,Clock In,No Exception
1378,2025-02-20,18:26,Clock Out,No Exception
1378,2025-02-21,06:36,Clock In,No Exception
1378,2025-02-21,14:22,Clock Out,No Exception
1378,2025-02-22,07:48,Clock In,No Exception
1378,2025-02-22,17:30,Clock Out,No Exception
1378,2025-02-24,06:06,Clock In,No Exception
1378,2025-02-24,14:38,Clock Out,No Exception
1378,2025-02-25,07:05,Clock In,No Exception
1378,2025-02-25,15:16,Clock Out,No Exception
1378,2025-02-26,08:37,Clock In,No Exception
1378,2025-02-26,17:22,Clock Out,No Exception
1378,2025-02-27,07:39,Clock In,No Exception
1378,2025-02-27,16:57,Clock Out,No Exception
1378,2025-02-28,09:13,Clock In,No Exception
1378,2025-02-28,18:15,Clock Out,No Exception
3291,2025-01-01,08:35,Clock In,No Exception
3291,2025-01-01,17:03,Clock Out,No Exception
3291,2025-01-02,06:02,Clock In,No Exception
3291,2025-01-02,14:49,Clock Out,No Exception
3291,2025-01-03,06:57,Clock In,No Exception
3291,2025-01-03,16:50,Clock Out,No Exception
3291,2025-01-05,09:51,Clock In,No Exception
3291,2025-01-05,17:53,Clock Out,No Exception
3291,2025-01-06,08:15,Clock In,No Exception
3291,2025-01-06,17:22,Clock Out,No Exception
3291,2025-01-07,09:11,Clock In,No Exception
3291,2025-01-07,17:08,Clock Out,No Exception
3291,2025-01-08,06:48,Clock In,No Exception
3291,2025-01-08,15:55,Clock Out,No Exception
3291,2025-01-09,06:02,Clock In,No Exception
3291,2025-01-09,13:50,Clock Out,No Exception
3291,2025-01-10,06:42,Clock In,No Exception
3291,2025-01-10,15:40,Clock Out,No Exception
3291,2025-01-11,09:00,Clock In,No Exception
3291,2025-01-11,16:35,Clock Out,No Exception
3291,2025-01-12,07:33,Clock In,No Exception
3291,2025-01-12,15:22,Clock Out,No Exception
3291,2025-01-13,08:25,Clock In,No Exception
3291,2025-01-13,17:55,Clock Out,No Exception
3291,2025-01-14,06:03,Clock In,No Exception
3291,2025-01-14,15:07,Clock Out,No Exception
3291,2025-01-15,07:11,Clock In,No Exception
3291,2025-01-15,16:48,Clock Out,No Exception
3291,2025-01-16,06:57,Clock In,No Exception
3291,2025-01-16,16:38,Clock Out,No Exception
3291,2025-01-17,07:31,Clock In,No Exception
3291,2025-01-17,16:39,Clock Out,No Exception
3291,2025-01-20,07:58,Clock In,No Exception
3291,2025-01-20,16:53,Clock Out,No Exception
3291,2025-01-21,07:12,Clock In,No Exception
3291,2025-01-21,15:23,Clock Out,No Exception
3291,2025-01-22,07:10,Clock In,No Exception
3291,2025-01-22,17:01,Clock Out,No Exception
3291,2025-01-23,09:50,Clock In,No Exception
3291,2025-01-23,18:00,Clock Out,No Exception
3291,2025-01-24,06:47,Clock In,No Exception
3291,2025-01-24,14:25,Clock Out,No Exception
3291,2025-01-27,08:51,Clock In,No Exception
3291,2025-01-27,17:53,Clock Out,No Exception
3291,2025-01-28,08:57,Clock In,No Exception
3291,2025-01-28,17:43,Clock Out,No Exception
3291,2025-01-29,09:51,Clock In,No Exception
3291,2025-01-29,18:44,Clock Out,No Exception
3291,2025-01-30,09:00,Clock In,No Exception
3291,2025-01-30,16:42,Clock Out,No Exception
3291,2025-01-31,07:05,Clock In,No Exception
3291,2025-01-31,16:56,Clock Out,No Exception
3291,2025-02-03,07:34,Clock In,No Exception
3291,2025-02-03,16:36,Clock Out,No Exception
3291,2025-02-04,08:21,Clock In,No Exception
3291,2025-02-04,15:54,Clock Out,No Exception
3291,2025-02-05,09:56,Clock In,No Exception
3291,2025-02-05,19:08,Clock Out,No Exception
3291,2025-02-06,09:21,Clock In,No Exception
3291,2025-02-06,18:38,Clock Out,No Exception
3291,2025-02-07,07:26,Clock In,No Exception
3291,2025-02-07,15:49,Clock Out,No Exception
3291,2025-02-08,08:26,Clock In,No Exception
3291,2025-02-08,18:21,Clock Out,No Exception
3291,2025-02-10,09:33,Clock In,No Exception
3291,2025-02-10,17:16,Clock Out,No Exception
3291,2025-02-11,06:57,Clock In,No Exception
3291,2025-02-11,16:13,Clock Out,No Exception
3291,2025-02-12,08:00,Clock In,No Exception
3291,2025-02-12,17:31,Clock Out,No Exception
3291,2025-02-13,09:45,Clock In,No Exception
3291,2025-02-13,18:48,Clock Out,No Exception
3291,2025-02-14,06:52,Clock In,No Exception
3291,2025-02-14,14:52,Clock Out,No Exception
3291,2025-02-17,07:18,Clock In,No Exception
3291,2025-02-17,15:23,Clock Out,No Exception
3291,2025-02-18,09:49,Clock In,No Exception
3291,2025-02-18,17:56,Clock Out,No Exception
3291,2025-02-19,09:37,Clock In,No Exception
3291,2025-02-19,19:22,Clock Out,No Exception
3291,2025-02-20,07:11,Clock In,No Exception
3291,2025-02-20,15:37,Clock Out,No Exception
3291,2025-02-21,07:13,Clock In,No Exception
3291,2025-02-21,15:03,Clock Out,No Exception
3291,2025-02-22,09:25,Clock In,No Exception
3291,2025-02-22,18:22,Clock Out,No Exception
3291,2025-02-24,09:16,Clock In,No Exception
3291,2025-02-24,17:58,Clock Out,No Exception
3291,2025-02-25,08:03,Clock In,No Exception
3291,2025-02-25,16:34,Clock Out,No Exception
3291,2025-02-26,08:09,Clock In,No Exception
3291,2025-02-26,16:28,Clock Out,No Exception
3291,2025-02-27,09:59,Clock In,No Exception
3291,2025-02-27,19:08,Clock Out,No Exception
3291,2025-02-28,09:45,Clock In,No Exception
3291,2025-02-28,18:16,Clock Out,No Exception
2978,2025-01-01,07:23,Clock In,No Exception
2978,2025-01-01,16:55,Clock Out,No Exception
2978,2025-01-02,06:26,Clock In,No Exception
2978,2025-01-02,13:57,Clock Out,No Exception
2978,2025-01-03,07:58,Clock In,No Exception
2978,2025-01-03,15:35,Clock Out,No Exception
2978,2025-01-06,09:29,Clock In,No Exception
2978,2025-01-06,19:29,Clock Out,No Exception
2978,2025-01-07,06:59,Clock In,No Exception
2978,2025-01-07,16:32,Clock Out,No Exception
2978,2025-01-08,06:33,Clock In,No Exception
2978,2025-01-08,14:09,Clock Out,No Exception
2978,2025-01-09,09:51,Clock In,No Exception
2978,2025-01-09,19:28,Clock Out,No Exception
2978,2025-01-10,07:41,Clock In,No Exception
2978,2025-01-10,16:33,Clock Out,No Exception
2978,2025-01-11,06:40,Clock In,No Exception
2978,2025-01-11,14:35,Clock Out,No Exception
2978,2025-01-13,08:08,Clock In,No Exception
2978,2025-01-13,17:53,Clock Out,No Exception
2978,2025-01-14,07:48,Clock In,No Exception
2978,2025-01-14,15:53,Clock Out,No Exception
2978,2025-01-15,08:31,Clock In,No Exception
2978,2025-01-15,17:11,Clock Out,No Exception
2978,2025-01-16,08:20,Clock In,No Exception
2978,2025-01-16,16:42,Clock Out,No Exception
2978,2025-01-17,06:38,Clock In,No Exception
2978,2025-01-17,15:53,Clock Out,No Exception
2978,2025-01-20,07:52,Clock In,No Exception
2978,2025-01-20,17:21,Clock Out,No Exception
2978,2025-01-21,09:32,Clock In,No Exception
2978,2025-01-21,17:16,Clock Out,No Exception
2978,2025-01-22,09:52,Clock In,No Exception
2978,2025-01-22,18:04,Clock Out,No Exception
2978,2025-01-23,07:19,Clock In,No Exception
2978,2025-01-23,16:03,Clock Out,No Exception
2978,2025-01-24,06:35,Clock In,No Exception
2978,2025-01-24,15:03,Clock Out,No Exception
2978,2025-01-26,09:56,Clock In,No Exception
2978,2025-01-26,19:19,Clock Out,No Exception
2978,2025-01-27,09:52,Clock In,No Exception
2978,2025-01-27,18:15,Clock Out,No Exception
2978,2025-01-28,08:24,Clock In,No Exception
2978,2025-01-28,17:38,Clock Out,No Exception
2978,2025-01-29,06:37,Clock In,No Exception
2978,2025-01-29,15:50,Clock Out,No Exception
2978,2025-01-30,09:47,Clock In,No Exception
2978,2025-01-30,18:56,Clock Out,No Exception
2978,2025-01-31,06:02,Clock In,No Exception
2978,2025-01-31,15:09,Clock Out,No Exception
2978,2025-02-03,08:36,Clock In,No Exception
2978,2025-02-03,16:10,Clock Out,No Exception
2978,2025-02-04,08:02,Clock In,No Exception
2978,2025-02-04,17:09,Clock Out,No Exception
2978,2025-02-05,06:32,Clock In,No Exception
2978,2025-02-05,14:30,Clock Out,No Exception
2978,2025-02-06,08:26,Clock In,No Exception
2978,2025-02-06,18:09,Clock Out,No Exception
2978,2025-02-07,06:50,Clock In,No Exception
2978,2025-02-07,14:40,Clock Out,No Exception
2978,2025-02-10,08:50,Clock In,No Exception
2978,2025-02-10,17:13,Clock Out,No Exception
2978,2025-02-11,08:42,Clock In,No Exception
2978,2025-02-11,17:13,Clock Out,No Exception
2978,2025-02-12,07:39,Clock In,No Exception
2978,2025-02-12,16:04,Clock Out,No Exception
2978,2025-02-13,06:17,Clock In,No Exception
2978,2025-02-13,15:01,Clock Out,No Exception
2978,2025-02-14,08:39,Clock In,No Exception
2978,2025-02-14,18:32,Clock Out,No Exception
2978,2025-02-15,06:24,Clock In,No Exception
2978,2025-02-15,15:16,Clock Out,No Exception
2978,2025-02-16,09:15,Clock In,No Exception
2978,2025-02-16,18:01,Clock Out,No Exception
2978,2025-02-17,07:22,Clock In,No Exception
2978,2025-02-17,16:28,Clock Out,No Exception
2978,2025-02-18,08:12,Clock In,No Exception
2978,2025-02-18,18:08,Clock Out,No Exception
2978,2025-02-19,06:48,Clock In,No Exception
2978,2025-02-19,15:19,Clock Out,No Exception
2978,2025-02-20,07:30,Clock In,No Exception
2978,2025-02-20,17:29,Clock Out,No Exception
2978,2025-02-21,06:49,Clock In,No Exception
2978,2025-02-21,14:51,Clock Out,No Exception
2978,2025-02-24,06:13,Clock In,No Exception
2978,2025-02-24,15:06,Clock Out,No Exception
2978,2025-02-25,06:49,Clock In,No Exception
2978,2025-02-25,16:15,Clock Out,No Exception
2978,2025-02-26,09:44,Clock In,No Exception
2978,2025-02-26,18:32,Clock Out,No Exception
2978,2025-02-27,06:12,Clock In,No Exception
2978,2025-02-27,15:01,Clock Out,No Exception
2978,2025-02-28,07:54,Clock In,No Exception
2978,2025-02-28,15:42,Clock Out,No Exception
2978,2025-03-01,07:16,Clock In,No Exception
2978,2025-03-01,16:23,Clock Out,No Exception
2706,2025-01-01,09:03,Clock In,No Exception
2706,2025-01-01,17:24,Clock Out,No Exception
2706,2025-01-02,06:11,Clock In,No Exception
2706,2025-01-02,14:53,Clock Out,No Exception
2706,2025-01-03,07:34,Clock In,No Exception
2706,2025-01-03,17:27,Clock Out,No Exception
2706,2025-01-06,08:41,Clock In,No Exception
2706,2025-01-06,18:04,Clock Out,No Exception
2706,2025-01-07,06:30,Clock In,No Exception
2706,2025-01-07,14:20,Clock Out,No Exception
2706,2025-01-08,07:53,Clock In,No Exception
2706,2025-01-08,16:06,Clock Out,No Exception
2706,2025-01-09,09:20,Clock In,No Exception
2706,2025-01-09,17:42,Clock Out,No Exception
2706,2025-01-10,09:59,Clock In,No Exception
2706,2025-01-10,17:33,Clock Out,No Exception
2706,2025-01-12,09:21,Clock In,No Exception
2706,2025-01-12,18:23,Clock Out,No Exception
2706,2025-01-13,07:10,Clock In,No Exception
2706,2025-01-13,16:47,Clock Out,No Exception
2706,2025-01-14,07:50,Clock In,No Exception
2706,2025-01-14,16:25,Clock Out,No Exception
2706,2025-01-15,08:25,Clock In,No Exception
2706,2025-01-15,17:56,Clock Out,No Exception
2706,2025-01-16,08:27,Clock In,No Exception
2706,2025-01-16,18:07,Clock Out,No Exception
2706,2025-01-17,06:51,Clock In,No Exception
2706,2025-01-17,14:49,Clock Out,No Exception
2706,2025-01-20,06:01,Clock In,No Exception
2706,2025-01-20,15:17,Clock Out,No Exception
2706,2025-01-21,08:05,Clock In,No Exception
2706,2025-01-21,16:52,Clock Out,No Exception
2706,2025-01-22,08:03,Clock In,No Exception
2706,2025-01-22,17:45,Clock Out,No Exception
2706,2025-01-23,08:04,Clock In,No Exception
2706,2025-01-23,15:39,Clock Out,No Exception
2706,2025-01-24,09:20,Clock In,No Exception
2706,2025-01-24,18:08,Clock Out,No Exception
2706,2025-01-26,06:54,Clock In,No Exception
2706,2025-01-26,16:11,Clock Out,No Exception
2706,2025-01-27,07:20,Clock In,No Exception
2706,2025-01-27,16:08,Clock Out,No Exception
2706,2025-01-28,06:10,Clock In,No Exception
2706,2025-01-28,15:40,Clock Out,No Exception
2706,2025-01-29,08:28,Clock In,No Exception
2706,2025-01-29,17:15,Clock Out,No Exception
2706,2025-01-30,09:58,Clock In,No Exception
2706,2025-01-30,19:32,Clock Out,No Exception
2706,2025-01-31,08:10,Clock In,No Exception
2706,2025-01-31,16:27,Clock Out,No Exception
2706,2025-02-02,07:52,Clock In,No Exception
2706,2025-02-02,16:47,Clock Out,No Exception
2706,2025-02-03,08:38,Clock In,No Exception
2706,2025-02-03,18:30,Clock Out,No Exception
2706,2025-02-04,07:34,Clock In,No Exception
2706,2025-02-04,15:27,Clock Out,No Exception
2706,2025-02-05,09:46,Clock In,No Exception
2706,2025-02-05,18:04,Clock Out,No Exception
2706,2025-02-06,06:05,Clock In,No Exception
2706,2025-02-06,13:51,Clock Out,No Exception
2706,2025-02-07,09:13,Clock In,No Exception
2706,2025-02-07,17:14,Clock Out,No Exception
2706,2025-02-10,07:05,Clock In,No Exception
2706,2025-02-10,15:15,Clock Out,No Exception
2706,2025-02-11,07:35,Clock In,No Exception
2706,2025-02-11,15:12,Clock Out,No Exception
2706,2025-02-12,06:46,Clock In,No Exception
2706,2025-02-12,15:13,Clock Out,No Exception
2706,2025-02-13,07:38,Clock In,No Exception
2706,2025-02-13,15:40,Clock Out,No Exception
2706,2025-02-14,09:08,Clock In,No Exception
2706,2025-02-14,16:47,Clock Out,No Exception
2706,2025-02-17,08:12,Clock In,No Exception
2706,2025-02-17,17:30,Clock Out,No Exception
2706,2025-02-18,06:00,Clock In,No Exception
2706,2025-02-18,15:27,Clock Out,No Exception
2706,2025-02-19,07:25,Clock In,No Exception
2706,2025-02-19,15:56,Clock Out,No Exception
2706,2025-02-20,06:58,Clock In,No Exception
2706,2025-02-20,14:40,Clock Out,No Exception
2706,2025-02-21,08:12,Clock In,No Exception
2706,2025-02-21,16:56,Clock Out,No Exception
2706,2025-02-24,07:32,Clock In,No Exception
2706,2025-02-24,17:12,Clock Out,No Exception
2706,2025-02-25,09:16,Clock In,No Exception
2706,2025-02-25,17:15,Clock Out,No Exception
2706,2025-02-26,08:22,Clock In,No Exception
2706,2025-02-26,15:57,Clock Out,No Exception
2706,2025-02-27,08:08,Clock In,No Exception
2706,2025-02-27,17:56,Clock Out,No Exception
2706,2025-02-28,09:23,Clock In,No Exception
2706,2025-02-28,19:12,Clock Out,No Exception
2706,2025-03-01,08:31,Clock In,No Exception
2706,2025-03-01,17:46,Clock Out,No Exception
1624,2025-01-01,07:20,Clock In,No Exception
1624,2025-01-01,16:20,Clock Out,No Exception
1624,2025-01-02,06:09,Clock In,No Exception
1624,2025-01-02,15:19,Clock Out,No Exception
1624,2025-01-03,07:51,Clock In,No Exception
1624,2025-01-03,17:33,Clock Out,No Exception
1624,2025-01-05,09:51,Clock In,No Exception
1624,2025-01-05,19:02,Clock Out,No Exception
1624,2025-01-06,07:55,Clock In,No Exception
1624,2025-01-06,16:47,Clock Out,No Exception
1624,2025-01-07,07:04,Clock In,No Exception
1624,2025-01-07,16:13,Clock Out,No Exception
1624,2025-01-08,08:09,Clock In,No Exception
1624,2025-01-08,16:29,Clock Out,No Exception
1624,2025-01-09,06:58,Clock In,No Exception
1624,2025-01-09,16:37,Clock Out,No Exception
1624,2025-01-10,07:12,Clock In,No Exception
1624,2025-01-10,16:45,Clock Out,No Exception
1624,2025-01-12,06:36,Clock In,Duplicate Punch
1624,2025-01-12,14:10,Clock Out,No Exception
1624,2025-01-13,06:54,Clock In,No Exception
1624,2025-01-13,15:28,Clock Out,No Exception
1624,2025-01-14,07:02,Clock In,No Exception
1624,2025-01-14,14:34,Clock Out,No Exception
1624,2025-01-15,09:42,Clock In,No Exception
1624,2025-01-15,18:01,Clock Out,No Exception
1624,2025-01-16,07:18,Clock In,No Exception
1624,2025-01-16,15:05,Clock Out,No Exception
1624,2025-01-17,07:30,Clock In,No Exception
1624,2025-01-17,15:00,Clock Out,No Exception
1624,2025-01-20,07:04,Clock In,No Exception
1624,2025-01-20,15:14,Clock Out,No Exception
1624,2025-01-21,09:17,Clock In,No Exception
1624,2025-01-21,19:00,Clock Out,No Exception
1624,2025-01-22,09:52,Clock In,No Exception
1624,2025-01-22,19:30,Clock Out,No Exception
1624,2025-01-23,09:00,Clock In,No Exception
1624,2025-01-23,18:28,Clock Out,No Exception
1624,2025-01-24,06:18,Clock In,No Exception
1624,2025-01-24,15:37,Clock Out,No Exception
1624,2025-01-27,07:44,Clock In,No Exception
1624,2025-01-27,17:10,Clock Out,No Exception
1624,2025-01-28,09:56,Clock In,No Exception
1624,2025-01-28,19:44,Clock Out,No Exception
1624,2025-01-29,06:29,Clock In,No Exception
1624,2025-01-29,15:52,Clock Out,No Exception
1624,2025-01-30,07:16,Clock In,No Exception
1624,2025-01-30,16:57,Clock Out,No Exception
1624,2025-01-31,06:35,Clock In,No Exception
1624,2025-01-31,14:51,Clock Out,No Exception
1624,2025-02-03,09:10,Clock In,No Exception
1624,2025-02-03,19:06,Clock Out,No Exception
1624,2025-02-04,09:29,Clock In,No Exception
1624,2025-02-04,17:11,Clock Out,No Exception
1624,2025-02-05,07:23,Clock In,No Exception
1624,2025-02-05,17:02,Clock Out,No Exception
1624,2025-02-06,07:49,Clock In,No Exception
1624,2025-02-06,16:30,Clock Out,No Exception
1624,2025-02-07,06:57,Clock In,No Exception
1624,2025-02-07,16:05,Clock Out,No Exception
1624,2025-02-09,07:18,Clock In,No Exception
1624,2025-02-09,16:59,Clock Out,No Exception
1624,2025-02-10,06:03,Clock In,No Exception
1624,2025-02-10,15:07,Clock Out,No Exception
1624,2025-02-11,07:16,Clock In,No Exception
1624,2025-02-11,16:31,Clock Out,No Exception
1624,2025-02-12,07:08,Clock In,No Exception
1624,2025-02-12,14:52,Clock Out,No Exception
1624,2025-02-13,09:58,Clock In,No Exception
1624,2025-02-13,19:14,Clock Out,No Exception
1624,2025-02-14,06:54,Clock In,No Exception
1624,2025-02-14,15:36,Clock Out,No Exception
1624,2025-02-15,07:24,Clock In,No Exception
1624,2025-02-15,15:12,Clock Out,No Exception
1624,2025-02-17,08:33,Clock In,No Exception
1624,2025-02-17,16:03,Clock Out,No Exception
1624,2025-02-18,09:18,Clock In,No Exception
1624,2025-02-18,17:37,Clock Out,No Exception
1624,2025-02-19,08:01,Clock In,No Exception
1624,2025-02-19,16:03,Clock Out,No Exception
1624,2025-02-20,06:51,Clock In,No Exception
1624,2025-02-20,16:15,Clock Out,No Exception
1624,2025-02-21,07:50,Clock In,No Exception
1624,2025-02-21,17:39,Clock Out,No Exception
1624,2025-02-23,09:32,Clock In,No Exception
1624,2025-02-23,18:46,Clock Out,No Exception
1624,2025-02-24,06:48,Clock In,No Exception
1624,2025-02-24,16:05,Clock Out,No Exception
1624,2025-02-25,07:03,Clock In,No Exception
1624,2025-02-25,14:46,Clock Out,No Exception
1624,2025-02-26,08:17,Clock In,No Exception
1624,2025-02-26,15:54,Clock Out,No Exception
1624,2025-02-27,08:17,Clock In,No Exception
1624,2025-02-27,16:35,Clock Out,No Exception
1624,2025-02-28,09:51,Clock In,No Exception
1624,2025-02-28,18:23,Clock Out,No Exception
1970,2025-01-01,06:13,Clock In,No Exception
1970,2025-01-01,15:29,Clock Out,No Exception
1970,2025-01-02,07:53,Clock In,No Exception
1970,2025-01-02,16:22,Clock Out,No Exception
1970,2025-01-03,08:18,Clock In,No Exception
1970,2025-01-03,16:22,Clock Out,No Exception
1970,2025-01-04,07:45,Clock In,No Exception
1970,2025-01-04,17:32,Clock Out,No Exception
1970,2025-01-06,07:05,Clock In,No Exception
1970,2025-01-06,14:52,Clock Out,No Exception
1970,2025-01-07,06:48,Clock In,No Exception
1970,2025-01-07,15:31,Clock Out,No Exception
1970,2025-01-08,06:18,Clock In,No Exception
1970,2025-01-08,13:55,Clock Out,No Exception
1970,2025-01-09,06:00,Clock In,No Exception
1970,2025-01-09,13:48,Clock Out,No Exception
1970,2025-01-10,08:06,Clock In,No Exception
1970,2025-01-10,17:53,Clock Out,No Exception
1970,2025-01-11,08:40,Clock In,No Exception
1970,2025-01-11,18:12,Clock Out,No Exception
1970,2025-01-12,06:54,Clock In,No Exception
1970,2025-01-12,15:10,Clock Out,No Exception
1970,2025-01-13,07:56,Clock In,No Exception
1970,2025-01-13,17:29,Clock Out,No Exception
1970,2025-01-14,08:51,Clock In,No Exception
1970,2025-01-14,18:17,Clock Out,No Exception
1970,2025-01-15,08:23,Clock In,No Exception
1970,2025-01-15,17:20,Clock Out,No Exception
1970,2025-01-16,08:53,Clock In,No Exception
1970,2025-01-16,16:35,Clock Out,No Exception
1970,2025-01-17,08:44,Clock In,No Exception
1970,2025-01-17,16:56,Clock Out,No Exception
1970,2025-01-20,08:24,Clock In,No Exception
1970,2025-01-20,17:39,Clock Out,No Exception
1970,2025-01-21,09:08,Clock In,No Exception
1970,2025-01-21,17:37,Clock Out,No Exception
1970,2025-01-22,07:46,Clock In,No Exception
1970,2025-01-22,16:39,Clock Out,No Exception
1970,2025-01-23,08:19,Clock In,No Exception
1970,2025-01-23,17:10,Clock Out,No Exception
1970,2025-01-24,09:08,Clock In,No Exception
1970,2025-01-24,18:15,Clock Out,No Exception
1970,2025-01-25,09:24,Clock In,No Exception
1970,2025-01-25,18:39,Clock Out,No Exception
1970,2025-01-26,06:33,Clock In,No Exception
1970,2025-01-26,14:41,Clock Out,No Exception
1970,2025-01-27,08:46,Clock In,No Exception
1970,2025-01-27,17:10,Clock Out,No Exception
1970,2025-01-28,08:21,Clock In,No Exception
1970,2025-01-28,16:28,Clock Out,No Exception
1970,2025-01-29,08:21,Clock In,No Exception
1970,2025-01-29,15:57,Clock Out,No Exception
1970,2025-01-30,06:16,Clock In,No Exception
1970,2025-01-30,16:07,Clock Out,No Exception
1970,2025-01-31,09:27,Clock In,No Exception
1970,2025-01-31,19:26,Clock Out,No Exception
1970,2025-02-03,08:07,Clock In,No Exception
1970,2025-02-03,15:45,Clock Out,No Exception
1970,2025-02-04,08:49,Clock In,No Exception
1970,2025-02-04,17:03,Clock Out,No Exception
1970,2025-02-05,07:29,Clock In,No Exception
1970,2025-02-05,15:47,Clock Out,No Exception
1970,2025-02-06,07:48,Clock In,No Exception
1970,2025-02-06,15:38,Clock Out,No Exception
1970,2025-02-07,09:19,Clock In,No Exception
1970,2025-02-07,17:06,Clock Out,No Exception
1970,2025-02-09,06:24,Clock In,No Exception
1970,2025-02-09,14:56,Clock Out,No Exception
1970,2025-02-10,08:43,Clock In,No Exception
1970,2025-02-10,16:58,Clock Out,No Exception
1970,2025-02-11,08:31,Clock In,No Exception
1970,2025-02-11,16:29,Clock Out,No Exception
1970,2025-02-12,09:20,Clock In,No Exception
1970,2025-02-12,19:07,Clock Out,No Exception
1970,2025-02-13,08:46,Clock In,No Exception
1970,2025-02-13,16:38,Clock Out,No Exception
1970,2025-02-14,09:38,Clock In,No Exception
1970,2025-02-14,18:08,Clock Out,No Exception
1970,2025-02-17,07:55,Clock In,No Exception
1970,2025-02-17,15:52,Clock Out,No Exception
1970,2025-02-18,08:01,Clock In,No Exception
1970,2025-02-18,16:38,Clock Out,No Exception
1970,2025-02-19,07:58,Clock In,No Exception
1970,2025-02-19,16:37,Clock Out,No Exception
1970,2025-02-20,06:32,Clock In,No Exception
1970,2025-02-20,15:20,Clock Out,No Exception
1970,2025-02-21,08:45,Clock In,No Exception
1970,2025-02-21,16:16,Clock Out,No Exception
1970,2025-02-22,09:49,Clock In,No Exception
1970,2025-02-22,18:48,Clock Out,No Exception
1970,2025-02-23,08:15,Clock In,No Exception
1970,2025-02-23,16:40,Clock Out,No Exception
1970,2025-02-24,06:01,Clock In,No Exception
1970,2025-02-24,15:48,Clock Out,No Exception
1970,2025-02-25,09:49,Clock In,No Exception
1970,2025-02-25,18:18,Clock Out,No Exception
1970,2025-02-26,07:48,Clock In,No Exception
1970,2025-02-26,16:20,Clock Out,No Exception
1970,2025-02-27,07:36,Clock In,No Exception
1970,2025-02-27,15:55,Clock Out,No Exception
1970,2025-02-28,08:34,Clock In,No Exception
1970,2025-02-28,18:27,Clock Out,No Exception
1970,2025-03-01,06:41,Clock In,No Exception
1970,2025-03-01,16:08,Clock Out,No Exception
3036,2025-01-01,06:05,Clock In,No Exception
3036,2025-01-01,14:00,Clock Out,No Exception
3036,2025-01-02,06:47,Clock In,No Exception
3036,2025-01-02,14:32,Clock Out,No Exception
3036,2025-01-03,09:13,Clock In,No Exception
3036,2025-01-03,17:07,Clock Out,No Exception
3036,2025-01-06,06:24,Clock In,No Exception
3036,2025-01-06,14:30,Clock Out,No Exception
3036,2025-01-07,08:08,Clock In,No Exception
3036,2025-01-07,17:11,Clock Out,No Exception
3036,2025-01-08,08:09,Clock In,No Exception
3036,2025-01-08,18:00,Clock Out,No Exception
3036,2025-01-09,06:06,Clock In,No Exception
3036,2025-01-09,15:01,Clock Out,No Exception
3036,2025-01-10,08:19,Clock In,No Exception
3036,2025-01-10,17:14,Clock Out,No Exception
3036,2025-01-13,09:47,Clock In,No Exception
3036,2025-01-13,19:24,Clock Out,No Exception
3036,2025-01-14,06:49,Clock In,No Exception
3036,2025-01-14,14:50,Clock Out,No Exception
3036,2025-01-15,07:08,Clock In,No Exception
3036,2025-01-15,16:06,Clock Out,No Exception
3036,2025-01-16,07:21,Clock In,No Exception
3036,2025-01-16,17:21,Clock Out,No Exception
3036,2025-01-17,09:40,Clock In,No Exception
3036,2025-01-17,17:18,Clock Out,No Exception
3036,2025-01-20,08:14,Clock In,No Exception
3036,2025-01-20,15:48,Clock Out,No Exception
3036,2025-01-21,09:56,Clock In,No Exception
3036,2025-01-21,18:21,Clock Out,No Exception
3036,2025-01-22,09:01,Clock In,No Exception
3036,2025-01-22,18:11,Clock Out,No Exception
3036,2025-01-23,09:13,Clock In,No Exception
3036,2025-01-23,17:24,Clock Out,No Exception
3036,2025-01-24,08:00,Clock In,No Exception
3036,2025-01-24,16:29,Clock Out,No Exception
3036,2025-01-27,07:34,Clock In,No Exception
3036,2025-01-27,15:43,Clock Out,No Exception
3036,2025-01-28,09:23,Clock In,No Exception
3036,2025-01-28,19:04,Clock Out,No Exception
3036,2025-01-29,08:53,Clock In,No Exception
3036,2025-01-29,18:05,Clock Out,No Exception
3036,2025-01-30,06:15,Clock In,No Exception
3036,2025-01-30,16:02,Clock Out,No Exception
3036,2025-01-31,06:31,Clock In,No Exception
3036,2025-01-31,16:00,Clock Out,No Exception
3036,2025-02-02,07:51,Clock In,No Exception
3036,2025-02-02,16:21,Clock Out,No Exception
3036,2025-02-03,07:16,Clock In,No Exception
3036,2025-02-03,14:55,Clock Out,No Exception
3036,2025-02-04,08:59,Clock In,No Exception
3036,2025-02-04,18:21,Clock Out,No Exception
3036,2025-02-05,06:33,Clock In,No Exception
3036,2025-02-05,15:28,Clock Out,No Exception
3036,2025-02-06,07:12,Clock In,No Exception
3036,2025-02-06,15:29,Clock Out,No Exception
3036,2025-02-07,06:46,Clock In,No Exception
3036,2025-02-07,15:40,Clock Out,No Exception
3036,2025-02-10,06:09,Clock In,No Exception
3036,2025-02-10,15:49,Clock Out,No Exception
3036,2025-02-11,08:52,Clock In,No Exception
3036,2025-02-11,17:14,Clock Out,No Exception
3036,2025-02-12,08:05,Clock In,No Exception
3036,2025-02-12,17:38,Clock Out,No Exception
3036,2025-02-13,06:07,Clock In,No Exception
3036,2025-02-13,16:03,Clock Out,No Exception
3036,2025-02-14,06:27,Clock In,No Exception
3036,2025-02-14,15:27,Clock Out,No Exception
3036,2025-02-17,06:36,Clock In,No Exception
3036,2025-02-17,14:19,Clock Out,No Exception
3036,2025-02-18,07:31,Clock In,No Exception
3036,2025-02-18,15:41,Clock Out,No Exception
3036,2025-02-19,07:02,Clock In,No Exception
3036,2025-02-19,16:16,Clock Out,No Exception
3036,2025-02-20,07:38,Clock In,No Exception
3036,2025-02-20,16:19,Clock Out,No Exception
3036,2025-02-21,06:33,Clock In,No Exception
3036,2025-02-21,14:51,Clock Out,No Exception
3036,2025-02-22,08:59,Clock In,No Exception
3036,2025-02-22,18:16,Clock Out,No Exception
3036,2025-02-24,07:50,Clock In,No Exception
3036,2025-02-24,15:44,Clock Out,No Exception
3036,2025-02-25,06:05,Clock In,No Exception
3036,2025-02-25,14:32,Clock Out,No Exception
3036,2025-02-26,06:54,Clock In,No Exception
3036,2025-02-26,16:33,Clock Out,No Exception
3036,2025-02-27,06:57,Clock In,No Exception
3036,2025-02-27,16:28,Clock Out,No Exception
3036,2025-02-28,07:29,Clock In,No Exception
3036,2025-02-28,14:59,Clock Out,No Exception
2027,2025-01-01,09:20,Clock In,No Exception
2027,2025-01-01,17:40,Clock Out,No Exception
2027,2025-01-02,08:38,Clock In,No Exception
2027,2025-01-02,17:27,Clock Out,No Exception
2027,2025-01-03,09:14,Clock In,No Exception
2027,2025-01-03,17:09,Clock Out,No Exception
2027,2025-01-05,07:44,Clock In,No Exception
2027,2025-01-05,16:59,Clock Out,No Exception
2027,2025-01-06,09:11,Clock In,No Exception
2027,2025-01-06,18:25,Clock Out,No Exception
2027,2025-01-07,07:35,Clock In,No Exception
2027,2025-01-07,15:36,Clock Out,No Exception
2027,2025-01-08,07:18,Clock In,No Exception
2027,2025-01-08,16:32,Clock Out,No Exception
2027,2025-01-09,07:45,Clock In,No Exception
2027,2025-01-09,16:27,Clock Out,No Exception
2027,2025-01-10,08:47,Clock In,No Exception
2027,2025-01-10,17:14,Clock Out,No Exception
2027,2025-01-13,07:22,Clock In,No Exception
2027,2025-01-13,15:50,Clock Out,No Exception
2027,2025-01-14,09:51,Clock In,No Exception
2027,2025-01-14,18:56,Clock Out,No Exception
2027,2025-01-15,07:35,Clock In,No Exception
2027,2025-01-15,16:06,Clock Out,No Exception
2027,2025-01-16,09:05,Clock In,No Exception
2027,2025-01-16,18:49,Clock Out,No Exception
2027,2025-01-17,09:19,Clock In,No Exception
2027,2025-01-17,18:58,Clock Out,No Exception
2027,2025-01-20,09:35,Clock In,No Exception
2027,2025-01-20,18:40,Clock Out,No Exception
2027,2025-01-21,06:20,Clock In,No Exception
2027,2025-01-21,16:07,Clock Out,No Exception
2027,2025-01-22,09:47,Clock In,No Exception
2027,2025-01-22,19:33,Clock Out,No Exception
2027,2025-01-23,09:37,Clock In,No Exception
2027,2025-01-23,18:28,Clock Out,No Exception
2027,2025-01-24,06:25,Clock In,No Exception
2027,2025-01-24,16:25,Clock Out,No Exception
2027,2025-01-25,08:16,Clock In,No Exception
2027,2025-01-25,17:47,Clock Out,No Exception
2027,2025-01-27,07:36,Clock In,No Exception
2027,2025-01-27,17:00,Clock Out,No Exception
2027,2025-01-28,07:12,Clock In,No Exception
2027,2025-01-28,15:54,Clock Out,No Exception
2027,2025-01-29,08:04,Clock In,No Exception
2027,2025-01-29,17:17,Clock Out,No Exception
2027,2025-01-30,06:07,Clock In,No Exception
2027,2025-01-30,14:38,Clock Out,No Exception
2027,2025-01-31,06:59,Clock In,No Exception
2027,2025-01-31,14:44,Clock Out,No Exception
2027,2025-02-03,09:29,Clock In,No Exception
2027,2025-02-03,18:46,Clock Out,No Exception
2027,2025-02-04,09:47,Clock In,No Exception
2027,2025-02-04,19:35,Clock Out,No Exception
2027,2025-02-05,09:00,Clock In,No Exception
2027,2025-02-05,17:16,Clock Out,No Exception
2027,2025-02-06,07:00,Clock In,No Exception
2027,2025-02-06,15:25,Clock Out,No Exception
2027,2025-02-07,09:09,Clock In,No Exception
2027,2025-02-07,17:21,Clock Out,No Exception
2027,2025-02-10,06:50,Clock In,No Exception
2027,2025-02-10,15:32,Clock Out,No Exception
2027,2025-02-11,08:18,Clock In,No Exception
2027,2025-02-11,17:26,Clock Out,No Exception
2027,2025-02-12,09:15,Clock In,No Exception
2027,2025-02-12,18:14,Clock Out,No Exception
2027,2025-02-13,06:32,Clock In,No Exception
2027,2025-02-13,16:22,Clock Out,No Exception
2027,2025-02-14,06:31,Clock In,No Exception
2027,2025-02-14,14:20,Clock Out,No Exception
2027,2025-02-17,07:53,Clock In,No Exception
2027,2025-02-17,17:50,Clock Out,No Exception
2027,2025-02-18,07:24,Clock In,No Exception
2027,2025-02-18,15:06,Clock Out,No Exception
2027,2025-02-19,09:28,Clock In,No Exception
2027,2025-02-19,18:07,Clock Out,No Exception
2027,2025-02-20,06:44,Clock In,No Exception
2027,2025-02-20,15:52,Clock Out,No Exception
2027,2025-02-21,09:48,Clock In,No Exception
2027,2025-02-21,18:04,Clock Out,No Exception
2027,2025-02-24,07:22,Clock In,No Exception
2027,2025-02-24,15:03,Clock Out,No Exception
2027,2025-02-25,09:29,Clock In,No Exception
2027,2025-02-25,18:23,Clock Out,No Exception
2027,2025-02-26,07:27,Clock In,No Exception
2027,2025-02-26,16:29,Clock Out,No Exception
2027,2025-02-27,07:55,Clock In,No Exception
2027,2025-02-27,17:26,Clock Out,No Exception
2027,2025-02-28,08:19,Clock In,No Exception
2027,2025-02-28,16:23,Clock Out,No Exception
3101,2025-01-01,08:08,Clock In,No Exception
3101,2025-01-01,16:35,Clock Out,No Exception
3101,2025-01-02,07:51,Clock In,No Exception
3101,2025-01-02,16:33,Clock Out,No Exception
3101,2025-01-03,06:36,Clock In,No Exception
3101,2025-01-03,15:15,Clock Out,No Exception
3101,2025-01-05,08:52,Clock In,No Exception
3101,2025-01-05,17:05,Clock Out,No Exception
3101,2025-01-06,09:23,Clock In,No Exception
3101,2025-01-06,19:13,Clock Out,No Exception
3101,2025-01-07,08:17,Clock In,No Exception
3101,2025-01-07,17:04,Clock Out,No Exception
3101,2025-01-08,07:04,Clock In,No Exception
3101,2025-01-08,14:35,Clock Out,No Exception
3101,2025-01-09,06:29,Clock In,No Exception
3101,2025-01-09,15:50,Clock Out,No Exception
3101,2025-01-10,06:54,Clock In,No Exception
3101,2025-01-10,16:00,Clock Out,No Exception
3101,2025-01-12,08:08,Clock In,No Exception
3101,2025-01-12,15:45,Clock Out,No Exception
3101,2025-01-13,06:56,Clock In,No Exception
3101,2025-01-13,16:51,Clock Out,No Exception
3101,2025-01-14,08:51,Clock In,No Exception
3101,2025-01-14,17:06,Clock Out,No Exception
3101,2025-01-15,07:51,Clock In,No Exception
3101,2025-01-15,16:14,Clock Out,No Exception
3101,2025-01-16,06:32,Clock In,No Exception
3101,2025-01-16,15:19,Clock Out,No Exception
3101,2025-01-17,09:32,Clock In,No Exception
3101,2025-01-17,18:51,Clock Out,No Exception
3101,2025-01-20,07:14,Clock In,No Exception
3101,2025-01-20,16:36,Clock Out,No Exception
3101,2025-01-21,07:37,Clock In,No Exception
3101,2025-01-21,16:40,Clock Out,No Exception
3101,2025-01-22,09:53,Clock In,No Exception
3101,2025-01-22,19:41,Clock Out,No Exception
3101,2025-01-23,09:44,Clock In,No Exception
3101,2025-01-23,19:26,Clock Out,No Exception
3101,2025-01-24,06:35,Clock In,No Exception
3101,2025-01-24,15:57,Clock Out,No Exception
3101,2025-01-26,07:40,Clock In,No Exception
3101,2025-01-26,16:21,Clock Out,No Exception
3101,2025-01-27,08:21,Clock In,No Exception
3101,2025-01-27,18:15,Clock Out,No Exception
3101,2025-01-28,06:04,Clock In,No Exception
3101,2025-01-28,15:27,Clock Out,No Exception
3101,2025-01-29,06:14,Clock In,No Exception
3101,2025-01-29,14:20,Clock Out,No Exception
3101,2025-01-30,08:28,Clock In,No Exception
3101,2025-01-30,17:28,Clock Out,No Exception
3101,2025-01-31,09:51,Clock In,No Exception
3101,2025-01-31,17:48,Clock Out,No Exception
3101,2025-02-03,06:17,Clock In,No Exception
3101,2025-02-03,15:23,Clock Out,No Exception
3101,2025-02-04,09:35,Clock In,No Exception
3101,2025-02-04,19:03,Clock Out,No Exception
3101,2025-02-05,06:53,Clock In,No Exception
3101,2025-02-05,15:35,Clock Out,No Exception
3101,2025-02-06,06:13,Clock In,No Exception
3101,2025-02-06,15:53,Clock Out,No Exception
3101,2025-02-07,07:25,Clock In,No Exception
3101,2025-02-07,16:22,Clock Out,No Exception
3101,2025-02-10,09:45,Clock In,No Exception
3101,2025-02-10,18:50,Clock Out,No Exception
3101,2025-02-11,06:46,Clock In,No Exception
3101,2025-02-11,16:06,Clock Out,No Exception
3101,2025-02-12,08:24,Clock In,No Exception
3101,2025-02-12,18:05,Clock Out,No Exception
3101,2025-02-13,06:19,Clock In,No Exception
3101,2025-02-13,14:16,Clock Out,No Exception
3101,2025-02-14,07:29,Clock In,No Exception
3101,2025-02-14,16:04,Clock Out,No Exception
3101,2025-02-15,09:57,Clock In,No Exception
3101,2025-02-15,18:08,Clock Out,No Exception
3101,2025-02-16,07:44,Clock In,No Exception
3101,2025-02-16,15:24,Clock Out,No Exception
3101,2025-02-17,09:11,Clock In,No Exception
3101,2025-02-17,18:43,Clock Out,No Exception
3101,2025-02-18,09:03,Clock In,No Exception
3101,2025-02-18,17:26,Clock Out,No Exception
3101,2025-02-19,07:09,Clock In,No Exception
3101,2025-02-19,16:35,Clock Out,No Exception
3101,2025-02-20,09:52,Clock In,No Exception
3101,2025-02-20,18:55,Clock Out,No Exception
3101,2025-02-21,06:04,Clock In,No Exception
3101,2025-02-21,13:52,Clock Out,No Exception
3101,2025-02-24,09:03,Clock In,No Exception
3101,2025-02-24,17:23,Clock Out,No Exception
3101,2025-02-25,09:29,Clock In,No Exception
3101,2025-02-25,19:26,Clock Out,No Exception
3101,2025-02-26,06:26,Clock In,No Exception
3101,2025-02-26,15:26,Clock Out,No Exception
3101,2025-02-27,09:00,Clock In,No Exception
3101,2025-02-27,17:43,Clock Out,No Exception
3101,2025-02-28,08:11,Clock In,No Exception
3101,2025-02-28,16:41,Clock Out,No Exception
2048,2025-01-01,06:49,Clock In,No Exception
2048,2025-01-01,14:34,Clock Out,No Exception
2048,2025-01-02,06:58,Clock In,No Exception
2048,2025-01-02,14:38,Clock Out,No Exception
2048,2025-01-03,09:52,Clock In,No Exception
2048,2025-01-03,18:20,Clock Out,No Exception
2048,2025-01-05,07:33,Clock In,No Exception
2048,2025-01-05,16:28,Clock Out,No Exception
2048,2025-01-06,06:21,Clock In,No Exception
2048,2025-01-06,15:00,Clock Out,No Exception
2048,2025-01-07,07:33,Clock In,No Exception
2048,2025-01-07,17:17,Clock Out,No Exception
2048,2025-01-08,08:54,Clock In,No Exception
2048,2025-01-08,16:35,Clock Out,No Exception
2048,2025-01-09,09:17,Clock In,No Exception
2048,2025-01-09,18:31,Clock Out,No Exception
2048,2025-01-10,07:39,Clock In,No Exception
2048,2025-01-10,17:36,Clock Out,No Exception
2048,2025-01-13,08:46,Clock In,No Exception
2048,2025-01-13,16:38,Clock Out,No Exception
2048,2025-01-14,06:49,Clock In,No Exception
2048,2025-01-14,14:22,Clock Out,No Exception
2048,2025-01-15,06:51,Clock In,No Exception
2048,2025-01-15,15:07,Clock Out,No Exception
2048,2025-01-16,07:11,Clock In,No Exception
2048,2025-01-16,15:18,Clock Out,No Exception
2048,2025-01-17,07:33,Clock In,No Exception
2048,2025-01-17,15:34,Clock Out,No Exception
2048,2025-01-19,08:00,Clock In,No Exception
2048,2025-01-19,15:45,Clock Out,No Exception
2048,2025-01-20,09:40,Clock In,No Exception
2048,2025-01-20,17:24,Clock Out,No Exception
2048,2025-01-21,06:38,Clock In,No Exception
2048,2025-01-21,16:03,Clock Out,No Exception
2048,2025-01-22,06:22,Clock In,No Exception
2048,2025-01-22,15:15,Clock Out,No Exception
2048,2025-01-23,06:51,Clock In,No Exception
2048,2025-01-23,15:52,Clock Out,No Exception
2048,2025-01-24,06:44,Clock In,No Exception
2048,2025-01-24,14:22,Clock Out,No Exception
2048,2025-01-27,09:02,Clock In,No Exception
2048,2025-01-27,18:48,Clock Out,No Exception
2048,2025-01-28,08:47,Clock In,No Exception
2048,2025-01-28,18:31,Clock Out,No Exception
2048,2025-01-29,08:39,Clock In,No Exception
2048,2025-01-29,17:09,Clock Out,No Exception
2048,2025-01-30,08:24,Clock In,No Exception
2048,2025-01-30,17:55,Clock Out,No Exception
2048,2025-01-31,06:09,Clock In,No Exception
2048,2025-01-31,16:07,Clock Out,No Exception
2048,2025-02-02,08:52,Clock In,No Exception
2048,2025-02-02,18:37,Clock Out,No Exception
2048,2025-02-03,06:15,Clock In,No Exception
2048,2025-02-03,15:45,Clock Out,No Exception
2048,2025-02-04,07:08,Clock In,No Exception
2048,2025-02-04,16:58,Clock Out,No Exception
2048,2025-02-05,08:18,Clock In,No Exception
2048,2025-02-05,17:07,Clock Out,No Exception
2048,2025-02-06,06:14,Clock In,No Exception
2048,2025-02-06,16:04,Clock Out,No Exception
2048,2025-02-07,09:15,Clock In,No Exception
2048,2025-02-07,18:25,Clock Out,No Exception
2048,2025-02-10,07:47,Clock In,No Exception
2048,2025-02-10,17:47,Clock Out,No Exception
2048,2025-02-11,06:59,Clock In,No Exception
2048,2025-02-11,15:05,Clock Out,No Exception
2048,2025-02-12,09:08,Clock In,No Exception
2048,2025-02-12,18:49,Clock Out,No Exception
2048,2025-02-13,09:53,Clock In,No Exception
2048,2025-02-13,18:19,Clock Out,No Exception
2048,2025-02-14,08:54,Clock In,No Exception
2048,2025-02-14,17:38,Clock Out,No Exception
2048,2025-02-17,06:05,Clock In,No Exception
2048,2025-02-17,13:45,Clock Out,No Exception
2048,2025-02-18,06:15,Clock In,No Exception
2048,2025-02-18,15:20,Clock Out,No Exception
2048,2025-02-19,07:09,Clock In,No Exception
2048,2025-02-19,16:13,Clock Out,No Exception
2048,2025-02-20,07:02,Clock In,No Exception
2048,2025-02-20,14:41,Clock Out,No Exception
2048,2025-02-21,06:13,Clock In,No Exception
2048,2025-02-21,15:46,Clock Out,No Exception
2048,2025-02-24,06:23,Clock In,No Exception
2048,2025-02-24,15:27,Clock Out,No Exception
2048,2025-02-25,06:51,Clock In,No Exception
2048,2025-02-25,15:14,Clock Out,No Exception
2048,2025-02-26,06:39,Clock In,No Exception
2048,2025-02-26,15:55,Clock Out,No Exception
2048,2025-02-27,07:36,Clock In,No Exception
2048,2025-02-27,16:26,Clock Out,No Exception
2048,2025-02-28,06:20,Clock In,No Exception
2048,2025-02-28,14:01,Clock Out,No Exception
2665,2025-01-01,09:34,Clock In,No Exception
2665,2025-01-01,19:25,Clock Out,No Exception
2665,2025-01-02,06:18,Clock In,No Exception
2665,2025-01-02,15:55,Clock Out,No Exception
2665,2025-01-03,06:14,Clock In,No Exception
2665,2025-01-03,14:39,Clock Out,No Exception
2665,2025-01-06,09:05,Clock In,No Exception
2665,2025-01-06,17:24,Clock Out,No Exception
2665,2025-01-07,06:06,Clock In,No Exception
2665,2025-01-07,14:42,Clock Out,No Exception
2665,2025-01-08,07:53,Clock In,No Exception
2665,2025-01-08,15:49,Clock Out,No Exception
2665,2025-01-09,06:47,Clock In,No Exception
2665,2025-01-09,14:29,Clock Out,No Exception
2665,2025-01-10,06:01,Clock In,No Exception
2665,2025-01-10,14:14,Clock Out,No Exception
2665,2025-01-13,08:17,Clock In,No Exception
2665,2025-01-13,17:06,Clock Out,No Exception
2665,2025-01-14,08:34,Clock In,No Exception
2665,2025-01-14,17:44,Clock Out,No Exception
2665,2025-01-15,09:43,Clock In,No Exception
2665,2025-01-15,19:26,Clock Out,No Exception
2665,2025-01-16,07:28,Clock In,No Exception
2665,2025-01-16,16:01,Clock Out,No Exception
2665,2025-01-17,09:36,Clock In,No Exception
2665,2025-01-17,19:15,Clock Out,No Exception
2665,2025-01-18,07:12,Clock In,No Exception
2665,2025-01-18,15:51,Clock Out,No Exception
2665,2025-01-20,07:17,Clock In,No Exception
2665,2025-01-20,15:56,Clock Out,No Exception
2665,2025-01-21,09:54,Clock In,No Exception
2665,2025-01-21,18:44,Clock Out,No Exception
2665,2025-01-22,07:08,Clock In,No Exception
2665,2025-01-22,16:54,Clock Out,No Exception
2665,2025-01-23,08:15,Clock In,No Exception
2665,2025-01-23,17:55,Clock Out,No Exception
2665,2025-01-24,08:08,Clock In,No Exception
2665,2025-01-24,16:58,Clock Out,No Exception
2665,2025-01-27,09:05,Clock In,No Exception
2665,2025-01-27,18:54,Clock Out,No Exception
2665,2025-01-28,08:34,Clock In,No Exception
2665,2025-01-28,16:51,Clock Out,No Exception
2665,2025-01-29,06:57,Clock In,No Exception
2665,2025-01-29,16:43,Clock Out,No Exception
2665,2025-01-30,08:02,Clock In,No Exception
2665,2025-01-30,17:41,Clock Out,No Exception
2665,2025-01-31,08:32,Clock In,No Exception
2665,2025-01-31,17:26,Clock Out,No Exception
2665,2025-02-03,08:28,Clock In,No Exception
2665,2025-02-03,16:09,Clock Out,No Exception
2665,2025-02-04,08:38,Clock In,No Exception
2665,2025-02-04,17:50,Clock Out,No Exception
2665,2025-02-05,08:02,Clock In,No Exception
2665,2025-02-05,17:29,Clock Out,No Exception
2665,2025-02-06,08:52,Clock In,No Exception
2665,2025-02-06,18:08,Clock Out,No Exception
2665,2025-02-07,09:30,Clock In,No Exception
2665,2025-02-07,19:18,Clock Out,No Exception
2665,2025-02-08,06:29,Clock In,No Exception
2665,2025-02-08,15:22,Clock Out,No Exception
2665,2025-02-10,07:47,Clock In,No Exception
2665,2025-02-10,17:46,Clock Out,No Exception
2665,2025-02-11,07:50,Clock In,No Exception
2665,2025-02-11,16:19,Clock Out,No Exception
2665,2025-02-12,06:29,Clock In,No Exception
2665,2025-02-12,15:31,Clock Out,No Exception
2665,2025-02-13,09:34,Clock In,No Exception
2665,2025-02-13,18:15,Clock Out,No Exception
2665,2025-02-14,09:45,Clock In,No Exception
2665,2025-02-14,17:36,Clock Out,No Exception
2665,2025-02-17,08:27,Clock In,No Exception
2665,2025-02-17,18:13,Clock Out,No Exception
2665,2025-02-18,09:03,Clock In,No Exception
2665,2025-02-18,17:15,Clock Out,No Exception
2665,2025-02-19,06:21,Clock In,No Exception
2665,2025-02-19,15:08,Clock Out,No Exception
2665,2025-02-20,06:26,Clock In,No Exception
2665,2025-02-20,14:34,Clock Out,No Exception
2665,2025-02-21,08:44,Clock In,No Exception
2665,2025-02-21,17:40,Clock Out,No Exception
2665,2025-02-23,06:09,Clock In,No Exception
2665,2025-02-23,14:26,Clock Out,No Exception
2665,2025-02-24,07:59,Clock In,No Exception
2665,2025-02-24,16:44,Clock Out,No Exception
2665,2025-02-25,06:48,Clock In,No Exception
2665,2025-02-25,16:25,Clock Out,No Exception
2665,2025-02-26,07:27,Clock In,No Exception
2665,2025-02-26,15:15,Clock Out,No Exception
2665,2025-02-27,08:22,Clock In,No Exception
2665,2025-02-27,15:58,Clock Out,No Exception
2665,2025-02-28,06:08,Clock In,No Exception
2665,2025-02-28,14:47,Clock Out,No Exception
3721,2025-01-01,07:23,Clock In,No Exception
3721,2025-01-01,16:14,Clock Out,No Exception
3721,2025-01-02,06:03,Clock In,No Exception
3721,2025-01-02,14:42,Clock Out,No Exception
3721,2025-01-03,09:09,Clock In,No Exception
3721,2025-01-03,17:13,Clock Out,No Exception
3721,2025-01-06,07:06,Clock In,No Exception
3721,2025-01-06,16:50,Clock Out,No Exception
3721,2025-01-07,08:27,Clock In,No Exception
3721,2025-01-07,16:47,Clock Out,No Exception
3721,2025-01-08,06:08,Clock In,No Exception
3721,2025-01-08,14:35,Clock Out,No Exception
3721,2025-01-09,08:44,Clock In,No Exception
3721,2025-01-09,17:20,Clock Out,No Exception
3721,2025-01-10,06:44,Clock In,No Exception
3721,2025-01-10,15:41,Clock Out,No Exception
3721,2025-01-13,09:11,Clock In,No Exception
3721,2025-01-13,18:16,Clock Out,No Exception
3721,2025-01-14,06:30,Clock In,No Exception
3721,2025-01-14,15:20,Clock Out,No Exception
3721,2025-01-15,09:01,Clock In,No Exception
3721,2025-01-15,18:28,Clock Out,No Exception
3721,2025-01-16,07:38,Clock In,No Exception
3721,2025-01-16,15:43,Clock Out,No Exception
3721,2025-01-17,07:01,Clock In,No Exception
3721,2025-01-17,14:55,Clock Out,No Exception
3721,2025-01-20,09:40,Clock In,No Exception
3721,2025-01-20,18:22,Clock Out,No Exception
3721,2025-01-21,08:07,Clock In,No Exception
3721,2025-01-21,17:06,Clock Out,No Exception
3721,2025-01-22,06:56,Clock In,No Exception
3721,2025-01-22,16:08,Clock Out,No Exception
3721,2025-01-23,09:14,Clock In,No Exception
3721,2025-01-23,17:35,Clock Out,No Exception
3721,2025-01-24,06:02,Clock In,No Exception
3721,2025-01-24,15:59,Clock Out,No Exception
3721,2025-01-27,07:36,Clock In,No Exception
3721,2025-01-27,17:35,Clock Out,No Exception
3721,2025-01-28,07:29,Clock In,No Exception
3721,2025-01-28,17:09,Clock Out,No Exception
3721,2025-01-29,07:27,Clock In,No Exception
3721,2025-01-29,15:03,Clock Out,No Exception
3721,2025-01-30,07:48,Clock In,No Exception
3721,2025-01-30,17:09,Clock Out,No Exception
3721,2025-01-31,07:39,Clock In,No Exception
3721,2025-01-31,15:29,Clock Out,No Exception
3721,2025-02-03,07:53,Clock In,No Exception
3721,2025-02-03,16:42,Clock Out,No Exception
3721,2025-02-04,06:41,Clock In,No Exception
3721,2025-02-04,15:33,Clock Out,No Exception
3721,2025-02-05,09:01,Clock In,No Exception
3721,2025-02-05,18:25,Clock Out,No Exception
3721,2025-02-06,06:19,Clock In,No Exception
3721,2025-02-06,16:06,Clock Out,No Exception
3721,2025-02-07,07:30,Clock In,No Exception
3721,2025-02-07,17:08,Clock Out,No Exception
3721,2025-02-10,06:51,Clock In,No Exception
3721,2025-02-10,16:21,Clock Out,No Exception
3721,2025-02-11,07:18,Clock In,No Exception
3721,2025-02-11,16:44,Clock Out,No Exception
3721,2025-02-12,09:10,Clock In,No Exception
3721,2025-02-12,16:41,Clock Out,No Exception
3721,2025-02-13,07:21,Clock In,No Exception
3721,2025-02-13,16:59,Clock Out,No Exception
3721,2025-02-14,07:28,Clock In,No Exception
3721,2025-02-14,15:39,Clock Out,No Exception
3721,2025-02-15,08:20,Clock In,No Exception
3721,2025-02-15,16:19,Clock Out,No Exception
3721,2025-02-17,07:33,Clock In,No Exception
3721,2025-02-17,17:23,Clock Out,No Exception
3721,2025-02-18,08:43,Clock In,No Exception
3721,2025-02-18,18:15,Clock Out,No Exception
3721,2025-02-19,09:07,Clock In,No Exception
3721,2025-02-19,16:38,Clock Out,No Exception
3721,2025-02-20,06:28,Clock In,No Exception
3721,2025-02-20,14:11,Clock Out,No Exception
3721,2025-02-21,08:53,Clock In,No Exception
3721,2025-02-21,17:06,Clock Out,No Exception
3721,2025-02-24,08:55,Clock In,No Exception
3721,2025-02-24,17:02,Clock Out,No Exception
3721,2025-02-25,07:10,Clock In,No Exception
3721,2025-02-25,15:15,Clock Out,No Exception
3721,2025-02-26,08:54,Clock In,No Exception
3721,2025-02-26,16:53,Clock Out,No Exception
3721,2025-02-27,07:11,Clock In,No Exception
3721,2025-02-27,17:00,Clock Out,No Exception
3721,2025-02-28,08:25,Clock In,No Exception
3721,2025-02-28,16:50,Clock Out,No Exception
2674,2025-01-01,09:09,Clock In,No Exception
2674,2025-01-01,18:59,Clock Out,No Exception
2674,2025-01-02,07:08,Clock In,No Exception
2674,2025-01-02,14:49,Clock Out,No Exception
2674,2025-01-03,06:13,Clock In,No Exception
2674,2025-01-03,14:50,Clock Out,No Exception
2674,2025-01-06,06:50,Clock In,No Exception
2674,2025-01-06,14:59,Clock Out,No Exception
2674,2025-01-07,08:54,Clock In,No Exception
2674,2025-01-07,16:35,Clock Out,No Exception
2674,2025-01-08,07:57,Clock In,No Exception
2674,2025-01-08,15:30,Clock Out,No Exception
2674,2025-01-09,07:21,Clock In,No Exception
2674,2025-01-09,16:45,Clock Out,No Exception
2674,2025-01-10,07:40,Clock In,No Exception
2674,2025-01-10,15:27,Clock Out,No Exception
2674,2025-01-13,08:18,Clock In,No Exception
2674,2025-01-13,16:04,Clock Out,No Exception
2674,2025-01-14,08:28,Clock In,No Exception
2674,2025-01-14,17:08,Clock Out,No Exception
2674,2025-01-15,08:20,Clock In,No Exception
2674,2025-01-15,16:45,Clock Out,No Exception
2674,2025-01-16,06:17,Clock In,No Exception
2674,2025-01-16,13:57,Clock Out,No Exception
2674,2025-01-17,09:55,Clock In,No Exception
2674,2025-01-17,18:55,Clock Out,No Exception
2674,2025-01-18,06:04,Clock In,No Exception
2674,2025-01-18,13:59,Clock Out,No Exception
2674,2025-01-19,07:31,Clock In,No Exception
2674,2025-01-19,15:23,Clock Out,No Exception
2674,2025-01-20,06:47,Clock In,No Exception
2674,2025-01-20,16:21,Clock Out,No Exception
2674,2025-01-21,08:00,Clock In,No Exception
2674,2025-01-21,15:46,Clock Out,No Exception
2674,2025-01-22,07:43,Clock In,No Exception
2674,2025-01-22,15:30,Clock Out,No Exception
2674,2025-01-23,07:02,Clock In,No Exception
2674,2025-01-23,16:37,Clock Out,No Exception
2674,2025-01-24,08:45,Clock In,No Exception
2674,2025-01-24,16:54,Clock Out,No Exception
2674,2025-01-26,09:25,Clock In,No Exception
2674,2025-01-26,18:41,Clock Out,No Exception
2674,2025-01-27,06:55,Clock In,No Exception
2674,2025-01-27,16:45,Clock Out,No Exception
2674,2025-01-28,09:25,Clock In,No Exception
2674,2025-01-28,18:44,Clock Out,No Exception
2674,2025-01-29,08:27,Clock In,No Exception
2674,2025-01-29,16:43,Clock Out,No Exception
2674,2025-01-30,08:26,Clock In,No Exception
2674,2025-01-30,16:25,Clock Out,No Exception
2674,2025-01-31,08:53,Clock In,No Exception
2674,2025-01-31,16:45,Clock Out,No Exception
2674,2025-02-03,07:07,Clock In,No Exception
2674,2025-02-03,15:32,Clock Out,No Exception
2674,2025-02-04,07:42,Clock In,No Exception
2674,2025-02-04,17:04,Clock Out,No Exception
2674,2025-02-05,08:18,Clock In,No Exception
2674,2025-02-05,16:11,Clock Out,No Exception
2674,2025-02-06,08:42,Clock In,No Exception
2674,2025-02-06,18:26,Clock Out,No Exception
2674,2025-02-07,08:57,Clock In,No Exception
2674,2025-02-07,18:25,Clock Out,No Exception
2674,2025-02-08,07:53,Clock In,No Exception
2674,2025-02-08,17:38,Clock Out,No Exception
2674,2025-02-10,08:59,Clock In,No Exception
2674,2025-02-10,17:06,Clock Out,No Exception
2674,2025-02-11,06:39,Clock In,No Exception
2674,2025-02-11,16:04,Clock Out,No Exception
2674,2025-02-12,08:48,Clock In,No Exception
2674,2025-02-12,16:47,Clock Out,No Exception
2674,2025-02-13,07:36,Clock In,No Exception
2674,2025-02-13,15:26,Clock Out,No Exception
2674,2025-02-14,06:39,Clock In,No Exception
2674,2025-02-14,14:53,Clock Out,No Exception
2674,2025-02-17,07:00,Clock In,No Exception
2674,2025-02-17,15:30,Clock Out,No Exception
2674,2025-02-18,08:22,Clock In,No Exception
2674,2025-02-18,18:19,Clock Out,No Exception
2674,2025-02-19,09:23,Clock In,No Exception
2674,2025-02-19,17:43,Clock Out,No Exception
2674,2025-02-20,08:02,Clock In,No Exception
2674,2025-02-20,15:39,Clock Out,No Exception
2674,2025-02-21,08:37,Clock In,No Exception
2674,2025-02-21,18:20,Clock Out,No Exception
2674,2025-02-22,06:36,Clock In,No Exception
2674,2025-02-22,15:22,Clock Out,No Exception
2674,2025-02-24,06:59,Clock In,No Exception
2674,2025-02-24,16:28,Clock Out,No Exception
2674,2025-02-25,09:43,Clock In,No Exception
2674,2025-02-25,19:19,Clock Out,No Exception
2674,2025-02-26,06:10,Clock In,No Exception
2674,2025-02-26,14:11,Clock Out,No Exception
2674,2025-02-27,06:50,Clock In,No Exception
2674,2025-02-27,15:18,Clock Out,No Exception
2674,2025-02-28,08:36,Clock In,No Exception
2674,2025-02-28,18:34,Clock Out,No Exception
1974,2025-01-01,08:57,Clock In,No Exception
1974,2025-01-01,16:37,Clock Out,No Exception
1974,2025-01-02,07:01,Clock In,No Exception
1974,2025-01-02,16:15,Clock Out,No Exception
1974,2025-01-03,06:49,Clock In,No Exception
1974,2025-01-03,14:55,Clock Out,No Exception
1974,2025-01-06,06:14,Clock In,No Exception
1974,2025-01-06,15:13,Clock Out,No Exception
1974,2025-01-07,07:24,Clock In,No Exception
1974,2025-01-07,15:58,Clock Out,No Exception
1974,2025-01-08,07:34,Clock In,No Exception
1974,2025-01-08,15:30,Clock Out,No Exception
1974,2025-01-09,06:24,Clock In,No Exception
1974,2025-01-09,15:52,Clock Out,No Exception
1974,2025-01-10,09:34,Clock In,No Exception
1974,2025-01-10,17:18,Clock Out,No Exception
1974,2025-01-13,08:40,Clock In,No Exception
1974,2025-01-13,18:29,Clock Out,No Exception
1974,2025-01-14,07:52,Clock In,No Exception
1974,2025-01-14,16:01,Clock Out,No Exception
1974,2025-01-15,08:08,Clock In,No Exception
1974,2025-01-15,17:08,Clock Out,No Exception
1974,2025-01-16,08:43,Clock In,No Exception
1974,2025-01-16,16:54,Clock Out,No Exception
1974,2025-01-17,08:49,Clock In,No Exception
1974,2025-01-17,18:22,Clock Out,No Exception
1974,2025-01-18,07:03,Clock In,No Exception
1974,2025-01-18,15:53,Clock Out,No Exception
1974,2025-01-20,06:27,Clock In,No Exception
1974,2025-01-20,14:25,Clock Out,No Exception
1974,2025-01-21,06:04,Clock In,No Exception
1974,2025-01-21,14:07,Clock Out,No Exception
1974,2025-01-22,06:49,Clock In,No Exception
1974,2025-01-22,14:19,Clock Out,No Exception
1974,2025-01-23,08:40,Clock In,No Exception
1974,2025-01-23,17:16,Clock Out,No Exception
1974,2025-01-24,09:54,Clock In,No Exception
1974,2025-01-24,18:08,Clock Out,No Exception
1974,2025-01-27,07:39,Clock In,No Exception
1974,2025-01-27,16:59,Clock Out,No Exception
1974,2025-01-28,07:50,Clock In,No Exception
1974,2025-01-28,16:26,Clock Out,No Exception
1974,2025-01-29,06:52,Clock In,No Exception
1974,2025-01-29,15:38,Clock Out,No Exception
1974,2025-01-30,06:27,Clock In,No Exception
1974,2025-01-30,16:10,Clock Out,No Exception
1974,2025-01-31,07:34,Clock In,No Exception
1974,2025-01-31,17:29,Clock Out,No Exception
1974,2025-02-02,06:35,Clock In,No Exception
1974,2025-02-02,14:24,Clock Out,No Exception
1974,2025-02-03,08:24,Clock In,No Exception
1974,2025-02-03,18:13,Clock Out,No Exception
1974,2025-02-04,06:13,Clock In,No Exception
1974,2025-02-04,14:06,Clock Out,No Exception
1974,2025-02-05,07:59,Clock In,No Exception
1974,2025-02-05,15:54,Clock Out,No Exception
1974,2025-02-06,08:24,Clock In,No Exception
1974,2025-02-06,17:35,Clock Out,No Exception
1974,2025-02-07,08:57,Clock In,No Exception
1974,2025-02-07,16:44,Clock Out,No Exception
1974,2025-02-08,09:43,Clock In,No Exception
1974,2025-02-08,19:05,Clock Out,No Exception
1974,2025-02-10,09:49,Clock In,No Exception
1974,2025-02-10,19:37,Clock Out,No Exception
1974,2025-02-11,07:09,Clock In,No Exception
1974,2025-02-11,16:10,Clock Out,No Exception
1974,2025-02-12,08:54,Clock In,No Exception
1974,2025-02-12,16:28,Clock Out,No Exception
1974,2025-02-13,07:27,Clock In,No Exception
1974,2025-02-13,17:19,Clock Out,No Exception
1974,2025-02-14,08:55,Clock In,No Exception
1974,2025-02-14,17:32,Clock Out,No Exception
1974,2025-02-17,06:16,Clock In,No Exception
1974,2025-02-17,15:56,Clock Out,No Exception
1974,2025-02-18,08:39,Clock In,No Exception
1974,2025-02-18,18:39,Clock Out,No Exception
1974,2025-02-19,06:29,Clock In,No Exception
1974,2025-02-19,14:21,Clock Out,No Exception
1974,2025-02-20,07:53,Clock In,No Exception
1974,2025-02-20,17:38,Clock Out,No Exception
1974,2025-02-21,06:04,Clock In,No Exception
1974,2025-02-21,14:50,Clock Out,No Exception
1974,2025-02-23,07:33,Clock In,No Exception
1974,2025-02-23,15:10,Clock Out,No Exception
1974,2025-02-24,06:39,Clock In,No Exception
1974,2025-02-24,15:47,Clock Out,No Exception
1974,2025-02-25,08:14,Clock In,No Exception
1974,2025-02-25,17:24,Clock Out,No Exception
1974,2025-02-26,07:27,Clock In,No Exception
1974,2025-02-26,16:55,Clock Out,No Exception
1974,2025-02-27,06:42,Clock In,No Exception
1974,2025-02-27,15:13,Clock Out,No Exception
1974,2025-02-28,06:15,Clock In,No Exception
1974,2025-02-28,14:30,Clock Out,No Exception
1493,2025-01-01,06:29,Clock In,No Exception
1493,2025-01-01,16:04,Clock Out,No Exception
1493,2025-01-02,08:13,Clock In,No Exception
1493,2025-01-02,16:27,Clock Out,No Exception
1493,2025-01-03,08:35,Clock In,No Exception
1493,2025-01-03,16:41,Clock Out,No Exception
1493,2025-01-05,08:42,Clock In,No Exception
1493,2025-01-05,17:05,Clock Out,No Exception
1493,2025-01-06,08:11,Clock In,No Exception
1493,2025-01-06,16:02,Clock Out,No Exception
1493,2025-01-07,09:47,Clock In,No Exception
1493,2025-01-07,19:09,Clock Out,No Exception
1493,2025-01-08,06:03,Clock In,No Exception
1493,2025-01-08,14:02,Clock Out,No Exception
1493,2025-01-09,06:39,Clock In,No Exception
1493,2025-01-09,14:17,Clock Out,No Exception
1493,2025-01-10,06:17,Clock In,No Exception
1493,2025-01-10,14:17,Clock Out,No Exception
1493,2025-01-13,09:36,Clock In,No Exception
1493,2025-01-13,18:40,Clock Out,No Exception
1493,2025-01-14,07:32,Clock In,No Exception
1493,2025-01-14,17:09,Clock Out,No Exception
1493,2025-01-15,06:12,Clock In,No Exception
1493,2025-01-15,15:02,Clock Out,No Exception
1493,2025-01-16,09:01,Clock In,No Exception
1493,2025-01-16,18:10,Clock Out,No Exception
1493,2025-01-17,08:31,Clock In,No Exception
1493,2025-01-17,17:15,Clock Out,No Exception
1493,2025-01-18,07:48,Clock In,No Exception
1493,2025-01-18,16:17,Clock Out,No Exception
1493,2025-01-20,09:36,Clock In,No Exception
1493,2025-01-20,17:53,Clock Out,No Exception
1493,2025-01-21,06:26,Clock In,No Exception
1493,2025-01-21,15:35,Clock Out,No Exception
1493,2025-01-22,09:46,Clock In,No Exception
1493,2025-01-22,17:58,Clock Out,No Exception
1493,2025-01-23,08:41,Clock In,No Exception
1493,2025-01-23,17:59,Clock Out,No Exception
1493,2025-01-24,07:03,Clock In,No Exception
1493,2025-01-24,15:15,Clock Out,No Exception
1493,2025-01-27,06:43,Clock In,No Exception
1493,2025-01-27,16:04,Clock Out,No Exception
1493,2025-01-28,08:16,Clock In,No Exception
1493,2025-01-28,16:40,Clock Out,No Exception
1493,2025-01-29,09:27,Clock In,No Exception
1493,2025-01-29,18:42,Clock Out,No Exception
1493,2025-01-30,06:10,Clock In,No Exception
1493,2025-01-30,15:29,Clock Out,No Exception
1493,2025-01-31,06:25,Clock In,No Exception
1493,2025-01-31,15:25,Clock Out,No Exception
1493,2025-02-03,06:09,Clock In,No Exception
1493,2025-02-03,15:33,Clock Out,No Exception
1493,2025-02-04,06:01,Clock In,No Exception
1493,2025-02-04,14:52,Clock Out,No Exception
1493,2025-02-05,06:45,Clock In,No Exception
1493,2025-02-05,14:35,Clock Out,No Exception
1493,2025-02-06,08:25,Clock In,No Exception
1493,2025-02-06,18:22,Clock Out,No Exception
1493,2025-02-07,06:22,Clock In,No Exception
1493,2025-02-07,15:14,Clock Out,No Exception
1493,2025-02-08,06:40,Clock In,No Exception
1493,2025-02-08,14:17,Clock Out,No Exception
1493,2025-02-10,08:39,Clock In,No Exception
1493,2025-02-10,18:21,Clock Out,No Exception
1493,2025-02-11,06:17,Clock In,No Exception
1493,2025-02-11,14:57,Clock Out,No Exception
1493,2025-02-12,09:14,Clock In,No Exception
1493,2025-02-12,18:58,Clock Out,No Exception
1493,2025-02-13,08:30,Clock In,No Exception
1493,2025-02-13,17:26,Clock Out,No Exception
1493,2025-02-14,06:31,Clock In,No Exception
1493,2025-02-14,15:29,Clock Out,No Exception
1493,2025-02-16,08:33,Clock In,No Exception
1493,2025-02-16,18:23,Clock Out,No Exception
1493,2025-02-17,07:24,Clock In,No Exception
1493,2025-02-17,16:06,Clock Out,No Exception
1493,2025-02-18,07:04,Clock In,No Exception
1493,2025-02-18,15:19,Clock Out,No Exception
1493,2025-02-19,09:13,Clock In,No Exception
1493,2025-02-19,17:41,Clock Out,No Exception
1493,2025-02-20,07:21,Clock In,No Exception
1493,2025-02-20,14:55,Clock Out,No Exception
1493,2025-02-21,06:05,Clock In,No Exception
1493,2025-02-21,15:47,Clock Out,No Exception
1493,2025-02-22,09:50,Clock In,No Exception
1493,2025-02-22,18:31,Clock Out,No Exception
1493,2025-02-24,06:44,Clock In,No Exception
1493,2025-02-24,14:25,Clock Out,No Exception
1493,2025-02-25,06:02,Clock In,No Exception
1493,2025-02-25,15:54,Clock Out,No Exception
1493,2025-02-26,07:14,Clock In,No Exception
1493,2025-02-26,14:57,Clock Out,No Exception
1493,2025-02-27,07:29,Clock In,No Exception
1493,2025-02-27,17:24,Clock Out,No Exception
1493,2025-02-28,07:55,Clock In,No Exception
1493,2025-02-28,15:36,Clock Out,No Exception
3749,2025-01-01,07:50,Clock In,No Exception
3749,2025-01-01,15:42,Clock Out,No Exception
3749,2025-01-02,08:44,Clock In,No Exception
3749,2025-01-02,16:40,Clock Out,No Exception
3749,2025-01-03,09:36,Clock In,No Exception
3749,2025-01-03,18:55,Clock Out,No Exception
3749,2025-01-05,07:39,Clock In,No Exception
3749,2025-01-05,16:29,Clock Out,No Exception
3749,2025-01-06,08:03,Clock In,No Exception
3749,2025-01-06,16:20,Clock Out,No Exception
3749,2025-01-07,07:39,Clock In,No Exception
3749,2025-01-07,15:44,Clock Out,No Exception
3749,2025-01-08,08:58,Clock In,No Exception
3749,2025-01-08,18:14,Clock Out,No Exception
3749,2025-01-09,08:53,Clock In,No Exception
3749,2025-01-09,18:33,Clock Out,No Exception
3749,2025-01-10,09:34,Clock In,No Exception
3749,2025-01-10,18:59,Clock Out,No Exception
3749,2025-01-13,07:14,Clock In,No Exception
3749,2025-01-13,16:10,Clock Out,No Exception
3749,2025-01-14,08:57,Clock In,No Exception
3749,2025-01-14,18:42,Clock Out,No Exception
3749,2025-01-15,09:28,Clock In,No Exception
3749,2025-01-15,18:00,Clock Out,No Exception
3749,2025-01-16,06:34,Clock In,No Exception
3749,2025-01-16,15:05,Clock Out,No Exception
3749,2025-01-17,06:55,Clock In,No Exception
3749,2025-01-17,15:16,Clock Out,No Exception
3749,2025-01-20,07:59,Clock In,No Exception
3749,2025-01-20,16:46,Clock Out,No Exception
3749,2025-01-21,09:37,Clock In,No Exception
3749,2025-01-21,19:28,Clock Out,No Exception
3749,2025-01-22,09:34,Clock In,No Exception
3749,2025-01-22,18:41,Clock Out,No Exception
3749,2025-01-23,06:19,Clock In,No Exception
3749,2025-01-23,15:34,Clock Out,No Exception
3749,2025-01-24,07:07,Clock In,No Exception
3749,2025-01-24,16:11,Clock Out,No Exception
3749,2025-01-26,07:21,Clock In,No Exception
3749,2025-01-26,15:52,Clock Out,No Exception
3749,2025-01-27,09:48,Clock In,No Exception
3749,2025-01-27,17:45,Clock Out,No Exception
3749,2025-01-28,08:16,Clock In,No Exception
3749,2025-01-28,16:24,Clock Out,No Exception
3749,2025-01-29,07:11,Clock In,No Exception
3749,2025-01-29,16:11,Clock Out,No Exception
3749,2025-01-30,09:01,Clock In,No Exception
3749,2025-01-30,17:33,Clock Out,No Exception
3749,2025-01-31,08:14,Clock In,No Exception
3749,2025-01-31,16:19,Clock Out,No Exception
3749,2025-02-03,07:29,Clock In,No Exception
3749,2025-02-03,15:03,Clock Out,No Exception
3749,2025-02-04,09:29,Clock In,No Exception
3749,2025-02-04,17:53,Clock Out,No Exception
3749,2025-02-05,06:18,Clock In,No Exception
3749,2025-02-05,14:25,Clock Out,No Exception
3749,2025-02-06,09:09,Clock In,No Exception
3749,2025-02-06,16:51,Clock Out,No Exception
3749,2025-02-07,09:28,Clock In,No Exception
3749,2025-02-07,17:58,Clock Out,No Exception
3749,2025-02-10,06:58,Clock In,No Exception
3749,2025-02-10,16:14,Clock Out,No Exception
3749,2025-02-11,06:17,Clock In,No Exception
3749,2025-02-11,15:59,Clock Out,No Exception
3749,2025-02-12,07:15,Clock In,No Exception
3749,2025-02-12,16:15,Clock Out,No Exception
3749,2025-02-13,08:07,Clock In,No Exception
3749,2025-02-13,15:39,Clock Out,No Exception
3749,2025-02-14,06:29,Clock In,No Exception
3749,2025-02-14,14:45,Clock Out,No Exception
3749,2025-02-15,06:51,Clock In,No Exception
3749,2025-02-15,15:39,Clock Out,No Exception
3749,2025-02-17,08:15,Clock In,No Exception
3749,2025-02-17,16:52,Clock Out,No Exception
3749,2025-02-18,09:21,Clock In,No Exception
3749,2025-02-18,17:14,Clock Out,No Exception
3749,2025-02-19,07:41,Clock In,No Exception
3749,2025-02-19,15:34,Clock Out,No Exception
3749,2025-02-20,06:47,Clock In,No Exception
3749,2025-02-20,15:34,Clock Out,No Exception
3749,2025-02-21,09:31,Clock In,No Exception
3749,2025-02-21,17:15,Clock Out,No Exception
3749,2025-02-24,08:52,Clock In,No Exception
3749,2025-02-24,16:58,Clock Out,No Exception
3749,2025-02-25,07:10,Clock In,No Exception
3749,2025-02-25,16:27,Clock Out,No Exception
3749,2025-02-26,09:33,Clock In,No Exception
3749,2025-02-26,19:10,Clock Out,No Exception
3749,2025-02-27,07:40,Clock In,No Exception
3749,2025-02-27,17:19,Clock Out,No Exception
3749,2025-02-28,09:20,Clock In,No Exception
3749,2025-02-28,18:38,Clock Out,No Exception
3749,2025-03-01,08:27,Clock In,No Exception
3749,2025-03-01,17:51,Clock Out,No Exception
2496,2025-01-01,06:15,Clock In,No Exception
2496,2025-01-01,13:45,Clock Out,No Exception
2496,2025-01-02,08:16,Clock In,No Exception
2496,2025-01-02,18:04,Clock Out,No Exception
2496,2025-01-03,07:33,Clock In,No Exception
2496,2025-01-03,16:52,Clock Out,No Exception
2496,2025-01-06,06:17,Clock In,No Exception
2496,2025-01-06,14:41,Clock Out,No Exception
2496,2025-01-07,07:57,Clock In,No Exception
2496,2025-01-07,16:33,Clock Out,No Exception
2496,2025-01-08,09:04,Clock In,No Exception
2496,2025-01-08,18:37,Clock Out,No Exception
2496,2025-01-09,08:02,Clock In,No Exception
2496,2025-01-09,18:02,Clock Out,No Exception
2496,2025-01-10,08:48,Clock In,No Exception
2496,2025-01-10,17:42,Clock Out,No Exception
2496,2025-01-13,06:49,Clock In,No Exception
2496,2025-01-13,14:52,Clock Out,No Exception
2496,2025-01-14,06:15,Clock In,No Exception
2496,2025-01-14,14:08,Clock Out,No Exception
2496,2025-01-15,07:05,Clock In,No Exception
2496,2025-01-15,16:38,Clock Out,No Exception
2496,2025-01-16,08:06,Clock In,No Exception
2496,2025-01-16,15:58,Clock Out,No Exception
2496,2025-01-17,09:06,Clock In,No Exception
2496,2025-01-17,17:02,Clock Out,No Exception
2496,2025-01-18,09:16,Clock In,No Exception
2496,2025-01-18,18:50,Clock Out,No Exception
2496,2025-01-20,08:27,Clock In,No Exception
2496,2025-01-20,16:27,Clock Out,No Exception
2496,2025-01-21,09:38,Clock In,No Exception
2496,2025-01-21,18:57,Clock Out,No Exception
2496,2025-01-22,09:53,Clock In,No Exception
2496,2025-01-22,17:44,Clock Out,No Exception
2496,2025-01-23,08:52,Clock In,No Exception
2496,2025-01-23,16:30,Clock Out,No Exception
2496,2025-01-24,06:47,Clock In,No Exception
2496,2025-01-24,16:17,Clock Out,No Exception
2496,2025-01-27,09:05,Clock In,No Exception
2496,2025-01-27,18:46,Clock Out,No Exception
2496,2025-01-28,06:40,Clock In,No Exception
2496,2025-01-28,14:26,Clock Out,No Exception
2496,2025-01-29,09:06,Clock In,No Exception
2496,2025-01-29,17:44,Clock Out,No Exception
2496,2025-01-30,09:59,Clock In,No Exception
2496,2025-01-30,18:28,Clock Out,No Exception
2496,2025-01-31,07:26,Clock In,No Exception
2496,2025-01-31,16:40,Clock Out,No Exception
2496,2025-02-03,08:02,Clock In,No Exception
2496,2025-02-03,16:06,Clock Out,No Exception
2496,2025-02-04,07:39,Clock In,No Exception
2496,2025-02-04,15:26,Clock Out,No Exception
2496,2025-02-05,09:46,Clock In,No Exception
2496,2025-02-05,19:30,Clock Out,No Exception
2496,2025-02-06,06:53,Clock In,No Exception
2496,2025-02-06,16:23,Clock Out,No Exception
2496,2025-02-07,07:59,Clock In,No Exception
2496,2025-02-07,17:16,Clock Out,No Exception
2496,2025-02-10,08:01,Clock In,No Exception
2496,2025-02-10,16:29,Clock Out,No Exception
2496,2025-02-11,09:29,Clock In,No Exception
2496,2025-02-11,19:23,Clock Out,No Exception
2496,2025-02-12,08:12,Clock In,No Exception
2496,2025-02-12,17:25,Clock Out,No Exception
2496,2025-02-13,07:08,Clock In,No Exception
2496,2025-02-13,14:52,Clock Out,No Exception
2496,2025-02-14,08:28,Clock In,No Exception
2496,2025-02-14,16:00,Clock Out,No Exception
2496,2025-02-15,08:23,Clock In,No Exception
2496,2025-02-15,17:17,Clock Out,No Exception
2496,2025-02-17,06:13,Clock In,No Exception
2496,2025-02-17,13:50,Clock Out,No Exception
2496,2025-02-18,09:34,Clock In,No Exception
2496,2025-02-18,19:17,Clock Out,No Exception
2496,2025-02-19,06:34,Clock In,No Exception
2496,2025-02-19,16:20,Clock Out,No Exception
2496,2025-02-20,06:22,Clock In,No Exception
2496,2025-02-20,14:58,Clock Out,No Exception
2496,2025-02-21,07:18,Clock In,No Exception
2496,2025-02-21,15:46,Clock Out,No Exception
2496,2025-02-24,08:40,Clock In,No Exception
2496,2025-02-24,17:43,Clock Out,No Exception
2496,2025-02-25,08:26,Clock In,No Exception
2496,2025-02-25,17:35,Clock Out,No Exception
2496,2025-02-26,08:01,Clock In,No Exception
2496,2025-02-26,16:21,Clock Out,No Exception
2496,2025-02-27,09:58,Clock In,No Exception
2496,2025-02-27,19:49,Clock Out,No Exception
2496,2025-02-28,08:46,Clock In,No Exception
2496,2025-02-28,17:35,Clock Out,No Exception
2545,2025-01-01,08:44,Clock In,No Exception
2545,2025-01-01,16:21,Clock Out,No Exception
2545,2025-01-02,09:20,Clock In,No Exception
2545,2025-01-02,18:34,Clock Out,No Exception
2545,2025-01-03,06:44,Clock In,No Exception
2545,2025-01-03,15:57,Clock Out,No Exception
2545,2025-01-04,09:25,Clock In,No Exception
2545,2025-01-04,17:29,Clock Out,No Exception
2545,2025-01-06,07:25,Clock In,No Exception
2545,2025-01-06,15:12,Clock Out,No Exception
2545,2025-01-07,09:44,Clock In,No Exception
2545,2025-01-07,19:41,Clock Out,No Exception
2545,2025-01-08,09:22,Clock In,No Exception
2545,2025-01-08,17:21,Clock Out,No Exception
2545,2025-01-09,08:59,Clock In,No Exception
2545,2025-01-09,16:31,Clock Out,No Exception
2545,2025-01-10,07:31,Clock In,No Exception
2545,2025-01-10,16:37,Clock Out,No Exception
2545,2025-01-13,07:28,Clock In,No Exception
2545,2025-01-13,17:11,Clock Out,No Exception
2545,2025-01-14,08:25,Clock In,No Exception
2545,2025-01-14,17:35,Clock Out,No Exception
2545,2025-01-15,06:35,Clock In,No Exception
2545,2025-01-15,15:19,Clock Out,No Exception
2545,2025-01-16,08:26,Clock In,No Exception
2545,2025-01-16,16:07,Clock Out,No Exception
2545,2025-01-17,09:56,Clock In,No Exception
2545,2025-01-17,18:16,Clock Out,No Exception
2545,2025-01-20,08:15,Clock In,No Exception
2545,2025-01-20,16:24,Clock Out,No Exception
2545,2025-01-21,09:05,Clock In,No Exception
2545,2025-01-21,17:55,Clock Out,No Exception
2545,2025-01-22,07:55,Clock In,No Exception
2545,2025-01-22,17:31,Clock Out,No Exception
2545,2025-01-23,06:36,Clock In,No Exception
2545,2025-01-23,14:42,Clock Out,No Exception
2545,2025-01-24,08:49,Clock In,No Exception
2545,2025-01-24,18:38,Clock Out,No Exception
2545,2025-01-27,07:21,Clock In,No Exception
2545,2025-01-27,16:56,Clock Out,No Exception
2545,2025-01-28,09:15,Clock In,No Exception
2545,2025-01-28,18:46,Clock Out,No Exception
2545,2025-01-29,06:37,Clock In,No Exception
2545,2025-01-29,15:58,Clock Out,No Exception
2545,2025-01-30,06:10,Clock In,No Exception
2545,2025-01-30,13:44,Clock Out,No Exception
2545,2025-01-31,09:21,Clock In,No Exception
2545,2025-01-31,19:19,Clock Out,No Exception
2545,2025-02-01,06:03,Clock In,No Exception
2545,2025-02-01,15:17,Clock Out,No Exception
2545,2025-02-03,07:53,Clock In,No Exception
2545,2025-02-03,17:42,Clock Out,No Exception
2545,2025-02-04,07:27,Clock In,No Exception
2545,2025-02-04,15:49,Clock Out,No Exception
2545,2025-02-05,06:40,Clock In,No Exception
2545,2025-02-05,14:31,Clock Out,No Exception
2545,2025-02-06,07:02,Clock In,No Exception
2545,2025-02-06,16:31,Clock Out,No Exception
2545,2025-02-07,09:56,Clock In,No Exception
2545,2025-02-07,18:36,Clock Out,No Exception
2545,2025-02-10,07:44,Clock In,No Exception
2545,2025-02-10,15:40,Clock Out,No Exception
2545,2025-02-11,06:25,Clock In,No Exception
2545,2025-02-11,15:21,Clock Out,No Exception
2545,2025-02-12,09:50,Clock In,No Exception
2545,2025-02-12,19:16,Clock Out,No Exception
2545,2025-02-13,06:24,Clock In,No Exception
2545,2025-02-13,13:56,Clock Out,No Exception
2545,2025-02-14,08:22,Clock In,No Exception
2545,2025-02-14,18:01,Clock Out,No Exception
2545,2025-02-15,07:37,Clock In,No Exception
2545,2025-02-15,17:15,Clock Out,No Exception
2545,2025-02-17,07:59,Clock In,No Exception
2545,2025-02-17,16:52,Clock Out,No Exception
2545,2025-02-18,08:41,Clock In,No Exception
2545,2025-02-18,16:14,Clock Out,No Exception
2545,2025-02-19,07:31,Clock In,No Exception
2545,2025-02-19,15:59,Clock Out,No Exception
2545,2025-02-20,07:50,Clock In,No Exception
2545,2025-02-20,17:49,Clock Out,No Exception
2545,2025-02-21,06:48,Clock In,No Exception
2545,2025-02-21,15:33,Clock Out,No Exception
2545,2025-02-22,06:44,Clock In,No Exception
2545,2025-02-22,14:29,Clock Out,No Exception
2545,2025-02-24,08:06,Clock In,No Exception
2545,2025-02-24,16:09,Clock Out,No Exception
2545,2025-02-25,06:36,Clock In,No Exception
2545,2025-02-25,14:14,Clock Out,No Exception
2545,2025-02-26,09:30,Clock In,No Exception
2545,2025-02-26,17:18,Clock Out,No Exception
2545,2025-02-27,09:16,Clock In,No Exception
2545,2025-02-27,18:58,Clock Out,No Exception
2545,2025-02-28,06:45,Clock In,No Exception
2545,2025-02-28,16:10,Clock Out,No Exception
3916,2025-01-01,06:31,Clock In,No Exception
3916,2025-01-01,16:26,Clock Out,No Exception
3916,2025-01-02,07:40,Clock In,No Exception
3916,2025-01-02,16:02,Clock Out,No Exception
3916,2025-01-03,07:40,Clock In,No Exception
3916,2025-01-03,17:28,Clock Out,No Exception
3916,2025-01-05,07:06,Clock In,No Exception
3916,2025-01-05,16:38,Clock Out,No Exception
3916,2025-01-06,09:16,Clock In,No Exception
3916,2025-01-06,18:22,Clock Out,No Exception
3916,2025-01-07,08:44,Clock In,No Exception
3916,2025-01-07,17:50,Clock Out,No Exception
3916,2025-01-08,08:09,Clock In,No Exception
3916,2025-01-08,17:50,Clock Out,No Exception
3916,2025-01-09,07:25,Clock In,No Exception
3916,2025-01-09,17:04,Clock Out,No Exception
3916,2025-01-10,08:44,Clock In,No Exception
3916,2025-01-10,16:53,Clock Out,No Exception
3916,2025-01-13,07:20,Clock In,No Exception
3916,2025-01-13,14:56,Clock Out,No Exception
3916,2025-01-14,06:30,Clock In,No Exception
3916,2025-01-14,14:25,Clock Out,No Exception
3916,2025-01-15,08:49,Clock In,No Exception
3916,2025-01-15,17:21,Clock Out,No Exception
3916,2025-01-16,08:21,Clock In,No Exception
3916,2025-01-16,17:57,Clock Out,No Exception
3916,2025-01-17,08:17,Clock In,No Exception
3916,2025-01-17,16:54,Clock Out,No Exception
3916,2025-01-19,09:53,Clock In,No Exception
3916,2025-01-19,18:48,Clock Out,No Exception
3916,2025-01-20,07:16,Clock In,No Exception
3916,2025-01-20,16:15,Clock Out,No Exception
3916,2025-01-21,06:18,Clock In,No Exception
3916,2025-01-21,14:13,Clock Out,No Exception
3916,2025-01-22,08:46,Clock In,No Exception
3916,2025-01-22,18:42,Clock Out,No Exception
3916,2025-01-23,08:03,Clock In,No Exception
3916,2025-01-23,18:03,Clock Out,No Exception
3916,2025-01-24,08:58,Clock In,No Exception
3916,2025-01-24,17:17,Clock Out,No Exception
3916,2025-01-26,09:20,Clock In,No Exception
3916,2025-01-26,16:57,Clock Out,No Exception
3916,2025-01-27,09:23,Clock In,No Exception
3916,2025-01-27,18:20,Clock Out,No Exception
3916,2025-01-28,08:37,Clock In,No Exception
3916,2025-01-28,18:37,Clock Out,No Exception
3916,2025-01-29,07:16,Clock In,No Exception
3916,2025-01-29,15:08,Clock Out,No Exception
3916,2025-01-30,07:49,Clock In,No Exception
3916,2025-01-30,16:53,Clock Out,No Exception
3916,2025-01-31,09:16,Clock In,No Exception
3916,2025-01-31,16:51,Clock Out,No Exception
3916,2025-02-02,09:44,Clock In,No Exception
3916,2025-02-02,18:01,Clock Out,No Exception
3916,2025-02-03,08:39,Clock In,No Exception
3916,2025-02-03,17:08,Clock Out,No Exception
3916,2025-02-04,09:46,Clock In,No Exception
3916,2025-02-04,18:23,Clock Out,No Exception
3916,2025-02-05,08:06,Clock In,No Exception
3916,2025-02-05,17:41,Clock Out,No Exception
3916,2025-02-06,08:22,Clock In,No Exception
3916,2025-02-06,17:13,Clock Out,No Exception
3916,2025-02-07,06:53,Clock In,No Exception
3916,2025-02-07,16:20,Clock Out,No Exception
3916,2025-02-10,09:15,Clock In,No Exception
3916,2025-02-10,18:21,Clock Out,No Exception
3916,2025-02-11,09:05,Clock In,No Exception
3916,2025-02-11,18:20,Clock Out,No Exception
3916,2025-02-12,08:29,Clock In,No Exception
3916,2025-02-12,16:40,Clock Out,No Exception
3916,2025-02-13,07:25,Clock In,No Exception
3916,2025-02-13,14:56,Clock Out,No Exception
3916,2025-02-14,07:46,Clock In,No Exception
3916,2025-02-14,15:19,Clock Out,No Exception
3916,2025-02-17,08:37,Clock In,No Exception
3916,2025-02-17,18:11,Clock Out,No Exception
3916,2025-02-18,08:39,Clock In,No Exception
3916,2025-02-18,17:41,Clock Out,No Exception
3916,2025-02-19,06:54,Clock In,No Exception
3916,2025-02-19,16:19,Clock Out,No Exception
3916,2025-02-20,08:55,Clock In,No Exception
3916,2025-02-20,18:30,Clock Out,No Exception
3916,2025-02-21,07:41,Clock In,No Exception
3916,2025-02-21,17:31,Clock Out,No Exception
3916,2025-02-24,06:31,Clock In,No Exception
3916,2025-02-24,14:52,Clock Out,No Exception
3916,2025-02-25,09:30,Clock In,No Exception
3916,2025-02-25,19:28,Clock Out,No Exception
3916,2025-02-26,09:32,Clock In,No Exception
3916,2025-02-26,17:47,Clock Out,No Exception
3916,2025-02-27,07:43,Clock In,No Exception
3916,2025-02-27,17:35,Clock Out,No Exception
3916,2025-02-28,06:01,Clock In,No Exception
3916,2025-02-28,13:40,Clock Out,No Exception
2748,2025-01-01,07:15,Clock In,No Exception
2748,2025-01-01,16:27,Clock Out,No Exception
2748,2025-01-02,06:37,Clock In,No Exception
2748,2025-01-02,15:05,Clock Out,No Exception
2748,2025-01-03,09:32,Clock In,No Exception
2748,2025-01-03,17:55,Clock Out,No Exception
2748,2025-01-04,09:38,Clock In,No Exception
2748,2025-01-04,18:34,Clock Out,No Exception
2748,2025-01-06,09:04,Clock In,No Exception
2748,2025-01-06,18:31,Clock Out,No Exception
2748,2025-01-07,08:02,Clock In,No Exception
2748,2025-01-07,17:32,Clock Out,No Exception
2748,2025-01-08,07:49,Clock In,No Exception
2748,2025-01-08,16:09,Clock Out,No Exception
2748,2025-01-09,08:53,Clock In,No Exception
2748,2025-01-09,16:59,Clock Out,No Exception
2748,2025-01-10,06:29,Clock In,No Exception
2748,2025-01-10,14:36,Clock Out,No Exception
2748,2025-01-13,09:49,Clock In,No Exception
2748,2025-01-13,18:48,Clock Out,No Exception
2748,2025-01-14,09:56,Clock In,No Exception
2748,2025-01-14,19:49,Clock Out,No Exception
2748,2025-01-15,09:02,Clock In,No Exception
2748,2025-01-15,17:17,Clock Out,No Exception
2748,2025-01-16,07:11,Clock In,No Exception
2748,2025-01-16,16:41,Clock Out,No Exception
2748,2025-01-17,09:08,Clock In,No Exception
2748,2025-01-17,17:23,Clock Out,No Exception
2748,2025-01-19,06:04,Clock In,No Exception
2748,2025-01-19,14:23,Clock Out,No Exception
2748,2025-01-20,07:21,Clock In,No Exception
2748,2025-01-20,17:14,Clock Out,No Exception
2748,2025-01-21,07:32,Clock In,No Exception
2748,2025-01-21,16:40,Clock Out,No Exception
2748,2025-01-22,07:00,Clock In,No Exception
2748,2025-01-22,16:11,Clock Out,No Exception
2748,2025-01-23,08:28,Clock In,No Exception
2748,2025-01-23,16:39,Clock Out,No Exception
2748,2025-01-24,08:18,Clock In,No Exception
2748,2025-01-24,17:00,Clock Out,No Exception
2748,2025-01-27,08:33,Clock In,No Exception
2748,2025-01-27,17:32,Clock Out,No Exception
2748,2025-01-28,09:17,Clock In,No Exception
2748,2025-01-28,17:12,Clock Out,No Exception
2748,2025-01-29,09:59,Clock In,No Exception
2748,2025-01-29,18:18,Clock Out,No Exception
2748,2025-01-30,08:38,Clock In,No Exception
2748,2025-01-30,16:44,Clock Out,No Exception
2748,2025-01-31,06:56,Clock In,No Exception
2748,2025-01-31,15:00,Clock Out,No Exception
2748,2025-02-02,09:28,Clock In,No Exception
2748,2025-02-02,17:20,Clock Out,No Exception
2748,2025-02-03,08:34,Clock In,No Exception
2748,2025-02-03,17:55,Clock Out,No Exception
2748,2025-02-04,08:01,Clock In,No Exception
2748,2025-02-04,16:52,Clock Out,No Exception
2748,2025-02-05,08:58,Clock In,No Exception
2748,2025-02-05,16:52,Clock Out,No Exception
2748,2025-02-06,07:49,Clock In,No Exception
2748,2025-02-06,15:54,Clock Out,No Exception
2748,2025-02-07,06:53,Clock In,No Exception
2748,2025-02-07,14:26,Clock Out,No Exception
2748,2025-02-08,09:57,Clock In,No Exception
2748,2025-02-08,17:52,Clock Out,No Exception
2748,2025-02-10,09:11,Clock In,No Exception
2748,2025-02-10,16:59,Clock Out,No Exception
2748,2025-02-11,06:47,Clock In,No Exception
2748,2025-02-11,16:39,Clock Out,No Exception
2748,2025-02-12,09:24,Clock In,No Exception
2748,2025-02-12,19:07,Clock Out,No Exception
2748,2025-02-13,07:28,Clock In,No Exception
2748,2025-02-13,15:34,Clock Out,No Exception
2748,2025-02-14,08:08,Clock In,No Exception
2748,2025-02-14,15:51,Clock Out,No Exception
2748,2025-02-15,08:36,Clock In,No Exception
2748,2025-02-15,16:48,Clock Out,No Exception
2748,2025-02-17,07:46,Clock In,No Exception
2748,2025-02-17,15:29,Clock Out,No Exception
2748,2025-02-18,08:04,Clock In,No Exception
2748,2025-02-18,16:16,Clock Out,No Exception
2748,2025-02-19,07:48,Clock In,No Exception
2748,2025-02-19,17:14,Clock Out,No Exception
2748,2025-02-20,08:45,Clock In,No Exception
2748,2025-02-20,17:21,Clock Out,No Exception
2748,2025-02-21,07:19,Clock In,No Exception
2748,2025-02-21,15:15,Clock Out,No Exception
2748,2025-02-24,06:15,Clock In,No Exception
2748,2025-02-24,15:28,Clock Out,No Exception
2748,2025-02-25,09:03,Clock In,No Exception
2748,2025-02-25,18:19,Clock Out,No Exception
2748,2025-02-26,07:13,Clock In,No Exception
2748,2025-02-26,15:54,Clock Out,No Exception
2748,2025-02-27,09:38,Clock In,No Exception
2748,2025-02-27,17:09,Clock Out,No Exception
2748,2025-02-28,06:47,Clock In,No Exception
2748,2025-02-28,14:50,Clock Out,No Exception
2770,2025-01-01,09:46,Clock In,No Exception
2770,2025-01-01,18:59,Clock Out,No Exception
2770,2025-01-02,09:10,Clock In,No Exception
2770,2025-01-02,18:11,Clock Out,No Exception
2770,2025-01-03,06:32,Clock In,No Exception
2770,2025-01-03,15:39,Clock Out,No Exception
2770,2025-01-04,09:23,Clock In,No Exception
2770,2025-01-04,18:57,Clock Out,No Exception
2770,2025-01-06,09:58,Clock In,No Exception
2770,2025-01-06,18:17,Clock Out,No Exception
2770,2025-01-07,06:24,Clock In,No Exception
2770,2025-01-07,16:15,Clock Out,No Exception
2770,2025-01-08,09:09,Clock In,No Exception
2770,2025-01-08,19:03,Clock Out,No Exception
2770,2025-01-09,07:56,Clock In,No Exception
2770,2025-01-09,16:44,Clock Out,No Exception
2770,2025-01-10,09:17,Clock In,No Exception
2770,2025-01-10,16:48,Clock Out,No Exception
2770,2025-01-11,09:54,Clock In,No Exception
2770,2025-01-11,18:35,Clock Out,No Exception
2770,2025-01-13,09:30,Clock In,No Exception
2770,2025-01-13,17:56,Clock Out,Missing Clock Out
2770,2025-01-14,09:28,Clock In,No Exception
2770,2025-01-14,17:36,Clock Out,No Exception
2770,2025-01-15,06:44,Clock In,No Exception
2770,2025-01-15,14:16,Clock Out,No Exception
2770,2025-01-16,08:22,Clock In,No Exception
2770,2025-01-16,17:05,Clock Out,No Exception
2770,2025-01-17,09:42,Clock In,No Exception
2770,2025-01-17,19:30,Clock Out,No Exception
2770,2025-01-19,08:12,Clock In,No Exception
2770,2025-01-19,17:26,Clock Out,No Exception
2770,2025-01-20,09:26,Clock In,No Exception
2770,2025-01-20,18:01,Clock Out,No Exception
2770,2025-01-21,06:17,Clock In,No Exception
2770,2025-01-21,14:37,Clock Out,No Exception
2770,2025-01-22,08:05,Clock In,No Exception
2770,2025-01-22,16:59,Clock Out,No Exception
2770,2025-01-23,09:23,Clock In,No Exception
2770,2025-01-23,17:14,Clock Out,No Exception
2770,2025-01-24,06:20,Clock In,No Exception
2770,2025-01-24,14:55,Clock Out,No Exception
2770,2025-01-27,08:43,Clock In,No Exception
2770,2025-01-27,18:23,Clock Out,No Exception
2770,2025-01-28,08:48,Clock In,No Exception
2770,2025-01-28,18:34,Clock Out,No Exception
2770,2025-01-29,09:07,Clock In,No Exception
2770,2025-01-29,16:52,Clock Out,No Exception
2770,2025-01-30,06:20,Clock In,No Exception
2770,2025-01-30,15:20,Clock Out,No Exception
2770,2025-01-31,09:16,Clock In,No Exception
2770,2025-01-31,17:41,Clock Out,No Exception
2770,2025-02-03,06:31,Clock In,No Exception
2770,2025-02-03,15:56,Clock Out,No Exception
2770,2025-02-04,09:10,Clock In,No Exception
2770,2025-02-04,18:21,Clock Out,No Exception
2770,2025-02-05,07:57,Clock In,No Exception
2770,2025-02-05,17:35,Clock Out,No Exception
2770,2025-02-06,09:54,Clock In,No Exception
2770,2025-02-06,17:49,Clock Out,No Exception
2770,2025-02-07,07:58,Clock In,No Exception
2770,2025-02-07,16:43,Clock Out,No Exception
2770,2025-02-08,09:29,Clock In,No Exception
2770,2025-02-08,18:25,Clock Out,No Exception
2770,2025-02-10,09:52,Clock In,No Exception
2770,2025-02-10,19:10,Clock Out,No Exception
2770,2025-02-11,06:51,Clock In,No Exception
2770,2025-02-11,16:45,Clock Out,No Exception
2770,2025-02-12,09:19,Clock In,No Exception
2770,2025-02-12,18:23,Clock Out,No Exception
2770,2025-02-13,08:11,Clock In,No Exception
2770,2025-02-13,16:10,Clock Out,No Exception
2770,2025-02-14,08:38,Clock In,No Exception
2770,2025-02-14,18:20,Clock Out,No Exception
2770,2025-02-15,08:12,Clock In,No Exception
2770,2025-02-15,18:01,Clock Out,No Exception
2770,2025-02-17,08:16,Clock In,No Exception
2770,2025-02-17,17:51,Clock Out,No Exception
2770,2025-02-18,08:50,Clock In,No Exception
2770,2025-02-18,17:46,Clock Out,No Exception
2770,2025-02-19,07:01,Clock In,No Exception
2770,2025-02-19,16:13,Clock Out,No Exception
2770,2025-02-20,09:40,Clock In,No Exception
2770,2025-02-20,17:47,Clock Out,No Exception
2770,2025-02-21,09:06,Clock In,No Exception
2770,2025-02-21,17:39,Clock Out,No Exception
2770,2025-02-24,07:21,Clock In,No Exception
2770,2025-02-24,16:17,Clock Out,No Exception
2770,2025-02-25,06:30,Clock In,No Exception
2770,2025-02-25,15:33,Clock Out,No Exception
2770,2025-02-26,07:07,Clock In,No Exception
2770,2025-02-26,15:32,Clock Out,No Exception
2770,2025-02-27,06:36,Clock In,No Exception
2770,2025-02-27,14:11,Clock Out,No Exception
2770,2025-02-28,06:25,Clock In,No Exception
2770,2025-02-28,16:20,Clock Out,No Exception
3546,2025-01-01,06:46,Clock In,No Exception
3546,2025-01-01,14:23,Clock Out,No Exception
3546,2025-01-02,07:20,Clock In,No Exception
3546,2025-01-02,16:08,Clock Out,No Exception
3546,2025-01-03,06:19,Clock In,No Exception
3546,2025-01-03,15:09,Clock Out,No Exception
3546,2025-01-06,09:48,Clock In,No Exception
3546,2025-01-06,18:55,Clock Out,No Exception
3546,2025-01-07,07:53,Clock In,No Exception
3546,2025-01-07,17:46,Clock Out,No Exception
3546,2025-01-08,07:55,Clock In,No Exception
3546,2025-01-08,16:59,Clock Out,No Exception
3546,2025-01-09,07:36,Clock In,No Exception
3546,2025-01-09,17:19,Clock Out,No Exception
3546,2025-01-10,08:57,Clock In,No Exception
3546,2025-01-10,18:04,Clock Out,No Exception
3546,2025-01-12,07:18,Clock In,No Exception
3546,2025-01-12,16:39,Clock Out,No Exception
3546,2025-01-13,09:15,Clock In,No Exception
3546,2025-01-13,17:40,Clock Out,No Exception
3546,2025-01-14,06:02,Clock In,No Exception
3546,2025-01-14,15:53,Clock Out,No Exception
3546,2025-01-15,06:53,Clock In,No Exception
3546,2025-01-15,15:58,Clock Out,No Exception
3546,2025-01-16,06:01,Clock In,No Exception
3546,2025-01-16,14:19,Clock Out,No Exception
3546,2025-01-17,09:56,Clock In,No Exception
3546,2025-01-17,18:25,Clock Out,No Exception
3546,2025-01-20,07:52,Clock In,No Exception
3546,2025-01-20,17:28,Clock Out,No Exception
3546,2025-01-21,07:08,Clock In,No Exception
3546,2025-01-21,14:38,Clock Out,No Exception
3546,2025-01-22,08:19,Clock In,No Exception
3546,2025-01-22,17:27,Clock Out,No Exception
3546,2025-01-23,06:31,Clock In,No Exception
3546,2025-01-23,14:15,Clock Out,No Exception
3546,2025-01-24,09:50,Clock In,No Exception
3546,2025-01-24,19:50,Clock Out,No Exception
3546,2025-01-27,06:55,Clock In,No Exception
3546,2025-01-27,14:51,Clock Out,No Exception
3546,2025-01-28,08:34,Clock In,No Exception
3546,2025-01-28,18:09,Clock Out,No Exception
3546,2025-01-29,06:23,Clock In,No Exception
3546,2025-01-29,14:15,Clock Out,No Exception
3546,2025-01-30,09:01,Clock In,No Exception
3546,2025-01-30,18:47,Clock Out,No Exception
3546,2025-01-31,09:06,Clock In,No Exception
3546,2025-01-31,19:01,Clock Out,No Exception
3546,2025-02-03,08:09,Clock In,No Exception
3546,2025-02-03,16:46,Clock Out,No Exception
3546,2025-02-04,08:04,Clock In,No Exception
3546,2025-02-04,17:26,Clock Out,No Exception
3546,2025-02-05,09:58,Clock In,No Exception
3546,2025-02-05,18:20,Clock Out,No Exception
3546,2025-02-06,07:21,Clock In,No Exception
3546,2025-02-06,16:49,Clock Out,No Exception
3546,2025-02-07,06:26,Clock In,No Exception
3546,2025-02-07,16:12,Clock Out,No Exception
3546,2025-02-10,09:56,Clock In,No Exception
3546,2025-02-10,18:51,Clock Out,No Exception
3546,2025-02-11,09:43,Clock In,No Exception
3546,2025-02-11,18:59,Clock Out,No Exception
3546,2025-02-12,06:57,Clock In,No Exception
3546,2025-02-12,15:33,Clock Out,No Exception
3546,2025-02-13,07:01,Clock In,No Exception
3546,2025-02-13,16:38,Clock Out,No Exception
3546,2025-02-14,08:53,Clock In,No Exception
3546,2025-02-14,16:55,Clock Out,No Exception
3546,2025-02-16,09:51,Clock In,No Exception
3546,2025-02-16,17:32,Clock Out,No Exception
3546,2025-02-17,06:25,Clock In,No Exception
3546,2025-02-17,14:44,Clock Out,No Exception
3546,2025-02-18,07:31,Clock In,No Exception
3546,2025-02-18,16:12,Clock Out,No Exception
3546,2025-02-19,06:59,Clock In,No Exception
3546,2025-02-19,14:46,Clock Out,No Exception
3546,2025-02-20,07:51,Clock In,No Exception
3546,2025-02-20,17:24,Clock Out,No Exception
3546,2025-02-21,06:51,Clock In,No Exception
3546,2025-02-21,14:59,Clock Out,No Exception
3546,2025-02-22,07:22,Clock In,No Exception
3546,2025-02-22,15:45,Clock Out,No Exception
3546,2025-02-24,08:21,Clock In,No Exception
3546,2025-02-24,17:29,Clock Out,No Exception
3546,2025-02-25,09:47,Clock In,No Exception
3546,2025-02-25,17:17,Clock Out,No Exception
3546,2025-02-26,08:17,Clock In,No Exception
3546,2025-02-26,15:50,Clock Out,No Exception
3546,2025-02-27,08:36,Clock In,No Exception
3546,2025-02-27,18:12,Clock Out,No Exception
3546,2025-02-28,07:55,Clock In,No Exception
3546,2025-02-28,17:13,Clock Out,No Exception
1712,2025-01-01,09:35,Clock In,No Exception
1712,2025-01-01,18:03,Clock Out,No Exception
1712,2025-01-02,09:02,Clock In,No Exception
1712,2025-01-02,17:56,Clock Out,No Exception
1712,2025-01-03,07:06,Clock In,No Exception
1712,2025-01-03,15:54,Clock Out,No Exception
1712,2025-01-05,09:14,Clock In,No Exception
1712,2025-01-05,18:28,Clock Out,No Exception
1712,2025-01-06,09:38,Clock In,No Exception
1712,2025-01-06,19:38,Clock Out,No Exception
1712,2025-01-07,09:08,Clock In,No Exception
1712,2025-01-07,18:09,Clock Out,No Exception
1712,2025-01-08,08:54,Clock In,No Exception
1712,2025-01-08,18:00,Clock Out,No Exception
1712,2025-01-09,09:11,Clock In,No Exception
1712,2025-01-09,17:54,Clock Out,No Exception
1712,2025-01-10,08:05,Clock In,No Exception
1712,2025-01-10,16:17,Clock Out,No Exception
1712,2025-01-12,08:10,Clock In,No Exception
1712,2025-01-12,17:50,Clock Out,No Exception
1712,2025-01-13,06:01,Clock In,No Exception
1712,2025-01-13,14:21,Clock Out,No Exception
1712,2025-01-14,07:09,Clock In,No Exception
1712,2025-01-14,15:40,Clock Out,No Exception
1712,2025-01-15,07:51,Clock In,No Exception
1712,2025-01-15,16:18,Clock Out,No Exception
1712,2025-01-16,08:08,Clock In,No Exception
1712,2025-01-16,18:05,Clock Out,No Exception
1712,2025-01-17,09:59,Clock In,No Exception
1712,2025-01-17,18:28,Clock Out,No Exception
1712,2025-01-20,09:20,Clock In,No Exception
1712,2025-01-20,18:11,Clock Out,No Exception
1712,2025-01-21,07:57,Clock In,No Exception
1712,2025-01-21,15:35,Clock Out,No Exception
1712,2025-01-22,09:52,Clock In,No Exception
1712,2025-01-22,18:12,Clock Out,No Exception
1712,2025-01-23,06:13,Clock In,No Exception
1712,2025-01-23,14:08,Clock Out,No Exception
1712,2025-01-24,08:29,Clock In,No Exception
1712,2025-01-24,18:09,Clock Out,No Exception
1712,2025-01-27,09:14,Clock In,No Exception
1712,2025-01-27,16:45,Clock Out,No Exception
1712,2025-01-28,07:17,Clock In,No Exception
1712,2025-01-28,15:11,Clock Out,No Exception
1712,2025-01-29,07:31,Clock In,No Exception
1712,2025-01-29,16:27,Clock Out,No Exception
1712,2025-01-30,07:07,Clock In,No Exception
1712,2025-01-30,15:39,Clock Out,No Exception
1712,2025-01-31,07:13,Clock In,No Exception
1712,2025-01-31,14:58,Clock Out,No Exception
1712,2025-02-01,06:40,Clock In,No Exception
1712,2025-02-01,14:24,Clock Out,No Exception
1712,2025-02-03,09:06,Clock In,No Exception
1712,2025-02-03,18:29,Clock Out,No Exception
1712,2025-02-04,08:26,Clock In,No Exception
1712,2025-02-04,17:28,Clock Out,No Exception
1712,2025-02-05,09:57,Clock In,No Exception
1712,2025-02-05,18:31,Clock Out,No Exception
1712,2025-02-06,07:53,Clock In,No Exception
1712,2025-02-06,15:58,Clock Out,No Exception
1712,2025-02-07,09:27,Clock In,No Exception
1712,2025-02-07,17:57,Clock Out,No Exception
1712,2025-02-09,06:29,Clock In,No Exception
1712,2025-02-09,14:42,Clock Out,No Exception
1712,2025-02-10,06:37,Clock In,No Exception
1712,2025-02-10,14:44,Clock Out,No Exception
1712,2025-02-11,07:59,Clock In,No Exception
1712,2025-02-11,16:24,Clock Out,No Exception
1712,2025-02-12,09:33,Clock In,No Exception
1712,2025-02-12,18:36,Clock Out,No Exception
1712,2025-02-13,07:09,Clock In,No Exception
1712,2025-02-13,16:10,Clock Out,No Exception
1712,2025-02-14,07:03,Clock In,No Exception
1712,2025-02-14,14:48,Clock Out,No Exception
1712,2025-02-15,09:14,Clock In,No Exception
1712,2025-02-15,19:10,Clock Out,No Exception
1712,2025-02-17,08:25,Clock In,No Exception
1712,2025-02-17,16:24,Clock Out,No Exception
1712,2025-02-18,06:29,Clock In,No Exception
1712,2025-02-18,16:18,Clock Out,No Exception
1712,2025-02-19,09:05,Clock In,No Exception
1712,2025-02-19,17:49,Clock Out,No Exception
1712,2025-02-20,07:28,Clock In,No Exception
1712,2025-02-20,16:33,Clock Out,No Exception
1712,2025-02-21,06:27,Clock In,No Exception
1712,2025-02-21,15:15,Clock Out,No Exception
1712,2025-02-23,07:45,Clock In,No Exception
1712,2025-02-23,16:58,Clock Out,No Exception
1712,2025-02-24,07:55,Clock In,No Exception
1712,2025-02-24,15:30,Clock Out,No Exception
1712,2025-02-25,07:03,Clock In,No Exception
1712,2025-02-25,14:34,Clock Out,No Exception
1712,2025-02-26,09:47,Clock In,No Exception
1712,2025-02-26,19:00,Clock Out,No Exception
1712,2025-02-27,06:23,Clock In,No Exception
1712,2025-02-27,15:34,Clock Out,No Exception
1712,2025-02-28,06:56,Clock In,No Exception
1712,2025-02-28,15:58,Clock Out,No Exception
2683,2025-01-01,07:47,Clock In,No Exception
2683,2025-01-01,17:23,Clock Out,No Exception
2683,2025-01-02,09:51,Clock In,No Exception
2683,2025-01-02,19:28,Clock Out,No Exception
2683,2025-01-03,09:15,Clock In,No Exception
2683,2025-01-03,17:22,Clock Out,No Exception
2683,2025-01-04,07:50,Clock In,No Exception
2683,2025-01-04,16:10,Clock Out,No Exception
2683,2025-01-06,06:13,Clock In,No Exception
2683,2025-01-06,14:21,Clock Out,No Exception
2683,2025-01-07,08:45,Clock In,No Exception
2683,2025-01-07,17:19,Clock Out,No Exception
2683,2025-01-08,06:20,Clock In,No Exception
2683,2025-01-08,13:54,Clock Out,No Exception
2683,2025-01-09,08:20,Clock In,No Exception
2683,2025-01-09,17:15,Clock Out,No Exception
2683,2025-01-10,09:53,Clock In,No Exception
2683,2025-01-10,17:33,Clock Out,No Exception
2683,2025-01-12,06:18,Clock In,No Exception
2683,2025-01-12,14:19,Clock Out,No Exception
2683,2025-01-13,08:26,Clock In,No Exception
2683,2025-01-13,16:57,Clock Out,No Exception
2683,2025-01-14,09:08,Clock In,No Exception
2683,2025-01-14,18:34,Clock Out,No Exception
2683,2025-01-15,09:31,Clock In,No Exception
2683,2025-01-15,17:40,Clock Out,No Exception
2683,2025-01-16,09:25,Clock In,No Exception
2683,2025-01-16,18:51,Clock Out,No Exception
2683,2025-01-17,08:32,Clock In,No Exception
2683,2025-01-17,16:20,Clock Out,No Exception
2683,2025-01-20,07:14,Clock In,No Exception
2683,2025-01-20,16:59,Clock Out,No Exception
2683,2025-01-21,07:31,Clock In,No Exception
2683,2025-01-21,16:54,Clock Out,No Exception
2683,2025-01-22,09:04,Clock In,No Exception
2683,2025-01-22,18:56,Clock Out,No Exception
2683,2025-01-23,09:36,Clock In,No Exception
2683,2025-01-23,17:34,Clock Out,No Exception
2683,2025-01-24,06:02,Clock In,No Exception
2683,2025-01-24,14:43,Clock Out,No Exception
2683,2025-01-27,07:01,Clock In,No Exception
2683,2025-01-27,15:12,Clock Out,No Exception
2683,2025-01-28,09:26,Clock In,No Exception
2683,2025-01-28,18:04,Clock Out,No Exception
2683,2025-01-29,06:10,Clock In,No Exception
2683,2025-01-29,14:22,Clock Out,No Exception
2683,2025-01-30,09:10,Clock In,No Exception
2683,2025-01-30,18:02,Clock Out,No Exception
2683,2025-01-31,06:23,Clock In,No Exception
2683,2025-01-31,15:39,Clock Out,No Exception
2683,2025-02-01,07:50,Clock In,No Exception
2683,2025-02-01,16:48,Clock Out,No Exception
2683,2025-02-03,09:23,Clock In,No Exception
2683,2025-02-03,19:20,Clock Out,No Exception
2683,2025-02-04,07:07,Clock In,No Exception
2683,2025-02-04,15:46,Clock Out,No Exception
2683,2025-02-05,06:56,Clock In,No Exception
2683,2025-02-05,16:16,Clock Out,No Exception
2683,2025-02-06,08:02,Clock In,No Exception
2683,2025-02-06,16:34,Clock Out,No Exception
2683,2025-02-07,07:32,Clock In,No Exception
2683,2025-02-07,17:16,Clock Out,No Exception
2683,2025-02-10,06:26,Clock In,No Exception
2683,2025-02-10,14:37,Clock Out,No Exception
2683,2025-02-11,06:34,Clock In,No Exception
2683,2025-02-11,16:10,Clock Out,No Exception
2683,2025-02-12,07:46,Clock In,No Exception
2683,2025-02-12,17:15,Clock Out,No Exception
2683,2025-02-13,08:08,Clock In,No Exception
2683,2025-02-13,17:15,Clock Out,No Exception
2683,2025-02-14,06:42,Clock In,No Exception
2683,2025-02-14,16:08,Clock Out,No Exception
2683,2025-02-16,06:16,Clock In,No Exception
2683,2025-02-16,15:39,Clock Out,No Exception
2683,2025-02-17,07:26,Clock In,No Exception
2683,2025-02-17,17:05,Clock Out,No Exception
2683,2025-02-18,08:51,Clock In,No Exception
2683,2025-02-18,17:51,Clock Out,No Exception
2683,2025-02-19,07:54,Clock In,No Exception
2683,2025-02-19,17:07,Clock Out,No Exception
2683,2025-02-20,06:45,Clock In,No Exception
2683,2025-02-20,15:22,Clock Out,No Exception
2683,2025-02-21,09:26,Clock In,No Exception
2683,2025-02-21,18:17,Clock Out,No Exception
2683,2025-02-22,08:03,Clock In,No Exception
2683,2025-02-22,15:51,Clock Out,No Exception
2683,2025-02-24,06:36,Clock In,No Exception
2683,2025-02-24,14:24,Clock Out,No Exception
2683,2025-02-25,06:41,Clock In,No Exception
2683,2025-02-25,16:34,Clock Out,No Exception
2683,2025-02-26,07:17,Clock In,No Exception
2683,2025-02-26,16:05,Clock Out,No Exception
2683,2025-02-27,07:52,Clock In,No Exception
2683,2025-02-27,17:52,Clock Out,No Exception
2683,2025-02-28,06:34,Clock In,No Exception
2683,2025-02-28,15:21,Clock Out,No Exception
1800,2025-01-01,07:50,Clock In,No Exception
1800,2025-01-01,16:12,Clock Out,No Exception
1800,2025-01-02,06:51,Clock In,No Exception
1800,2025-01-02,14:58,Clock Out,No Exception
1800,2025-01-03,09:10,Clock In,No Exception
1800,2025-01-03,16:55,Clock Out,No Exception
1800,2025-01-06,09:51,Clock In,No Exception
1800,2025-01-06,18:04,Clock Out,No Exception
1800,2025-01-07,09:31,Clock In,No Exception
1800,2025-01-07,17:24,Clock Out,No Exception
1800,2025-01-08,08:17,Clock In,No Exception
1800,2025-01-08,16:06,Clock Out,No Exception
1800,2025-01-09,08:18,Clock In,No Exception
1800,2025-01-09,16:18,Clock Out,No Exception
1800,2025-01-10,06:44,Clock In,No Exception
1800,2025-01-10,14:49,Clock Out,No Exception
1800,2025-01-13,09:52,Clock In,No Exception
1800,2025-01-13,18:47,Clock Out,No Exception
1800,2025-01-14,07:46,Clock In,No Exception
1800,2025-01-14,15:59,Clock Out,No Exception
1800,2025-01-15,06:35,Clock In,No Exception
1800,2025-01-15,15:07,Clock Out,No Exception
1800,2025-01-16,06:50,Clock In,No Exception
1800,2025-01-16,16:09,Clock Out,No Exception
1800,2025-01-17,09:51,Clock In,No Exception
1800,2025-01-17,19:08,Clock Out,No Exception
1800,2025-01-20,09:49,Clock In,No Exception
1800,2025-01-20,18:51,Clock Out,No Exception
1800,2025-01-21,07:40,Clock In,No Exception
1800,2025-01-21,17:10,Clock Out,No Exception
1800,2025-01-22,09:10,Clock In,No Exception
1800,2025-01-22,18:03,Clock Out,No Exception
1800,2025-01-23,06:41,Clock In,No Exception
1800,2025-01-23,14:37,Clock Out,No Exception
1800,2025-01-24,08:00,Clock In,No Exception
1800,2025-01-24,16:46,Clock Out,No Exception
1800,2025-01-25,09:35,Clock In,No Exception
1800,2025-01-25,18:57,Clock Out,No Exception
1800,2025-01-27,09:44,Clock In,No Exception
1800,2025-01-27,17:42,Clock Out,No Exception
1800,2025-01-28,08:38,Clock In,No Exception
1800,2025-01-28,17:06,Clock Out,No Exception
1800,2025-01-29,06:05,Clock In,No Exception
1800,2025-01-29,13:42,Clock Out,No Exception
1800,2025-01-30,06:49,Clock In,No Exception
1800,2025-01-30,16:28,Clock Out,No Exception
1800,2025-01-31,08:06,Clock In,No Exception
1800,2025-01-31,17:13,Clock Out,No Exception
1800,2025-02-03,08:54,Clock In,No Exception
1800,2025-02-03,18:11,Clock Out,No Exception
1800,2025-02-04,09:41,Clock In,No Exception
1800,2025-02-04,19:34,Clock Out,No Exception
1800,2025-02-05,09:52,Clock In,No Exception
1800,2025-02-05,18:02,Clock Out,No Exception
1800,2025-02-06,09:46,Clock In,No Exception
1800,2025-02-06,18:55,Clock Out,No Exception
1800,2025-02-07,09:56,Clock In,No Exception
1800,2025-02-07,19:20,Clock Out,No Exception
1800,2025-02-08,07:52,Clock In,No Exception
1800,2025-02-08,15:26,Clock Out,No Exception
1800,2025-02-10,09:48,Clock In,No Exception
1800,2025-02-10,17:57,Clock Out,No Exception
1800,2025-02-11,09:03,Clock In,No Exception
1800,2025-02-11,19:01,Clock Out,No Exception
1800,2025-02-12,07:44,Clock In,No Exception
1800,2025-02-12,15:50,Clock Out,No Exception
1800,2025-02-13,06:03,Clock In,No Exception
1800,2025-02-13,14:21,Clock Out,No Exception
1800,2025-02-14,08:19,Clock In,No Exception
1800,2025-02-14,17:07,Clock Out,No Exception
1800,2025-02-17,06:43,Clock In,No Exception
1800,2025-02-17,15:49,Clock Out,No Exception
1800,2025-02-18,08:07,Clock In,No Exception
1800,2025-02-18,17:05,Clock Out,No Exception
1800,2025-02-19,09:28,Clock In,No Exception
1800,2025-02-19,17:03,Clock Out,No Exception
1800,2025-02-20,09:06,Clock In,No Exception
1800,2025-02-20,18:13,Clock Out,No Exception
1800,2025-02-21,09:17,Clock In,No Exception
1800,2025-02-21,18:37,Clock Out,No Exception
1800,2025-02-23,08:10,Clock In,No Exception
1800,2025-02-23,18:01,Clock Out,No Exception
1800,2025-02-24,06:36,Clock In,No Exception
1800,2025-02-24,14:53,Clock Out,No Exception
1800,2025-02-25,09:03,Clock In,No Exception
1800,2025-02-25,16:46,Clock Out,No Exception
1800,2025-02-26,06:55,Clock In,No Exception
1800,2025-02-26,14:26,Clock Out,No Exception
1800,2025-02-27,06:08,Clock In,No Exception
1800,2025-02-27,15:44,Clock Out,No Exception
1800,2025-02-28,08:15,Clock In,No Exception
1800,2025-02-28,16:35,Clock Out,No Exception
1800,2025-03-01,09:52,Clock In,No Exception
1800,2025-03-01,18:20,Clock Out,No Exception
3636,2025-01-01,09:13,Clock In,No Exception
3636,2025-01-01,16:49,Clock Out,No Exception
3636,2025-01-02,09:49,Clock In,No Exception
3636,2025-01-02,19:19,Clock Out,No Exception
3636,2025-01-03,09:41,Clock In,No Exception
3636,2025-01-03,18:54,Clock Out,No Exception
3636,2025-01-06,08:42,Clock In,No Exception
3636,2025-01-06,18:06,Clock Out,No Exception
3636,2025-01-07,09:41,Clock In,No Exception
3636,2025-01-07,17:31,Clock Out,No Exception
3636,2025-01-08,07:11,Clock In,No Exception
3636,2025-01-08,16:44,Clock Out,No Exception
3636,2025-01-09,07:58,Clock In,No Exception
3636,2025-01-09,16:45,Clock Out,No Exception
3636,2025-01-10,08:41,Clock In,No Exception
3636,2025-01-10,16:50,Clock Out,No Exception
3636,2025-01-11,09:55,Clock In,No Exception
3636,2025-01-11,18:41,Clock Out,No Exception
3636,2025-01-13,08:16,Clock In,No Exception
3636,2025-01-13,16:11,Clock Out,No Exception
3636,2025-01-14,06:54,Clock In,No Exception
3636,2025-01-14,15:45,Clock Out,No Exception
3636,2025-01-15,09:48,Clock In,No Exception
3636,2025-01-15,19:35,Clock Out,No Exception
3636,2025-01-16,08:53,Clock In,No Exception
3636,2025-01-16,16:28,Clock Out,No Exception
3636,2025-01-17,07:56,Clock In,No Exception
3636,2025-01-17,16:42,Clock Out,No Exception
3636,2025-01-18,07:57,Clock In,No Exception
3636,2025-01-18,17:22,Clock Out,No Exception
3636,2025-01-20,09:25,Clock In,No Exception
3636,2025-01-20,18:17,Clock Out,No Exception
3636,2025-01-21,06:13,Clock In,No Exception
3636,2025-01-21,15:00,Clock Out,No Exception
3636,2025-01-22,08:27,Clock In,No Exception
3636,2025-01-22,17:02,Clock Out,No Exception
3636,2025-01-23,09:53,Clock In,No Exception
3636,2025-01-23,18:49,Clock Out,No Exception
3636,2025-01-24,09:15,Clock In,No Exception
3636,2025-01-24,17:28,Clock Out,No Exception
3636,2025-01-27,07:03,Clock In,No Exception
3636,2025-01-27,16:38,Clock Out,No Exception
3636,2025-01-28,09:46,Clock In,No Exception
3636,2025-01-28,17:27,Clock Out,No Exception
3636,2025-01-29,09:24,Clock In,No Exception
3636,2025-01-29,18:39,Clock Out,No Exception
3636,2025-01-30,06:49,Clock In,No Exception
3636,2025-01-30,16:05,Clock Out,No Exception
3636,2025-01-31,06:43,Clock In,No Exception
3636,2025-01-31,16:07,Clock Out,No Exception
3636,2025-02-03,06:16,Clock In,No Exception
3636,2025-02-03,14:56,Clock Out,No Exception
3636,2025-02-04,06:10,Clock In,No Exception
3636,2025-02-04,15:34,Clock Out,No Exception
3636,2025-02-05,07:33,Clock In,No Exception
3636,2025-02-05,17:06,Clock Out,No Exception
3636,2025-02-06,09:16,Clock In,No Exception
3636,2025-02-06,18:53,Clock Out,No Exception
3636,2025-02-07,08:47,Clock In,No Exception
3636,2025-02-07,17:25,Clock Out,No Exception
3636,2025-02-10,08:39,Clock In,No Exception
3636,2025-02-10,16:33,Clock Out,No Exception
3636,2025-02-11,07:44,Clock In,No Exception
3636,2025-02-11,17:25,Clock Out,No Exception
3636,2025-02-12,09:41,Clock In,No Exception
3636,2025-02-12,18:00,Clock Out,No Exception
3636,2025-02-13,09:17,Clock In,No Exception
3636,2025-02-13,18:42,Clock Out,No Exception
3636,2025-02-14,06:43,Clock In,No Exception
3636,2025-02-14,14:46,Clock Out,No Exception
3636,2025-02-16,08:17,Clock In,No Exception
3636,2025-02-16,17:08,Clock Out,No Exception
3636,2025-02-17,09:38,Clock In,No Exception
3636,2025-02-17,18:47,Clock Out,No Exception
3636,2025-02-18,07:25,Clock In,No Exception
3636,2025-02-18,15:51,Clock Out,No Exception
3636,2025-02-19,09:36,Clock In,No Exception
3636,2025-02-19,18:52,Clock Out,No Exception
3636,2025-02-20,08:56,Clock In,No Exception
3636,2025-02-20,18:46,Clock Out,No Exception
3636,2025-02-21,07:26,Clock In,No Exception
3636,2025-02-21,17:15,Clock Out,No Exception
3636,2025-02-22,09:53,Clock In,No Exception
3636,2025-02-22,17:29,Clock Out,No Exception
3636,2025-02-24,07:07,Clock In,No Exception
3636,2025-02-24,16:57,Clock Out,No Exception
3636,2025-02-25,08:26,Clock In,No Exception
3636,2025-02-25,17:55,Clock Out,No Exception
3636,2025-02-26,08:26,Clock In,No Exception
3636,2025-02-26,16:35,Clock Out,No Exception
3636,2025-02-27,06:13,Clock In,No Exception
3636,2025-02-27,16:02,Clock Out,No Exception
3636,2025-02-28,07:22,Clock In,No Exception
3636,2025-02-28,15:04,Clock Out,No Exception
2468,2025-01-01,08:25,Clock In,No Exception
2468,2025-01-01,16:40,Clock Out,No Exception
2468,2025-01-02,09:00,Clock In,No Exception
2468,2025-01-02,18:25,Clock Out,No Exception
2468,2025-01-03,07:37,Clock In,No Exception
2468,2025-01-03,17:13,Clock Out,No Exception
2468,2025-01-06,07:05,Clock In,No Exception
2468,2025-01-06,16:47,Clock Out,No Exception
2468,2025-01-07,09:50,Clock In,No Exception
2468,2025-01-07,18:49,Clock Out,No Exception
2468,2025-01-08,08:23,Clock In,No Exception
2468,2025-01-08,16:29,Clock Out,No Exception
2468,2025-01-09,09:59,Clock In,No Exception
2468,2025-01-09,19:12,Clock Out,No Exception
2468,2025-01-10,08:40,Clock In,No Exception
2468,2025-01-10,17:47,Clock Out,No Exception
2468,2025-01-13,07:55,Clock In,No Exception
2468,2025-01-13,16:56,Clock Out,No Exception
2468,2025-01-14,06:36,Clock In,No Exception
2468,2025-01-14,15:49,Clock Out,No Exception
2468,2025-01-15,06:05,Clock In,No Exception
2468,2025-01-15,14:41,Clock Out,No Exception
2468,2025-01-16,08:41,Clock In,No Exception
2468,2025-01-16,17:04,Clock Out,No Exception
2468,2025-01-17,07:35,Clock In,No Exception
2468,2025-01-17,16:56,Clock Out,No Exception
2468,2025-01-19,07:06,Clock In,No Exception
2468,2025-01-19,16:07,Clock Out,No Exception
2468,2025-01-20,06:08,Clock In,No Exception
2468,2025-01-20,14:25,Clock Out,No Exception
2468,2025-01-21,07:54,Clock In,No Exception
2468,2025-01-21,16:16,Clock Out,No Exception
2468,2025-01-22,09:20,Clock In,No Exception
2468,2025-01-22,16:52,Clock Out,No Exception
2468,2025-01-23,06:03,Clock In,No Exception
2468,2025-01-23,14:36,Clock Out,No Exception
2468,2025-01-24,07:55,Clock In,No Exception
2468,2025-01-24,16:51,Clock Out,No Exception
2468,2025-01-27,08:39,Clock In,No Exception
2468,2025-01-27,18:22,Clock Out,No Exception
2468,2025-01-28,09:03,Clock In,No Exception
2468,2025-01-28,17:12,Clock Out,No Exception
2468,2025-01-29,09:54,Clock In,No Exception
2468,2025-01-29,19:00,Clock Out,No Exception
2468,2025-01-30,08:52,Clock In,No Exception
2468,2025-01-30,17:20,Clock Out,No Exception
2468,2025-01-31,08:36,Clock In,No Exception
2468,2025-01-31,18:29,Clock Out,No Exception
2468,2025-02-01,06:36,Clock In,No Exception
2468,2025-02-01,14:08,Clock Out,No Exception
2468,2025-02-03,08:46,Clock In,No Exception
2468,2025-02-03,17:36,Clock Out,No Exception
2468,2025-02-04,07:33,Clock In,No Exception
2468,2025-02-04,15:26,Clock Out,No Exception
2468,2025-02-05,07:09,Clock In,No Exception
2468,2025-02-05,17:02,Clock Out,No Exception
2468,2025-02-06,09:10,Clock In,No Exception
2468,2025-02-06,16:46,Clock Out,No Exception
2468,2025-02-07,09:14,Clock In,No Exception
2468,2025-02-07,18:59,Clock Out,No Exception
2468,2025-02-10,06:00,Clock In,No Exception
2468,2025-02-10,13:58,Clock Out,No Exception
2468,2025-02-11,06:35,Clock In,No Exception
2468,2025-02-11,15:59,Clock Out,No Exception
2468,2025-02-12,06:56,Clock In,No Exception
2468,2025-02-12,16:13,Clock Out,No Exception
2468,2025-02-13,07:33,Clock In,No Exception
2468,2025-02-13,17:33,Clock Out,No Exception
2468,2025-02-14,08:19,Clock In,No Exception
2468,2025-02-14,18:05,Clock Out,No Exception
2468,2025-02-17,09:28,Clock In,No Exception
2468,2025-02-17,16:59,Clock Out,No Exception
2468,2025-02-18,07:09,Clock In,No Exception
2468,2025-02-18,17:03,Clock Out,No Exception
2468,2025-02-19,07:58,Clock In,No Exception
2468,2025-02-19,16:24,Clock Out,No Exception
2468,2025-02-20,07:09,Clock In,No Exception
2468,2025-02-20,15:26,Clock Out,No Exception
2468,2025-02-21,07:39,Clock In,No Exception
2468,2025-02-21,15:55,Clock Out,No Exception
2468,2025-02-23,09:01,Clock In,No Exception
2468,2025-02-23,16:56,Clock Out,No Exception
2468,2025-02-24,06:10,Clock In,No Exception
2468,2025-02-24,14:43,Clock Out,No Exception
2468,2025-02-25,06:15,Clock In,No Exception
2468,2025-02-25,14:21,Clock Out,No Exception
2468,2025-02-26,07:18,Clock In,No Exception
2468,2025-02-26,16:30,Clock Out,No Exception
2468,2025-02-27,06:15,Clock In,No Exception
2468,2025-02-27,14:45,Clock Out,No Exception
2468,2025-02-28,09:52,Clock In,No Exception
2468,2025-02-28,17:37,Clock Out,No Exception
1987,2025-01-01,06:38,Clock In,No Exception
1987,2025-01-01,15:40,Clock Out,No Exception
1987,2025-01-02,09:07,Clock In,No Exception
1987,2025-01-02,18:45,Clock Out,No Exception
1987,2025-01-03,06:46,Clock In,No Exception
1987,2025-01-03,16:17,Clock Out,No Exception
1987,2025-01-06,09:57,Clock In,No Exception
1987,2025-01-06,18:20,Clock Out,No Exception
1987,2025-01-07,07:32,Clock In,No Exception
1987,2025-01-07,16:09,Clock Out,No Exception
1987,2025-01-08,09:26,Clock In,No Exception
1987,2025-01-08,17:14,Clock Out,No Exception
1987,2025-01-09,09:20,Clock In,No Exception
1987,2025-01-09,18:20,Clock Out,No Exception
1987,2025-01-10,08:46,Clock In,No Exception
1987,2025-01-10,18:36,Clock Out,No Exception
1987,2025-01-13,09:26,Clock In,No Exception
1987,2025-01-13,18:00,Clock Out,No Exception
1987,2025-01-14,06:41,Clock In,No Exception
1987,2025-01-14,15:39,Clock Out,No Exception
1987,2025-01-15,07:15,Clock In,No Exception
1987,2025-01-15,16:54,Clock Out,No Exception
1987,2025-01-16,08:31,Clock In,No Exception
1987,2025-01-16,16:49,Clock Out,No Exception
1987,2025-01-17,08:54,Clock In,No Exception
1987,2025-01-17,17:03,Clock Out,No Exception
1987,2025-01-18,06:22,Clock In,No Exception
1987,2025-01-18,14:27,Clock Out,No Exception
1987,2025-01-19,07:25,Clock In,No Exception
1987,2025-01-19,15:36,Clock Out,No Exception
1987,2025-01-20,08:09,Clock In,No Exception
1987,2025-01-20,18:04,Clock Out,No Exception
1987,2025-01-21,09:56,Clock In,No Exception
1987,2025-01-21,19:15,Clock Out,No Exception
1987,2025-01-22,08:39,Clock In,No Exception
1987,2025-01-22,16:18,Clock Out,No Exception
1987,2025-01-23,07:09,Clock In,No Exception
1987,2025-01-23,16:04,Clock Out,No Exception
1987,2025-01-24,07:02,Clock In,No Exception
1987,2025-01-24,15:19,Clock Out,No Exception
1987,2025-01-25,07:31,Clock In,No Exception
1987,2025-01-25,15:09,Clock Out,No Exception
1987,2025-01-27,09:44,Clock In,No Exception
1987,2025-01-27,19:18,Clock Out,No Exception
1987,2025-01-28,08:44,Clock In,No Exception
1987,2025-01-28,16:23,Clock Out,No Exception
1987,2025-01-29,07:33,Clock In,No Exception
1987,2025-01-29,15:11,Clock Out,No Exception
1987,2025-01-30,06:29,Clock In,No Exception
1987,2025-01-30,15:51,Clock Out,No Exception
1987,2025-01-31,08:58,Clock In,No Exception
1987,2025-01-31,16:58,Clock Out,No Exception
1987,2025-02-01,06:02,Clock In,No Exception
1987,2025-02-01,15:00,Clock Out,No Exception
1987,2025-02-02,08:40,Clock In,No Exception
1987,2025-02-02,17:05,Clock Out,No Exception
1987,2025-02-03,06:09,Clock In,No Exception
1987,2025-02-03,13:59,Clock Out,No Exception
1987,2025-02-04,07:19,Clock In,No Exception
1987,2025-02-04,15:40,Clock Out,No Exception
1987,2025-02-05,07:55,Clock In,No Exception
1987,2025-02-05,16:42,Clock Out,No Exception
1987,2025-02-06,07:48,Clock In,No Exception
1987,2025-02-06,17:29,Clock Out,No Exception
1987,2025-02-07,08:35,Clock In,No Exception
1987,2025-02-07,17:23,Clock Out,No Exception
1987,2025-02-09,07:06,Clock In,No Exception
1987,2025-02-09,15:04,Clock Out,No Exception
1987,2025-02-10,09:33,Clock In,No Exception
1987,2025-02-10,17:06,Clock Out,No Exception
1987,2025-02-11,09:00,Clock In,No Exception
1987,2025-02-11,18:20,Clock Out,No Exception
1987,2025-02-12,07:46,Clock In,No Exception
1987,2025-02-12,17:35,Clock Out,No Exception
1987,2025-02-13,09:34,Clock In,No Exception
1987,2025-02-13,18:48,Clock Out,No Exception
1987,2025-02-14,09:39,Clock In,No Exception
1987,2025-02-14,19:03,Clock Out,No Exception
1987,2025-02-17,07:08,Clock In,No Exception
1987,2025-02-17,16:29,Clock Out,No Exception
1987,2025-02-18,06:26,Clock In,No Exception
1987,2025-02-18,14:48,Clock Out,No Exception
1987,2025-02-19,08:30,Clock In,No Exception
1987,2025-02-19,18:06,Clock Out,No Exception
1987,2025-02-20,08:03,Clock In,No Exception
1987,2025-02-20,16:22,Clock Out,No Exception
1987,2025-02-21,06:30,Clock In,No Exception
1987,2025-02-21,16:13,Clock Out,No Exception
1987,2025-02-24,07:49,Clock In,No Exception
1987,2025-02-24,17:09,Clock Out,No Exception
1987,2025-02-25,09:15,Clock In,No Exception
1987,2025-02-25,18:50,Clock Out,No Exception
1987,2025-02-26,06:23,Clock In,No Exception
1987,2025-02-26,15:12,Clock Out,No Exception
1987,2025-02-27,08:03,Clock In,No Exception
1987,2025-02-27,17:13,Clock Out,No Exception
1987,2025-02-28,07:55,Clock In,No Exception
1987,2025-02-28,15:39,Clock Out,No Exception
2726,2025-01-01,09:49,Clock In,No Exception
2726,2025-01-01,18:18,Clock Out,No Exception
2726,2025-01-02,08:10,Clock In,No Exception
2726,2025-01-02,15:54,Clock Out,No Exception
2726,2025-01-03,06:21,Clock In,No Exception
2726,2025-01-03,15:04,Clock Out,No Exception
2726,2025-01-06,07:43,Clock In,No Exception
2726,2025-01-06,17:26,Clock Out,No Exception
2726,2025-01-07,06:51,Clock In,No Exception
2726,2025-01-07,14:51,Clock Out,No Exception
2726,2025-01-08,08:08,Clock In,No Exception
2726,2025-01-08,16:19,Clock Out,No Exception
2726,2025-01-09,07:30,Clock In,No Exception
2726,2025-01-09,15:14,Clock Out,No Exception
2726,2025-01-10,06:16,Clock In,No Exception
2726,2025-01-10,14:49,Clock Out,No Exception
2726,2025-01-12,07:43,Clock In,No Exception
2726,2025-01-12,16:53,Clock Out,No Exception
2726,2025-01-13,06:55,Clock In,No Exception
2726,2025-01-13,16:14,Clock Out,No Exception
2726,2025-01-14,09:43,Clock In,No Exception
2726,2025-01-14,18:54,Clock Out,No Exception
2726,2025-01-15,09:08,Clock In,No Exception
2726,2025-01-15,16:51,Clock Out,No Exception
2726,2025-01-16,09:13,Clock In,No Exception
2726,2025-01-16,18:23,Clock Out,No Exception
2726,2025-01-17,07:19,Clock In,No Exception
2726,2025-01-17,17:17,Clock Out,No Exception
2726,2025-01-20,08:11,Clock In,No Exception
2726,2025-01-20,16:43,Clock Out,No Exception
2726,2025-01-21,09:21,Clock In,No Exception
2726,2025-01-21,19:10,Clock Out,No Exception
2726,2025-01-22,08:21,Clock In,No Exception
2726,2025-01-22,15:57,Clock Out,No Exception
2726,2025-01-23,08:29,Clock In,No Exception
2726,2025-01-23,16:48,Clock Out,No Exception
2726,2025-01-24,08:18,Clock In,No Exception
2726,2025-01-24,17:39,Clock Out,No Exception
2726,2025-01-27,09:41,Clock In,No Exception
2726,2025-01-27,18:47,Clock Out,No Exception
2726,2025-01-28,07:38,Clock In,No Exception
2726,2025-01-28,15:54,Clock Out,No Exception
2726,2025-01-29,09:04,Clock In,No Exception
2726,2025-01-29,16:41,Clock Out,No Exception
2726,2025-01-30,06:43,Clock In,No Exception
2726,2025-01-30,14:53,Clock Out,No Exception
2726,2025-01-31,07:33,Clock In,No Exception
2726,2025-01-31,15:15,Clock Out,No Exception
2726,2025-02-03,08:16,Clock In,No Exception
2726,2025-02-03,17:23,Clock Out,No Exception
2726,2025-02-04,08:32,Clock In,No Exception
2726,2025-02-04,18:00,Clock Out,No Exception
2726,2025-02-05,08:25,Clock In,No Exception
2726,2025-02-05,18:16,Clock Out,No Exception
2726,2025-02-06,09:47,Clock In,No Exception
2726,2025-02-06,18:07,Clock Out,No Exception
2726,2025-02-07,08:02,Clock In,No Exception
2726,2025-02-07,16:05,Clock Out,No Exception
2726,2025-02-08,09:58,Clock In,No Exception
2726,2025-02-08,18:02,Clock Out,No Exception
2726,2025-02-10,08:09,Clock In,No Exception
2726,2025-02-10,17:13,Clock Out,No Exception
2726,2025-02-11,09:16,Clock In,No Exception
2726,2025-02-11,18:14,Clock Out,No Exception
2726,2025-02-12,07:18,Clock In,No Exception
2726,2025-02-12,14:56,Clock Out,No Exception
2726,2025-02-13,07:02,Clock In,No Exception
2726,2025-02-13,16:58,Clock Out,No Exception
2726,2025-02-14,06:36,Clock In,No Exception
2726,2025-02-14,16:27,Clock Out,No Exception
2726,2025-02-17,06:36,Clock In,No Exception
2726,2025-02-17,14:55,Clock Out,No Exception
2726,2025-02-18,08:34,Clock In,No Exception
2726,2025-02-18,17:38,Clock Out,No Exception
2726,2025-02-19,08:22,Clock In,No Exception
2726,2025-02-19,18:18,Clock Out,No Exception
2726,2025-02-20,09:22,Clock In,No Exception
2726,2025-02-20,18:29,Clock Out,No Exception
2726,2025-02-21,09:58,Clock In,No Exception
2726,2025-02-21,18:31,Clock Out,No Exception
2726,2025-02-23,09:59,Clock In,No Exception
2726,2025-02-23,17:38,Clock Out,No Exception
2726,2025-02-24,08:54,Clock In,No Exception
2726,2025-02-24,18:36,Clock Out,No Exception
2726,2025-02-25,06:02,Clock In,No Exception
2726,2025-02-25,13:55,Clock Out,No Exception
2726,2025-02-26,07:41,Clock In,No Exception
2726,2025-02-26,15:56,Clock Out,No Exception
2726,2025-02-27,09:36,Clock In,No Exception
2726,2025-02-27,17:33,Clock Out,No Exception
2726,2025-02-28,09:13,Clock In,No Exception
2726,2025-02-28,19:00,Clock Out,No Exception
2441,2025-01-01,07:18,Clock In,No Exception
2441,2025-01-01,15:52,Clock Out,No Exception
2441,2025-01-02,07:09,Clock In,No Exception
2441,2025-01-02,15:13,Clock Out,No Exception
2441,2025-01-03,07:57,Clock In,No Exception
2441,2025-01-03,15:58,Clock Out,No Exception
2441,2025-01-04,08:17,Clock In,No Exception
2441,2025-01-04,16:47,Clock Out,No Exception
2441,2025-01-06,07:25,Clock In,No Exception
2441,2025-01-06,15:32,Clock Out,No Exception
2441,2025-01-07,06:25,Clock In,No Exception
2441,2025-01-07,15:34,Clock Out,No Exception
2441,2025-01-08,07:53,Clock In,No Exception
2441,2025-01-08,17:37,Clock Out,No Exception
2441,2025-01-09,09:42,Clock In,No Exception
2441,2025-01-09,19:30,Clock Out,No Exception
2441,2025-01-10,07:31,Clock In,No Exception
2441,2025-01-10,15:37,Clock Out,No Exception
2441,2025-01-13,06:22,Clock In,No Exception
2441,2025-01-13,15:45,Clock Out,No Exception
2441,2025-01-14,06:41,Clock In,No Exception
2441,2025-01-14,16:25,Clock Out,No Exception
2441,2025-01-15,09:41,Clock In,No Exception
2441,2025-01-15,17:30,Clock Out,No Exception
2441,2025-01-16,06:39,Clock In,No Exception
2441,2025-01-16,15:04,Clock Out,No Exception
2441,2025-01-17,09:41,Clock In,No Exception
2441,2025-01-17,19:06,Clock Out,No Exception
2441,2025-01-18,07:31,Clock In,No Exception
2441,2025-01-18,15:23,Clock Out,No Exception
2441,2025-01-19,08:05,Clock In,No Exception
2441,2025-01-19,17:24,Clock Out,No Exception
2441,2025-01-20,06:52,Clock In,No Exception
2441,2025-01-20,15:30,Clock Out,No Exception
2441,2025-01-21,09:15,Clock In,No Exception
2441,2025-01-21,19:13,Clock Out,No Exception
2441,2025-01-22,06:21,Clock In,No Exception
2441,2025-01-22,14:09,Clock Out,No Exception
2441,2025-01-23,06:42,Clock In,No Exception
2441,2025-01-23,14:42,Clock Out,No Exception
2441,2025-01-24,07:08,Clock In,No Exception
2441,2025-01-24,16:27,Clock Out,No Exception
2441,2025-01-25,06:07,Clock In,No Exception
2441,2025-01-25,15:26,Clock Out,No Exception
2441,2025-01-27,09:54,Clock In,No Exception
2441,2025-01-27,19:50,Clock Out,No Exception
2441,2025-01-28,09:55,Clock In,No Exception
2441,2025-01-28,19:07,Clock Out,No Exception
2441,2025-01-29,09:31,Clock In,No Exception
2441,2025-01-29,17:26,Clock Out,No Exception
2441,2025-01-30,09:20,Clock In,No Exception
2441,2025-01-30,17:58,Clock Out,No Exception
2441,2025-01-31,07:59,Clock In,No Exception
2441,2025-01-31,16:50,Clock Out,No Exception
2441,2025-02-02,08:18,Clock In,No Exception
2441,2025-02-02,17:21,Clock Out,No Exception
2441,2025-02-03,09:45,Clock In,No Exception
2441,2025-02-03,18:24,Clock Out,No Exception
2441,2025-02-04,08:22,Clock In,No Exception
2441,2025-02-04,17:58,Clock Out,No Exception
2441,2025-02-05,08:45,Clock In,No Exception
2441,2025-02-05,17:25,Clock Out,No Exception
2441,2025-02-06,07:55,Clock In,No Exception
2441,2025-02-06,17:20,Clock Out,No Exception
2441,2025-02-07,09:21,Clock In,No Exception
2441,2025-02-07,19:12,Clock Out,No Exception
2441,2025-02-10,06:31,Clock In,No Exception
2441,2025-02-10,14:29,Clock Out,No Exception
2441,2025-02-11,09:46,Clock In,No Exception
2441,2025-02-11,17:54,Clock Out,No Exception
2441,2025-02-12,08:45,Clock In,No Exception
2441,2025-02-12,16:15,Clock Out,No Exception
2441,2025-02-13,09:38,Clock In,No Exception
2441,2025-02-13,18:25,Clock Out,No Exception
2441,2025-02-14,09:02,Clock In,No Exception
2441,2025-02-14,18:50,Clock Out,No Exception
2441,2025-02-15,06:46,Clock In,No Exception
2441,2025-02-15,15:24,Clock Out,No Exception
2441,2025-02-17,06:09,Clock In,No Exception
2441,2025-02-17,14:56,Clock Out,No Exception
2441,2025-02-18,08:09,Clock In,No Exception
2441,2025-02-18,16:53,Clock Out,No Exception
2441,2025-02-19,07:58,Clock In,No Exception
2441,2025-02-19,17:05,Clock Out,No Exception
2441,2025-02-20,08:38,Clock In,No Exception
2441,2025-02-20,17:42,Clock Out,No Exception
2441,2025-02-21,08:11,Clock In,No Exception
2441,2025-02-21,16:55,Clock Out,No Exception
2441,2025-02-24,06:21,Clock In,No Exception
2441,2025-02-24,14:39,Clock Out,No Exception
2441,2025-02-25,07:41,Clock In,No Exception
2441,2025-02-25,17:24,Clock Out,No Exception
2441,2025-02-26,08:02,Clock In,No Exception
2441,2025-02-26,17:43,Clock Out,No Exception
2441,2025-02-27,08:22,Clock In,No Exception
2441,2025-02-27,18:16,Clock Out,No Exception
2441,2025-02-28,07:53,Clock In,No Exception
2441,2025-02-28,15:39,Clock Out,No Exception
3146,2025-01-01,09:23,Clock In,No Exception
3146,2025-01-01,17:56,Clock Out,No Exception
3146,2025-01-02,06:41,Clock In,No Exception
3146,2025-01-02,15:20,Clock Out,No Exception
3146,2025-01-03,07:17,Clock In,No Exception
3146,2025-01-03,16:50,Clock Out,No Exception
3146,2025-01-06,09:45,Clock In,No Exception
3146,2025-01-06,19:18,Clock Out,No Exception
3146,2025-01-07,08:07,Clock In,No Exception
3146,2025-01-07,16:45,Clock Out,No Exception
3146,2025-01-08,09:44,Clock In,No Exception
3146,2025-01-08,18:28,Clock Out,No Exception
3146,2025-01-09,06:50,Clock In,No Exception
3146,2025-01-09,15:21,Clock Out,No Exception
3146,2025-01-10,08:22,Clock In,No Exception
3146,2025-01-10,17:00,Clock Out,No Exception
3146,2025-01-12,07:45,Clock In,No Exception
3146,2025-01-12,17:14,Clock Out,No Exception
3146,2025-01-13,09:38,Clock In,No Exception
3146,2025-01-13,18:26,Clock Out,No Exception
3146,2025-01-14,08:44,Clock In,No Exception
3146,2025-01-14,16:16,Clock Out,No Exception
3146,2025-01-15,06:14,Clock In,No Exception
3146,2025-01-15,15:06,Clock Out,No Exception
3146,2025-01-16,08:32,Clock In,No Exception
3146,2025-01-16,16:13,Clock Out,No Exception
3146,2025-01-17,07:03,Clock In,No Exception
3146,2025-01-17,16:21,Clock Out,No Exception
3146,2025-01-20,08:48,Clock In,No Exception
3146,2025-01-20,18:16,Clock Out,No Exception
3146,2025-01-21,09:30,Clock In,No Exception
3146,2025-01-21,18:36,Clock Out,No Exception
3146,2025-01-22,07:25,Clock In,No Exception
3146,2025-01-22,14:55,Clock Out,No Exception
3146,2025-01-23,08:50,Clock In,No Exception
3146,2025-01-23,18:34,Clock Out,No Exception
3146,2025-01-24,09:47,Clock In,No Exception
3146,2025-01-24,19:02,Clock Out,No Exception
3146,2025-01-27,07:00,Clock In,No Exception
3146,2025-01-27,16:32,Clock Out,No Exception
3146,2025-01-28,08:33,Clock In,No Exception
3146,2025-01-28,18:11,Clock Out,No Exception
3146,2025-01-29,07:13,Clock In,No Exception
3146,2025-01-29,14:54,Clock Out,No Exception
3146,2025-01-30,07:25,Clock In,No Exception
3146,2025-01-30,17:24,Clock Out,No Exception
3146,2025-01-31,06:07,Clock In,No Exception
3146,2025-01-31,15:34,Clock Out,No Exception
3146,2025-02-02,07:12,Clock In,No Exception
3146,2025-02-02,17:05,Clock Out,No Exception
3146,2025-02-03,07:51,Clock In,No Exception
3146,2025-02-03,15:51,Clock Out,No Exception
3146,2025-02-04,06:40,Clock In,No Exception
3146,2025-02-04,14:53,Clock Out,No Exception
3146,2025-02-05,07:09,Clock In,No Exception
3146,2025-02-05,14:46,Clock Out,No Exception
3146,2025-02-06,06:06,Clock In,No Exception
3146,2025-02-06,13:44,Clock Out,No Exception
3146,2025-02-07,07:24,Clock In,No Exception
3146,2025-02-07,16:37,Clock Out,No Exception
3146,2025-02-10,07:55,Clock In,No Exception
3146,2025-02-10,17:15,Clock Out,No Exception
3146,2025-02-11,08:54,Clock In,No Exception
3146,2025-02-11,16:37,Clock Out,No Exception
3146,2025-02-12,06:16,Clock In,No Exception
3146,2025-02-12,14:32,Clock Out,No Exception
3146,2025-02-13,07:04,Clock In,No Exception
3146,2025-02-13,16:46,Clock Out,No Exception
3146,2025-02-14,09:05,Clock In,No Exception
3146,2025-02-14,17:50,Clock Out,No Exception
3146,2025-02-16,07:50,Clock In,No Exception
3146,2025-02-16,16:12,Clock Out,No Exception
3146,2025-02-17,08:28,Clock In,No Exception
3146,2025-02-17,18:00,Clock Out,No Exception
3146,2025-02-18,06:42,Clock In,No Exception
3146,2025-02-18,15:38,Clock Out,No Exception
3146,2025-02-19,07:32,Clock In,No Exception
3146,2025-02-19,17:26,Clock Out,No Exception
3146,2025-02-20,09:59,Clock In,No Exception
3146,2025-02-20,19:38,Clock Out,No Exception
3146,2025-02-21,09:10,Clock In,No Exception
3146,2025-02-21,17:44,Clock Out,No Exception
3146,2025-02-23,07:33,Clock In,No Exception
3146,2025-02-23,15:15,Clock Out,No Exception
3146,2025-02-24,09:51,Clock In,No Exception
3146,2025-02-24,18:17,Clock Out,No Exception
3146,2025-02-25,09:18,Clock In,No Exception
3146,2025-02-25,18:41,Clock Out,No Exception
3146,2025-02-26,06:01,Clock In,No Exception
3146,2025-02-26,13:33,Clock Out,No Exception
3146,2025-02-27,09:39,Clock In,No Exception
3146,2025-02-27,17:33,Clock Out,No Exception
3146,2025-02-28,08:04,Clock In,No Exception
3146,2025-02-28,17:16,Clock Out,No Exception
1391,2025-01-01,07:16,Clock In,No Exception
1391,2025-01-01,15:12,Clock Out,No Exception
1391,2025-01-02,07:04,Clock In,No Exception
1391,2025-01-02,15:14,Clock Out,No Exception
1391,2025-01-03,09:57,Clock In,No Exception
1391,2025-01-03,19:18,Clock Out,No Exception
1391,2025-01-05,09:21,Clock In,No Exception
1391,2025-01-05,18:43,Clock Out,No Exception
1391,2025-01-06,07:15,Clock In,No Exception
1391,2025-01-06,15:10,Clock Out,No Exception
1391,2025-01-07,07:45,Clock In,No Exception
1391,2025-01-07,17:09,Clock Out,No Exception
1391,2025-01-08,07:39,Clock In,No Exception
1391,2025-01-08,17:34,Clock Out,No Exception
1391,2025-01-09,09:27,Clock In,No Exception
1391,2025-01-09,18:20,Clock Out,No Exception
1391,2025-01-10,07:18,Clock In,No Exception
1391,2025-01-10,17:13,Clock Out,No Exception
1391,2025-01-12,09:35,Clock In,No Exception
1391,2025-01-12,18:04,Clock Out,No Exception
1391,2025-01-13,08:23,Clock In,No Exception
1391,2025-01-13,18:10,Clock Out,No Exception
1391,2025-01-14,09:55,Clock In,No Exception
1391,2025-01-14,18:01,Clock Out,No Exception
1391,2025-01-15,08:48,Clock In,No Exception
1391,2025-01-15,16:29,Clock Out,No Exception
1391,2025-01-16,09:27,Clock In,No Exception
1391,2025-01-16,18:26,Clock Out,No Exception
1391,2025-01-17,08:20,Clock In,No Exception
1391,2025-01-17,17:05,Clock Out,No Exception
1391,2025-01-19,07:25,Clock In,No Exception
1391,2025-01-19,14:56,Clock Out,No Exception
1391,2025-01-20,08:51,Clock In,No Exception
1391,2025-01-20,18:30,Clock Out,No Exception
1391,2025-01-21,07:21,Clock In,No Exception
1391,2025-01-21,14:59,Clock Out,No Exception
1391,2025-01-22,06:22,Clock In,No Exception
1391,2025-01-22,16:22,Clock Out,No Exception
1391,2025-01-23,07:09,Clock In,No Exception
1391,2025-01-23,14:42,Clock Out,No Exception
1391,2025-01-24,08:06,Clock In,No Exception
1391,2025-01-24,17:18,Clock Out,No Exception
1391,2025-01-27,09:08,Clock In,No Exception
1391,2025-01-27,16:44,Clock Out,No Exception
1391,2025-01-28,06:43,Clock In,No Exception
1391,2025-01-28,15:50,Clock Out,No Exception
1391,2025-01-29,07:06,Clock In,No Exception
1391,2025-01-29,15:30,Clock Out,No Exception
1391,2025-01-30,08:24,Clock In,No Exception
1391,2025-01-30,16:07,Clock Out,No Exception
1391,2025-01-31,09:52,Clock In,No Exception
1391,2025-01-31,17:43,Clock Out,No Exception
1391,2025-02-03,08:52,Clock In,No Exception
1391,2025-02-03,16:23,Clock Out,No Exception
1391,2025-02-04,09:55,Clock In,No Exception
1391,2025-02-04,19:36,Clock Out,No Exception
1391,2025-02-05,07:01,Clock In,No Exception
1391,2025-02-05,15:22,Clock Out,No Exception
1391,2025-02-06,07:36,Clock In,No Exception
1391,2025-02-06,15:53,Clock Out,No Exception
1391,2025-02-07,09:33,Clock In,No Exception
1391,2025-02-07,17:44,Clock Out,No Exception
1391,2025-02-10,09:26,Clock In,No Exception
1391,2025-02-10,17:21,Clock Out,No Exception
1391,2025-02-11,07:34,Clock In,No Exception
1391,2025-02-11,16:12,Clock Out,No Exception
1391,2025-02-12,07:56,Clock In,No Exception
1391,2025-02-12,15:51,Clock Out,No Exception
1391,2025-02-13,09:17,Clock In,No Exception
1391,2025-02-13,18:16,Clock Out,No Exception
1391,2025-02-14,07:34,Clock In,No Exception
1391,2025-02-14,16:04,Clock Out,No Exception
1391,2025-02-16,09:58,Clock In,No Exception
1391,2025-02-16,17:42,Clock Out,No Exception
1391,2025-02-17,06:26,Clock In,No Exception
1391,2025-02-17,15:06,Clock Out,No Exception
1391,2025-02-18,09:44,Clock In,No Exception
1391,2025-02-18,19:39,Clock Out,No Exception
1391,2025-02-19,08:27,Clock In,No Exception
1391,2025-02-19,16:28,Clock Out,No Exception
1391,2025-02-20,06:27,Clock In,No Exception
1391,2025-02-20,15:10,Clock Out,No Exception
1391,2025-02-21,06:42,Clock In,No Exception
1391,2025-02-21,14:53,Clock Out,No Exception
1391,2025-02-22,07:37,Clock In,No Exception
1391,2025-02-22,16:12,Clock Out,No Exception
1391,2025-02-24,06:08,Clock In,No Exception
1391,2025-02-24,15:42,Clock Out,No Exception
1391,2025-02-25,07:41,Clock In,No Exception
1391,2025-02-25,16:09,Clock Out,No Exception
1391,2025-02-26,07:51,Clock In,No Exception
1391,2025-02-26,15:27,Clock Out,No Exception
1391,2025-02-27,08:59,Clock In,No Exception
1391,2025-02-27,18:32,Clock Out,No Exception
1391,2025-02-28,07:55,Clock In,No Exception
1391,2025-02-28,17:55,Clock Out,No Exception
3649,2025-01-01,08:25,Clock In,No Exception
3649,2025-01-01,17:04,Clock Out,No Exception
3649,2025-01-02,06:04,Clock In,No Exception
3649,2025-01-02,13:34,Clock Out,No Exception
3649,2025-01-03,07:51,Clock In,No Exception
3649,2025-01-03,17:05,Clock Out,No Exception
3649,2025-01-04,09:34,Clock In,No Exception
3649,2025-01-04,17:36,Clock Out,No Exception
3649,2025-01-05,06:43,Clock In,No Exception
3649,2025-01-05,15:58,Clock Out,No Exception
3649,2025-01-06,08:44,Clock In,No Exception
3649,2025-01-06,17:40,Clock Out,No Exception
3649,2025-01-07,09:54,Clock In,No Exception
3649,2025-01-07,18:25,Clock Out,No Exception
3649,2025-01-08,07:25,Clock In,No Exception
3649,2025-01-08,16:43,Clock Out,No Exception
3649,2025-01-09,09:55,Clock In,No Exception
3649,2025-01-09,18:57,Clock Out,No Exception
3649,2025-01-10,06:25,Clock In,No Exception
3649,2025-01-10,16:00,Clock Out,No Exception
3649,2025-01-12,07:04,Clock In,No Exception
3649,2025-01-12,16:41,Clock Out,No Exception
3649,2025-01-13,07:43,Clock In,No Exception
3649,2025-01-13,16:16,Clock Out,No Exception
3649,2025-01-14,08:53,Clock In,No Exception
3649,2025-01-14,18:33,Clock Out,No Exception
3649,2025-01-15,07:51,Clock In,No Exception
3649,2025-01-15,16:40,Clock Out,No Exception
3649,2025-01-16,06:38,Clock In,No Exception
3649,2025-01-16,14:08,Clock Out,No Exception
3649,2025-01-17,09:59,Clock In,No Exception
3649,2025-01-17,19:37,Clock Out,No Exception
3649,2025-01-19,08:42,Clock In,No Exception
3649,2025-01-19,16:34,Clock Out,No Exception
3649,2025-01-20,07:04,Clock In,No Exception
3649,2025-01-20,16:35,Clock Out,No Exception
3649,2025-01-21,08:15,Clock In,No Exception
3649,2025-01-21,18:11,Clock Out,No Exception
3649,2025-01-22,07:43,Clock In,No Exception
3649,2025-01-22,15:28,Clock Out,No Exception
3649,2025-01-23,08:09,Clock In,No Exception
3649,2025-01-23,17:00,Clock Out,No Exception
3649,2025-01-24,09:19,Clock In,No Exception
3649,2025-01-24,18:06,Clock Out,No Exception
3649,2025-01-27,08:45,Clock In,No Exception
3649,2025-01-27,18:31,Clock Out,No Exception
3649,2025-01-28,08:43,Clock In,No Exception
3649,2025-01-28,18:22,Clock Out,No Exception
3649,2025-01-29,09:52,Clock In,No Exception
3649,2025-01-29,19:08,Clock Out,No Exception
3649,2025-01-30,08:36,Clock In,No Exception
3649,2025-01-30,17:41,Clock Out,No Exception
3649,2025-01-31,08:38,Clock In,No Exception
3649,2025-01-31,17:46,Clock Out,No Exception
3649,2025-02-01,08:49,Clock In,No Exception
3649,2025-02-01,18:40,Clock Out,No Exception
3649,2025-02-03,06:27,Clock In,No Exception
3649,2025-02-03,15:20,Clock Out,No Exception
3649,2025-02-04,09:30,Clock In,No Exception
3649,2025-02-04,18:57,Clock Out,No Exception
3649,2025-02-05,06:16,Clock In,No Exception
3649,2025-02-05,15:26,Clock Out,No Exception
3649,2025-02-06,08:40,Clock In,No Exception
3649,2025-02-06,16:41,Clock Out,No Exception
3649,2025-02-07,07:17,Clock In,No Exception
3649,2025-02-07,14:51,Clock Out,No Exception
3649,2025-02-10,09:24,Clock In,No Exception
3649,2025-02-10,17:00,Clock Out,No Exception
3649,2025-02-11,08:32,Clock In,No Exception
3649,2025-02-11,17:06,Clock Out,No Exception
3649,2025-02-12,08:24,Clock In,No Exception
3649,2025-02-12,18:05,Clock Out,No Exception
3649,2025-02-13,07:09,Clock In,No Exception
3649,2025-02-13,15:00,Clock Out,No Exception
3649,2025-02-14,06:40,Clock In,No Exception
3649,2025-02-14,14:34,Clock Out,No Exception
3649,2025-02-16,07:29,Clock In,No Exception
3649,2025-02-16,15:31,Clock Out,No Exception
3649,2025-02-17,07:00,Clock In,No Exception
3649,2025-02-17,15:52,Clock Out,No Exception
3649,2025-02-18,07:08,Clock In,No Exception
3649,2025-02-18,16:07,Clock Out,No Exception
3649,2025-02-19,08:44,Clock In,No Exception
3649,2025-02-19,17:38,Clock Out,No Exception
3649,2025-02-20,09:39,Clock In,No Exception
3649,2025-02-20,18:14,Clock Out,No Exception
3649,2025-02-21,09:25,Clock In,No Exception
3649,2025-02-21,18:37,Clock Out,No Exception
3649,2025-02-23,06:26,Clock In,No Exception
3649,2025-02-23,14:45,Clock Out,No Exception
3649,2025-02-24,06:20,Clock In,No Exception
3649,2025-02-24,14:17,Clock Out,No Exception
3649,2025-02-25,08:03,Clock In,No Exception
3649,2025-02-25,16:09,Clock Out,No Exception
3649,2025-02-26,08:29,Clock In,No Exception
3649,2025-02-26,18:23,Clock Out,No Exception
3649,2025-02-27,07:49,Clock In,No Exception
3649,2025-02-27,17:27,Clock Out,No Exception
3649,2025-02-28,08:15,Clock In,No Exception
3649,2025-02-28,16:37,Clock Out,No Exception
3760,2025-01-01,06:39,Clock In,No Exception
3760,2025-01-01,15:37,Clock Out,No Exception
3760,2025-01-02,06:56,Clock In,No Exception
3760,2025-01-02,15:34,Clock Out,No Exception
3760,2025-01-03,09:37,Clock In,No Exception
3760,2025-01-03,18:01,Clock Out,No Exception
3760,2025-01-06,09:32,Clock In,No Exception
3760,2025-01-06,17:33,Clock Out,No Exception
3760,2025-01-07,08:42,Clock In,No Exception
3760,2025-01-07,16:25,Clock Out,No Exception
3760,2025-01-08,06:10,Clock In,No Exception
3760,2025-01-08,14:42,Clock Out,No Exception
3760,2025-01-09,06:02,Clock In,No Exception
3760,2025-01-09,14:17,Clock Out,No Exception
3760,2025-01-10,07:03,Clock In,No Exception
3760,2025-01-10,15:51,Clock Out,No Exception
3760,2025-01-11,09:01,Clock In,No Exception
3760,2025-01-11,16:59,Clock Out,No Exception
3760,2025-01-12,06:18,Clock In,No Exception
3760,2025-01-12,16:16,Clock Out,No Exception
3760,2025-01-13,07:22,Clock In,No Exception
3760,2025-01-13,16:29,Clock Out,No Exception
3760,2025-01-14,08:06,Clock In,No Exception
3760,2025-01-14,15:43,Clock Out,No Exception
3760,2025-01-15,08:22,Clock In,No Exception
3760,2025-01-15,17:48,Clock Out,No Exception
3760,2025-01-16,07:37,Clock In,No Exception
3760,2025-01-16,17:24,Clock Out,No Exception
3760,2025-01-17,08:48,Clock In,No Exception
3760,2025-01-17,18:45,Clock Out,No Exception
3760,2025-01-20,07:47,Clock In,No Exception
3760,2025-01-20,15:31,Clock Out,No Exception
3760,2025-01-21,06:13,Clock In,No Exception
3760,2025-01-21,14:49,Clock Out,No Exception
3760,2025-01-22,07:32,Clock In,No Exception
3760,2025-01-22,17:12,Clock Out,No Exception
3760,2025-01-23,09:51,Clock In,No Exception
3760,2025-01-23,17:42,Clock Out,No Exception
3760,2025-01-24,09:56,Clock In,No Exception
3760,2025-01-24,17:48,Clock Out,No Exception
3760,2025-01-26,09:09,Clock In,No Exception
3760,2025-01-26,16:54,Clock Out,No Exception
3760,2025-01-27,09:13,Clock In,No Exception
3760,2025-01-27,17:05,Clock Out,No Exception
3760,2025-01-28,07:27,Clock In,No Exception
3760,2025-01-28,16:57,Clock Out,No Exception
3760,2025-01-29,09:02,Clock In,No Exception
3760,2025-01-29,17:48,Clock Out,No Exception
3760,2025-01-30,07:28,Clock In,No Exception
3760,2025-01-30,15:04,Clock Out,No Exception
3760,2025-01-31,09:53,Clock In,No Exception
3760,2025-01-31,18:40,Clock Out,No Exception
3760,2025-02-02,07:12,Clock In,No Exception
3760,2025-02-02,15:47,Clock Out,No Exception
3760,2025-02-03,07:21,Clock In,No Exception
3760,2025-02-03,15:17,Clock Out,No Exception
3760,2025-02-04,08:59,Clock In,No Exception
3760,2025-02-04,16:35,Clock Out,No Exception
3760,2025-02-05,08:30,Clock In,No Exception
3760,2025-02-05,17:18,Clock Out,No Exception
3760,2025-02-06,09:44,Clock In,No Exception
3760,2025-02-06,19:06,Clock Out,No Exception
3760,2025-02-07,09:52,Clock In,No Exception
3760,2025-02-07,18:45,Clock Out,No Exception
3760,2025-02-10,06:00,Clock In,No Exception
3760,2025-02-10,14:49,Clock Out,No Exception
3760,2025-02-11,08:53,Clock In,No Exception
3760,2025-02-11,18:10,Clock Out,No Exception
3760,2025-02-12,06:50,Clock In,No Exception
3760,2025-02-12,16:28,Clock Out,No Exception
3760,2025-02-13,07:41,Clock In,No Exception
3760,2025-02-13,15:17,Clock Out,No Exception
3760,2025-02-14,07:33,Clock In,No Exception
3760,2025-02-14,15:27,Clock Out,No Exception
3760,2025-02-15,09:29,Clock In,No Exception
3760,2025-02-15,17:27,Clock Out,No Exception
3760,2025-02-17,06:48,Clock In,No Exception
3760,2025-02-17,15:15,Clock Out,No Exception
3760,2025-02-18,06:24,Clock In,Missing Clock Out
3760,2025-02-18,14:21,Clock Out,No Exception
3760,2025-02-19,09:41,Clock In,No Exception
3760,2025-02-19,18:31,Clock Out,No Exception
3760,2025-02-20,09:55,Clock In,No Exception
3760,2025-02-20,18:34,Clock Out,No Exception
3760,2025-02-21,06:48,Clock In,No Exception
3760,2025-02-21,15:28,Clock Out,No Exception
3760,2025-02-24,06:51,Clock In,No Exception
3760,2025-02-24,14:50,Clock Out,No Exception
3760,2025-02-25,08:30,Clock In,No Exception
3760,2025-02-25,17:13,Clock Out,No Exception
3760,2025-02-26,06:58,Clock In,No Exception
3760,2025-02-26,15:08,Clock Out,No Exception
3760,2025-02-27,09:40,Clock In,Missing Clock Out
3760,2025-02-27,17:32,Clock Out,No Exception
3760,2025-02-28,06:07,Clock In,No Exception
3760,2025-02-28,15:42,Clock Out,No Exception
1431,2025-01-01,06:14,Clock In,No Exception
1431,2025-01-01,15:23,Clock Out,No Exception
1431,2025-01-02,06:09,Clock In,No Exception
1431,2025-01-02,13:51,Clock Out,No Exception
1431,2025-01-03,06:44,Clock In,No Exception
1431,2025-01-03,16:35,Clock Out,No Exception
1431,2025-01-06,08:35,Clock In,No Exception
1431,2025-01-06,17:26,Clock Out,No Exception
1431,2025-01-07,07:01,Clock In,No Exception
1431,2025-01-07,16:38,Clock Out,No Exception
1431,2025-01-08,09:22,Clock In,No Exception
1431,2025-01-08,18:49,Clock Out,No Exception
1431,2025-01-09,07:36,Clock In,No Exception
1431,2025-01-09,16:11,Clock Out,No Exception
1431,2025-01-10,07:35,Clock In,No Exception
1431,2025-01-10,17:15,Clock Out,No Exception
1431,2025-01-13,06:06,Clock In,No Exception
1431,2025-01-13,15:28,Clock Out,No Exception
1431,2025-01-14,08:23,Clock In,No Exception
1431,2025-01-14,16:43,Clock Out,No Exception
1431,2025-01-15,09:59,Clock In,No Exception
1431,2025-01-15,19:41,Clock Out,No Exception
1431,2025-01-16,07:36,Clock In,No Exception
1431,2025-01-16,17:13,Clock Out,No Exception
1431,2025-01-17,07:51,Clock In,No Exception
1431,2025-01-17,17:20,Clock Out,No Exception
1431,2025-01-20,09:20,Clock In,No Exception
1431,2025-01-20,17:37,Clock Out,No Exception
1431,2025-01-21,09:56,Clock In,No Exception
1431,2025-01-21,19:19,Clock Out,No Exception
1431,2025-01-22,07:10,Clock In,No Exception
1431,2025-01-22,17:01,Clock Out,No Exception
1431,2025-01-23,06:34,Clock In,No Exception
1431,2025-01-23,15:37,Clock Out,No Exception
1431,2025-01-24,06:59,Clock In,No Exception
1431,2025-01-24,15:06,Clock Out,No Exception
1431,2025-01-26,08:01,Clock In,No Exception
1431,2025-01-26,16:58,Clock Out,No Exception
1431,2025-01-27,07:37,Clock In,No Exception
1431,2025-01-27,16:39,Clock Out,No Exception
1431,2025-01-28,06:13,Clock In,No Exception
1431,2025-01-28,15:49,Clock Out,No Exception
1431,2025-01-29,06:29,Clock In,No Exception
1431,2025-01-29,14:47,Clock Out,No Exception
1431,2025-01-30,09:38,Clock In,No Exception
1431,2025-01-30,17:58,Clock Out,No Exception
1431,2025-01-31,07:06,Clock In,No Exception
1431,2025-01-31,16:56,Clock Out,No Exception
1431,2025-02-01,07:07,Clock In,No Exception
1431,2025-02-01,15:26,Clock Out,No Exception
1431,2025-02-02,06:52,Clock In,No Exception
1431,2025-02-02,15:07,Clock Out,No Exception
1431,2025-02-03,08:05,Clock In,No Exception
1431,2025-02-03,16:00,Clock Out,No Exception
1431,2025-02-04,08:26,Clock In,No Exception
1431,2025-02-04,16:18,Clock Out,No Exception
1431,2025-02-05,09:32,Clock In,No Exception
1431,2025-02-05,17:44,Clock Out,No Exception
1431,2025-02-06,06:45,Clock In,No Exception
1431,2025-02-06,15:57,Clock Out,No Exception
1431,2025-02-07,06:59,Clock In,No Exception
1431,2025-02-07,14:59,Clock Out,No Exception
1431,2025-02-08,08:17,Clock In,No Exception
1431,2025-02-08,17:25,Clock Out,No Exception
1431,2025-02-10,09:06,Clock In,No Exception
1431,2025-02-10,18:51,Clock Out,No Exception
1431,2025-02-11,07:21,Clock In,No Exception
1431,2025-02-11,14:53,Clock Out,No Exception
1431,2025-02-12,08:29,Clock In,No Exception
1431,2025-02-12,18:21,Clock Out,No Exception
1431,2025-02-13,07:27,Clock In,No Exception
1431,2025-02-13,16:39,Clock Out,No Exception
1431,2025-02-14,07:42,Clock In,No Exception
1431,2025-02-14,17:31,Clock Out,No Exception
1431,2025-02-17,07:08,Clock In,No Exception
1431,2025-02-17,17:01,Clock Out,No Exception
1431,2025-02-18,07:59,Clock In,No Exception
1431,2025-02-18,17:54,Clock Out,No Exception
1431,2025-02-19,06:21,Clock In,No Exception
1431,2025-02-19,14:17,Clock Out,No Exception
1431,2025-02-20,09:58,Clock In,No Exception
1431,2025-02-20,19:44,Clock Out,No Exception
1431,2025-02-21,09:18,Clock In,No Exception
1431,2025-02-21,18:23,Clock Out,No Exception
1431,2025-02-24,09:36,Clock In,No Exception
1431,2025-02-24,18:56,Clock Out,No Exception
1431,2025-02-25,08:14,Clock In,No Exception
1431,2025-02-25,17:00,Clock Out,No Exception
1431,2025-02-26,06:10,Clock In,No Exception
1431,2025-02-26,14:37,Clock Out,No Exception
1431,2025-02-27,06:34,Clock In,No Exception
1431,2025-02-27,15:53,Clock Out,No Exception
1431,2025-02-28,06:43,Clock In,No Exception
1431,2025-02-28,14:33,Clock Out,No Exception
3752,2025-01-01,09:41,Clock In,No Exception
3752,2025-01-01,18:55,Clock Out,No Exception
3752,2025-01-02,09:07,Clock In,No Exception
3752,2025-01-02,16:54,Clock Out,No Exception
3752,2025-01-03,06:25,Clock In,No Exception
3752,2025-01-03,15:47,Clock Out,No Exception
3752,2025-01-06,08:20,Clock In,No Exception
3752,2025-01-06,18:15,Clock Out,No Exception
3752,2025-01-07,07:01,Clock In,No Exception
3752,2025-01-07,14:49,Clock Out,No Exception
3752,2025-01-08,06:05,Clock In,No Exception
3752,2025-01-08,14:45,Clock Out,No Exception
3752,2025-01-09,08:21,Clock In,No Exception
3752,2025-01-09,16:01,Clock Out,No Exception
3752,2025-01-10,08:52,Clock In,No Exception
3752,2025-01-10,18:36,Clock Out,No Exception
3752,2025-01-11,08:09,Clock In,No Exception
3752,2025-01-11,15:43,Clock Out,No Exception
3752,2025-01-13,09:25,Clock In,No Exception
3752,2025-01-13,17:14,Clock Out,No Exception
3752,2025-01-14,08:47,Clock In,No Exception
3752,2025-01-14,17:41,Clock Out,No Exception
3752,2025-01-15,07:05,Clock In,No Exception
3752,2025-01-15,16:53,Clock Out,No Exception
3752,2025-01-16,08:47,Clock In,No Exception
3752,2025-01-16,17:11,Clock Out,No Exception
3752,2025-01-17,07:42,Clock In,No Exception
3752,2025-01-17,15:47,Clock Out,No Exception
3752,2025-01-20,08:12,Clock In,No Exception
3752,2025-01-20,17:30,Clock Out,No Exception
3752,2025-01-21,06:09,Clock In,No Exception
3752,2025-01-21,14:39,Clock Out,No Exception
3752,2025-01-22,08:49,Clock In,No Exception
3752,2025-01-22,16:23,Clock Out,No Exception
3752,2025-01-23,09:47,Clock In,No Exception
3752,2025-01-23,17:33,Clock Out,No Exception
3752,2025-01-24,08:15,Clock In,No Exception
3752,2025-01-24,17:43,Clock Out,No Exception
3752,2025-01-27,07:46,Clock In,No Exception
3752,2025-01-27,16:40,Clock Out,No Exception
3752,2025-01-28,09:14,Clock In,No Exception
3752,2025-01-28,18:01,Clock Out,No Exception
3752,2025-01-29,07:18,Clock In,No Exception
3752,2025-01-29,15:37,Clock Out,No Exception
3752,2025-01-30,06:54,Clock In,No Exception
3752,2025-01-30,14:35,Clock Out,No Exception
3752,2025-01-31,08:37,Clock In,No Exception
3752,2025-01-31,17:51,Clock Out,No Exception
3752,2025-02-03,07:11,Clock In,No Exception
3752,2025-02-03,16:15,Clock Out,No Exception
3752,2025-02-04,06:55,Clock In,No Exception
3752,2025-02-04,16:00,Clock Out,No Exception
3752,2025-02-05,09:00,Clock In,No Exception
3752,2025-02-05,18:23,Clock Out,No Exception
3752,2025-02-06,09:24,Clock In,No Exception
3752,2025-02-06,17:18,Clock Out,No Exception
3752,2025-02-07,07:41,Clock In,No Exception
3752,2025-02-07,15:58,Clock Out,No Exception
3752,2025-02-09,09:41,Clock In,No Exception
3752,2025-02-09,17:51,Clock Out,No Exception
3752,2025-02-10,08:28,Clock In,No Exception
3752,2025-02-10,16:00,Clock Out,No Exception
3752,2025-02-11,06:30,Clock In,No Exception
3752,2025-02-11,15:15,Clock Out,No Exception
3752,2025-02-12,06:17,Clock In,No Exception
3752,2025-02-12,13:51,Clock Out,No Exception
3752,2025-02-13,06:42,Clock In,No Exception
3752,2025-02-13,16:10,Clock Out,No Exception
3752,2025-02-14,06:45,Clock In,No Exception
3752,2025-02-14,15:11,Clock Out,No Exception
3752,2025-02-17,09:33,Clock In,No Exception
3752,2025-02-17,17:09,Clock Out,No Exception
3752,2025-02-18,08:56,Clock In,No Exception
3752,2025-02-18,18:12,Clock Out,No Exception
3752,2025-02-19,06:04,Clock In,No Exception
3752,2025-02-19,13:56,Clock Out,No Exception
3752,2025-02-20,07:59,Clock In,No Exception
3752,2025-02-20,17:59,Clock Out,No Exception
3752,2025-02-21,06:41,Clock In,No Exception
3752,2025-02-21,15:31,Clock Out,No Exception
3752,2025-02-22,07:54,Clock In,No Exception
3752,2025-02-22,16:39,Clock Out,No Exception
3752,2025-02-24,08:16,Clock In,No Exception
3752,2025-02-24,16:34,Clock Out,No Exception
3752,2025-02-25,09:49,Clock In,No Exception
3752,2025-02-25,18:44,Clock Out,No Exception
3752,2025-02-26,08:21,Clock In,No Exception
3752,2025-02-26,16:29,Clock Out,No Exception
3752,2025-02-27,09:53,Clock In,No Exception
3752,2025-02-27,17:26,Clock Out,No Exception
3752,2025-02-28,08:52,Clock In,No Exception
3752,2025-02-28,17:55,Clock Out,No Exception
3970,2025-01-01,06:52,Clock In,No Exception
3970,2025-01-01,15:38,Clock Out,No Exception
3970,2025-01-02,07:19,Clock In,No Exception
3970,2025-01-02,15:13,Clock Out,No Exception
3970,2025-01-03,08:30,Clock In,No Exception
3970,2025-01-03,18:24,Clock Out,No Exception
3970,2025-01-06,07:43,Clock In,No Exception
3970,2025-01-06,15:15,Clock Out,No Exception
3970,2025-01-07,06:08,Clock In,No Exception
3970,2025-01-07,16:02,Clock Out,No Exception
3970,2025-01-08,09:44,Clock In,No Exception
3970,2025-01-08,18:51,Clock Out,No Exception
3970,2025-01-09,09:58,Clock In,No Exception
3970,2025-01-09,17:36,Clock Out,No Exception
3970,2025-01-10,09:15,Clock In,No Exception
3970,2025-01-10,18:05,Clock Out,No Exception
3970,2025-01-11,06:05,Clock In,No Exception
3970,2025-01-11,15:44,Clock Out,No Exception
3970,2025-01-13,06:06,Clock In,No Exception
3970,2025-01-13,14:55,Clock Out,No Exception
3970,2025-01-14,06:34,Clock In,No Exception
3970,2025-01-14,15:32,Clock Out,No Exception
3970,2025-01-15,08:43,Clock In,No Exception
3970,2025-01-15,17:34,Clock Out,No Exception
3970,2025-01-16,06:17,Clock In,No Exception
3970,2025-01-16,13:49,Clock Out,No Exception
3970,2025-01-17,06:35,Clock In,No Exception
3970,2025-01-17,14:54,Clock Out,No Exception
3970,2025-01-19,09:48,Clock In,No Exception
3970,2025-01-19,17:45,Clock Out,No Exception
3970,2025-01-20,07:58,Clock In,No Exception
3970,2025-01-20,15:37,Clock Out,No Exception
3970,2025-01-21,07:30,Clock In,No Exception
3970,2025-01-21,15:25,Clock Out,No Exception
3970,2025-01-22,06:39,Clock In,No Exception
3970,2025-01-22,16:12,Clock Out,No Exception
3970,2025-01-23,06:01,Clock In,No Exception
3970,2025-01-23,13:54,Clock Out,No Exception
3970,2025-01-24,08:11,Clock In,No Exception
3970,2025-01-24,17:04,Clock Out,No Exception
3970,2025-01-27,08:02,Clock In,No Exception
3970,2025-01-27,17:16,Clock Out,No Exception
3970,2025-01-28,08:06,Clock In,No Exception
3970,2025-01-28,18:04,Clock Out,No Exception
3970,2025-01-29,09:25,Clock In,No Exception
3970,2025-01-29,18:13,Clock Out,No Exception
3970,2025-01-30,08:48,Clock In,No Exception
3970,2025-01-30,18:44,Clock Out,No Exception
3970,2025-01-31,06:08,Clock In,No Exception
3970,2025-01-31,14:00,Clock Out,No Exception
3970,2025-02-02,09:22,Clock In,No Exception
3970,2025-02-02,18:06,Clock Out,No Exception
3970,2025-02-03,09:22,Clock In,No Exception
3970,2025-02-03,18:50,Clock Out,No Exception
3970,2025-02-04,06:17,Clock In,No Exception
3970,2025-02-04,15:56,Clock Out,No Exception
3970,2025-02-05,08:25,Clock In,No Exception
3970,2025-02-05,18:12,Clock Out,No Exception
3970,2025-02-06,08:31,Clock In,No Exception
3970,2025-02-06,17:48,Clock Out,No Exception
3970,2025-02-07,06:09,Clock In,No Exception
3970,2025-02-07,13:46,Clock Out,No Exception
3970,2025-02-10,07:59,Clock In,No Exception
3970,2025-02-10,17:09,Clock Out,No Exception
3970,2025-02-11,09:48,Clock In,No Exception
3970,2025-02-11,18:52,Clock Out,No Exception
3970,2025-02-12,09:23,Clock In,No Exception
3970,2025-02-12,17:25,Clock Out,No Exception
3970,2025-02-13,07:56,Clock In,No Exception
3970,2025-02-13,16:33,Clock Out,No Exception
3970,2025-02-14,08:54,Clock In,No Exception
3970,2025-02-14,18:12,Clock Out,No Exception
3970,2025-02-15,08:08,Clock In,No Exception
3970,2025-02-15,17:36,Clock Out,No Exception
3970,2025-02-16,07:26,Clock In,No Exception
3970,2025-02-16,17:15,Clock Out,No Exception
3970,2025-02-17,07:22,Clock In,No Exception
3970,2025-02-17,15:47,Clock Out,No Exception
3970,2025-02-18,06:49,Clock In,No Exception
3970,2025-02-18,15:04,Clock Out,No Exception
3970,2025-02-19,08:55,Clock In,No Exception
3970,2025-02-19,16:44,Clock Out,No Exception
3970,2025-02-20,06:36,Clock In,No Exception
3970,2025-02-20,14:45,Clock Out,No Exception
3970,2025-02-21,09:31,Clock In,No Exception
3970,2025-02-21,17:08,Clock Out,No Exception
3970,2025-02-24,06:59,Clock In,No Exception
3970,2025-02-24,15:47,Clock Out,No Exception
3970,2025-02-25,07:44,Clock In,No Exception
3970,2025-02-25,17:28,Clock Out,No Exception
3970,2025-02-26,07:51,Clock In,No Exception
3970,2025-02-26,17:19,Clock Out,No Exception
3970,2025-02-27,06:05,Clock In,No Exception
3970,2025-02-27,14:19,Clock Out,No Exception
3970,2025-02-28,07:18,Clock In,No Exception
3970,2025-02-28,16:47,Clock Out,No Exception
3970,2025-03-01,09:33,Clock In,No Exception
3970,2025-03-01,17:20,Clock Out,No Exception
2570,2025-01-01,08:32,Clock In,No Exception
2570,2025-01-01,16:38,Clock Out,No Exception
2570,2025-01-02,06:26,Clock In,No Exception
2570,2025-01-02,14:15,Clock Out,No Exception
2570,2025-01-03,08:00,Clock In,No Exception
2570,2025-01-03,17:18,Clock Out,No Exception
2570,2025-01-04,07:05,Clock In,No Exception
2570,2025-01-04,15:08,Clock Out,No Exception
2570,2025-01-05,07:52,Clock In,No Exception
2570,2025-01-05,17:09,Clock Out,No Exception
2570,2025-01-06,06:48,Clock In,No Exception
2570,2025-01-06,16:09,Clock Out,No Exception
2570,2025-01-07,09:03,Clock In,No Exception
2570,2025-01-07,17:30,Clock Out,No Exception
2570,2025-01-08,08:59,Clock In,No Exception
2570,2025-01-08,17:38,Clock Out,No Exception
2570,2025-01-09,08:14,Clock In,No Exception
2570,2025-01-09,16:50,Clock Out,No Exception
2570,2025-01-10,07:07,Clock In,No Exception
2570,2025-01-10,14:54,Clock Out,No Exception
2570,2025-01-13,07:54,Clock In,No Exception
2570,2025-01-13,17:54,Clock Out,No Exception
2570,2025-01-14,09:36,Clock In,No Exception
2570,2025-01-14,18:26,Clock Out,No Exception
2570,2025-01-15,06:44,Clock In,No Exception
2570,2025-01-15,15:38,Clock Out,No Exception
2570,2025-01-16,06:49,Clock In,No Exception
2570,2025-01-16,15:45,Clock Out,No Exception
2570,2025-01-17,07:53,Clock In,No Exception
2570,2025-01-17,16:08,Clock Out,No Exception
2570,2025-01-20,06:12,Clock In,No Exception
2570,2025-01-20,15:56,Clock Out,No Exception
2570,2025-01-21,09:50,Clock In,No Exception
2570,2025-01-21,18:40,Clock Out,No Exception
2570,2025-01-22,08:12,Clock In,No Exception
2570,2025-01-22,16:31,Clock Out,No Exception
2570,2025-01-23,07:43,Clock In,No Exception
2570,2025-01-23,15:25,Clock Out,No Exception
2570,2025-01-24,07:20,Clock In,No Exception
2570,2025-01-24,14:50,Clock Out,No Exception
2570,2025-01-27,06:00,Clock In,No Exception
2570,2025-01-27,13:37,Clock Out,No Exception
2570,2025-01-28,07:56,Clock In,No Exception
2570,2025-01-28,17:31,Clock Out,No Exception
2570,2025-01-29,09:22,Clock In,No Exception
2570,2025-01-29,18:07,Clock Out,No Exception
2570,2025-01-30,09:44,Clock In,No Exception
2570,2025-01-30,19:34,Clock Out,No Exception
2570,2025-01-31,09:59,Clock In,No Exception
2570,2025-01-31,19:47,Clock Out,No Exception
2570,2025-02-01,06:38,Clock In,No Exception
2570,2025-02-01,14:37,Clock Out,No Exception
2570,2025-02-02,07:26,Clock In,No Exception
2570,2025-02-02,14:57,Clock Out,No Exception
2570,2025-02-03,08:53,Clock In,No Exception
2570,2025-02-03,18:22,Clock Out,No Exception
2570,2025-02-04,06:11,Clock In,No Exception
2570,2025-02-04,15:23,Clock Out,No Exception
2570,2025-02-05,06:55,Clock In,No Exception
2570,2025-02-05,16:35,Clock Out,No Exception
2570,2025-02-06,06:13,Clock In,No Exception
2570,2025-02-06,14:24,Clock Out,No Exception
2570,2025-02-07,09:13,Clock In,No Exception
2570,2025-02-07,16:58,Clock Out,No Exception
2570,2025-02-08,06:19,Clock In,No Exception
2570,2025-02-08,15:36,Clock Out,No Exception
2570,2025-02-10,06:40,Clock In,No Exception
2570,2025-02-10,14:23,Clock Out,No Exception
2570,2025-02-11,09:17,Clock In,No Exception
2570,2025-02-11,18:50,Clock Out,No Exception
2570,2025-02-12,07:57,Clock In,No Exception
2570,2025-02-12,17:16,Clock Out,No Exception
2570,2025-02-13,08:46,Clock In,No Exception
2570,2025-02-13,17:07,Clock Out,No Exception
2570,2025-02-14,07:33,Clock In,No Exception
2570,2025-02-14,16:33,Clock Out,No Exception
2570,2025-02-17,07:01,Clock In,No Exception
2570,2025-02-17,16:26,Clock Out,No Exception
2570,2025-02-18,09:13,Clock In,No Exception
2570,2025-02-18,18:37,Clock Out,No Exception
2570,2025-02-19,08:25,Clock In,No Exception
2570,2025-02-19,16:11,Clock Out,No Exception
2570,2025-02-20,09:19,Clock In,No Exception
2570,2025-02-20,17:52,Clock Out,No Exception
2570,2025-02-21,07:22,Clock In,No Exception
2570,2025-02-21,14:54,Clock Out,No Exception
2570,2025-02-24,06:58,Clock In,No Exception
2570,2025-02-24,16:58,Clock Out,No Exception
2570,2025-02-25,07:54,Clock In,No Exception
2570,2025-02-25,15:33,Clock Out,No Exception
2570,2025-02-26,09:08,Clock In,No Exception
2570,2025-02-26,18:05,Clock Out,No Exception
2570,2025-02-27,07:37,Clock In,No Exception
2570,2025-02-27,16:13,Clock Out,No Exception
2570,2025-02-28,08:20,Clock In,No Exception
2570,2025-02-28,16:46,Clock Out,No Exception
2178,2025-01-01,07:52,Clock In,No Exception
2178,2025-01-01,17:33,Clock Out,No Exception
2178,2025-01-02,09:43,Clock In,No Exception
2178,2025-01-02,17:39,Clock Out,No Exception
2178,2025-01-03,09:14,Clock In,No Exception
2178,2025-01-03,17:52,Clock Out,No Exception
2178,2025-01-06,07:47,Clock In,No Exception
2178,2025-01-06,15:28,Clock Out,No Exception
2178,2025-01-07,09:29,Clock In,No Exception
2178,2025-01-07,18:12,Clock Out,No Exception
2178,2025-01-08,07:25,Clock In,No Exception
2178,2025-01-08,17:20,Clock Out,No Exception
2178,2025-01-09,08:44,Clock In,No Exception
2178,2025-01-09,18:24,Clock Out,No Exception
2178,2025-01-10,08:54,Clock In,No Exception
2178,2025-01-10,16:34,Clock Out,No Exception
2178,2025-01-12,08:15,Clock In,No Exception
2178,2025-01-12,15:52,Clock Out,No Exception
2178,2025-01-13,08:15,Clock In,No Exception
2178,2025-01-13,16:43,Clock Out,No Exception
2178,2025-01-14,06:38,Clock In,No Exception
2178,2025-01-14,15:48,Clock Out,No Exception
2178,2025-01-15,08:05,Clock In,No Exception
2178,2025-01-15,17:25,Clock Out,No Exception
2178,2025-01-16,09:27,Clock In,No Exception
2178,2025-01-16,18:55,Clock Out,No Exception
2178,2025-01-17,07:25,Clock In,No Exception
2178,2025-01-17,17:13,Clock Out,No Exception
2178,2025-01-18,07:11,Clock In,No Exception
2178,2025-01-18,15:29,Clock Out,No Exception
2178,2025-01-19,08:08,Clock In,No Exception
2178,2025-01-19,16:54,Clock Out,No Exception
2178,2025-01-20,08:29,Clock In,No Exception
2178,2025-01-20,17:47,Clock Out,No Exception
2178,2025-01-21,07:11,Clock In,No Exception
2178,2025-01-21,15:43,Clock Out,No Exception
2178,2025-01-22,06:46,Clock In,No Exception
2178,2025-01-22,16:36,Clock Out,No Exception
2178,2025-01-23,09:42,Clock In,No Exception
2178,2025-01-23,17:51,Clock Out,No Exception
2178,2025-01-24,09:40,Clock In,No Exception
2178,2025-01-24,17:52,Clock Out,No Exception
2178,2025-01-27,06:17,Clock In,No Exception
2178,2025-01-27,16:01,Clock Out,No Exception
2178,2025-01-28,09:24,Clock In,No Exception
2178,2025-01-28,17:31,Clock Out,No Exception
2178,2025-01-29,07:56,Clock In,No Exception
2178,2025-01-29,15:34,Clock Out,No Exception
2178,2025-01-30,06:43,Clock In,No Exception
2178,2025-01-30,15:41,Clock Out,No Exception
2178,2025-01-31,09:35,Clock In,No Exception
2178,2025-01-31,17:17,Clock Out,No Exception
2178,2025-02-03,06:41,Clock In,No Exception
2178,2025-02-03,15:15,Clock Out,No Exception
2178,2025-02-04,06:47,Clock In,No Exception
2178,2025-02-04,15:19,Clock Out,No Exception
2178,2025-02-05,09:52,Clock In,No Exception
2178,2025-02-05,17:23,Clock Out,No Exception
2178,2025-02-06,07:14,Clock In,No Exception
2178,2025-02-06,16:28,Clock Out,No Exception
2178,2025-02-07,08:37,Clock In,No Exception
2178,2025-02-07,17:46,Clock Out,No Exception
2178,2025-02-10,09:38,Clock In,No Exception
2178,2025-02-10,19:35,Clock Out,No Exception
2178,2025-02-11,09:57,Clock In,No Exception
2178,2025-02-11,19:20,Clock Out,No Exception
2178,2025-02-12,06:00,Clock In,No Exception
2178,2025-02-12,14:49,Clock Out,No Exception
2178,2025-02-13,08:00,Clock In,No Exception
2178,2025-02-13,17:08,Clock Out,No Exception
2178,2025-02-14,07:20,Clock In,No Exception
2178,2025-02-14,17:00,Clock Out,No Exception
2178,2025-02-17,09:24,Clock In,No Exception
2178,2025-02-17,17:45,Clock Out,No Exception
2178,2025-02-18,09:01,Clock In,No Exception
2178,2025-02-18,17:35,Clock Out,No Exception
2178,2025-02-19,08:57,Clock In,No Exception
2178,2025-02-19,17:37,Clock Out,No Exception
2178,2025-02-20,06:08,Clock In,No Exception
2178,2025-02-20,15:38,Clock Out,No Exception
2178,2025-02-21,08:59,Clock In,No Exception
2178,2025-02-21,18:36,Clock Out,No Exception
2178,2025-02-24,06:37,Clock In,No Exception
2178,2025-02-24,15:55,Clock Out,No Exception
2178,2025-02-25,09:11,Clock In,No Exception
2178,2025-02-25,18:55,Clock Out,No Exception
2178,2025-02-26,09:20,Clock In,No Exception
2178,2025-02-26,18:26,Clock Out,No Exception
2178,2025-02-27,07:54,Clock In,No Exception
2178,2025-02-27,17:45,Clock Out,No Exception
2178,2025-02-28,06:52,Clock In,No Exception
2178,2025-02-28,16:39,Clock Out,No Exception
2178,2025-03-01,07:30,Clock In,No Exception
2178,2025-03-01,16:38,Clock Out,No Exception
1679,2025-01-01,08:32,Clock In,No Exception
1679,2025-01-01,16:59,Clock Out,No Exception
1679,2025-01-02,06:36,Clock In,No Exception
1679,2025-01-02,15:05,Clock Out,No Exception
1679,2025-01-03,06:55,Clock In,No Exception
1679,2025-01-03,14:31,Clock Out,No Exception
1679,2025-01-06,09:52,Clock In,No Exception
1679,2025-01-06,18:14,Clock Out,No Exception
1679,2025-01-07,06:10,Clock In,No Exception
1679,2025-01-07,15:51,Clock Out,No Exception
1679,2025-01-08,06:46,Clock In,No Exception
1679,2025-01-08,15:53,Clock Out,No Exception
1679,2025-01-09,09:18,Clock In,No Exception
1679,2025-01-09,19:00,Clock Out,No Exception
1679,2025-01-10,09:18,Clock In,No Exception
1679,2025-01-10,18:22,Clock Out,No Exception
1679,2025-01-13,09:15,Clock In,No Exception
1679,2025-01-13,16:54,Clock Out,No Exception
1679,2025-01-14,08:01,Clock In,No Exception
1679,2025-01-14,15:53,Clock Out,No Exception
1679,2025-01-15,09:52,Clock In,No Exception
1679,2025-01-15,18:50,Clock Out,No Exception
1679,2025-01-16,08:57,Clock In,No Exception
1679,2025-01-16,18:17,Clock Out,No Exception
1679,2025-01-17,06:12,Clock In,No Exception
1679,2025-01-17,15:45,Clock Out,No Exception
1679,2025-01-20,08:38,Clock In,No Exception
1679,2025-01-20,18:11,Clock Out,No Exception
1679,2025-01-21,07:36,Clock In,No Exception
1679,2025-01-21,15:54,Clock Out,No Exception
1679,2025-01-22,08:58,Clock In,No Exception
1679,2025-01-22,18:39,Clock Out,No Exception
1679,2025-01-23,08:45,Clock In,No Exception
1679,2025-01-23,18:17,Clock Out,No Exception
1679,2025-01-24,07:59,Clock In,No Exception
1679,2025-01-24,16:13,Clock Out,No Exception
1679,2025-01-27,08:29,Clock In,No Exception
1679,2025-01-27,18:14,Clock Out,No Exception
1679,2025-01-28,08:15,Clock In,No Exception
1679,2025-01-28,16:25,Clock Out,No Exception
1679,2025-01-29,09:45,Clock In,No Exception
1679,2025-01-29,17:57,Clock Out,No Exception
1679,2025-01-30,06:43,Clock In,Missing Clock Out
1679,2025-01-30,14:25,Clock Out,No Exception
1679,2025-01-31,07:05,Clock In,No Exception
1679,2025-01-31,15:02,Clock Out,No Exception
1679,2025-02-03,09:09,Clock In,No Exception
1679,2025-02-03,16:40,Clock Out,No Exception
1679,2025-02-04,09:40,Clock In,No Exception
1679,2025-02-04,18:40,Clock Out,No Exception
1679,2025-02-05,08:15,Clock In,No Exception
1679,2025-02-05,17:44,Clock Out,No Exception
1679,2025-02-06,09:40,Clock In,No Exception
1679,2025-02-06,17:28,Clock Out,No Exception
1679,2025-02-07,07:36,Clock In,No Exception
1679,2025-02-07,15:09,Clock Out,No Exception
1679,2025-02-09,06:26,Clock In,No Exception
1679,2025-02-09,16:19,Clock Out,No Exception
1679,2025-02-10,06:50,Clock In,No Exception
1679,2025-02-10,15:20,Clock Out,No Exception
1679,2025-02-11,09:21,Clock In,No Exception
1679,2025-02-11,18:39,Clock Out,No Exception
1679,2025-02-12,09:17,Clock In,No Exception
1679,2025-02-12,17:28,Clock Out,No Exception
1679,2025-02-13,07:26,Clock In,No Exception
1679,2025-02-13,16:51,Clock Out,No Exception
1679,2025-02-14,08:57,Clock In,No Exception
1679,2025-02-14,18:16,Clock Out,No Exception
1679,2025-02-15,08:40,Clock In,No Exception
1679,2025-02-15,17:49,Clock Out,No Exception
1679,2025-02-17,09:02,Clock In,No Exception
1679,2025-02-17,17:20,Clock Out,No Exception
1679,2025-02-18,06:11,Clock In,No Exception
1679,2025-02-18,15:22,Clock Out,No Exception
1679,2025-02-19,09:09,Clock In,No Exception
1679,2025-02-19,18:05,Clock Out,No Exception
1679,2025-02-20,09:30,Clock In,No Exception
1679,2025-02-20,17:54,Clock Out,No Exception
1679,2025-02-21,07:39,Clock In,No Exception
1679,2025-02-21,16:09,Clock Out,No Exception
1679,2025-02-24,06:22,Clock In,No Exception
1679,2025-02-24,14:35,Clock Out,No Exception
1679,2025-02-25,06:39,Clock In,No Exception
1679,2025-02-25,14:47,Clock Out,No Exception
1679,2025-02-26,09:58,Clock In,No Exception
1679,2025-02-26,19:27,Clock Out,No Exception
1679,2025-02-27,07:18,Clock In,No Exception
1679,2025-02-27,16:07,Clock Out,No Exception
1679,2025-02-28,09:18,Clock In,No Exception
1679,2025-02-28,18:48,Clock Out,No Exception
1198,2025-01-01,08:16,Clock In,No Exception
1198,2025-01-01,17:32,Clock Out,No Exception
1198,2025-01-02,09:32,Clock In,No Exception
1198,2025-01-02,18:46,Clock Out,No Exception
1198,2025-01-03,08:21,Clock In,No Exception
1198,2025-01-03,16:02,Clock Out,No Exception
1198,2025-01-06,06:17,Clock In,No Exception
1198,2025-01-06,16:15,Clock Out,No Exception
1198,2025-01-07,09:44,Clock In,No Exception
1198,2025-01-07,19:17,Clock Out,No Exception
1198,2025-01-08,08:30,Clock In,No Exception
1198,2025-01-08,16:11,Clock Out,No Exception
1198,2025-01-09,08:06,Clock In,No Exception
1198,2025-01-09,16:14,Clock Out,No Exception
1198,2025-01-10,09:02,Clock In,No Exception
1198,2025-01-10,17:17,Clock Out,No Exception
1198,2025-01-11,06:53,Clock In,No Exception
1198,2025-01-11,16:36,Clock Out,No Exception
1198,2025-01-13,08:59,Clock In,No Exception
1198,2025-01-13,18:58,Clock Out,No Exception
1198,2025-01-14,09:05,Clock In,No Exception
1198,2025-01-14,17:37,Clock Out,No Exception
1198,2025-01-15,08:15,Clock In,No Exception
1198,2025-01-15,17:39,Clock Out,No Exception
1198,2025-01-16,07:58,Clock In,No Exception
1198,2025-01-16,16:18,Clock Out,No Exception
1198,2025-01-17,07:08,Clock In,No Exception
1198,2025-01-17,16:34,Clock Out,No Exception
1198,2025-01-20,06:27,Clock In,No Exception
1198,2025-01-20,16:11,Clock Out,No Exception
1198,2025-01-21,07:46,Clock In,No Exception
1198,2025-01-21,16:49,Clock Out,No Exception
1198,2025-01-22,06:12,Clock In,No Exception
1198,2025-01-22,15:29,Clock Out,No Exception
1198,2025-01-23,09:12,Clock In,No Exception
1198,2025-01-23,19:05,Clock Out,No Exception
1198,2025-01-24,07:14,Clock In,No Exception
1198,2025-01-24,16:36,Clock Out,No Exception
1198,2025-01-26,08:30,Clock In,No Exception
1198,2025-01-26,18:27,Clock Out,No Exception
1198,2025-01-27,09:56,Clock In,No Exception
1198,2025-01-27,19:38,Clock Out,No Exception
1198,2025-01-28,07:40,Clock In,No Exception
1198,2025-01-28,15:17,Clock Out,No Exception
1198,2025-01-29,09:07,Clock In,No Exception
1198,2025-01-29,18:06,Clock Out,No Exception
1198,2025-01-30,09:28,Clock In,No Exception
1198,2025-01-30,18:23,Clock Out,No Exception
1198,2025-01-31,06:58,Clock In,No Exception
1198,2025-01-31,15:21,Clock Out,No Exception
1198,2025-02-03,09:55,Clock In,No Exception
1198,2025-02-03,17:25,Clock Out,No Exception
1198,2025-02-04,07:54,Clock In,No Exception
1198,2025-02-04,16:34,Clock Out,No Exception
1198,2025-02-05,08:08,Clock In,No Exception
1198,2025-02-05,17:08,Clock Out,No Exception
1198,2025-02-06,06:21,Clock In,No Exception
1198,2025-02-06,16:06,Clock Out,No Exception
1198,2025-02-07,07:28,Clock In,No Exception
1198,2025-02-07,16:36,Clock Out,No Exception
1198,2025-02-08,06:20,Clock In,No Exception
1198,2025-02-08,14:07,Clock Out,No Exception
1198,2025-02-10,09:41,Clock In,No Exception
1198,2025-02-10,17:26,Clock Out,No Exception
1198,2025-02-11,09:14,Clock In,No Exception
1198,2025-02-11,18:26,Clock Out,No Exception
1198,2025-02-12,08:52,Clock In,No Exception
1198,2025-02-12,17:32,Clock Out,No Exception
1198,2025-02-13,06:57,Clock In,No Exception
1198,2025-02-13,15:03,Clock Out,No Exception
1198,2025-02-14,06:37,Clock In,No Exception
1198,2025-02-14,15:57,Clock Out,No Exception
1198,2025-02-17,09:00,Clock In,No Exception
1198,2025-02-17,18:48,Clock Out,No Exception
1198,2025-02-18,06:34,Clock In,No Exception
1198,2025-02-18,15:56,Clock Out,No Exception
1198,2025-02-19,08:48,Clock In,No Exception
1198,2025-02-19,16:29,Clock Out,No Exception
1198,2025-02-20,08:35,Clock In,No Exception
1198,2025-02-20,18:14,Clock Out,No Exception
1198,2025-02-21,09:59,Clock In,No Exception
1198,2025-02-21,19:34,Clock Out,No Exception
1198,2025-02-24,06:13,Clock In,No Exception
1198,2025-02-24,14:00,Clock Out,No Exception
1198,2025-02-25,07:32,Clock In,No Exception
1198,2025-02-25,15:35,Clock Out,No Exception
1198,2025-02-26,06:49,Clock In,No Exception
1198,2025-02-26,16:36,Clock Out,No Exception
1198,2025-02-27,08:47,Clock In,No Exception
1198,2025-02-27,18:37,Clock Out,No Exception
1198,2025-02-28,09:14,Clock In,No Exception
1198,2025-02-28,19:03,Clock Out,No Exception
2404,2025-01-01,08:39,Clock In,No Exception
2404,2025-01-01,18:22,Clock Out,No Exception
2404,2025-01-02,07:39,Clock In,No Exception
2404,2025-01-02,15:23,Clock Out,No Exception
2404,2025-01-03,08:48,Clock In,No Exception
2404,2025-01-03,17:46,Clock Out,No Exception
2404,2025-01-06,08:38,Clock In,No Exception
2404,2025-01-06,16:09,Clock Out,No Exception
2404,2025-01-07,09:11,Clock In,No Exception
2404,2025-01-07,18:17,Clock Out,No Exception
2404,2025-01-08,07:41,Clock In,No Exception
2404,2025-01-08,15:37,Clock Out,No Exception
2404,2025-01-09,09:37,Clock In,No Exception
2404,2025-01-09,19:34,Clock Out,No Exception
2404,2025-01-10,08:20,Clock In,No Exception
2404,2025-01-10,16:17,Clock Out,No Exception
2404,2025-01-13,08:29,Clock In,No Exception
2404,2025-01-13,16:32,Clock Out,No Exception
2404,2025-01-14,08:13,Clock In,No Exception
2404,2025-01-14,17:12,Clock Out,No Exception
2404,2025-01-15,07:43,Clock In,No Exception
2404,2025-01-15,16:57,Clock Out,No Exception
2404,2025-01-16,09:36,Clock In,No Exception
2404,2025-01-16,19:31,Clock Out,No Exception
2404,2025-01-17,08:17,Clock In,No Exception
2404,2025-01-17,18:04,Clock Out,No Exception
2404,2025-01-18,07:55,Clock In,No Exception
2404,2025-01-18,15:45,Clock Out,No Exception
2404,2025-01-20,07:04,Clock In,No Exception
2404,2025-01-20,15:10,Clock Out,No Exception
2404,2025-01-21,09:22,Clock In,No Exception
2404,2025-01-21,19:06,Clock Out,No Exception
2404,2025-01-22,08:16,Clock In,No Exception
2404,2025-01-22,16:15,Clock Out,No Exception
2404,2025-01-23,09:34,Clock In,No Exception
2404,2025-01-23,19:20,Clock Out,No Exception
2404,2025-01-24,07:24,Clock In,No Exception
2404,2025-01-24,16:28,Clock Out,No Exception
2404,2025-01-25,09:03,Clock In,No Exception
2404,2025-01-25,18:56,Clock Out,No Exception
2404,2025-01-27,09:34,Clock In,No Exception
2404,2025-01-27,18:30,Clock Out,No Exception
2404,2025-01-28,06:12,Clock In,No Exception
2404,2025-01-28,14:24,Clock Out,No Exception
2404,2025-01-29,08:52,Clock In,No Exception
2404,2025-01-29,16:24,Clock Out,No Exception
2404,2025-01-30,06:12,Clock In,No Exception
2404,2025-01-30,15:02,Clock Out,No Exception
2404,2025-01-31,06:08,Clock In,No Exception
2404,2025-01-31,14:59,Clock Out,No Exception
2404,2025-02-02,07:43,Clock In,No Exception
2404,2025-02-02,16:22,Clock Out,No Exception
2404,2025-02-03,06:35,Clock In,No Exception
2404,2025-02-03,14:36,Clock Out,No Exception
2404,2025-02-04,09:24,Clock In,No Exception
2404,2025-02-04,18:46,Clock Out,No Exception
2404,2025-02-05,09:26,Clock In,No Exception
2404,2025-02-05,18:08,Clock Out,No Exception
2404,2025-02-06,07:40,Clock In,No Exception
2404,2025-02-06,16:10,Clock Out,No Exception
2404,2025-02-07,07:10,Clock In,No Exception
2404,2025-02-07,16:28,Clock Out,No Exception
2404,2025-02-10,06:46,Clock In,No Exception
2404,2025-02-10,14:16,Clock Out,No Exception
2404,2025-02-11,06:20,Clock In,No Exception
2404,2025-02-11,15:05,Clock Out,No Exception
2404,2025-02-12,08:13,Clock In,No Exception
2404,2025-02-12,17:58,Clock Out,No Exception
2404,2025-02-13,09:37,Clock In,No Exception
2404,2025-02-13,18:55,Clock Out,No Exception
2404,2025-02-14,09:19,Clock In,No Exception
2404,2025-02-14,17:48,Clock Out,No Exception
2404,2025-02-16,08:42,Clock In,No Exception
2404,2025-02-16,18:26,Clock Out,No Exception
2404,2025-02-17,08:43,Clock In,No Exception
2404,2025-02-17,17:55,Clock Out,No Exception
2404,2025-02-18,06:48,Clock In,No Exception
2404,2025-02-18,14:32,Clock Out,No Exception
2404,2025-02-19,06:16,Clock In,No Exception
2404,2025-02-19,13:54,Clock Out,No Exception
2404,2025-02-20,08:11,Clock In,No Exception
2404,2025-02-20,16:46,Clock Out,No Exception
2404,2025-02-21,09:09,Clock In,No Exception
2404,2025-02-21,16:59,Clock Out,No Exception
2404,2025-02-23,09:59,Clock In,No Exception
2404,2025-02-23,17:41,Clock Out,No Exception
2404,2025-02-24,08:25,Clock In,No Exception
2404,2025-02-24,18:04,Clock Out,No Exception
2404,2025-02-25,06:09,Clock In,No Exception
2404,2025-02-25,15:37,Clock Out,No Exception
2404,2025-02-26,07:52,Clock In,No Exception
2404,2025-02-26,15:48,Clock Out,No Exception
2404,2025-02-27,06:48,Clock In,No Exception
2404,2025-02-27,16:09,Clock Out,No Exception
2404,2025-02-28,09:53,Clock In,No Exception
2404,2025-02-28,19:14,Clock Out,No Exception
2404,2025-03-01,09:07,Clock In,No Exception
2404,2025-03-01,18:05,Clock Out,No Exception
2037,2025-01-01,06:51,Clock In,No Exception
2037,2025-01-01,14:27,Clock Out,No Exception
2037,2025-01-02,09:38,Clock In,No Exception
2037,2025-01-02,19:12,Clock Out,No Exception
2037,2025-01-03,09:37,Clock In,No Exception
2037,2025-01-03,18:36,Clock Out,No Exception
2037,2025-01-06,08:23,Clock In,No Exception
2037,2025-01-06,17:32,Clock Out,No Exception
2037,2025-01-07,06:47,Clock In,No Exception
2037,2025-01-07,15:59,Clock Out,No Exception
2037,2025-01-08,06:15,Clock In,No Exception
2037,2025-01-08,16:07,Clock Out,No Exception
2037,2025-01-09,06:45,Clock In,No Exception
2037,2025-01-09,15:37,Clock Out,No Exception
2037,2025-01-10,07:58,Clock In,No Exception
2037,2025-01-10,17:44,Clock Out,No Exception
2037,2025-01-13,07:38,Clock In,No Exception
2037,2025-01-13,16:14,Clock Out,No Exception
2037,2025-01-14,08:27,Clock In,No Exception
2037,2025-01-14,16:13,Clock Out,No Exception
2037,2025-01-15,07:18,Clock In,No Exception
2037,2025-01-15,17:11,Clock Out,No Exception
2037,2025-01-16,09:39,Clock In,No Exception
2037,2025-01-16,17:22,Clock Out,No Exception
2037,2025-01-17,08:52,Clock In,No Exception
2037,2025-01-17,16:42,Clock Out,No Exception
2037,2025-01-20,07:22,Clock In,No Exception
2037,2025-01-20,16:18,Clock Out,No Exception
2037,2025-01-21,09:07,Clock In,No Exception
2037,2025-01-21,19:00,Clock Out,No Exception
2037,2025-01-22,09:11,Clock In,No Exception
2037,2025-01-22,18:44,Clock Out,No Exception
2037,2025-01-23,09:49,Clock In,No Exception
2037,2025-01-23,18:45,Clock Out,No Exception
2037,2025-01-24,07:55,Clock In,No Exception
2037,2025-01-24,16:00,Clock Out,No Exception
2037,2025-01-26,08:39,Clock In,No Exception
2037,2025-01-26,16:38,Clock Out,No Exception
2037,2025-01-27,09:29,Clock In,No Exception
2037,2025-01-27,17:29,Clock Out,No Exception
2037,2025-01-28,06:18,Clock In,No Exception
2037,2025-01-28,16:07,Clock Out,No Exception
2037,2025-01-29,09:23,Clock In,No Exception
2037,2025-01-29,16:57,Clock Out,No Exception
2037,2025-01-30,06:08,Clock In,No Exception
2037,2025-01-30,15:57,Clock Out,No Exception
2037,2025-01-31,08:31,Clock In,No Exception
2037,2025-01-31,17:52,Clock Out,No Exception
2037,2025-02-03,08:34,Clock In,No Exception
2037,2025-02-03,16:54,Clock Out,No Exception
2037,2025-02-04,08:35,Clock In,No Exception
2037,2025-02-04,18:16,Clock Out,No Exception
2037,2025-02-05,06:06,Clock In,No Exception
2037,2025-02-05,13:54,Clock Out,No Exception
2037,2025-02-06,06:30,Clock In,No Exception
2037,2025-02-06,15:12,Clock Out,No Exception
2037,2025-02-07,06:29,Clock In,No Exception
2037,2025-02-07,14:01,Clock Out,No Exception
2037,2025-02-10,06:40,Clock In,No Exception
2037,2025-02-10,14:51,Clock Out,No Exception
2037,2025-02-11,09:50,Clock In,No Exception
2037,2025-02-11,18:13,Clock Out,No Exception
2037,2025-02-12,09:12,Clock In,No Exception
2037,2025-02-12,17:30,Clock Out,No Exception
2037,2025-02-13,06:33,Clock In,No Exception
2037,2025-02-13,16:08,Clock Out,No Exception
2037,2025-02-14,08:48,Clock In,No Exception
2037,2025-02-14,17:16,Clock Out,No Exception
2037,2025-02-17,08:54,Clock In,No Exception
2037,2025-02-17,16:30,Clock Out,No Exception
2037,2025-02-18,07:58,Clock In,No Exception
2037,2025-02-18,17:00,Clock Out,No Exception
2037,2025-02-19,07:27,Clock In,No Exception
2037,2025-02-19,16:11,Clock Out,No Exception
2037,2025-02-20,07:44,Clock In,No Exception
2037,2025-02-20,17:12,Clock Out,No Exception
2037,2025-02-21,09:17,Clock In,No Exception
2037,2025-02-21,17:14,Clock Out,No Exception
2037,2025-02-24,08:23,Clock In,No Exception
2037,2025-02-24,16:00,Clock Out,No Exception
2037,2025-02-25,08:05,Clock In,No Exception
2037,2025-02-25,17:37,Clock Out,No Exception
2037,2025-02-26,09:39,Clock In,No Exception
2037,2025-02-26,18:26,Clock Out,No Exception
2037,2025-02-27,09:04,Clock In,No Exception
2037,2025-02-27,16:57,Clock Out,No Exception
2037,2025-02-28,06:53,Clock In,No Exception
2037,2025-02-28,15:15,Clock Out,No Exception
1610,2025-01-01,08:00,Clock In,No Exception
1610,2025-01-01,16:19,Clock Out,No Exception
1610,2025-01-02,09:24,Clock In,No Exception
1610,2025-01-02,18:22,Clock Out,No Exception
1610,2025-01-03,06:47,Clock In,No Exception
1610,2025-01-03,14:54,Clock Out,No Exception
1610,2025-01-06,07:49,Clock In,No Exception
1610,2025-01-06,15:58,Clock Out,No Exception
1610,2025-01-07,06:26,Clock In,No Exception
1610,2025-01-07,15:44,Clock Out,No Exception
1610,2025-01-08,06:02,Clock In,No Exception
1610,2025-01-08,15:59,Clock Out,No Exception
1610,2025-01-09,06:19,Clock In,No Exception
1610,2025-01-09,14:05,Clock Out,No Exception
1610,2025-01-10,08:59,Clock In,No Exception
1610,2025-01-10,16:38,Clock Out,No Exception
1610,2025-01-13,09:36,Clock In,No Exception
1610,2025-01-13,18:36,Clock Out,No Exception
1610,2025-01-14,07:54,Clock In,No Exception
1610,2025-01-14,16:26,Clock Out,No Exception
1610,2025-01-15,06:00,Clock In,No Exception
1610,2025-01-15,14:43,Clock Out,No Exception
1610,2025-01-16,07:19,Clock In,No Exception
1610,2025-01-16,16:20,Clock Out,No Exception
1610,2025-01-17,06:39,Clock In,No Exception
1610,2025-01-17,16:37,Clock Out,No Exception
1610,2025-01-20,07:31,Clock In,No Exception
1610,2025-01-20,16:43,Clock Out,No Exception
1610,2025-01-21,09:49,Clock In,No Exception
1610,2025-01-21,18:28,Clock Out,No Exception
1610,2025-01-22,07:29,Clock In,No Exception
1610,2025-01-22,16:10,Clock Out,No Exception
1610,2025-01-23,06:17,Clock In,No Exception
1610,2025-01-23,15:09,Clock Out,No Exception
1610,2025-01-24,09:41,Clock In,No Exception
1610,2025-01-24,17:46,Clock Out,No Exception
1610,2025-01-27,09:01,Clock In,No Exception
1610,2025-01-27,18:08,Clock Out,No Exception
1610,2025-01-28,07:18,Clock In,No Exception
1610,2025-01-28,15:23,Clock Out,No Exception
1610,2025-01-29,07:34,Clock In,No Exception
1610,2025-01-29,17:02,Clock Out,No Exception
1610,2025-01-30,07:49,Clock In,No Exception
1610,2025-01-30,17:25,Clock Out,No Exception
1610,2025-01-31,07:04,Clock In,No Exception
1610,2025-01-31,15:44,Clock Out,No Exception
1610,2025-02-01,07:26,Clock In,No Exception
1610,2025-02-01,15:46,Clock Out,No Exception
1610,2025-02-03,09:05,Clock In,No Exception
1610,2025-02-03,18:00,Clock Out,No Exception
1610,2025-02-04,08:11,Clock In,No Exception
1610,2025-02-04,17:23,Clock Out,No Exception
1610,2025-02-05,08:01,Clock In,No Exception
1610,2025-02-05,16:23,Clock Out,No Exception
1610,2025-02-06,09:33,Clock In,No Exception
1610,2025-02-06,18:48,Clock Out,No Exception
1610,2025-02-07,07:10,Clock In,No Exception
1610,2025-02-07,15:58,Clock Out,No Exception
1610,2025-02-09,08:04,Clock In,No Exception
1610,2025-02-09,15:57,Clock Out,No Exception
1610,2025-02-10,08:16,Clock In,No Exception
1610,2025-02-10,16:13,Clock Out,No Exception
1610,2025-02-11,09:36,Clock In,No Exception
1610,2025-02-11,17:23,Clock Out,No Exception
1610,2025-02-12,07:30,Clock In,No Exception
1610,2025-02-12,15:34,Clock Out,No Exception
1610,2025-02-13,07:12,Clock In,No Exception
1610,2025-02-13,15:43,Clock Out,No Exception
1610,2025-02-14,07:05,Clock In,No Exception
1610,2025-02-14,16:58,Clock Out,No Exception
1610,2025-02-17,07:37,Clock In,No Exception
1610,2025-02-17,16:18,Clock Out,No Exception
1610,2025-02-18,06:06,Clock In,No Exception
1610,2025-02-18,15:20,Clock Out,No Exception
1610,2025-02-19,07:36,Clock In,No Exception
1610,2025-02-19,15:48,Clock Out,No Exception
1610,2025-02-20,09:28,Clock In,No Exception
1610,2025-02-20,19:20,Clock Out,No Exception
1610,2025-02-21,06:12,Clock In,No Exception
1610,2025-02-21,13:46,Clock Out,No Exception
1610,2025-02-23,07:22,Clock In,No Exception
1610,2025-02-23,15:42,Clock Out,No Exception
1610,2025-02-24,06:38,Clock In,No Exception
1610,2025-02-24,16:36,Clock Out,No Exception
1610,2025-02-25,08:44,Clock In,No Exception
1610,2025-02-25,18:23,Clock Out,No Exception
1610,2025-02-26,06:10,Clock In,No Exception
1610,2025-02-26,13:50,Clock Out,No Exception
1610,2025-02-27,07:50,Clock In,No Exception
1610,2025-02-27,16:05,Clock Out,No Exception
1610,2025-02-28,09:45,Clock In,No Exception
1610,2025-02-28,17:45,Clock Out,No Exception
1610,2025-03-01,07:39,Clock In,No Exception
1610,2025-03-01,17:05,Clock Out,No Exception
